asset,total_return,cagr,maxdd,calmar,sharpe,n_trades,W,d,p,avg_hold
ndx,2.922020916808933,0.11615162524278366,-0.1581788325810315,0.7343057433634919,0.866138243764217,129,1,0.02,0.02,4.108527131782946
ndx,1.5235935930959457,0.07727293161055493,-0.17682620497337875,0.43699932157786453,0.5608644907540548,74,1,0.02,0.04,10.662162162162161
ndx,1.2128874593283228,0.06595196811781823,-0.23992652668978554,0.2748840198194976,0.46707036718672085,52,1,0.02,0.06,22.096153846153847
ndx,2.049904769539193,0.09380699484937272,-0.2514889881169208,0.37300637118059626,0.6030788065390649,43,1,0.02,0.08,32.883720930232556
ndx,1.9049267196230377,0.08953194913916884,-0.35366805956248504,0.25315248781562816,0.5667082594499705,34,1,0.02,0.1,47.60606060606061
ndx,2.439944672291906,0.104442872806634,-0.3233291892529736,0.32302333435450403,0.6241253255059477,31,1,0.02,0.12000000000000001,58.93333333333333
ndx,2.891959783903514,0.11546129713875275,-0.30328404944373133,0.3807034934759219,0.6678961572247591,27,1,0.02,0.13999999999999999,74.73076923076923
ndx,2.5976535553262887,0.10843093688737881,-0.2790101222034824,0.38862725133785647,0.628251267377669,22,1,0.02,0.16,96.0
ndx,3.4464630834680907,0.12747219362802964,-0.32858616617848724,0.38794144960681953,0.7093641494293371,20,1,0.02,0.18,114.05263157894737
ndx,3.527321253436847,0.12910717240196035,-0.3285861661784871,0.39291724877982137,0.7118177792397635,18,1,0.02,0.19999999999999998,134.11764705882354
ndx,4.03445090877568,0.13878794919265225,-0.32858616617848724,0.42237916101818773,0.7509367211481941,16,1,0.02,0.22,158.86666666666667
ndx,4.513323189717874,0.14713858260228996,-0.35563125770672777,0.4137391734098586,0.7817200998765204,15,1,0.02,0.24,178.14285714285714
ndx,4.467904126203569,0.14637581406071098,-0.35563125770672777,0.41159434354732727,0.7750512576533557,14,1,0.02,0.26,190.0
ndx,5.0166879533524416,0.15522587336619287,-0.35563125770672777,0.43647983691636094,0.8074697779652111,13,1,0.02,0.28,211.58333333333334
ndx,4.412983415040133,0.14544565370247708,-0.35563125770672777,0.4089788244159888,0.7633509158249309,12,1,0.02,0.30000000000000004,231.1818181818182
ndx,5.022107126916085,0.15530950377868025,-0.3556312577067279,0.43671499738292574,0.8063532194382883,12,1,0.02,0.32,228.54545454545453
ndx,5.1184163151603865,0.15678434874266411,-0.35563125770672777,0.44086211587159396,0.8064034733427644,10,1,0.02,0.34,271.6666666666667
ndx,4.6917765066836665,0.150080628018179,-0.35563125770672777,0.4220119147736541,0.7789467490710384,10,1,0.02,0.36000000000000004,272.6666666666667
ndx,5.11760957296726,0.1567720835032258,-0.35563125770672777,0.44082762722873,0.8039915772407428,9,1,0.02,0.38,319.375
ndx,5.801054545031961,0.16666493373967706,-0.35563125770672777,0.46864534578430594,0.8432924862523705,9,1,0.02,0.4,327.125
ndx,2.3153387219876493,0.10117115967201085,-0.12406122654489882,0.8154937887495102,0.9229631386131499,75,1,0.04,0.02,3.2266666666666666
ndx,1.9559922214991246,0.09105968649899765,-0.12406122654489882,0.733989893821035,0.7692349661942377,50,1,0.04,0.04,7.16
ndx,2.080733003566613,0.09469189548449797,-0.1816669097666842,0.5212390941537525,0.718722176704357,40,1,0.04,0.06,13.15
ndx,2.9477656363828717,0.11673897358218621,-0.1883537383447471,0.6197858062605418,0.837363252728332,34,1,0.04,0.08,20.852941176470587
ndx,2.642002851083147,0.1095234542060588,-0.29110309925180367,0.3762359606873206,0.7413742403933125,29,1,0.04,0.1,33.07142857142857
ndx,2.907681917437565,0.11582295162824319,-0.2578274249596507,0.4492266547919375,0.7506965596065157,26,1,0.04,0.12000000000000001,42.4
ndx,3.4674646300516523,0.12789946385914996,-0.24175680527377608,0.5290418348898637,0.7900609844657931,23,1,0.04,0.13999999999999999,55.5
ndx,2.8902158619513543,0.11542109915704812,-0.2739768001429579,0.4212805576852593,0.7002331556221799,19,1,0.04,0.16,80.27777777777777
ndx,3.2532309167313116,0.12345142829866895,-0.32858616617848724,0.37570488658859247,0.7294799442064416,17,1,0.04,0.18,99.375
ndx,3.5912298082991194,0.13038053403220262,-0.3285861661784871,0.396792523399723,0.7536578092696892,16,1,0.04,0.19999999999999998,113.66666666666667
ndx,3.668306405554236,0.1318947585224819,-0.3285861661784871,0.4014008260190632,0.7539662821383467,14,1,0.04,0.22,138.46153846153845
ndx,3.9795485582044767,0.13778432599917334,-0.35563125770672777,0.3874359269982886,0.7743762484101128,13,1,0.04,0.24,161.41666666666666
ndx,5.268319755860522,0.15903797850055934,-0.35563125770672777,0.44719910034373417,0.8597446765509469,13,1,0.04,0.26,176.0
ndx,6.103469076517982,0.1707533261429255,-0.3556312577067279,0.4801415017454332,0.9041557506443844,12,1,0.04,0.28,199.0909090909091
ndx,4.925481827804787,0.15380785785499262,-0.35563125770672777,0.43249251724051396,0.8231854264050438,11,1,0.04,0.30000000000000004,222.6
ndx,5.964582581622612,0.16889598193216981,-0.35563125770672777,0.4749188331230724,0.8827280621739658,11,1,0.04,0.32,235.9
ndx,5.752398410465984,0.16599158221614374,-0.35563125770672777,0.46675194775209866,0.8575820034381826,9,1,0.04,0.34,285.875
ndx,5.104906542074939,0.15657875764701812,-0.35563125770672777,0.4402840140000888,0.8209577454154169,9,1,0.04,0.36000000000000004,279.5
ndx,4.4790994086525915,0.14656436739674628,-0.35563125770672777,0.412124536920236,0.7764633828236706,8,1,0.04,0.38,311.0
ndx,4.989799398951057,0.1548098933566473,-0.3556312577067279,0.43531014218191033,0.8105176015353434,8,1,0.04,0.4,318.2857142857143
ndx,1.1664907528088282,0.06413732927471227,-0.10954972750236536,0.5854631566594033,0.7296067244678798,35,1,0.06,0.02,2.7142857142857144
ndx,1.3669894491988912,0.07173777027855066,-0.10954972750236525,0.6548420695706596,0.7388103937251238,29,1,0.06,0.04,5.551724137931035
ndx,0.8885607854630404,0.05245432182967069,-0.15760308021566138,0.33282548639210024,0.5073694141049462,22,1,0.06,0.06,9.954545454545455
ndx,1.0216474789578123,0.05823297847754749,-0.1883537383447471,0.30916815874905895,0.5178387414569864,19,1,0.06,0.08,17.473684210526315
ndx,0.6699828079564891,0.042096460681704695,-0.23906814943280164,0.1760856089846354,0.37109884222704403,16,1,0.06,0.1,29.933333333333334
ndx,0.7936025081597475,0.048097593965710894,-0.21845223687987525,0.22017441731283022,0.3993365080843221,15,1,0.06,0.12000000000000001,38.07142857142857
ndx,0.7903943491960046,0.04794672830991176,-0.21845223687987525,0.21948380568095163,0.38280198896315687,13,1,0.06,0.13999999999999999,53.25
ndx,1.2594880083128435,0.06773969677462821,-0.21845223687987514,0.31008927966197775,0.4879425955420163,13,1,0.06,0.16,74.41666666666667
ndx,1.1493658437393952,0.06345850992446267,-0.2698116321141786,0.23519560453052807,0.45598430804854245,11,1,0.06,0.18,100.2
ndx,1.4853430046200304,0.07595074830223525,-0.26981163211417847,0.2814954555780402,0.5200547895646267,11,1,0.06,0.19999999999999998,112.2
ndx,1.683585367893793,0.08261073898721216,-0.2698116321141786,0.30617930865283466,0.5527152448269512,10,1,0.06,0.22,134.77777777777777
ndx,1.6197863729789543,0.08051823378841005,-0.2992242093468044,0.2690899709090332,0.5335104007280056,9,1,0.06,0.24,170.5
ndx,1.7438146040390436,0.08454459809839987,-0.2992242093468044,0.28254598210137366,0.550006543172838,8,1,0.06,0.26,210.28571428571428
ndx,2.012838894247867,0.09273209197616361,-0.2992242093468044,0.30990838668633935,0.5876609743546307,8,1,0.06,0.28,221.28571428571428
ndx,2.3407538495871667,0.10184754592357237,-0.2992242093468045,0.3403720111614693,0.6322303705349684,8,1,0.06,0.30000000000000004,227.71428571428572
ndx,2.757285722179828,0.11230715292710935,-0.2992242093468045,0.37532776232334863,0.6841921552032489,8,1,0.06,0.32,231.28571428571428
ndx,2.069585349851154,0.09437285448142974,-0.2992242093468045,0.31539177490832787,0.5963470025179192,7,1,0.06,0.34,257.8333333333333
ndx,1.946912353522515,0.09078982529540602,-0.3556312577067279,0.2552920288302556,0.5678224534644946,6,1,0.06,0.36000000000000004,337.6
ndx,2.1892965793172103,0.09774461039550397,-0.3556312577067279,0.2748481981752833,0.6011928631489216,6,1,0.06,0.38,349.6
ndx,2.413020025392787,0.10374526494967706,-0.3556312577067279,0.2917214465867644,0.6300004953710772,6,1,0.06,0.4,356.6
ndx,0.7085103802428125,0.044009417634617964,-0.09273782940128528,0.4745573399630165,0.6217921558671923,14,1,0.08,0.02,2.7142857142857144
ndx,0.8075511419356971,0.048750665463534126,-0.09273782940128528,0.5256826235665429,0.6599901442721762,13,1,0.08,0.04,3.923076923076923
ndx,0.39919779823544843,0.027377167104856603,-0.1576030802156615,0.17370959417413753,0.35128999588409165,10,1,0.08,0.06,7.5
ndx,0.3632797633632845,0.025231087905548844,-0.18835373834474722,0.13395586478548108,0.30713339667982476,8,1,0.08,0.08,13.25
ndx,0.29328860059316275,0.020895419008426064,-0.1883537383447471,0.1109371079759554,0.2442610269693576,8,1,0.08,0.1,24.25
ndx,0.24617485815300455,0.017853690265448696,-0.23394340055228324,0.07631628087520526,0.21062219896203607,7,1,0.08,0.12000000000000001,33.285714285714285
ndx,0.43469956300181734,0.02944915669760384,-0.21845223687987514,0.13480821765994394,0.2966948699435943,7,1,0.08,0.13999999999999999,40.142857142857146
ndx,0.6290548591058449,0.040019342185628526,-0.21845223687987514,0.18319492973484539,0.37568524088408317,7,1,0.08,0.16,45.142857142857146
ndx,0.5408355905260052,0.03537384104548669,-0.28240219074593675,0.1252605050692074,0.3236269551080836,6,1,0.08,0.18,89.0
ndx,0.7004670631752996,0.04361335357370377,-0.2698116321141787,0.1616437113254165,0.3794455484946979,6,1,0.08,0.19999999999999998,96.0
ndx,0.8410094031560886,0.05029847693324374,-0.2698116321141786,0.18642071336627358,0.4245429722055872,6,1,0.08,0.22,101.5
ndx,0.8813267340033248,0.05212959249238591,-0.2992242093468045,0.17421582500354135,0.40574033825351674,6,1,0.08,0.24,146.83333333333334
ndx,0.8326372758945206,0.04991361594832888,-0.2992242093468045,0.16681008551175883,0.38793813061267324,5,1,0.08,0.26,195.8
ndx,0.9642552153791177,0.05578523018658332,-0.2992242093468045,0.18643287689976837,0.42089209919434034,5,1,0.08,0.28,201.8
ndx,1.097042144650756,0.06135317810058294,-0.2992242093468045,0.2050408228482404,0.452410175204593,5,1,0.08,0.30000000000000004,209.0
ndx,1.3061513445788404,0.06949617678659425,-0.2992242093468045,0.2322545255890286,0.4995301066061445,5,1,0.08,0.32,213.0
ndx,1.4679260706052868,0.07534249744950716,-0.2992242093468045,0.25179278646596503,0.5287459330459303,5,1,0.08,0.34,228.8
ndx,1.6304644853344512,0.08087170146076117,-0.2992242093468046,0.2702712512376626,0.5537950957649836,5,1,0.08,0.36000000000000004,248.6
ndx,1.8468208004437607,0.08776324942913427,-0.2992242093468045,0.2933026362429639,0.5904631703462146,5,1,0.08,0.38,260.6
ndx,2.04652018367618,0.09370934238621786,-0.2992242093468045,0.31317433369038533,0.6221269830726626,5,1,0.08,0.4,267.6
ndx,0.43908149425366383,0.029701622124489235,-0.09273782940128528,0.32027514894668857,0.47256734988610083,7,1,0.1,0.02,2.0
ndx,0.43908149425366383,0.029701622124489235,-0.09273782940128528,0.32027514894668857,0.47256734988610083,7,1,0.1,0.04,2.0
ndx,0.41046077264896974,0.028039693712273106,-0.13241566101043445,0.21175511641378703,0.4397713960050113,6,1,0.1,0.06,2.6666666666666665
ndx,0.46366526924196094,0.03110504495979982,-0.13241566101043445,0.23490457792110195,0.44761440716554785,5,1,0.1,0.08,7.4
ndx,0.5129449176886816,0.03385419280097457,-0.13241566101043445,0.2556660786393449,0.4744825265566945,5,1,0.1,0.1,12.2
ndx,0.3683042328707906,0.025534402768011333,-0.16458852644435285,0.15514084316590854,0.3422191042346817,4,1,0.1,0.12000000000000001,17.25
ndx,0.504180511468491,0.03337133444120988,-0.16458852644435296,0.20275614079631885,0.4019512963026838,4,1,0.1,0.13999999999999999,24.0
ndx,0.622689036525222,0.03969196881457715,-0.16458852644435285,0.24115878349513598,0.4633359436029979,4,1,0.1,0.16,28.0
ndx,0.7297828354692113,0.04504869695015068,-0.16458852644435307,0.2737049654878678,0.4747268350989976,4,1,0.1,0.18,76.75
ndx,0.8567572362335723,0.051018053375778916,-0.16458852644435296,0.3099733285055445,0.5255783909017218,4,1,0.1,0.19999999999999998,81.5
ndx,0.9139174358512694,0.05358359569663662,-0.16458852644435296,0.3255609419089922,0.5472466406574668,4,1,0.1,0.22,87.0
ndx,1.011835999143016,0.05781909033731303,-0.16458852644435296,0.3512947809084465,0.5802406744174355,4,1,0.1,0.24,100.5
ndx,1.1790095898038757,0.0646304522383161,-0.16458852644435307,0.3926789651413975,0.6311050736271457,4,1,0.1,0.26,118.25
ndx,1.2940841872767845,0.06904510560382238,-0.16458852644435285,0.419501329135275,0.6590614453484932,4,1,0.1,0.28,125.5
ndx,1.4309089859875121,0.07403653057032944,-0.16458852644435296,0.449828017600978,0.6962715784832693,4,1,0.1,0.30000000000000004,133.25
ndx,1.6060253455047517,0.0800607562263016,-0.16458852644435296,0.4864297527651174,0.7451023331936969,4,1,0.1,0.32,138.0
ndx,1.7778444008220151,0.08562004622706954,-0.16458852644435296,0.5202066515615685,0.7733825547359375,4,1,0.1,0.34,157.5
ndx,1.9217852047526205,0.09003902013246234,-0.16458852644435296,0.5470552661087488,0.7869259096531632,4,1,0.1,0.36000000000000004,181.5
ndx,2.1112713670198335,0.09556048326067446,-0.16458852644435296,0.5806023379945823,0.8251702156315274,4,1,0.1,0.38,195.0
ndx,2.2803982534858243,0.10023344469864948,-0.16458852644435296,0.6089941192379421,0.8572320210875165,4,1,0.1,0.4,203.25
ndx,0.29952543199077986,0.02129041280496824,-0.04036896379511912,0.5273955733176979,0.4902170522166926,4,1,0.12000000000000001,0.02,1.75
ndx,0.29952543199077986,0.02129041280496824,-0.04036896379511912,0.5273955733176979,0.4902170522166926,4,1,0.12000000000000001,0.04,1.75
ndx,0.12744791291385038,0.009692188628687592,-0.13241566101043445,0.07319518367184559,0.2065321409813947,3,1,0.12000000000000001,0.06,3.0
ndx,0.13157087621688057,0.009988586025752033,-0.13241566101043445,0.07543356993826376,0.20201586817222736,2,1,0.12000000000000001,0.08,6.0
ndx,0.13157087621688057,0.009988586025752033,-0.13241566101043445,0.07543356993826376,0.20201586817222736,2,1,0.12000000000000001,0.1,6.0
ndx,-0.006404090231267201,-0.0005164653305679279,-0.16458852644435296,-0.0031379181874050237,0.026113028403405937,1,1,0.12000000000000001,0.12000000000000001,13.0
ndx,0.016813022014587897,0.0013415686629945078,-0.16458852644435296,0.008151046078221555,0.055179953524910355,1,1,0.12000000000000001,0.13999999999999999,20.0
ndx,0.03541886569172159,0.0028026193104162545,-0.16458852644435296,0.017028035738346648,0.07511309174588827,1,1,0.12000000000000001,0.16,22.0
ndx,0.048403240762886934,0.0038080002571947436,-0.16458852644435296,0.023136486725168055,0.08875193361316934,1,1,0.12000000000000001,0.18,24.0
ndx,0.09362451056738608,0.007222302309352946,-0.16458852644435296,0.0438809585660565,0.1341207587658967,1,1,0.12000000000000001,0.19999999999999998,25.0
ndx,0.09362451056738608,0.007222302309352946,-0.16458852644435296,0.0438809585660565,0.1341207587658967,1,1,0.12000000000000001,0.22,25.0
ndx,0.09362451056738608,0.007222302309352946,-0.16458852644435296,0.0438809585660565,0.1341207587658967,1,1,0.12000000000000001,0.24,25.0
ndx,0.11127039307275877,0.008519485013835704,-0.16458852644435296,0.05176232631693269,0.15108281597824172,1,1,0.12000000000000001,0.26,28.0
ndx,0.13018698042626853,0.009889209461395154,-0.16458852644435296,0.06008444011884799,0.1664255613698233,1,1,0.12000000000000001,0.28,36.0
ndx,0.1451743550332436,0.010959537215075477,-0.16458852644435296,0.06658749216508038,0.17915588132531696,1,1,0.12000000000000001,0.30000000000000004,42.0
ndx,0.16996540450817132,0.012702040583877805,-0.16458852644435296,0.07717452035256138,0.20107628091613491,1,1,0.12000000000000001,0.32,44.0
ndx,0.1933799619120704,0.01431689075154119,-0.16458852644435296,0.0869859586256257,0.22010516680737302,1,1,0.12000000000000001,0.34,51.0
ndx,0.2022500846687818,0.014921042965690745,-0.16458852644435296,0.09065664106747756,0.22727813666644012,1,1,0.12000000000000001,0.36000000000000004,57.0
ndx,0.21505704470307863,0.0157861445615346,-0.16458852644435296,0.09591278871356723,0.2380106402741339,1,1,0.12000000000000001,0.38,59.0
ndx,0.23607860654976398,0.017188123995175886,-0.16458852644435296,0.10443087599418514,0.2549145285106063,1,1,0.12000000000000001,0.4,62.0
ndx,0.23367587000401646,0.017028994251869767,-0.040368963795119006,0.42183382110810425,0.4191270385187168,3,1,0.13999999999999999,0.02,2.0
ndx,0.23367587000401646,0.017028994251869767,-0.040368963795119006,0.42183382110810425,0.4191270385187168,3,1,0.13999999999999999,0.04,2.0
ndx,0.23367587000401646,0.017028994251869767,-0.040368963795119006,0.42183382110810425,0.4191270385187168,3,1,0.13999999999999999,0.06,2.0
ndx,0.23818729823196438,0.01732754538461112,-0.06417760182560484,0.2699936565360717,0.38928623127373235,2,1,0.13999999999999999,0.08,4.5
ndx,0.23818729823196438,0.01732754538461112,-0.06417760182560484,0.2699936565360717,0.38928623127373235,2,1,0.13999999999999999,0.1,4.5
ndx,0.0872123531174045,0.006746160348848118,-0.12519540640818205,0.053885046922993396,0.14472992749034222,1,1,0.13999999999999999,0.12000000000000001,10.0
ndx,0.11261697786397984,0.008617695520696023,-0.12519540640818205,0.06883395939144313,0.16398879805820388,1,1,0.13999999999999999,0.13999999999999999,17.0
ndx,0.13297586107502246,0.010089362715147265,-0.12519540640818205,0.08058892098846114,0.185716489848595,1,1,0.13999999999999999,0.16,19.0
ndx,0.14718362183177347,0.011102049140433445,-0.12519540640818205,0.08867776749121907,0.20081368546223136,1,1,0.13999999999999999,0.18,21.0
ndx,0.1966656322464,0.014541160803657194,-0.12519540640818205,0.11614771836154898,0.24930526562811098,1,1,0.13999999999999999,0.19999999999999998,22.0
ndx,0.1966656322464,0.014541160803657194,-0.12519540640818205,0.11614771836154898,0.24930526562811098,1,1,0.13999999999999999,0.22,22.0
ndx,0.1966656322464,0.014541160803657194,-0.12519540640818205,0.11614771836154898,0.24930526562811098,1,1,0.13999999999999999,0.24,22.0
ndx,0.21597410690182084,0.015847769328669825,-0.12519540640818205,0.12658427160658273,0.267517317681157,1,1,0.13999999999999999,0.26,25.0
ndx,0.23667301200736546,0.01722744671252241,-0.12519540640818205,0.13760446334871695,0.2796435974790306,1,1,0.13999999999999999,0.28,33.0
ndx,0.2530724945870533,0.018305551872792813,-0.12519540640818205,0.14621584288092912,0.2921249597751685,1,1,0.13999999999999999,0.30000000000000004,39.0
ndx,0.2801993526697921,0.020060716930631273,-0.12519540640818205,0.16023524749163814,0.31603802012212,1,1,0.13999999999999999,0.32,41.0
ndx,0.30582002582475787,0.02168730121085294,-0.12519540640818205,0.17322761140408408,0.33539081764564593,1,1,0.13999999999999999,0.34,48.0
ndx,0.3155258900900497,0.022295843423669526,-0.12519540640818205,0.1780883505499959,0.3428520401136231,1,1,0.13999999999999999,0.36000000000000004,54.0
ndx,0.3295395197943116,0.023167231175160063,-0.12519540640818205,0.18504857198695102,0.35459130717349285,1,1,0.13999999999999999,0.38,56.0
ndx,0.3525417297438853,0.02457939792203212,-0.12519540640818205,0.196328272955115,0.37263923116646647,1,1,0.13999999999999999,0.4,59.0
ndx,0.17183715127419275,0.01283221872011131,0.0,,0.3919010215092555,2,1,0.16,0.02,1.0
ndx,0.17183715127419275,0.01283221872011131,0.0,,0.3919010215092555,2,1,0.16,0.04,1.0
ndx,0.17183715127419275,0.01283221872011131,0.0,,0.3919010215092555,2,1,0.16,0.06,1.0
ndx,0.23818729823196438,0.01732754538461112,-0.06417760182560484,0.2699936565360717,0.38928623127373235,2,1,0.16,0.08,4.5
ndx,0.23818729823196438,0.01732754538461112,-0.06417760182560484,0.2699936565360717,0.38928623127373235,2,1,0.16,0.1,4.5
ndx,0.0872123531174045,0.006746160348848118,-0.12519540640818205,0.053885046922993396,0.14472992749034222,1,1,0.16,0.12000000000000001,10.0
ndx,0.11261697786397984,0.008617695520696023,-0.12519540640818205,0.06883395939144313,0.16398879805820388,1,1,0.16,0.13999999999999999,17.0
ndx,0.13297586107502246,0.010089362715147265,-0.12519540640818205,0.08058892098846114,0.185716489848595,1,1,0.16,0.16,19.0
ndx,0.14718362183177347,0.011102049140433445,-0.12519540640818205,0.08867776749121907,0.20081368546223136,1,1,0.16,0.18,21.0
ndx,0.1966656322464,0.014541160803657194,-0.12519540640818205,0.11614771836154898,0.24930526562811098,1,1,0.16,0.19999999999999998,22.0
ndx,0.1966656322464,0.014541160803657194,-0.12519540640818205,0.11614771836154898,0.24930526562811098,1,1,0.16,0.22,22.0
ndx,0.1966656322464,0.014541160803657194,-0.12519540640818205,0.11614771836154898,0.24930526562811098,1,1,0.16,0.24,22.0
ndx,0.21597410690182084,0.015847769328669825,-0.12519540640818205,0.12658427160658273,0.267517317681157,1,1,0.16,0.26,25.0
ndx,0.23667301200736546,0.01722744671252241,-0.12519540640818205,0.13760446334871695,0.2796435974790306,1,1,0.16,0.28,33.0
ndx,0.2530724945870533,0.018305551872792813,-0.12519540640818205,0.14621584288092912,0.2921249597751685,1,1,0.16,0.30000000000000004,39.0
ndx,0.2801993526697921,0.020060716930631273,-0.12519540640818205,0.16023524749163814,0.31603802012212,1,1,0.16,0.32,41.0
ndx,0.30582002582475787,0.02168730121085294,-0.12519540640818205,0.17322761140408408,0.33539081764564593,1,1,0.16,0.34,48.0
ndx,0.3155258900900497,0.022295843423669526,-0.12519540640818205,0.1780883505499959,0.3428520401136231,1,1,0.16,0.36000000000000004,54.0
ndx,0.3295395197943116,0.023167231175160063,-0.12519540640818205,0.18504857198695102,0.35459130717349285,1,1,0.16,0.38,56.0
ndx,0.3525417297438853,0.02457939792203212,-0.12519540640818205,0.196328272955115,0.37263923116646647,1,1,0.16,0.4,59.0
ndx,0.06460765748588626,0.005046768931055157,0.0,,0.2836090420505734,1,1,0.18,0.02,1.0
ndx,0.06460765748588626,0.005046768931055157,0.0,,0.2836090420505734,1,1,0.18,0.04,1.0
ndx,0.06460765748588626,0.005046768931055157,0.0,,0.2836090420505734,1,1,0.18,0.06,1.0
ndx,0.12488640393947903,0.009507540869327702,-0.06417760182560495,0.1481442216423624,0.27290437036643095,1,1,0.18,0.08,8.0
ndx,0.12488640393947903,0.009507540869327702,-0.06417760182560495,0.1481442216423624,0.27290437036643095,1,1,0.18,0.1,8.0
ndx,0.12488640393947903,0.009507540869327702,-0.06417760182560495,0.1481442216423624,0.27290437036643095,1,1,0.18,0.12000000000000001,8.0
ndx,0.15117134900349205,0.01138420943126972,-0.06417760182560495,0.17738602109510052,0.2613737656913647,1,1,0.18,0.13999999999999999,15.0
ndx,0.1722357076431149,0.012859913227283082,-0.06417760182560495,0.20038008372809532,0.2898389223192499,1,1,0.18,0.16,17.0
ndx,0.18693579531215976,0.01387537732650368,-0.06417760182560495,0.21620280178446646,0.31013742658043364,1,1,0.18,0.18,19.0
ndx,0.23813245491173496,0.017323922048753326,-0.06417760182560495,0.2699371985857159,0.3705227121568744,1,1,0.18,0.19999999999999998,20.0
ndx,0.23813245491173496,0.017323922048753326,-0.06417760182560495,0.2699371985857159,0.3705227121568744,1,1,0.18,0.22,20.0
ndx,0.23813245491173496,0.017323922048753326,-0.06417760182560495,0.2699371985857159,0.3705227121568744,1,1,0.18,0.24,20.0
ndx,0.258110006269034,0.01863411443975993,-0.06417760182560495,0.29035230220032116,0.3932573087182568,1,1,0.18,0.26,23.0
ndx,0.27952616923195284,0.020017576108472657,-0.06417760182560495,0.3119090701280496,0.39694474276977204,1,1,0.18,0.28,31.0
ndx,0.2964939262047628,0.021098638378197032,-0.06417760182560495,0.32875392314487056,0.40941070756930337,1,1,0.18,0.30000000000000004,37.0
ndx,0.32456078338438643,0.022858617637262935,-0.06417760182560495,0.3561774978656655,0.4397395008576087,1,1,0.18,0.32,39.0
ndx,0.35106926335995015,0.024489663437501585,-0.06417760182560495,0.38159206235298965,0.46076865817832036,1,1,0.18,0.34,46.0
ndx,0.3611114549513197,0.025099874806534972,-0.06417760182560495,0.39110022955891866,0.4692957012059852,1,1,0.18,0.36000000000000004,52.0
ndx,0.3756106845442937,0.02597365266712881,-0.06417760182560495,0.4047152266254689,0.4841778597482441,1,1,0.18,0.38,54.0
ndx,0.3994099664036701,0.027389692813175603,-0.06417760182560495,0.42677962457375485,0.5059440841489491,1,1,0.18,0.4,57.0
ndx,0.0,0.0,0.0,,0.0,0,1,0.19999999999999998,0.02,0.0
ndx,0.0,0.0,0.0,,0.0,0,1,0.19999999999999998,0.04,0.0
ndx,0.0,0.0,0.0,,0.0,0,1,0.19999999999999998,0.06,0.0
ndx,0.0,0.0,0.0,,0.0,0,1,0.19999999999999998,0.08,0.0
ndx,0.0,0.0,0.0,,0.0,0,1,0.19999999999999998,0.1,0.0
ndx,0.0,0.0,0.0,,0.0,0,1,0.19999999999999998,0.12000000000000001,0.0
ndx,0.0,0.0,0.0,,0.0,0,1,0.19999999999999998,0.13999999999999999,0.0
ndx,0.0,0.0,0.0,,0.0,0,1,0.19999999999999998,0.16,0.0
ndx,0.0,0.0,0.0,,0.0,0,1,0.19999999999999998,0.18,0.0
ndx,0.0,0.0,0.0,,0.0,0,1,0.19999999999999998,0.19999999999999998,0.0
ndx,0.0,0.0,0.0,,0.0,0,1,0.19999999999999998,0.22,0.0
ndx,0.0,0.0,0.0,,0.0,0,1,0.19999999999999998,0.24,0.0
ndx,0.0,0.0,0.0,,0.0,0,1,0.19999999999999998,0.26,0.0
ndx,0.0,0.0,0.0,,0.0,0,1,0.19999999999999998,0.28,0.0
ndx,0.0,0.0,0.0,,0.0,0,1,0.19999999999999998,0.30000000000000004,0.0
ndx,0.0,0.0,0.0,,0.0,0,1,0.19999999999999998,0.32,0.0
ndx,0.0,0.0,0.0,,0.0,0,1,0.19999999999999998,0.34,0.0
ndx,0.0,0.0,0.0,,0.0,0,1,0.19999999999999998,0.36000000000000004,0.0
ndx,0.0,0.0,0.0,,0.0,0,1,0.19999999999999998,0.38,0.0
ndx,0.0,0.0,0.0,,0.0,0,1,0.19999999999999998,0.4,0.0
ndx,0.0,0.0,0.0,,0.0,0,1,0.22,0.02,0.0
ndx,0.0,0.0,0.0,,0.0,0,1,0.22,0.04,0.0
ndx,0.0,0.0,0.0,,0.0,0,1,0.22,0.06,0.0
ndx,0.0,0.0,0.0,,0.0,0,1,0.22,0.08,0.0
ndx,0.0,0.0,0.0,,0.0,0,1,0.22,0.1,0.0
ndx,0.0,0.0,0.0,,0.0,0,1,0.22,0.12000000000000001,0.0
ndx,0.0,0.0,0.0,,0.0,0,1,0.22,0.13999999999999999,0.0
ndx,0.0,0.0,0.0,,0.0,0,1,0.22,0.16,0.0
ndx,0.0,0.0,0.0,,0.0,0,1,0.22,0.18,0.0
ndx,0.0,0.0,0.0,,0.0,0,1,0.22,0.19999999999999998,0.0
ndx,0.0,0.0,0.0,,0.0,0,1,0.22,0.22,0.0
ndx,0.0,0.0,0.0,,0.0,0,1,0.22,0.24,0.0
ndx,0.0,0.0,0.0,,0.0,0,1,0.22,0.26,0.0
ndx,0.0,0.0,0.0,,0.0,0,1,0.22,0.28,0.0
ndx,0.0,0.0,0.0,,0.0,0,1,0.22,0.30000000000000004,0.0
ndx,0.0,0.0,0.0,,0.0,0,1,0.22,0.32,0.0
ndx,0.0,0.0,0.0,,0.0,0,1,0.22,0.34,0.0
ndx,0.0,0.0,0.0,,0.0,0,1,0.22,0.36000000000000004,0.0
ndx,0.0,0.0,0.0,,0.0,0,1,0.22,0.38,0.0
ndx,0.0,0.0,0.0,,0.0,0,1,0.22,0.4,0.0
ndx,0.0,0.0,0.0,,0.0,0,1,0.24,0.02,0.0
ndx,0.0,0.0,0.0,,0.0,0,1,0.24,0.04,0.0
ndx,0.0,0.0,0.0,,0.0,0,1,0.24,0.06,0.0
ndx,0.0,0.0,0.0,,0.0,0,1,0.24,0.08,0.0
ndx,0.0,0.0,0.0,,0.0,0,1,0.24,0.1,0.0
ndx,0.0,0.0,0.0,,0.0,0,1,0.24,0.12000000000000001,0.0
ndx,0.0,0.0,0.0,,0.0,0,1,0.24,0.13999999999999999,0.0
ndx,0.0,0.0,0.0,,0.0,0,1,0.24,0.16,0.0
ndx,0.0,0.0,0.0,,0.0,0,1,0.24,0.18,0.0
ndx,0.0,0.0,0.0,,0.0,0,1,0.24,0.19999999999999998,0.0
ndx,0.0,0.0,0.0,,0.0,0,1,0.24,0.22,0.0
ndx,0.0,0.0,0.0,,0.0,0,1,0.24,0.24,0.0
ndx,0.0,0.0,0.0,,0.0,0,1,0.24,0.26,0.0
ndx,0.0,0.0,0.0,,0.0,0,1,0.24,0.28,0.0
ndx,0.0,0.0,0.0,,0.0,0,1,0.24,0.30000000000000004,0.0
ndx,0.0,0.0,0.0,,0.0,0,1,0.24,0.32,0.0
ndx,0.0,0.0,0.0,,0.0,0,1,0.24,0.34,0.0
ndx,0.0,0.0,0.0,,0.0,0,1,0.24,0.36000000000000004,0.0
ndx,0.0,0.0,0.0,,0.0,0,1,0.24,0.38,0.0
ndx,0.0,0.0,0.0,,0.0,0,1,0.24,0.4,0.0
ndx,0.0,0.0,0.0,,0.0,0,1,0.26,0.02,0.0
ndx,0.0,0.0,0.0,,0.0,0,1,0.26,0.04,0.0
ndx,0.0,0.0,0.0,,0.0,0,1,0.26,0.06,0.0
ndx,0.0,0.0,0.0,,0.0,0,1,0.26,0.08,0.0
ndx,0.0,0.0,0.0,,0.0,0,1,0.26,0.1,0.0
ndx,0.0,0.0,0.0,,0.0,0,1,0.26,0.12000000000000001,0.0
ndx,0.0,0.0,0.0,,0.0,0,1,0.26,0.13999999999999999,0.0
ndx,0.0,0.0,0.0,,0.0,0,1,0.26,0.16,0.0
ndx,0.0,0.0,0.0,,0.0,0,1,0.26,0.18,0.0
ndx,0.0,0.0,0.0,,0.0,0,1,0.26,0.19999999999999998,0.0
ndx,0.0,0.0,0.0,,0.0,0,1,0.26,0.22,0.0
ndx,0.0,0.0,0.0,,0.0,0,1,0.26,0.24,0.0
ndx,0.0,0.0,0.0,,0.0,0,1,0.26,0.26,0.0
ndx,0.0,0.0,0.0,,0.0,0,1,0.26,0.28,0.0
ndx,0.0,0.0,0.0,,0.0,0,1,0.26,0.30000000000000004,0.0
ndx,0.0,0.0,0.0,,0.0,0,1,0.26,0.32,0.0
ndx,0.0,0.0,0.0,,0.0,0,1,0.26,0.34,0.0
ndx,0.0,0.0,0.0,,0.0,0,1,0.26,0.36000000000000004,0.0
ndx,0.0,0.0,0.0,,0.0,0,1,0.26,0.38,0.0
ndx,0.0,0.0,0.0,,0.0,0,1,0.26,0.4,0.0
ndx,0.0,0.0,0.0,,0.0,0,1,0.28,0.02,0.0
ndx,0.0,0.0,0.0,,0.0,0,1,0.28,0.04,0.0
ndx,0.0,0.0,0.0,,0.0,0,1,0.28,0.06,0.0
ndx,0.0,0.0,0.0,,0.0,0,1,0.28,0.08,0.0
ndx,0.0,0.0,0.0,,0.0,0,1,0.28,0.1,0.0
ndx,0.0,0.0,0.0,,0.0,0,1,0.28,0.12000000000000001,0.0
ndx,0.0,0.0,0.0,,0.0,0,1,0.28,0.13999999999999999,0.0
ndx,0.0,0.0,0.0,,0.0,0,1,0.28,0.16,0.0
ndx,0.0,0.0,0.0,,0.0,0,1,0.28,0.18,0.0
ndx,0.0,0.0,0.0,,0.0,0,1,0.28,0.19999999999999998,0.0
ndx,0.0,0.0,0.0,,0.0,0,1,0.28,0.22,0.0
ndx,0.0,0.0,0.0,,0.0,0,1,0.28,0.24,0.0
ndx,0.0,0.0,0.0,,0.0,0,1,0.28,0.26,0.0
ndx,0.0,0.0,0.0,,0.0,0,1,0.28,0.28,0.0
ndx,0.0,0.0,0.0,,0.0,0,1,0.28,0.30000000000000004,0.0
ndx,0.0,0.0,0.0,,0.0,0,1,0.28,0.32,0.0
ndx,0.0,0.0,0.0,,0.0,0,1,0.28,0.34,0.0
ndx,0.0,0.0,0.0,,0.0,0,1,0.28,0.36000000000000004,0.0
ndx,0.0,0.0,0.0,,0.0,0,1,0.28,0.38,0.0
ndx,0.0,0.0,0.0,,0.0,0,1,0.28,0.4,0.0
ndx,0.0,0.0,0.0,,0.0,0,1,0.30000000000000004,0.02,0.0
ndx,0.0,0.0,0.0,,0.0,0,1,0.30000000000000004,0.04,0.0
ndx,0.0,0.0,0.0,,0.0,0,1,0.30000000000000004,0.06,0.0
ndx,0.0,0.0,0.0,,0.0,0,1,0.30000000000000004,0.08,0.0
ndx,0.0,0.0,0.0,,0.0,0,1,0.30000000000000004,0.1,0.0
ndx,0.0,0.0,0.0,,0.0,0,1,0.30000000000000004,0.12000000000000001,0.0
ndx,0.0,0.0,0.0,,0.0,0,1,0.30000000000000004,0.13999999999999999,0.0
ndx,0.0,0.0,0.0,,0.0,0,1,0.30000000000000004,0.16,0.0
ndx,0.0,0.0,0.0,,0.0,0,1,0.30000000000000004,0.18,0.0
ndx,0.0,0.0,0.0,,0.0,0,1,0.30000000000000004,0.19999999999999998,0.0
ndx,0.0,0.0,0.0,,0.0,0,1,0.30000000000000004,0.22,0.0
ndx,0.0,0.0,0.0,,0.0,0,1,0.30000000000000004,0.24,0.0
ndx,0.0,0.0,0.0,,0.0,0,1,0.30000000000000004,0.26,0.0
ndx,0.0,0.0,0.0,,0.0,0,1,0.30000000000000004,0.28,0.0
ndx,0.0,0.0,0.0,,0.0,0,1,0.30000000000000004,0.30000000000000004,0.0
ndx,0.0,0.0,0.0,,0.0,0,1,0.30000000000000004,0.32,0.0
ndx,0.0,0.0,0.0,,0.0,0,1,0.30000000000000004,0.34,0.0
ndx,0.0,0.0,0.0,,0.0,0,1,0.30000000000000004,0.36000000000000004,0.0
ndx,0.0,0.0,0.0,,0.0,0,1,0.30000000000000004,0.38,0.0
ndx,0.0,0.0,0.0,,0.0,0,1,0.30000000000000004,0.4,0.0
ndx,0.0,0.0,0.0,,0.0,0,1,0.32,0.02,0.0
ndx,0.0,0.0,0.0,,0.0,0,1,0.32,0.04,0.0
ndx,0.0,0.0,0.0,,0.0,0,1,0.32,0.06,0.0
ndx,0.0,0.0,0.0,,0.0,0,1,0.32,0.08,0.0
ndx,0.0,0.0,0.0,,0.0,0,1,0.32,0.1,0.0
ndx,0.0,0.0,0.0,,0.0,0,1,0.32,0.12000000000000001,0.0
ndx,0.0,0.0,0.0,,0.0,0,1,0.32,0.13999999999999999,0.0
ndx,0.0,0.0,0.0,,0.0,0,1,0.32,0.16,0.0
ndx,0.0,0.0,0.0,,0.0,0,1,0.32,0.18,0.0
ndx,0.0,0.0,0.0,,0.0,0,1,0.32,0.19999999999999998,0.0
ndx,0.0,0.0,0.0,,0.0,0,1,0.32,0.22,0.0
ndx,0.0,0.0,0.0,,0.0,0,1,0.32,0.24,0.0
ndx,0.0,0.0,0.0,,0.0,0,1,0.32,0.26,0.0
ndx,0.0,0.0,0.0,,0.0,0,1,0.32,0.28,0.0
ndx,0.0,0.0,0.0,,0.0,0,1,0.32,0.30000000000000004,0.0
ndx,0.0,0.0,0.0,,0.0,0,1,0.32,0.32,0.0
ndx,0.0,0.0,0.0,,0.0,0,1,0.32,0.34,0.0
ndx,0.0,0.0,0.0,,0.0,0,1,0.32,0.36000000000000004,0.0
ndx,0.0,0.0,0.0,,0.0,0,1,0.32,0.38,0.0
ndx,0.0,0.0,0.0,,0.0,0,1,0.32,0.4,0.0
ndx,0.0,0.0,0.0,,0.0,0,1,0.34,0.02,0.0
ndx,0.0,0.0,0.0,,0.0,0,1,0.34,0.04,0.0
ndx,0.0,0.0,0.0,,0.0,0,1,0.34,0.06,0.0
ndx,0.0,0.0,0.0,,0.0,0,1,0.34,0.08,0.0
ndx,0.0,0.0,0.0,,0.0,0,1,0.34,0.1,0.0
ndx,0.0,0.0,0.0,,0.0,0,1,0.34,0.12000000000000001,0.0
ndx,0.0,0.0,0.0,,0.0,0,1,0.34,0.13999999999999999,0.0
ndx,0.0,0.0,0.0,,0.0,0,1,0.34,0.16,0.0
ndx,0.0,0.0,0.0,,0.0,0,1,0.34,0.18,0.0
ndx,0.0,0.0,0.0,,0.0,0,1,0.34,0.19999999999999998,0.0
ndx,0.0,0.0,0.0,,0.0,0,1,0.34,0.22,0.0
ndx,0.0,0.0,0.0,,0.0,0,1,0.34,0.24,0.0
ndx,0.0,0.0,0.0,,0.0,0,1,0.34,0.26,0.0
ndx,0.0,0.0,0.0,,0.0,0,1,0.34,0.28,0.0
ndx,0.0,0.0,0.0,,0.0,0,1,0.34,0.30000000000000004,0.0
ndx,0.0,0.0,0.0,,0.0,0,1,0.34,0.32,0.0
ndx,0.0,0.0,0.0,,0.0,0,1,0.34,0.34,0.0
ndx,0.0,0.0,0.0,,0.0,0,1,0.34,0.36000000000000004,0.0
ndx,0.0,0.0,0.0,,0.0,0,1,0.34,0.38,0.0
ndx,0.0,0.0,0.0,,0.0,0,1,0.34,0.4,0.0
ndx,0.0,0.0,0.0,,0.0,0,1,0.36000000000000004,0.02,0.0
ndx,0.0,0.0,0.0,,0.0,0,1,0.36000000000000004,0.04,0.0
ndx,0.0,0.0,0.0,,0.0,0,1,0.36000000000000004,0.06,0.0
ndx,0.0,0.0,0.0,,0.0,0,1,0.36000000000000004,0.08,0.0
ndx,0.0,0.0,0.0,,0.0,0,1,0.36000000000000004,0.1,0.0
ndx,0.0,0.0,0.0,,0.0,0,1,0.36000000000000004,0.12000000000000001,0.0
ndx,0.0,0.0,0.0,,0.0,0,1,0.36000000000000004,0.13999999999999999,0.0
ndx,0.0,0.0,0.0,,0.0,0,1,0.36000000000000004,0.16,0.0
ndx,0.0,0.0,0.0,,0.0,0,1,0.36000000000000004,0.18,0.0
ndx,0.0,0.0,0.0,,0.0,0,1,0.36000000000000004,0.19999999999999998,0.0
ndx,0.0,0.0,0.0,,0.0,0,1,0.36000000000000004,0.22,0.0
ndx,0.0,0.0,0.0,,0.0,0,1,0.36000000000000004,0.24,0.0
ndx,0.0,0.0,0.0,,0.0,0,1,0.36000000000000004,0.26,0.0
ndx,0.0,0.0,0.0,,0.0,0,1,0.36000000000000004,0.28,0.0
ndx,0.0,0.0,0.0,,0.0,0,1,0.36000000000000004,0.30000000000000004,0.0
ndx,0.0,0.0,0.0,,0.0,0,1,0.36000000000000004,0.32,0.0
ndx,0.0,0.0,0.0,,0.0,0,1,0.36000000000000004,0.34,0.0
ndx,0.0,0.0,0.0,,0.0,0,1,0.36000000000000004,0.36000000000000004,0.0
ndx,0.0,0.0,0.0,,0.0,0,1,0.36000000000000004,0.38,0.0
ndx,0.0,0.0,0.0,,0.0,0,1,0.36000000000000004,0.4,0.0
ndx,0.0,0.0,0.0,,0.0,0,1,0.38,0.02,0.0
ndx,0.0,0.0,0.0,,0.0,0,1,0.38,0.04,0.0
ndx,0.0,0.0,0.0,,0.0,0,1,0.38,0.06,0.0
ndx,0.0,0.0,0.0,,0.0,0,1,0.38,0.08,0.0
ndx,0.0,0.0,0.0,,0.0,0,1,0.38,0.1,0.0
ndx,0.0,0.0,0.0,,0.0,0,1,0.38,0.12000000000000001,0.0
ndx,0.0,0.0,0.0,,0.0,0,1,0.38,0.13999999999999999,0.0
ndx,0.0,0.0,0.0,,0.0,0,1,0.38,0.16,0.0
ndx,0.0,0.0,0.0,,0.0,0,1,0.38,0.18,0.0
ndx,0.0,0.0,0.0,,0.0,0,1,0.38,0.19999999999999998,0.0
ndx,0.0,0.0,0.0,,0.0,0,1,0.38,0.22,0.0
ndx,0.0,0.0,0.0,,0.0,0,1,0.38,0.24,0.0
ndx,0.0,0.0,0.0,,0.0,0,1,0.38,0.26,0.0
ndx,0.0,0.0,0.0,,0.0,0,1,0.38,0.28,0.0
ndx,0.0,0.0,0.0,,0.0,0,1,0.38,0.30000000000000004,0.0
ndx,0.0,0.0,0.0,,0.0,0,1,0.38,0.32,0.0
ndx,0.0,0.0,0.0,,0.0,0,1,0.38,0.34,0.0
ndx,0.0,0.0,0.0,,0.0,0,1,0.38,0.36000000000000004,0.0
ndx,0.0,0.0,0.0,,0.0,0,1,0.38,0.38,0.0
ndx,0.0,0.0,0.0,,0.0,0,1,0.38,0.4,0.0
ndx,0.0,0.0,0.0,,0.0,0,1,0.4,0.02,0.0
ndx,0.0,0.0,0.0,,0.0,0,1,0.4,0.04,0.0
ndx,0.0,0.0,0.0,,0.0,0,1,0.4,0.06,0.0
ndx,0.0,0.0,0.0,,0.0,0,1,0.4,0.08,0.0
ndx,0.0,0.0,0.0,,0.0,0,1,0.4,0.1,0.0
ndx,0.0,0.0,0.0,,0.0,0,1,0.4,0.12000000000000001,0.0
ndx,0.0,0.0,0.0,,0.0,0,1,0.4,0.13999999999999999,0.0
ndx,0.0,0.0,0.0,,0.0,0,1,0.4,0.16,0.0
ndx,0.0,0.0,0.0,,0.0,0,1,0.4,0.18,0.0
ndx,0.0,0.0,0.0,,0.0,0,1,0.4,0.19999999999999998,0.0
ndx,0.0,0.0,0.0,,0.0,0,1,0.4,0.22,0.0
ndx,0.0,0.0,0.0,,0.0,0,1,0.4,0.24,0.0
ndx,0.0,0.0,0.0,,0.0,0,1,0.4,0.26,0.0
ndx,0.0,0.0,0.0,,0.0,0,1,0.4,0.28,0.0
ndx,0.0,0.0,0.0,,0.0,0,1,0.4,0.30000000000000004,0.0
ndx,0.0,0.0,0.0,,0.0,0,1,0.4,0.32,0.0
ndx,0.0,0.0,0.0,,0.0,0,1,0.4,0.34,0.0
ndx,0.0,0.0,0.0,,0.0,0,1,0.4,0.36000000000000004,0.0
ndx,0.0,0.0,0.0,,0.0,0,1,0.4,0.38,0.0
ndx,0.0,0.0,0.0,,0.0,0,1,0.4,0.4,0.0
ndx,1.8275438465632279,0.08716913495127865,-0.1904191380660778,0.4577750736432274,0.6740990028288633,119,3,0.02,0.02,4.008403361344538
ndx,1.5352912834721257,0.07767359913428762,-0.23667921426408067,0.32818090670024525,0.5863220736117709,67,3,0.02,0.04,8.835820895522389
ndx,2.3591379453752412,0.10233386852453918,-0.26122936488875215,0.39173952962033715,0.7121600309050312,51,3,0.02,0.06,14.411764705882353
ndx,2.8685102031420873,0.11491938495440013,-0.26720186301877236,0.43008451983108525,0.7642364549387768,40,3,0.02,0.08,22.875
ndx,2.8410700072836996,0.11428140206068571,-0.31738049038580873,0.3600769597455876,0.7512604375535574,31,3,0.02,0.1,35.96666666666667
ndx,4.21570548837789,0.14203131472930397,-0.2671652481415844,0.5316234641940946,0.8772951883809074,29,3,0.02,0.12000000000000001,43.214285714285715
ndx,4.418532224407886,0.14554002382829445,-0.2505089977245295,0.5809772309589316,0.8739392037584653,25,3,0.02,0.13999999999999999,55.833333333333336
ndx,3.428386082174799,0.12710293362805203,-0.26863913379247806,0.47313632914792747,0.7589120700782399,20,3,0.02,0.16,77.63157894736842
ndx,3.387021027141075,0.1262527246387275,-0.3285861661784871,0.3842301887114364,0.7514474615724692,17,3,0.02,0.18,99.75
ndx,4.606709858478809,0.14868893260794902,-0.3285861661784871,0.45251123727217896,0.8455058992427534,17,3,0.02,0.19999999999999998,112.5
ndx,4.534307698278167,0.14748904702190702,-0.3285861661784871,0.44885957536566334,0.8296836829678939,15,3,0.02,0.22,137.5
ndx,4.796864151446018,0.15177369613493252,-0.35563125770672777,0.4267726552318219,0.8388051670704746,14,3,0.02,0.24,160.07692307692307
ndx,5.366855767100677,0.16049251318153201,-0.32855832935614926,0.48847494901753663,0.8785840746196385,13,3,0.02,0.26,173.91666666666666
ndx,5.384384656497484,0.16074909396875037,-0.35563125770672777,0.45201058817308043,0.8647752630806684,12,3,0.02,0.28,200.0909090909091
ndx,5.5261057749992855,0.16280007942049424,-0.35563125770672777,0.4577777568549605,0.8657768136422568,11,3,0.02,0.30000000000000004,234.9
ndx,4.8032869139604655,0.15187625573033947,-0.3556312577067279,0.42706104269266615,0.8216692551478211,10,3,0.02,0.32,243.44444444444446
ndx,4.341263379553083,0.14421781844952863,-0.35563125770672777,0.40552627285776505,0.7741100773087436,8,3,0.02,0.34,304.2857142857143
ndx,4.164359200357284,0.14112318193115625,-0.35563125770672777,0.39682446037275454,0.7636996937130317,8,3,0.02,0.36000000000000004,300.2857142857143
ndx,4.698424841212701,0.15018858773276578,-0.35563125770672777,0.42231548683670317,0.8014921950526658,8,3,0.02,0.38,308.2857142857143
ndx,5.399963630476219,0.16097658952932936,-0.35563125770672777,0.4526502832382611,0.8468624525244239,8,3,0.02,0.4,314.85714285714283
ndx,0.9700605831790257,0.05603579465999031,-0.1753455714180775,0.31957348113676526,0.49871366020303054,82,3,0.04,0.02,3.7195121951219514
ndx,1.2664134042346564,0.06800247551473393,-0.1708423642083169,0.3980422293373031,0.5621965476046074,51,3,0.04,0.04,7.647058823529412
ndx,1.4542567735753553,0.07486235408250241,-0.19087708863276875,0.39220188561515207,0.586940469982531,37,3,0.04,0.06,12.486486486486486
ndx,2.0402697859206276,0.09352874265534994,-0.19735256246516464,0.47391704210508545,0.7022772622915648,31,3,0.04,0.08,17.483870967741936
ndx,2.0608284093603766,0.0941214865442368,-0.21639959021829558,0.4349429980402951,0.6963220335043386,24,3,0.04,0.1,26.434782608695652
ndx,2.5181000460327123,0.10643977602065102,-0.21845223687987525,0.48724507261137,0.7442927667703076,22,3,0.04,0.12000000000000001,33.095238095238095
ndx,3.0863087739050252,0.11984051676050211,-0.21845223687987514,0.5485891033764113,0.7956836242972036,20,3,0.04,0.13999999999999999,44.78947368421053
ndx,2.8996069475989095,0.11563737147361564,-0.23396056038634894,0.49426010641562307,0.7409420854078747,17,3,0.04,0.16,71.125
ndx,2.9259654164130553,0.11624184590436593,-0.328586166178487,0.3537636634441381,0.7297547110324684,15,3,0.04,0.18,91.64285714285714
ndx,3.4723492440301236,0.12799857508080592,-0.328586166178487,0.38954340826167794,0.774471407238525,14,3,0.04,0.19999999999999998,114.0
ndx,3.526577707585231,0.1290922603999014,-0.328586166178487,0.3928718664612888,0.7697364771248172,13,3,0.04,0.22,133.0
ndx,3.4877135330174776,0.12830967637511193,-0.35563125770672777,0.3607941472932136,0.7544252317646439,12,3,0.04,0.24,158.0909090909091
ndx,3.6690375198046254,0.1319090113891257,-0.35563125770672777,0.37091512214009265,0.7674669426058739,11,3,0.04,0.26,176.4
ndx,4.245678204969673,0.1425576321884212,-0.2992242093468046,0.4764241252391284,0.817474034153457,11,3,0.04,0.28,180.0
ndx,4.302371370762553,0.143545639356629,-0.2992242093468046,0.47972602106622264,0.8147365708600057,10,3,0.04,0.30000000000000004,213.44444444444446
ndx,5.102441033308045,0.15654119251238208,-0.2992242093468047,0.5231568423360718,0.8718765067101367,10,3,0.04,0.32,221.33333333333334
ndx,3.7105969706276207,0.1327158460139739,-0.2992242093468046,0.44353311619968083,0.7563858266948964,8,3,0.04,0.34,268.7142857142857
ndx,3.6913081318681975,0.13234219023147098,-0.35563125770672777,0.37213317829505105,0.7420093221373505,7,3,0.04,0.36000000000000004,337.3333333333333
ndx,4.108498069862128,0.14012571859678258,-0.3556312577067279,0.39401969191453234,0.7760465250602886,7,3,0.04,0.38,343.1666666666667
ndx,4.629953017200442,0.14907110968410286,-0.3556312577067279,0.41917324884595686,0.8152115652529456,7,3,0.04,0.4,350.0
ndx,1.005192085732939,0.057537767699768816,-0.1272292581940454,0.45223691874407,0.5551665262911762,58,3,0.06,0.02,3.4655172413793105
ndx,0.8818853776809601,0.0521547103247475,-0.1847580299090481,0.28228656881880587,0.48747472433728645,35,3,0.06,0.04,7.2
ndx,0.722435341917083,0.044691065762286764,-0.2195866569424162,0.2035235946690806,0.4089441319174025,25,3,0.06,0.06,12.28
ndx,1.0591739894858754,0.05979914104896511,-0.19735256246516475,0.30300666128680454,0.5172638379079675,22,3,0.06,0.08,15.545454545454545
ndx,0.8099521146191979,0.0488626106240293,-0.2065034169017511,0.23661889646734924,0.4290589581645295,16,3,0.06,0.1,25.4
ndx,1.0332639547227767,0.05872062719593063,-0.1936132474603538,0.303288271676528,0.47935323406571334,15,3,0.06,0.12000000000000001,32.357142857142854
ndx,1.0692951408774536,0.06021705076711781,-0.1990501604387902,0.30252199060967405,0.4777770270657503,13,3,0.06,0.13999999999999999,45.916666666666664
ndx,1.6109060404182571,0.08022326584244599,-0.18949717446136427,0.4233480845847776,0.5872218184591904,13,3,0.06,0.16,61.416666666666664
ndx,1.4955489356668523,0.07630535065242317,-0.2698116321141786,0.28280971452013737,0.5521481472033497,11,3,0.06,0.18,84.0
ndx,1.8964838599764757,0.08927698625223957,-0.26981163211417847,0.33088635042413395,0.6190921952011941,11,3,0.06,0.19999999999999998,95.6
ndx,2.389660416700519,0.10313591372468256,-0.2698116321141786,0.3822515468163271,0.6957611340625394,11,3,0.06,0.22,100.7
ndx,2.195263738382969,0.09790961734794679,-0.2992242093468045,0.3272115500336016,0.6503687536596084,10,3,0.06,0.24,128.33333333333334
ndx,2.4113198314834947,0.10370104385227985,-0.2992242093468044,0.34656635597318636,0.6738872068352212,9,3,0.06,0.26,158.875
ndx,2.858015564120306,0.1146758781537176,-0.2992242093468045,0.3832439841817975,0.7266064112844461,9,3,0.06,0.28,165.625
ndx,3.3084061902211443,0.12461637110993884,-0.2992242093468045,0.416464868875322,0.7706348813206981,9,3,0.06,0.30000000000000004,178.125
ndx,3.858896736484743,0.1355425486595061,-0.2992242093468045,0.4529798874074746,0.8257653436039012,9,3,0.06,0.32,181.875
ndx,2.5972112346102056,0.10841997834781614,-0.2992242093468045,0.3623369198117124,0.6804885928955132,7,3,0.06,0.34,223.5
ndx,2.8694015561082478,0.1149400389926325,-0.2992242093468045,0.38412680325412973,0.7064558932482059,7,3,0.06,0.36000000000000004,240.66666666666666
ndx,3.26760663364034,0.12375628265176819,-0.2992242093468045,0.41359047425314827,0.7489159605847489,7,3,0.06,0.38,251.0
ndx,3.642980981219309,0.13139977506272427,-0.2992242093468045,0.43913483922161634,0.7857478706110793,7,3,0.06,0.4,257.1666666666667
ndx,1.622319848274011,0.0806022167938043,-0.09273782940128517,0.8691406442675196,0.8318762177339925,44,3,0.08,0.02,2.977272727272727
ndx,1.1515918237174065,0.06354702684431701,-0.12218199299409549,0.5201014100939404,0.6273651723380735,28,3,0.08,0.04,6.321428571428571
ndx,0.8524553566149531,0.050822043504909375,-0.16140757132893457,0.3148677790420282,0.4870253214106132,20,3,0.08,0.06,10.9
ndx,0.9562471859771953,0.05543847709843264,-0.1576030802156616,0.35176011168418464,0.5127117063667787,17,3,0.08,0.08,15.235294117647058
ndx,0.5616047160439528,0.03648912074753463,-0.1853294478358104,0.19688787277811118,0.349363955008323,12,3,0.08,0.1,27.0
ndx,0.6671677403167948,0.04195510178531414,-0.19112288699676938,0.21951898301967007,0.3779517924997316,11,3,0.08,0.12000000000000001,32.54545454545455
ndx,0.6054078619081906,0.03879726323538901,-0.1810018447675088,0.2143473359910938,0.34741594783116786,9,3,0.08,0.13999999999999999,46.55555555555556
ndx,0.9166838315255321,0.05370596519740034,-0.1810018447675087,0.29671501561978003,0.4443776642176172,9,3,0.08,0.16,56.888888888888886
ndx,0.6632675469162905,0.04175889004150202,-0.2698116321141786,0.15477053273904268,0.35481773721605975,7,3,0.08,0.18,86.85714285714286
ndx,0.8351782569592301,0.050030593712893534,-0.2698116321141787,0.1854278606184096,0.4042685148557081,7,3,0.08,0.19999999999999998,96.42857142857143
ndx,1.004767384544226,0.05751975548041943,-0.2698116321141786,0.2131848617115154,0.45128939006460234,7,3,0.08,0.22,100.57142857142857
ndx,0.7891678396863988,0.04788898524790808,-0.2992242093468045,0.160043819156371,0.38344671618885445,6,3,0.08,0.24,134.33333333333334
ndx,1.032257929464841,0.05867849667123548,-0.2992242093468044,0.19610210283228258,0.44743506063239485,6,3,0.08,0.26,148.66666666666666
ndx,1.203940024322685,0.06560476217471511,-0.2992242093468045,0.21924951299204,0.48644303139076095,6,3,0.08,0.28,154.33333333333334
ndx,1.3864195549773224,0.07244252051774547,-0.2992242093468045,0.242101134383093,0.5249901106159,6,3,0.08,0.30000000000000004,161.5
ndx,1.6534141660810278,0.08162693960856449,-0.2992242093468045,0.27279523868323724,0.5785208440375189,6,3,0.08,0.32,165.33333333333334
ndx,1.7496960498044722,0.08473134381055103,-0.2992242093468045,0.2831700817106893,0.581193627185842,6,3,0.08,0.34,205.8
ndx,1.9307919271265406,0.0903088234615046,-0.2992242093468046,0.30180988249127777,0.6053418697363395,6,3,0.08,0.36000000000000004,225.6
ndx,2.171850244104573,0.0972605417339607,-0.2992242093468044,0.3250423551833488,0.6417072771912703,6,3,0.08,0.38,237.6
ndx,2.3943498609945943,0.10325855020015418,-0.2992242093468045,0.34508755299433763,0.6731641754563137,6,3,0.08,0.4,244.6
ndx,1.1218588698268537,0.06235767140557669,-0.09273782940128517,0.6724081403258779,0.7452257758822005,27,3,0.1,0.02,2.5185185185185186
ndx,1.0997122367914023,0.061461777254416594,-0.09273782940128505,0.6627476365493296,0.6860036236447135,20,3,0.1,0.04,4.35
ndx,0.8924478870005614,0.05262833778345977,-0.13241566101043434,0.39744798600002956,0.5659270616725925,15,3,0.1,0.06,7.133333333333334
ndx,1.1876927807958029,0.06497095936435926,-0.13241566101043434,0.4906591778387872,0.6596592490945652,14,3,0.1,0.08,10.357142857142858
ndx,0.8804925134403443,0.05209207135370364,-0.13825196448395904,0.37679082209170145,0.5113753144621911,11,3,0.1,0.1,20.545454545454547
ndx,0.9720092701564529,0.05611974940530495,-0.16458852644435296,0.3409699972268658,0.5183643563020245,10,3,0.1,0.12000000000000001,25.9
ndx,0.8726813747594535,0.051740001446717754,-0.16458852644435285,0.314359710026391,0.468750299162988,8,3,0.1,0.13999999999999999,39.875
ndx,1.1965624106831312,0.06531749685346644,-0.16458852644435307,0.3968532817234384,0.5594005272303022,8,3,0.1,0.16,51.25
ndx,0.6782629347018427,0.042510981523572466,-0.2698116321141786,0.15755800144888757,0.3716336027661746,6,3,0.1,0.18,87.66666666666667
ndx,0.8245466833124933,0.04954015766640474,-0.2698116321141787,0.18361016268357314,0.4146072711988101,6,3,0.1,0.19999999999999998,98.0
ndx,0.9714750055362391,0.05609673942314597,-0.2698116321141787,0.20791075234075523,0.45782868545066546,6,3,0.1,0.22,102.5
ndx,0.6717108741386963,0.04218312718930006,-0.2992242093468046,0.14097498087265156,0.35696532150039245,5,3,0.1,0.24,144.2
ndx,0.8575450648101877,0.05105390456912384,-0.2992242093468045,0.17062090223439022,0.41227430535670334,5,3,0.1,0.26,161.0
ndx,0.990951853565351,0.05693189584145042,-0.2992242093468045,0.19026500551452927,0.44702749070147574,5,3,0.1,0.28,167.0
ndx,1.125543520112915,0.06250589098405146,-0.2992242093468046,0.20889316115330211,0.480421474547778,5,3,0.1,0.30000000000000004,174.2
ndx,1.3374947706096756,0.0706577336059826,-0.2992242093468045,0.23613642011194833,0.5306869789545529,5,3,0.1,0.32,178.2
ndx,1.501468213633073,0.07651040383215868,-0.2992242093468045,0.2556959010742416,0.5609427742287537,5,3,0.1,0.34,194.0
ndx,1.6662157248255776,0.08204561299309399,-0.2992242093468046,0.2741944349095166,0.5863991155613849,5,3,0.1,0.36000000000000004,213.8
ndx,1.885512587689862,0.08894464572365002,-0.2992242093468046,0.2972508338072407,0.6251079740544799,5,3,0.1,0.38,225.8
ndx,2.087926130537807,0.09489719660454199,-0.2992242093468045,0.3171441134783148,0.6585890401114651,5,3,0.1,0.4,232.8
ndx,1.0997124551636097,0.06146178613095166,-0.04036896379511912,1.5225009599672412,0.8801435949054358,16,3,0.12000000000000001,0.02,2.1875
ndx,1.0204565294539885,0.058182838004941395,-0.051048206328758616,1.1397626320156014,0.7955988688130639,13,3,0.12000000000000001,0.04,3.5384615384615383
ndx,0.8576609493891028,0.05105917687222439,-0.08404095698684022,0.6075511120157714,0.6573173863718238,10,3,0.12000000000000001,0.06,6.5
ndx,1.0124667857707594,0.05784575525520719,-0.08404095698684,0.6883043378987852,0.7167102794279802,9,3,0.12000000000000001,0.08,8.777777777777779
ndx,0.883057989177843,0.05220741118914951,-0.13692151168298972,0.38129444049685757,0.5957440011039964,8,3,0.12000000000000001,0.1,14.875
ndx,0.8789163446704116,0.052021137454344446,-0.13692151168298983,0.37993399879185813,0.551246176775579,7,3,0.12000000000000001,0.12000000000000001,20.0
ndx,0.8601068549617736,0.051170385677302255,-0.13692151168298983,0.373720572087865,0.5146124900077443,6,3,0.12000000000000001,0.13999999999999999,34.333333333333336
ndx,1.126184648806519,0.06253165703633567,-0.13692151168298972,0.45669709797766,0.6063016266768729,6,3,0.12000000000000001,0.16,37.0
ndx,0.8603639543069381,0.05118206748746501,-0.2698116321141786,0.1896955556971904,0.48589515264946465,5,3,0.12000000000000001,0.18,52.8
ndx,0.984260218735111,0.05664581280513592,-0.2698116321141786,0.20994577721232052,0.518522352542907,5,3,0.12000000000000001,0.19999999999999998,64.0
ndx,1.1124785867806226,0.06197926704513246,-0.2698116321141786,0.22971310228353736,0.5585181677734457,5,3,0.12000000000000001,0.22,67.4
ndx,0.7321763734601259,0.04516489816385816,-0.2992242093468046,0.1509399866489796,0.41324966174752464,4,3,0.12000000000000001,0.24,100.25
ndx,0.8874029048878871,0.05240242270128537,-0.2992242093468046,0.17512761689863904,0.4656234157153217,4,3,0.12000000000000001,0.26,108.5
ndx,1.0019909768646582,0.05740191731012034,-0.2992242093468046,0.19183580578398587,0.4976968868269529,4,3,0.12000000000000001,0.28,114.75
ndx,1.0991748236407743,0.06143992956399047,-0.2992242093468046,0.20533074412030886,0.5242377527596086,4,3,0.12000000000000001,0.30000000000000004,122.0
ndx,1.2816167251513422,0.06857677349868663,-0.2992242093468046,0.22918190225445725,0.5746681459615118,4,3,0.12000000000000001,0.32,124.25
ndx,1.40012086374262,0.07293631592032312,-0.2992242093468046,0.24375138655906356,0.5968093366140318,4,3,0.12000000000000001,0.34,143.0
ndx,1.516150084544039,0.07701708758799741,-0.2992242093468045,0.2573892258120521,0.6136104735596033,4,3,0.12000000000000001,0.36000000000000004,165.5
ndx,1.6652410361043075,0.08201380100708255,-0.2992242093468045,0.27408812002917704,0.6452687303582413,4,3,0.12000000000000001,0.38,171.25
ndx,1.831557495987163,0.08729314174064395,-0.2992242093468046,0.291731547828973,0.6788094619346554,4,3,0.12000000000000001,0.4,179.75
ndx,0.535972881544756,0.035110722341566536,-0.04036896379511912,0.8697454440436161,0.6195648218124108,7,3,0.13999999999999999,0.02,2.0
ndx,0.49347789051055524,0.032778172702488506,-0.04036896379511912,0.811964678331714,0.5698598280136187,6,3,0.13999999999999999,0.04,2.8333333333333335
ndx,0.545590422704118,0.03563038524378315,-0.04036896379511912,0.8826182763722834,0.6086945674260636,6,3,0.13999999999999999,0.06,3.0
ndx,0.5908485310002636,0.0380365760648782,-0.06417760182560495,0.5926768059710007,0.6003794726105761,5,3,0.13999999999999999,0.08,5.4
ndx,0.6420919282566904,0.04068614032766016,-0.06417760182560484,0.6339616808714668,0.6182466996043151,5,3,0.13999999999999999,0.1,9.0
ndx,0.5010829569798101,0.033200061593804175,-0.12519540640818194,0.2651859404933761,0.4638293589283644,4,3,0.13999999999999999,0.12000000000000001,12.5
ndx,0.6195496519965997,0.03953008550057868,-0.12519540640818216,0.315747091963553,0.49078832520870985,4,3,0.13999999999999999,0.13999999999999999,20.25
ndx,0.7580420383228783,0.046411288800533024,-0.12519540640818216,0.3707107962828563,0.5595245947241166,4,3,0.13999999999999999,0.16,23.75
ndx,0.9233982434089447,0.05400229815703339,-0.12519540640818205,0.4313440860678744,0.6334382502386864,4,3,0.13999999999999999,0.18,27.25
ndx,1.044642730813362,0.059195819894925616,-0.12519540640818205,0.47282741111064375,0.6785094936226963,4,3,0.13999999999999999,0.19999999999999998,31.75
ndx,1.121388369633415,0.062338727919579284,-0.12519540640818194,0.49793143141636254,0.7074297888627633,4,3,0.13999999999999999,0.22,35.5
ndx,1.1247322240586368,0.06247327590107732,-0.2186138666194607,0.2857699599166965,0.5970199275208197,4,3,0.13999999999999999,0.24,81.0
ndx,1.315137091834654,0.06983065694037949,-0.2186138666194607,0.3194246459303202,0.6538517132733278,4,3,0.13999999999999999,0.26,89.25
ndx,1.4556937769113891,0.07491294531825199,-0.2186138666194607,0.34267243188490104,0.6855544658900005,4,3,0.13999999999999999,0.28,95.5
ndx,1.5749019903860457,0.0790178287821297,-0.21861386661946058,0.3614492987294141,0.7128949823949611,4,3,0.13999999999999999,0.30000000000000004,102.75
ndx,1.7986899331713992,0.08627286190485761,-0.21861386661946058,0.3946358172010749,0.7683868277742654,4,3,0.13999999999999999,0.32,105.0
ndx,1.944050166578943,0.09070460021360005,-0.2186138666194607,0.4149078080737156,0.7869625387674564,4,3,0.13999999999999999,0.34,123.75
ndx,2.0863746019808245,0.094852951205463,-0.2186138666194607,0.43388350735579245,0.798203479423703,4,3,0.13999999999999999,0.36000000000000004,146.25
ndx,2.2692534092138796,0.099932412335894,-0.21861386661946058,0.4571183607023683,0.8317810070370294,4,3,0.13999999999999999,0.38,152.0
ndx,2.473261469316077,0.10529918121001058,-0.2186138666194607,0.4816674387508272,0.867633600976811,4,3,0.13999999999999999,0.4,160.5
ndx,0.38199213929380527,0.026355541818180006,-0.040368963795119006,0.6528664434375857,0.5044348480685589,4,3,0.16,0.02,1.75
ndx,0.38199213929380527,0.026355541818180006,-0.040368963795119006,0.6528664434375857,0.5044348480685589,4,3,0.16,0.04,1.75
ndx,0.38199213929380527,0.026355541818180006,-0.040368963795119006,0.6528664434375857,0.5044348480685589,4,3,0.16,0.06,1.75
ndx,0.387045945159354,0.026656830779789864,-0.06417760182560484,0.4153603441310677,0.48174117835635705,3,3,0.16,0.08,3.3333333333333335
ndx,0.387045945159354,0.026656830779789864,-0.06417760182560484,0.4153603441310677,0.48174117835635705,3,3,0.16,0.1,3.3333333333333335
ndx,0.21792033246664877,0.01597841036803338,-0.12519540640818205,0.127627768673381,0.2682075869390429,2,3,0.16,0.12000000000000001,5.5
ndx,0.27241229261190636,0.019560404646864926,-0.12519540640818205,0.15623899636613642,0.2900896854957007,2,3,0.16,0.13999999999999999,15.5
ndx,0.3326646859229112,0.023360406256725197,-0.12519540640818205,0.18659156056063167,0.33695876784097495,2,3,0.16,0.16,18.0
ndx,0.40076269956705013,0.027469512676144836,-0.12519540640818205,0.21941310359730248,0.3847527427426486,2,3,0.16,0.18,22.0
ndx,0.46118245554100823,0.03096429580674509,-0.12519540640818205,0.24732773106539027,0.4239415522109259,2,3,0.16,0.19999999999999998,22.5
ndx,0.46118245554100823,0.03096429580674509,-0.12519540640818205,0.24732773106539027,0.4239415522109259,2,3,0.16,0.22,22.5
ndx,0.48425751893137137,0.032264017570815984,-0.12519540640818205,0.2577092762143659,0.43927897409220584,2,3,0.16,0.24,23.0
ndx,0.5412825478448482,0.035397987344343074,-0.12519540640818205,0.28274190211846034,0.47344628056407567,2,3,0.16,0.26,31.5
ndx,0.5877320905405106,0.03787291864320541,-0.12519540640818205,0.3025104493029567,0.49162758826221575,2,3,0.16,0.28,38.0
ndx,0.6304767204068558,0.04009230309906342,-0.12519540640818205,0.3202378126266717,0.511666114781444,2,3,0.16,0.30000000000000004,46.0
ndx,0.6988279828352473,0.043532431734087496,-0.12519540640818205,0.3477158865729954,0.5501859965418832,2,3,0.16,0.32,48.5
ndx,0.7503205175204501,0.04604098669166179,-0.12519540640818205,0.3677530031856889,0.5736738877776904,2,3,0.16,0.34,57.5
ndx,0.7913704854740127,0.04799265801570396,-0.12519540640818205,0.3833420042523815,0.5941902382666575,2,3,0.16,0.36000000000000004,64.0
ndx,0.8368269029898696,0.05010641189090004,-0.12519540640818205,0.4002256418860538,0.6145479982439824,2,3,0.16,0.38,70.0
ndx,0.898781632819625,0.05291118108665871,-0.12519540640818205,0.4226287737279212,0.6406948995825876,2,3,0.16,0.4,83.0
ndx,0.23367587000401646,0.017028994251869767,-0.040368963795119006,0.42183382110810425,0.4191270385187168,3,3,0.18,0.02,2.0
ndx,0.23367587000401646,0.017028994251869767,-0.040368963795119006,0.42183382110810425,0.4191270385187168,3,3,0.18,0.04,2.0
ndx,0.23367587000401646,0.017028994251869767,-0.040368963795119006,0.42183382110810425,0.4191270385187168,3,3,0.18,0.06,2.0
ndx,0.23818729823196438,0.01732754538461112,-0.06417760182560484,0.2699936565360717,0.38928623127373235,2,3,0.18,0.08,4.5
ndx,0.23818729823196438,0.01732754538461112,-0.06417760182560484,0.2699936565360717,0.38928623127373235,2,3,0.18,0.1,4.5
ndx,0.0872123531174045,0.006746160348848118,-0.12519540640818205,0.053885046922993396,0.14472992749034222,1,3,0.18,0.12000000000000001,10.0
ndx,0.11261697786397984,0.008617695520696023,-0.12519540640818205,0.06883395939144313,0.16398879805820388,1,3,0.18,0.13999999999999999,17.0
ndx,0.13297586107502246,0.010089362715147265,-0.12519540640818205,0.08058892098846114,0.185716489848595,1,3,0.18,0.16,19.0
ndx,0.14718362183177347,0.011102049140433445,-0.12519540640818205,0.08867776749121907,0.20081368546223136,1,3,0.18,0.18,21.0
ndx,0.1966656322464,0.014541160803657194,-0.12519540640818205,0.11614771836154898,0.24930526562811098,1,3,0.18,0.19999999999999998,22.0
ndx,0.1966656322464,0.014541160803657194,-0.12519540640818205,0.11614771836154898,0.24930526562811098,1,3,0.18,0.22,22.0
ndx,0.1966656322464,0.014541160803657194,-0.12519540640818205,0.11614771836154898,0.24930526562811098,1,3,0.18,0.24,22.0
ndx,0.21597410690182084,0.015847769328669825,-0.12519540640818205,0.12658427160658273,0.267517317681157,1,3,0.18,0.26,25.0
ndx,0.23667301200736546,0.01722744671252241,-0.12519540640818205,0.13760446334871695,0.2796435974790306,1,3,0.18,0.28,33.0
ndx,0.2530724945870533,0.018305551872792813,-0.12519540640818205,0.14621584288092912,0.2921249597751685,1,3,0.18,0.30000000000000004,39.0
ndx,0.2801993526697921,0.020060716930631273,-0.12519540640818205,0.16023524749163814,0.31603802012212,1,3,0.18,0.32,41.0
ndx,0.30582002582475787,0.02168730121085294,-0.12519540640818205,0.17322761140408408,0.33539081764564593,1,3,0.18,0.34,48.0
ndx,0.3155258900900497,0.022295843423669526,-0.12519540640818205,0.1780883505499959,0.3428520401136231,1,3,0.18,0.36000000000000004,54.0
ndx,0.3295395197943116,0.023167231175160063,-0.12519540640818205,0.18504857198695102,0.35459130717349285,1,3,0.18,0.38,56.0
ndx,0.3525417297438853,0.02457939792203212,-0.12519540640818205,0.196328272955115,0.37263923116646647,1,3,0.18,0.4,59.0
ndx,0.14977423045777427,0.011285455709191483,0.0,,0.40437144736282116,2,3,0.19999999999999998,0.02,1.5
ndx,0.14977423045777427,0.011285455709191483,0.0,,0.40437144736282116,2,3,0.19999999999999998,0.04,1.5
ndx,0.14977423045777427,0.011285455709191483,0.0,,0.40437144736282116,2,3,0.19999999999999998,0.06,1.5
ndx,0.12488640393947903,0.009507540869327702,-0.06417760182560495,0.1481442216423624,0.27290437036643095,1,3,0.19999999999999998,0.08,8.0
ndx,0.12488640393947903,0.009507540869327702,-0.06417760182560495,0.1481442216423624,0.27290437036643095,1,3,0.19999999999999998,0.1,8.0
ndx,0.12488640393947903,0.009507540869327702,-0.06417760182560495,0.1481442216423624,0.27290437036643095,1,3,0.19999999999999998,0.12000000000000001,8.0
ndx,0.15117134900349205,0.01138420943126972,-0.06417760182560495,0.17738602109510052,0.2613737656913647,1,3,0.19999999999999998,0.13999999999999999,15.0
ndx,0.1722357076431149,0.012859913227283082,-0.06417760182560495,0.20038008372809532,0.2898389223192499,1,3,0.19999999999999998,0.16,17.0
ndx,0.18693579531215976,0.01387537732650368,-0.06417760182560495,0.21620280178446646,0.31013742658043364,1,3,0.19999999999999998,0.18,19.0
ndx,0.23813245491173496,0.017323922048753326,-0.06417760182560495,0.2699371985857159,0.3705227121568744,1,3,0.19999999999999998,0.19999999999999998,20.0
ndx,0.23813245491173496,0.017323922048753326,-0.06417760182560495,0.2699371985857159,0.3705227121568744,1,3,0.19999999999999998,0.22,20.0
ndx,0.23813245491173496,0.017323922048753326,-0.06417760182560495,0.2699371985857159,0.3705227121568744,1,3,0.19999999999999998,0.24,20.0
ndx,0.258110006269034,0.01863411443975993,-0.06417760182560495,0.29035230220032116,0.3932573087182568,1,3,0.19999999999999998,0.26,23.0
ndx,0.27952616923195284,0.020017576108472657,-0.06417760182560495,0.3119090701280496,0.39694474276977204,1,3,0.19999999999999998,0.28,31.0
ndx,0.2964939262047628,0.021098638378197032,-0.06417760182560495,0.32875392314487056,0.40941070756930337,1,3,0.19999999999999998,0.30000000000000004,37.0
ndx,0.32456078338438643,0.022858617637262935,-0.06417760182560495,0.3561774978656655,0.4397395008576087,1,3,0.19999999999999998,0.32,39.0
ndx,0.35106926335995015,0.024489663437501585,-0.06417760182560495,0.38159206235298965,0.46076865817832036,1,3,0.19999999999999998,0.34,46.0
ndx,0.3611114549513197,0.025099874806534972,-0.06417760182560495,0.39110022955891866,0.4692957012059852,1,3,0.19999999999999998,0.36000000000000004,52.0
ndx,0.3756106845442937,0.02597365266712881,-0.06417760182560495,0.4047152266254689,0.4841778597482441,1,3,0.19999999999999998,0.38,54.0
ndx,0.3994099664036701,0.027389692813175603,-0.06417760182560495,0.42677962457375485,0.5059440841489491,1,3,0.19999999999999998,0.4,57.0
ndx,0.0,0.0,0.0,,0.0,0,3,0.22,0.02,0.0
ndx,0.0,0.0,0.0,,0.0,0,3,0.22,0.04,0.0
ndx,0.0,0.0,0.0,,0.0,0,3,0.22,0.06,0.0
ndx,0.0,0.0,0.0,,0.0,0,3,0.22,0.08,0.0
ndx,0.0,0.0,0.0,,0.0,0,3,0.22,0.1,0.0
ndx,0.0,0.0,0.0,,0.0,0,3,0.22,0.12000000000000001,0.0
ndx,0.0,0.0,0.0,,0.0,0,3,0.22,0.13999999999999999,0.0
ndx,0.0,0.0,0.0,,0.0,0,3,0.22,0.16,0.0
ndx,0.0,0.0,0.0,,0.0,0,3,0.22,0.18,0.0
ndx,0.0,0.0,0.0,,0.0,0,3,0.22,0.19999999999999998,0.0
ndx,0.0,0.0,0.0,,0.0,0,3,0.22,0.22,0.0
ndx,0.0,0.0,0.0,,0.0,0,3,0.22,0.24,0.0
ndx,0.0,0.0,0.0,,0.0,0,3,0.22,0.26,0.0
ndx,0.0,0.0,0.0,,0.0,0,3,0.22,0.28,0.0
ndx,0.0,0.0,0.0,,0.0,0,3,0.22,0.30000000000000004,0.0
ndx,0.0,0.0,0.0,,0.0,0,3,0.22,0.32,0.0
ndx,0.0,0.0,0.0,,0.0,0,3,0.22,0.34,0.0
ndx,0.0,0.0,0.0,,0.0,0,3,0.22,0.36000000000000004,0.0
ndx,0.0,0.0,0.0,,0.0,0,3,0.22,0.38,0.0
ndx,0.0,0.0,0.0,,0.0,0,3,0.22,0.4,0.0
ndx,0.0,0.0,0.0,,0.0,0,3,0.24,0.02,0.0
ndx,0.0,0.0,0.0,,0.0,0,3,0.24,0.04,0.0
ndx,0.0,0.0,0.0,,0.0,0,3,0.24,0.06,0.0
ndx,0.0,0.0,0.0,,0.0,0,3,0.24,0.08,0.0
ndx,0.0,0.0,0.0,,0.0,0,3,0.24,0.1,0.0
ndx,0.0,0.0,0.0,,0.0,0,3,0.24,0.12000000000000001,0.0
ndx,0.0,0.0,0.0,,0.0,0,3,0.24,0.13999999999999999,0.0
ndx,0.0,0.0,0.0,,0.0,0,3,0.24,0.16,0.0
ndx,0.0,0.0,0.0,,0.0,0,3,0.24,0.18,0.0
ndx,0.0,0.0,0.0,,0.0,0,3,0.24,0.19999999999999998,0.0
ndx,0.0,0.0,0.0,,0.0,0,3,0.24,0.22,0.0
ndx,0.0,0.0,0.0,,0.0,0,3,0.24,0.24,0.0
ndx,0.0,0.0,0.0,,0.0,0,3,0.24,0.26,0.0
ndx,0.0,0.0,0.0,,0.0,0,3,0.24,0.28,0.0
ndx,0.0,0.0,0.0,,0.0,0,3,0.24,0.30000000000000004,0.0
ndx,0.0,0.0,0.0,,0.0,0,3,0.24,0.32,0.0
ndx,0.0,0.0,0.0,,0.0,0,3,0.24,0.34,0.0
ndx,0.0,0.0,0.0,,0.0,0,3,0.24,0.36000000000000004,0.0
ndx,0.0,0.0,0.0,,0.0,0,3,0.24,0.38,0.0
ndx,0.0,0.0,0.0,,0.0,0,3,0.24,0.4,0.0
ndx,0.0,0.0,0.0,,0.0,0,3,0.26,0.02,0.0
ndx,0.0,0.0,0.0,,0.0,0,3,0.26,0.04,0.0
ndx,0.0,0.0,0.0,,0.0,0,3,0.26,0.06,0.0
ndx,0.0,0.0,0.0,,0.0,0,3,0.26,0.08,0.0
ndx,0.0,0.0,0.0,,0.0,0,3,0.26,0.1,0.0
ndx,0.0,0.0,0.0,,0.0,0,3,0.26,0.12000000000000001,0.0
ndx,0.0,0.0,0.0,,0.0,0,3,0.26,0.13999999999999999,0.0
ndx,0.0,0.0,0.0,,0.0,0,3,0.26,0.16,0.0
ndx,0.0,0.0,0.0,,0.0,0,3,0.26,0.18,0.0
ndx,0.0,0.0,0.0,,0.0,0,3,0.26,0.19999999999999998,0.0
ndx,0.0,0.0,0.0,,0.0,0,3,0.26,0.22,0.0
ndx,0.0,0.0,0.0,,0.0,0,3,0.26,0.24,0.0
ndx,0.0,0.0,0.0,,0.0,0,3,0.26,0.26,0.0
ndx,0.0,0.0,0.0,,0.0,0,3,0.26,0.28,0.0
ndx,0.0,0.0,0.0,,0.0,0,3,0.26,0.30000000000000004,0.0
ndx,0.0,0.0,0.0,,0.0,0,3,0.26,0.32,0.0
ndx,0.0,0.0,0.0,,0.0,0,3,0.26,0.34,0.0
ndx,0.0,0.0,0.0,,0.0,0,3,0.26,0.36000000000000004,0.0
ndx,0.0,0.0,0.0,,0.0,0,3,0.26,0.38,0.0
ndx,0.0,0.0,0.0,,0.0,0,3,0.26,0.4,0.0
ndx,0.0,0.0,0.0,,0.0,0,3,0.28,0.02,0.0
ndx,0.0,0.0,0.0,,0.0,0,3,0.28,0.04,0.0
ndx,0.0,0.0,0.0,,0.0,0,3,0.28,0.06,0.0
ndx,0.0,0.0,0.0,,0.0,0,3,0.28,0.08,0.0
ndx,0.0,0.0,0.0,,0.0,0,3,0.28,0.1,0.0
ndx,0.0,0.0,0.0,,0.0,0,3,0.28,0.12000000000000001,0.0
ndx,0.0,0.0,0.0,,0.0,0,3,0.28,0.13999999999999999,0.0
ndx,0.0,0.0,0.0,,0.0,0,3,0.28,0.16,0.0
ndx,0.0,0.0,0.0,,0.0,0,3,0.28,0.18,0.0
ndx,0.0,0.0,0.0,,0.0,0,3,0.28,0.19999999999999998,0.0
ndx,0.0,0.0,0.0,,0.0,0,3,0.28,0.22,0.0
ndx,0.0,0.0,0.0,,0.0,0,3,0.28,0.24,0.0
ndx,0.0,0.0,0.0,,0.0,0,3,0.28,0.26,0.0
ndx,0.0,0.0,0.0,,0.0,0,3,0.28,0.28,0.0
ndx,0.0,0.0,0.0,,0.0,0,3,0.28,0.30000000000000004,0.0
ndx,0.0,0.0,0.0,,0.0,0,3,0.28,0.32,0.0
ndx,0.0,0.0,0.0,,0.0,0,3,0.28,0.34,0.0
ndx,0.0,0.0,0.0,,0.0,0,3,0.28,0.36000000000000004,0.0
ndx,0.0,0.0,0.0,,0.0,0,3,0.28,0.38,0.0
ndx,0.0,0.0,0.0,,0.0,0,3,0.28,0.4,0.0
ndx,0.0,0.0,0.0,,0.0,0,3,0.30000000000000004,0.02,0.0
ndx,0.0,0.0,0.0,,0.0,0,3,0.30000000000000004,0.04,0.0
ndx,0.0,0.0,0.0,,0.0,0,3,0.30000000000000004,0.06,0.0
ndx,0.0,0.0,0.0,,0.0,0,3,0.30000000000000004,0.08,0.0
ndx,0.0,0.0,0.0,,0.0,0,3,0.30000000000000004,0.1,0.0
ndx,0.0,0.0,0.0,,0.0,0,3,0.30000000000000004,0.12000000000000001,0.0
ndx,0.0,0.0,0.0,,0.0,0,3,0.30000000000000004,0.13999999999999999,0.0
ndx,0.0,0.0,0.0,,0.0,0,3,0.30000000000000004,0.16,0.0
ndx,0.0,0.0,0.0,,0.0,0,3,0.30000000000000004,0.18,0.0
ndx,0.0,0.0,0.0,,0.0,0,3,0.30000000000000004,0.19999999999999998,0.0
ndx,0.0,0.0,0.0,,0.0,0,3,0.30000000000000004,0.22,0.0
ndx,0.0,0.0,0.0,,0.0,0,3,0.30000000000000004,0.24,0.0
ndx,0.0,0.0,0.0,,0.0,0,3,0.30000000000000004,0.26,0.0
ndx,0.0,0.0,0.0,,0.0,0,3,0.30000000000000004,0.28,0.0
ndx,0.0,0.0,0.0,,0.0,0,3,0.30000000000000004,0.30000000000000004,0.0
ndx,0.0,0.0,0.0,,0.0,0,3,0.30000000000000004,0.32,0.0
ndx,0.0,0.0,0.0,,0.0,0,3,0.30000000000000004,0.34,0.0
ndx,0.0,0.0,0.0,,0.0,0,3,0.30000000000000004,0.36000000000000004,0.0
ndx,0.0,0.0,0.0,,0.0,0,3,0.30000000000000004,0.38,0.0
ndx,0.0,0.0,0.0,,0.0,0,3,0.30000000000000004,0.4,0.0
ndx,0.0,0.0,0.0,,0.0,0,3,0.32,0.02,0.0
ndx,0.0,0.0,0.0,,0.0,0,3,0.32,0.04,0.0
ndx,0.0,0.0,0.0,,0.0,0,3,0.32,0.06,0.0
ndx,0.0,0.0,0.0,,0.0,0,3,0.32,0.08,0.0
ndx,0.0,0.0,0.0,,0.0,0,3,0.32,0.1,0.0
ndx,0.0,0.0,0.0,,0.0,0,3,0.32,0.12000000000000001,0.0
ndx,0.0,0.0,0.0,,0.0,0,3,0.32,0.13999999999999999,0.0
ndx,0.0,0.0,0.0,,0.0,0,3,0.32,0.16,0.0
ndx,0.0,0.0,0.0,,0.0,0,3,0.32,0.18,0.0
ndx,0.0,0.0,0.0,,0.0,0,3,0.32,0.19999999999999998,0.0
ndx,0.0,0.0,0.0,,0.0,0,3,0.32,0.22,0.0
ndx,0.0,0.0,0.0,,0.0,0,3,0.32,0.24,0.0
ndx,0.0,0.0,0.0,,0.0,0,3,0.32,0.26,0.0
ndx,0.0,0.0,0.0,,0.0,0,3,0.32,0.28,0.0
ndx,0.0,0.0,0.0,,0.0,0,3,0.32,0.30000000000000004,0.0
ndx,0.0,0.0,0.0,,0.0,0,3,0.32,0.32,0.0
ndx,0.0,0.0,0.0,,0.0,0,3,0.32,0.34,0.0
ndx,0.0,0.0,0.0,,0.0,0,3,0.32,0.36000000000000004,0.0
ndx,0.0,0.0,0.0,,0.0,0,3,0.32,0.38,0.0
ndx,0.0,0.0,0.0,,0.0,0,3,0.32,0.4,0.0
ndx,0.0,0.0,0.0,,0.0,0,3,0.34,0.02,0.0
ndx,0.0,0.0,0.0,,0.0,0,3,0.34,0.04,0.0
ndx,0.0,0.0,0.0,,0.0,0,3,0.34,0.06,0.0
ndx,0.0,0.0,0.0,,0.0,0,3,0.34,0.08,0.0
ndx,0.0,0.0,0.0,,0.0,0,3,0.34,0.1,0.0
ndx,0.0,0.0,0.0,,0.0,0,3,0.34,0.12000000000000001,0.0
ndx,0.0,0.0,0.0,,0.0,0,3,0.34,0.13999999999999999,0.0
ndx,0.0,0.0,0.0,,0.0,0,3,0.34,0.16,0.0
ndx,0.0,0.0,0.0,,0.0,0,3,0.34,0.18,0.0
ndx,0.0,0.0,0.0,,0.0,0,3,0.34,0.19999999999999998,0.0
ndx,0.0,0.0,0.0,,0.0,0,3,0.34,0.22,0.0
ndx,0.0,0.0,0.0,,0.0,0,3,0.34,0.24,0.0
ndx,0.0,0.0,0.0,,0.0,0,3,0.34,0.26,0.0
ndx,0.0,0.0,0.0,,0.0,0,3,0.34,0.28,0.0
ndx,0.0,0.0,0.0,,0.0,0,3,0.34,0.30000000000000004,0.0
ndx,0.0,0.0,0.0,,0.0,0,3,0.34,0.32,0.0
ndx,0.0,0.0,0.0,,0.0,0,3,0.34,0.34,0.0
ndx,0.0,0.0,0.0,,0.0,0,3,0.34,0.36000000000000004,0.0
ndx,0.0,0.0,0.0,,0.0,0,3,0.34,0.38,0.0
ndx,0.0,0.0,0.0,,0.0,0,3,0.34,0.4,0.0
ndx,0.0,0.0,0.0,,0.0,0,3,0.36000000000000004,0.02,0.0
ndx,0.0,0.0,0.0,,0.0,0,3,0.36000000000000004,0.04,0.0
ndx,0.0,0.0,0.0,,0.0,0,3,0.36000000000000004,0.06,0.0
ndx,0.0,0.0,0.0,,0.0,0,3,0.36000000000000004,0.08,0.0
ndx,0.0,0.0,0.0,,0.0,0,3,0.36000000000000004,0.1,0.0
ndx,0.0,0.0,0.0,,0.0,0,3,0.36000000000000004,0.12000000000000001,0.0
ndx,0.0,0.0,0.0,,0.0,0,3,0.36000000000000004,0.13999999999999999,0.0
ndx,0.0,0.0,0.0,,0.0,0,3,0.36000000000000004,0.16,0.0
ndx,0.0,0.0,0.0,,0.0,0,3,0.36000000000000004,0.18,0.0
ndx,0.0,0.0,0.0,,0.0,0,3,0.36000000000000004,0.19999999999999998,0.0
ndx,0.0,0.0,0.0,,0.0,0,3,0.36000000000000004,0.22,0.0
ndx,0.0,0.0,0.0,,0.0,0,3,0.36000000000000004,0.24,0.0
ndx,0.0,0.0,0.0,,0.0,0,3,0.36000000000000004,0.26,0.0
ndx,0.0,0.0,0.0,,0.0,0,3,0.36000000000000004,0.28,0.0
ndx,0.0,0.0,0.0,,0.0,0,3,0.36000000000000004,0.30000000000000004,0.0
ndx,0.0,0.0,0.0,,0.0,0,3,0.36000000000000004,0.32,0.0
ndx,0.0,0.0,0.0,,0.0,0,3,0.36000000000000004,0.34,0.0
ndx,0.0,0.0,0.0,,0.0,0,3,0.36000000000000004,0.36000000000000004,0.0
ndx,0.0,0.0,0.0,,0.0,0,3,0.36000000000000004,0.38,0.0
ndx,0.0,0.0,0.0,,0.0,0,3,0.36000000000000004,0.4,0.0
ndx,0.0,0.0,0.0,,0.0,0,3,0.38,0.02,0.0
ndx,0.0,0.0,0.0,,0.0,0,3,0.38,0.04,0.0
ndx,0.0,0.0,0.0,,0.0,0,3,0.38,0.06,0.0
ndx,0.0,0.0,0.0,,0.0,0,3,0.38,0.08,0.0
ndx,0.0,0.0,0.0,,0.0,0,3,0.38,0.1,0.0
ndx,0.0,0.0,0.0,,0.0,0,3,0.38,0.12000000000000001,0.0
ndx,0.0,0.0,0.0,,0.0,0,3,0.38,0.13999999999999999,0.0
ndx,0.0,0.0,0.0,,0.0,0,3,0.38,0.16,0.0
ndx,0.0,0.0,0.0,,0.0,0,3,0.38,0.18,0.0
ndx,0.0,0.0,0.0,,0.0,0,3,0.38,0.19999999999999998,0.0
ndx,0.0,0.0,0.0,,0.0,0,3,0.38,0.22,0.0
ndx,0.0,0.0,0.0,,0.0,0,3,0.38,0.24,0.0
ndx,0.0,0.0,0.0,,0.0,0,3,0.38,0.26,0.0
ndx,0.0,0.0,0.0,,0.0,0,3,0.38,0.28,0.0
ndx,0.0,0.0,0.0,,0.0,0,3,0.38,0.30000000000000004,0.0
ndx,0.0,0.0,0.0,,0.0,0,3,0.38,0.32,0.0
ndx,0.0,0.0,0.0,,0.0,0,3,0.38,0.34,0.0
ndx,0.0,0.0,0.0,,0.0,0,3,0.38,0.36000000000000004,0.0
ndx,0.0,0.0,0.0,,0.0,0,3,0.38,0.38,0.0
ndx,0.0,0.0,0.0,,0.0,0,3,0.38,0.4,0.0
ndx,0.0,0.0,0.0,,0.0,0,3,0.4,0.02,0.0
ndx,0.0,0.0,0.0,,0.0,0,3,0.4,0.04,0.0
ndx,0.0,0.0,0.0,,0.0,0,3,0.4,0.06,0.0
ndx,0.0,0.0,0.0,,0.0,0,3,0.4,0.08,0.0
ndx,0.0,0.0,0.0,,0.0,0,3,0.4,0.1,0.0
ndx,0.0,0.0,0.0,,0.0,0,3,0.4,0.12000000000000001,0.0
ndx,0.0,0.0,0.0,,0.0,0,3,0.4,0.13999999999999999,0.0
ndx,0.0,0.0,0.0,,0.0,0,3,0.4,0.16,0.0
ndx,0.0,0.0,0.0,,0.0,0,3,0.4,0.18,0.0
ndx,0.0,0.0,0.0,,0.0,0,3,0.4,0.19999999999999998,0.0
ndx,0.0,0.0,0.0,,0.0,0,3,0.4,0.22,0.0
ndx,0.0,0.0,0.0,,0.0,0,3,0.4,0.24,0.0
ndx,0.0,0.0,0.0,,0.0,0,3,0.4,0.26,0.0
ndx,0.0,0.0,0.0,,0.0,0,3,0.4,0.28,0.0
ndx,0.0,0.0,0.0,,0.0,0,3,0.4,0.30000000000000004,0.0
ndx,0.0,0.0,0.0,,0.0,0,3,0.4,0.32,0.0
ndx,0.0,0.0,0.0,,0.0,0,3,0.4,0.34,0.0
ndx,0.0,0.0,0.0,,0.0,0,3,0.4,0.36000000000000004,0.0
ndx,0.0,0.0,0.0,,0.0,0,3,0.4,0.38,0.0
ndx,0.0,0.0,0.0,,0.0,0,3,0.4,0.4,0.0
ndx,1.3206672819588539,0.07003591650788632,-0.16304613594650874,0.4295466194357609,0.5921794670409959,96,6,0.02,0.02,4.083333333333333
ndx,1.0642450364320757,0.06000876380864306,-0.233170412998693,0.25736011287581084,0.4990631365931632,53,6,0.02,0.04,9.018867924528301
ndx,0.6381102910231446,0.04048301213166905,-0.2716680415405651,0.1490164684152743,0.3522326844543773,35,6,0.02,0.06,15.142857142857142
ndx,1.0136451502919712,0.05789554706799094,-0.2565328390141147,0.22568473997516342,0.4642589664133148,28,6,0.02,0.08,21.071428571428573
ndx,0.8085626945189919,0.04879784568155654,-0.2705320451764397,0.18037732147306548,0.40466145530176295,20,6,0.02,0.1,30.45
ndx,1.233492808113903,0.06674667595961381,-0.2698116321141786,0.2473824995483072,0.5066254643936569,19,6,0.02,0.12000000000000001,36.31578947368421
ndx,1.4081182771432692,0.07322334603268321,-0.28923960626503253,0.25315808916427607,0.5379829661298199,16,6,0.02,0.13999999999999999,48.4375
ndx,1.4514066501477627,0.07476193180257162,-0.27637981419810553,0.2705043131296963,0.5397467421963972,14,6,0.02,0.16,60.5
ndx,0.9278581667455417,0.05419860647243513,-0.2718946613072418,0.19933678069239666,0.4179751950543763,10,6,0.02,0.18,84.5
ndx,1.2456009787824014,0.06721052502117231,-0.2698116321141787,0.2491016584219401,0.48823011860487575,10,6,0.02,0.19999999999999998,99.4
ndx,1.6042962352810712,0.08000311591633436,-0.2698116321141786,0.2965147028297087,0.5583966600617055,10,6,0.02,0.22,108.9
ndx,1.6743081940314415,0.08230932357246523,-0.2992242093468046,0.2750757492254502,0.5624201324361641,9,6,0.02,0.24,135.33333333333334
ndx,1.3793137825957538,0.07218540080288638,-0.2992242093468046,0.24124184657539724,0.5010187014362582,7,6,0.02,0.26,177.28571428571428
ndx,1.667487759699481,0.08208711371000721,-0.2992242093468046,0.2743331292919124,0.5516441399522629,7,6,0.02,0.28,185.0
ndx,1.931784482471564,0.09033850956544476,-0.2992242093468045,0.3019090927256535,0.5894171509615275,7,6,0.02,0.30000000000000004,204.57142857142858
ndx,2.299258873461936,0.10074075114773784,-0.2992242093468045,0.33667313005071087,0.6418365044426394,7,6,0.02,0.32,214.0
ndx,2.45524858268074,0.10483715666261184,-0.2992242093468046,0.3503632172392317,0.6484593791816596,7,6,0.02,0.34,255.5
ndx,2.7289112432217815,0.11162936684393499,-0.2992242093468045,0.37306261778623395,0.6759116125756486,7,6,0.02,0.36000000000000004,272.6666666666667
ndx,3.0605168863849093,0.11927051877061046,-0.2992242093468046,0.3985991609133953,0.7122017930665566,7,6,0.02,0.38,278.5
ndx,3.474998127289701,0.12805228060581708,-0.2992242093468045,0.42794759449895625,0.7539141633309805,7,6,0.02,0.4,285.3333333333333
ndx,1.1075255680522984,0.06177883650936744,-0.14191851217374074,0.4353120362038182,0.5581576493554261,79,6,0.04,0.02,3.8227848101265822
ndx,0.792613277310849,0.04805110125370815,-0.2228119377982981,0.2156576605747521,0.43253168254780233,43,6,0.04,0.04,8.325581395348838
ndx,0.8195559144820466,0.04930902575577112,-0.24247430109102153,0.20335773949611752,0.43263120629065893,30,6,0.04,0.06,13.233333333333333
ndx,0.677715785262095,0.04248364814894989,-0.2565328390141146,0.16560705565891473,0.37916677364209006,23,6,0.04,0.08,18.0
ndx,0.5204856017768609,0.034267578300533064,-0.26981163211417847,0.12700556322209178,0.31649122986748,16,6,0.04,0.1,29.125
ndx,0.736844411965722,0.04539109740388558,-0.26981163211417847,0.1682325444911769,0.3835989813377917,15,6,0.04,0.12000000000000001,33.93333333333333
ndx,0.9853076144782575,0.05669064993264317,-0.24868462318403894,0.2279620235734852,0.44951260364933,13,6,0.04,0.13999999999999999,46.53846153846154
ndx,0.6154345245521111,0.03931745010992449,-0.23426111976893726,0.16783600346786157,0.33851320171709476,10,6,0.04,0.16,58.7
ndx,0.6243578537473671,0.03977790467551334,-0.2698116321141786,0.14742842761753197,0.3373114575811263,8,6,0.04,0.18,83.625
ndx,0.819295580595502,0.04929695321098282,-0.2698116321141786,0.18270877658129056,0.39345082584261565,8,6,0.04,0.19999999999999998,94.5
ndx,1.0262371738274072,0.058425956700643544,-0.2698116321141786,0.21654350571482742,0.44944751210854406,8,6,0.04,0.22,98.25
ndx,0.9943449564225793,0.0570766212349032,-0.2992242093468045,0.19074867424497297,0.4367004609875466,7,6,0.04,0.24,124.85714285714286
ndx,1.3020590450493055,0.06934345007573617,-0.2992242093468045,0.23174411665122413,0.5069263552584667,7,6,0.04,0.26,138.71428571428572
ndx,1.569499101447919,0.0788356008830855,-0.2992242093468044,0.2634666528326059,0.5582692560600381,7,6,0.04,0.28,145.71428571428572
ndx,1.8268975875448588,0.08714915283068914,-0.2992242093468044,0.29125034040839337,0.5998063433607292,7,6,0.04,0.30000000000000004,159.28571428571428
ndx,2.156278433189258,0.09682641145782722,-0.2992242093468045,0.32359150240281603,0.6538213879938279,7,6,0.04,0.32,163.0
ndx,2.334012575625243,0.10166859916478255,-0.2992242093468044,0.33977397546382165,0.6631150824549772,7,6,0.04,0.34,197.16666666666666
ndx,2.5862874340229562,0.10814894616082915,-0.2992242093468044,0.361431136861935,0.689917547765387,7,6,0.04,0.36000000000000004,214.33333333333334
ndx,2.9553568740926,0.11691149013475921,-0.2992242093468044,0.3907153448244471,0.7338746545093514,7,6,0.04,0.38,224.66666666666666
ndx,3.3032660497768616,0.1245084260810565,-0.2992242093468045,0.41610411922502477,0.7719983528666111,7,6,0.04,0.4,230.83333333333334
ndx,1.3581828907547644,0.0714165935503408,-0.13788802298646963,0.5179318116508829,0.69143266122782,62,6,0.06,0.02,3.5
ndx,0.9089763009733987,0.05336462291571098,-0.17553737512224554,0.3040071829634427,0.5056655769146782,36,6,0.06,0.04,7.833333333333333
ndx,0.9226678832289485,0.05397011068893098,-0.21493089179080282,0.25110448404718544,0.4916453470204902,26,6,0.06,0.06,12.576923076923077
ndx,1.0138716220022705,0.057905113564110655,-0.23368837840674517,0.2477877332150604,0.5146890269012253,21,6,0.06,0.08,16.952380952380953
ndx,0.8372251852839714,0.05012471877081204,-0.24242497404554975,0.20676384092916927,0.44660176100443,15,6,0.06,0.1,27.866666666666667
ndx,1.0640963177328482,0.06000262294123071,-0.23011834203587578,0.2607468071010012,0.49897184829528296,14,6,0.06,0.12000000000000001,33.07142857142857
ndx,0.4970194023302561,0.03297488224848144,-0.21732114207419273,0.1517334297701414,0.30720240520914005,9,6,0.06,0.13999999999999999,49.0
ndx,0.7872797013189841,0.04780002205075773,-0.21732114207419273,0.21995108986883088,0.4057262503742372,9,6,0.06,0.16,59.333333333333336
ndx,0.667863583393915,0.04199006402419081,-0.2698116321141786,0.15562733042740537,0.35937303683001237,7,6,0.06,0.18,88.57142857142857
ndx,0.8402493269909674,0.05026360324764689,-0.2698116321141787,0.18629146139398609,0.4093308699099608,7,6,0.06,0.19999999999999998,98.14285714285714
ndx,1.0103070730000012,0.05775442691541599,-0.2698116321141786,0.21405462197039576,0.45697339503472856,7,6,0.06,0.22,102.28571428571429
ndx,0.9051521177254671,0.05319479120304638,-0.2992242093468045,0.17777569308034488,0.42270987988167497,6,6,0.06,0.24,134.16666666666666
ndx,1.1640007226839875,0.06403893346491563,-0.2992242093468045,0.2140165516844719,0.48759476802787605,6,6,0.06,0.26,148.5
ndx,1.3468122506685813,0.07100026892453815,-0.2992242093468046,0.23728116478118236,0.5269476512213788,6,6,0.06,0.28,154.16666666666666
ndx,1.5411211671138751,0.07787264908290115,-0.2992242093468045,0.26024849143354506,0.5659693951383464,6,6,0.06,0.30000000000000004,161.33333333333334
ndx,1.8254239236706153,0.08710357190282925,-0.2992242093468045,0.2910980100606604,0.6205516399073439,6,6,0.06,0.32,165.16666666666666
ndx,1.9279473597650565,0.09022369472246905,-0.2992242093468045,0.30152538432443043,0.6212716399012124,6,6,0.06,0.34,205.2
ndx,2.1207829264114832,0.09582941498398667,-0.2992242093468044,0.32025956453583354,0.6450141806614288,6,6,0.06,0.36000000000000004,225.0
ndx,2.3774680472252636,0.10281633208831109,-0.2992242093468044,0.3436096708643843,0.6818594248177702,6,6,0.06,0.38,237.0
ndx,2.614391384940427,0.10884471044051991,-0.2992242093468045,0.3637563640927448,0.7137814282304837,6,6,0.06,0.4,244.0
ndx,1.2903154819762253,0.06890378396324692,-0.11197244347594215,0.6153637611565675,0.736477518195246,46,6,0.08,0.02,3.152173913043478
ndx,0.9502006713604847,0.05517579296671071,-0.15982611963753413,0.3452238788743829,0.5731757171488492,28,6,0.08,0.04,6.464285714285714
ndx,0.8473301094427272,0.05058797073473875,-0.21449817004329186,0.2358433674493757,0.5119588565694272,20,6,0.08,0.06,9.65
ndx,1.3351477586552116,0.07057125325508551,-0.1954125219420606,0.361139872479665,0.6698123150564165,19,6,0.08,0.08,12.894736842105264
ndx,0.9402254868725302,0.05474079068016979,-0.23713624641140774,0.23084109455456245,0.5155373162216598,13,6,0.08,0.1,22.53846153846154
ndx,1.102601518136407,0.0615791483994661,-0.2247437002380368,0.2739972169820319,0.5438770652833073,12,6,0.08,0.12000000000000001,27.5
ndx,0.8182384559001659,0.04924791450828514,-0.2169337147545668,0.2270182602275675,0.4406252090775994,9,6,0.08,0.13999999999999999,41.22222222222222
ndx,1.1707806053344831,0.06430660304674496,-0.2169337147545669,0.29643434225749443,0.540731989196885,9,6,0.08,0.16,51.55555555555556
ndx,0.9354010202592085,0.054529664821549195,-0.2698116321141786,0.20210272030997312,0.4554003597269122,7,6,0.08,0.18,81.28571428571429
ndx,1.1354386896212119,0.06290277013745227,-0.2698116321141787,0.23313587203250422,0.5049102308514314,7,6,0.08,0.19999999999999998,90.85714285714286
ndx,1.3327749336676953,0.07048374047905281,-0.2698116321141787,0.26123314227321953,0.5539435508143183,7,6,0.08,0.22,95.0
ndx,1.1420033631787625,0.06316513641835719,-0.2992242093468046,0.21109634329469648,0.49523532021047345,6,6,0.08,0.24,127.5
ndx,1.433032398192112,0.07411193760222079,-0.2992242093468045,0.2476802855089982,0.5608059364365376,6,6,0.08,0.26,141.83333333333334
ndx,1.638571317697581,0.08113917437304585,-0.2992242093468045,0.2711651391783095,0.6002313796037181,6,6,0.08,0.28,147.5
ndx,1.8570369974976533,0.0880766137238791,-0.2992242093468045,0.2943498920630357,0.6395841896689562,6,6,0.08,0.30000000000000004,154.66666666666666
ndx,2.1766846807664204,0.09739492350008483,-0.2992242093468046,0.32549145576387134,0.6953403704462331,6,6,0.08,0.32,158.5
ndx,2.2919539775725553,0.10054458378220144,-0.2992242093468046,0.3360175435058766,0.6925876191640821,6,6,0.08,0.34,197.6
ndx,2.508763138612288,0.10620337206746422,-0.2992242093468045,0.3549290757566117,0.7153432292143616,6,6,0.08,0.36000000000000004,217.4
ndx,2.7973597220271023,0.11325643265835228,-0.2992242093468046,0.37850023200190547,0.7526237194885127,6,6,0.08,0.38,229.4
ndx,3.063737709107369,0.11934188023817427,-0.2992242093468046,0.3988376491952078,0.785013335251058,6,6,0.08,0.4,236.4
ndx,0.9816634274974354,0.0565345549031977,-0.11197244347594215,0.5048970367012169,0.6794714076234043,32,6,0.1,0.02,3.125
ndx,0.8239662816295916,0.049513308066268635,-0.13783094941074658,0.359232148352365,0.5623396986266272,21,6,0.1,0.04,5.761904761904762
ndx,0.5893147468703124,0.0379560674761481,-0.18114466944778262,0.20953455374567037,0.4179192597742762,15,6,0.1,0.06,9.666666666666666
ndx,0.7887829978300791,0.047870859706105495,-0.1553162115749568,0.30821547358565754,0.5131827212314806,13,6,0.1,0.08,12.076923076923077
ndx,0.6933415226398947,0.04326104033405431,-0.17790990483025315,0.2431626298453164,0.4612371277212134,10,6,0.1,0.1,18.2
ndx,0.7422323537603277,0.045651487016130865,-0.17790990483025326,0.2565989063941532,0.4566488871390433,9,6,0.1,0.12000000000000001,23.333333333333332
ndx,0.5895569054635346,0.03796878317016539,-0.17790990483025315,0.21341579158502752,0.37557400909675864,7,6,0.1,0.13999999999999999,38.857142857142854
ndx,0.8427563930426385,0.050378581864725325,-0.17790990483025315,0.2831690675839121,0.46539747744820126,7,6,0.1,0.16,51.42857142857143
ndx,0.7937913848524418,0.04810646827196652,-0.2698116321141786,0.17829649483610432,0.44031861702058195,6,6,0.1,0.18,66.16666666666667
ndx,0.9501450303843468,0.05517337223029095,-0.2698116321141786,0.20448848627453817,0.4849984123674675,6,6,0.1,0.19999999999999998,76.5
ndx,1.1071876207592584,0.06176514523871646,-0.2698116321141786,0.22891950489584065,0.5320915479613954,6,6,0.1,0.22,81.0
ndx,0.8421644952086476,0.050351449329304465,-0.2992242093468046,0.16827331397823664,0.43712692682940313,5,6,0.1,0.24,117.4
ndx,1.0469470047602676,0.05929175323031255,-0.2992242093468046,0.19815159127580037,0.496185907233605,5,6,0.1,0.26,134.2
ndx,1.1939564269435037,0.06521581445425895,-0.2992242093468046,0.21794965920913506,0.5326537265494591,5,6,0.1,0.28,140.2
ndx,1.3422715412976087,0.07083349691700924,-0.2992242093468045,0.23672381680491755,0.5682096981574688,5,6,0.1,0.30000000000000004,147.4
ndx,1.5758340995248958,0.07904923126279706,-0.2992242093468045,0.26418060034433255,0.622699443155379,5,6,0.1,0.32,151.4
ndx,1.7565268613940508,0.08494777298174583,-0.2992242093468046,0.28389338271520104,0.653242536935005,5,6,0.1,0.34,167.2
ndx,1.93807261819197,0.09052636546981363,-0.2992242093468045,0.30253690257024785,0.6778168657147187,5,6,0.1,0.36000000000000004,187.0
ndx,2.1797297737018093,0.09747947077200081,-0.2992242093468045,0.3257740106818059,0.71896725520469,5,6,0.1,0.38,199.0
ndx,2.402782125488415,0.10347867598060279,-0.2992242093468045,0.3458232079766973,0.7547172021814347,5,6,0.1,0.4,206.0
ndx,0.9147518945904338,0.05362052449448651,-0.07999039461430757,0.670337041753956,0.7413025688403172,22,6,0.12000000000000001,0.02,2.4545454545454546
ndx,0.8066864859425373,0.048710317455309404,-0.09309136774315618,0.5232527852604298,0.6466186460974918,16,6,0.12000000000000001,0.04,4.1875
ndx,0.6558234917438668,0.04138321565322989,-0.15032968841954608,0.2752830534560543,0.5151934711950265,12,6,0.12000000000000001,0.06,8.083333333333334
ndx,0.7244740155452891,0.04479043637592839,-0.13616129483643458,0.3289513105007811,0.5346629238395582,10,6,0.12000000000000001,0.08,11.0
ndx,0.7198509226773648,0.04456493841254061,-0.17790990483025315,0.25049160953158156,0.5060893705378301,8,6,0.12000000000000001,0.1,16.875
ndx,0.6524773932951156,0.04121384402593753,-0.17790990483025315,0.2316557027292008,0.44403667864571555,7,6,0.12000000000000001,0.12000000000000001,22.142857142857142
ndx,0.6600270226125697,0.04159554299303858,-0.17790990483025304,0.23380116488019945,0.41641778036454147,6,6,0.12000000000000001,0.13999999999999999,37.166666666666664
ndx,0.8974845249712142,0.05285332743174176,-0.17790990483025304,0.2970791732038193,0.5059429580177836,6,6,0.12000000000000001,0.16,39.833333333333336
ndx,0.7722312902618234,0.047087882320157703,-0.2698116321141786,0.1745213204901081,0.4481819551069905,5,6,0.12000000000000001,0.18,54.4
ndx,0.8902581075723963,0.05253034722815508,-0.26981163211417847,0.19469267064781468,0.4816402515457868,5,6,0.12000000000000001,0.19999999999999998,65.6
ndx,1.0124022736698395,0.05784302852128054,-0.2698116321141786,0.21438300516562825,0.5213439898887332,5,6,0.12000000000000001,0.22,69.0
ndx,0.6776213303918075,0.042478928735694366,-0.2992242093468046,0.14196354241665238,0.39215124998489104,4,6,0.12000000000000001,0.24,100.5
ndx,0.8279589889327557,0.04969785355772993,-0.2992242093468046,0.16608901287171418,0.4445474580919687,4,6,0.12000000000000001,0.26,108.75
ndx,0.9389380997797081,0.05468449996462188,-0.2992242093468046,0.1827542633799455,0.4768530789669538,4,6,0.12000000000000001,0.28,115.0
ndx,1.033061132987616,0.05871213493019645,-0.2992242093468046,0.1962145210722183,0.5034992137873802,4,6,0.12000000000000001,0.30000000000000004,122.25
ndx,1.209757011202362,0.06583063788859733,-0.2992242093468045,0.22000438411151024,0.5538682098630275,4,6,0.12000000000000001,0.32,124.5
ndx,1.32452885181078,0.07017897672151197,-0.2992242093468046,0.23453642629622143,0.576383401533126,4,6,0.12000000000000001,0.34,143.25
ndx,1.4369037223768588,0.07424926121346687,-0.2992242093468045,0.248139217664073,0.5936689964454523,4,6,0.12000000000000001,0.36000000000000004,165.75
ndx,1.5812990416631352,0.07923313357798878,-0.2992242093468046,0.26479519739045104,0.6253566996379287,4,6,0.12000000000000001,0.38,171.5
ndx,1.7423773504137507,0.08449890693300932,-0.2992242093468045,0.2823932833425054,0.6589057273899133,4,6,0.12000000000000001,0.4,180.0
ndx,0.5456415159028831,0.035633138004150355,-0.05893063580900604,0.6046623715317991,0.6064298097383445,13,6,0.13999999999999999,0.02,2.8461538461538463
ndx,0.5078400647754051,0.03357326439249464,-0.05960100653265221,0.5633002921536507,0.5606013565746077,10,6,0.13999999999999999,0.04,4.2
ndx,0.4517388105815119,0.030426924606378414,-0.13046004461236593,0.23322791814754854,0.47303861959780574,8,6,0.13999999999999999,0.06,6.875
ndx,0.560648451127814,0.03643807075085048,-0.13046004461236582,0.27930444803325366,0.522927676240532,7,6,0.13999999999999999,0.08,9.857142857142858
ndx,0.4126949460430629,0.028170536924184253,-0.17790990483025315,0.15834158840713358,0.40361292703716883,5,6,0.13999999999999999,0.1,15.8
ndx,0.49460320435116856,0.03284072352827061,-0.17790990483025315,0.18459187845445985,0.4610316772054424,5,6,0.13999999999999999,0.12000000000000001,17.0
ndx,0.649209582806797,0.04104813047500011,-0.17790990483025326,0.23072425626985074,0.5070429211011511,5,6,0.13999999999999999,0.13999999999999999,24.0
ndx,0.8203292965833031,0.04934488067992793,-0.17790990483025315,0.2773588166831336,0.5899934320699893,5,6,0.13999999999999999,0.16,27.0
ndx,0.6799248435310552,0.0425939535540949,-0.2698116321141787,0.15786551980853822,0.4904924574941287,4,6,0.13999999999999999,0.18,42.75
ndx,0.7858215954023013,0.0477312614812655,-0.2698116321141787,0.17690586987393714,0.536039375771117,4,6,0.13999999999999999,0.19999999999999998,47.25
ndx,0.8528523862061677,0.050840151195082894,-0.2698116321141787,0.18842831495703785,0.5645412109984955,4,6,0.13999999999999999,0.22,51.0
ndx,0.8557729587611917,0.050973242851731326,-0.2992242093468046,0.17035133274478034,0.4870909558895996,4,6,0.13999999999999999,0.24,96.5
ndx,1.0220754230596198,0.058250988829119166,-0.2992242093468045,0.19467338206450255,0.5431802600347151,4,6,0.13999999999999999,0.26,104.75
ndx,1.1448397377271236,0.06327826736755626,-0.2992242093468045,0.2114744241640421,0.5760852927310509,4,6,0.13999999999999999,0.28,111.0
ndx,1.2489579774391935,0.06733872025932519,-0.2992242093468045,0.22504435856417887,0.6037838608665536,4,6,0.13999999999999999,0.30000000000000004,118.25
ndx,1.444417719620049,0.07451522611687134,-0.2992242093468046,0.24902806587587054,0.6580220163849074,4,6,0.13999999999999999,0.32,120.5
ndx,1.5713775253699014,0.078898996031328,-0.2992242093468046,0.26367851786979934,0.679071082971084,4,6,0.13999999999999999,0.34,139.25
ndx,1.6956858196570943,0.08300244596582873,-0.2992242093468047,0.27739214733667433,0.6936440648584883,4,6,0.13999999999999999,0.36000000000000004,161.75
ndx,1.8554149099164423,0.08802692785847799,-0.2992242093468045,0.29418384311429063,0.7269993379922687,4,6,0.13999999999999999,0.38,167.5
ndx,2.03359860620538,0.09333560772384453,-0.2992242093468045,0.3119253215760608,0.762458574887252,4,6,0.13999999999999999,0.4,176.0
ndx,0.6137402315221825,0.0392297584165775,-0.03242856681742301,1.2097284051264452,0.7350384716673166,10,6,0.16,0.02,2.4
ndx,0.47681139075707724,0.03184665122199193,-0.040211177182506996,0.7919850512569955,0.599507217147361,7,6,0.16,0.04,3.7142857142857144
ndx,0.49882642879056593,0.033075086805764764,-0.06321668580081252,0.5232018475308879,0.5876448825475332,6,6,0.16,0.06,4.833333333333333
ndx,0.5288989898767664,0.03472658669781592,-0.06417760182560484,0.5411013454846969,0.5547373279602864,5,6,0.16,0.08,8.6
ndx,0.3817406897668796,0.02634052489477856,-0.13692151168298972,0.19237681917918048,0.40223519411361536,4,6,0.16,0.1,17.0
ndx,0.4384863362019944,0.02966737355246374,-0.13692151168298972,0.21667430623430248,0.44649299959865,4,6,0.16,0.12000000000000001,18.0
ndx,0.5520128546960377,0.035975754022901096,-0.13692151168298972,0.26274727455678903,0.4734114101199212,4,6,0.16,0.13999999999999999,25.75
ndx,0.6847299736747183,0.04283342930973233,-0.13692151168298972,0.31283199245494225,0.5460222663881324,4,6,0.16,0.16,29.25
ndx,0.8431906640159796,0.050398483704582775,-0.13692151168298983,0.3680830213244274,0.6238668024497589,4,6,0.16,0.18,32.75
ndx,0.9593791382505943,0.05557424790178378,-0.13692151168298972,0.405883978482893,0.670968725430616,4,6,0.16,0.19999999999999998,37.25
ndx,1.0329244092114083,0.058706409785388436,-0.1369215116829896,0.42875957958534433,0.7012738283004128,4,6,0.16,0.22,41.0
ndx,1.036128821651483,0.05884049772428401,-0.2186138666194607,0.2691526326036178,0.5822903343275152,4,6,0.16,0.24,86.5
ndx,1.218593621060855,0.0661727226171831,-0.2186138666194607,0.3026922474792937,0.641031669266872,4,6,0.16,0.26,94.75
ndx,1.3532889555222738,0.07123763378028136,-0.2186138666194608,0.3258605452703697,0.67362338229236,4,6,0.16,0.28,101.0
ndx,1.4675260704325388,0.07532848194425612,-0.2186138666194607,0.34457321078987074,0.7017503378315288,4,6,0.16,0.30000000000000004,108.25
ndx,1.6819818381212097,0.08255870886564454,-0.2186138666194608,0.3776462588686277,0.7589924563766619,4,6,0.16,0.32,110.5
ndx,1.8212804082712517,0.08697529430176565,-0.2186138666194608,0.39784893633102775,0.7777765968819317,4,6,0.16,0.34,129.25
ndx,1.9576697761481552,0.09110946137079967,-0.2186138666194607,0.41675975444592056,0.7889129453566592,4,6,0.16,0.36000000000000004,151.75
ndx,2.132922359066667,0.09617155495329999,-0.2186138666194608,0.43991516384779444,0.8233666532743411,4,6,0.16,0.38,157.5
ndx,2.328423084437992,0.10151997392508205,-0.21861386661946058,0.4643803043921137,0.8601560649253405,4,6,0.16,0.4,166.0
ndx,0.13536496756940397,0.010260464871194808,-0.021973935574693404,0.466937970047178,0.5425864382199392,4,6,0.18,0.02,3.0
ndx,0.11970110172314397,0.009132568948944542,-0.04021117718250711,0.22711518510125694,0.3893674061952072,3,6,0.18,0.04,5.666666666666667
ndx,0.136392645744847,0.01033396293028166,-0.06321668580081263,0.1634689132999253,0.34545988351624946,2,6,0.18,0.06,10.0
ndx,0.15534218187718274,0.011678365705586558,-0.06321668580081263,0.18473549439753192,0.3766388225964076,2,6,0.18,0.08,11.5
ndx,0.023552284682739844,0.0018735974976038516,-0.13692151168298972,0.013683733655685426,0.06570864149403745,1,6,0.18,0.1,46.0
ndx,0.05446831143459985,0.0042737013356553,-0.13692151168298972,0.031212782294940424,0.12194550672531762,1,6,0.18,0.12000000000000001,48.0
ndx,0.06269562995006006,0.0049015071791858045,-0.13692151168298972,0.03579793356747417,0.13162710221350016,1,6,0.18,0.13999999999999999,53.0
ndx,0.08192298835670431,0.006351444919444393,-0.13692151168298972,0.04638748755673765,0.16304772318505226,1,6,0.18,0.16,54.0
ndx,0.10743230577242469,0.008238959994820272,-0.13692151168298972,0.060172867605316024,0.2022925056298704,1,6,0.18,0.18,57.0
ndx,0.11788243391303443,0.0090006747780349,-0.13692151168298972,0.0657360166960024,0.2154624638340147,1,6,0.18,0.19999999999999998,62.0
ndx,0.14201922387398613,0.01073528749157493,-0.13692151168298972,0.07840468133619515,0.2503387305453672,1,6,0.18,0.22,65.0
ndx,0.10682462115951052,0.00819446248838096,-0.2186138666194607,0.03748372697073691,0.14208252689481396,1,6,0.18,0.24,242.0
ndx,0.1355086217014423,0.010270742484535633,-0.2186138666194607,0.04698120317506587,0.16732609818338431,1,6,0.18,0.26,255.0
ndx,0.15601009148350298,0.01172538062097539,-0.2186138666194607,0.05363511840438585,0.18503213334331248,1,6,0.18,0.28,256.0
ndx,0.16469315047985655,0.012334328363633018,-0.2186138666194607,0.05642061299388332,0.19195058692158282,1,6,0.18,0.30000000000000004,261.0
ndx,0.19476428463267093,0.014411449623998429,-0.2186138666194607,0.06592193737227253,0.21674218272503562,1,6,0.18,0.32,262.0
ndx,0.19949182442136948,0.014733615690155633,-0.2186138666194607,0.06739561363599278,0.22064053157030478,1,6,0.18,0.34,263.0
ndx,0.21550631312660773,0.015816339853834016,-0.2186138666194607,0.07234829198353362,0.23352063815111235,1,6,0.18,0.36000000000000004,266.0
ndx,0.23536502012449234,0.017140893921215872,-0.2186138666194607,0.07840716687497633,0.24874720505570552,1,6,0.18,0.38,272.0
ndx,0.25386433518100104,0.01835727860845071,-0.2186138666194607,0.0839712452477,0.26325374131576135,1,6,0.18,0.4,274.0
ndx,0.0,0.0,0.0,,0.0,0,6,0.19999999999999998,0.02,0.0
ndx,0.0,0.0,0.0,,0.0,0,6,0.19999999999999998,0.04,0.0
ndx,0.0,0.0,0.0,,0.0,0,6,0.19999999999999998,0.06,0.0
ndx,0.0,0.0,0.0,,0.0,0,6,0.19999999999999998,0.08,0.0
ndx,0.0,0.0,0.0,,0.0,0,6,0.19999999999999998,0.1,0.0
ndx,0.0,0.0,0.0,,0.0,0,6,0.19999999999999998,0.12000000000000001,0.0
ndx,0.0,0.0,0.0,,0.0,0,6,0.19999999999999998,0.13999999999999999,0.0
ndx,0.0,0.0,0.0,,0.0,0,6,0.19999999999999998,0.16,0.0
ndx,0.0,0.0,0.0,,0.0,0,6,0.19999999999999998,0.18,0.0
ndx,0.0,0.0,0.0,,0.0,0,6,0.19999999999999998,0.19999999999999998,0.0
ndx,0.0,0.0,0.0,,0.0,0,6,0.19999999999999998,0.22,0.0
ndx,0.0,0.0,0.0,,0.0,0,6,0.19999999999999998,0.24,0.0
ndx,0.0,0.0,0.0,,0.0,0,6,0.19999999999999998,0.26,0.0
ndx,0.0,0.0,0.0,,0.0,0,6,0.19999999999999998,0.28,0.0
ndx,0.0,0.0,0.0,,0.0,0,6,0.19999999999999998,0.30000000000000004,0.0
ndx,0.0,0.0,0.0,,0.0,0,6,0.19999999999999998,0.32,0.0
ndx,0.0,0.0,0.0,,0.0,0,6,0.19999999999999998,0.34,0.0
ndx,0.0,0.0,0.0,,0.0,0,6,0.19999999999999998,0.36000000000000004,0.0
ndx,0.0,0.0,0.0,,0.0,0,6,0.19999999999999998,0.38,0.0
ndx,0.0,0.0,0.0,,0.0,0,6,0.19999999999999998,0.4,0.0
ndx,0.0,0.0,0.0,,0.0,0,6,0.22,0.02,0.0
ndx,0.0,0.0,0.0,,0.0,0,6,0.22,0.04,0.0
ndx,0.0,0.0,0.0,,0.0,0,6,0.22,0.06,0.0
ndx,0.0,0.0,0.0,,0.0,0,6,0.22,0.08,0.0
ndx,0.0,0.0,0.0,,0.0,0,6,0.22,0.1,0.0
ndx,0.0,0.0,0.0,,0.0,0,6,0.22,0.12000000000000001,0.0
ndx,0.0,0.0,0.0,,0.0,0,6,0.22,0.13999999999999999,0.0
ndx,0.0,0.0,0.0,,0.0,0,6,0.22,0.16,0.0
ndx,0.0,0.0,0.0,,0.0,0,6,0.22,0.18,0.0
ndx,0.0,0.0,0.0,,0.0,0,6,0.22,0.19999999999999998,0.0
ndx,0.0,0.0,0.0,,0.0,0,6,0.22,0.22,0.0
ndx,0.0,0.0,0.0,,0.0,0,6,0.22,0.24,0.0
ndx,0.0,0.0,0.0,,0.0,0,6,0.22,0.26,0.0
ndx,0.0,0.0,0.0,,0.0,0,6,0.22,0.28,0.0
ndx,0.0,0.0,0.0,,0.0,0,6,0.22,0.30000000000000004,0.0
ndx,0.0,0.0,0.0,,0.0,0,6,0.22,0.32,0.0
ndx,0.0,0.0,0.0,,0.0,0,6,0.22,0.34,0.0
ndx,0.0,0.0,0.0,,0.0,0,6,0.22,0.36000000000000004,0.0
ndx,0.0,0.0,0.0,,0.0,0,6,0.22,0.38,0.0
ndx,0.0,0.0,0.0,,0.0,0,6,0.22,0.4,0.0
ndx,0.0,0.0,0.0,,0.0,0,6,0.24,0.02,0.0
ndx,0.0,0.0,0.0,,0.0,0,6,0.24,0.04,0.0
ndx,0.0,0.0,0.0,,0.0,0,6,0.24,0.06,0.0
ndx,0.0,0.0,0.0,,0.0,0,6,0.24,0.08,0.0
ndx,0.0,0.0,0.0,,0.0,0,6,0.24,0.1,0.0
ndx,0.0,0.0,0.0,,0.0,0,6,0.24,0.12000000000000001,0.0
ndx,0.0,0.0,0.0,,0.0,0,6,0.24,0.13999999999999999,0.0
ndx,0.0,0.0,0.0,,0.0,0,6,0.24,0.16,0.0
ndx,0.0,0.0,0.0,,0.0,0,6,0.24,0.18,0.0
ndx,0.0,0.0,0.0,,0.0,0,6,0.24,0.19999999999999998,0.0
ndx,0.0,0.0,0.0,,0.0,0,6,0.24,0.22,0.0
ndx,0.0,0.0,0.0,,0.0,0,6,0.24,0.24,0.0
ndx,0.0,0.0,0.0,,0.0,0,6,0.24,0.26,0.0
ndx,0.0,0.0,0.0,,0.0,0,6,0.24,0.28,0.0
ndx,0.0,0.0,0.0,,0.0,0,6,0.24,0.30000000000000004,0.0
ndx,0.0,0.0,0.0,,0.0,0,6,0.24,0.32,0.0
ndx,0.0,0.0,0.0,,0.0,0,6,0.24,0.34,0.0
ndx,0.0,0.0,0.0,,0.0,0,6,0.24,0.36000000000000004,0.0
ndx,0.0,0.0,0.0,,0.0,0,6,0.24,0.38,0.0
ndx,0.0,0.0,0.0,,0.0,0,6,0.24,0.4,0.0
ndx,0.0,0.0,0.0,,0.0,0,6,0.26,0.02,0.0
ndx,0.0,0.0,0.0,,0.0,0,6,0.26,0.04,0.0
ndx,0.0,0.0,0.0,,0.0,0,6,0.26,0.06,0.0
ndx,0.0,0.0,0.0,,0.0,0,6,0.26,0.08,0.0
ndx,0.0,0.0,0.0,,0.0,0,6,0.26,0.1,0.0
ndx,0.0,0.0,0.0,,0.0,0,6,0.26,0.12000000000000001,0.0
ndx,0.0,0.0,0.0,,0.0,0,6,0.26,0.13999999999999999,0.0
ndx,0.0,0.0,0.0,,0.0,0,6,0.26,0.16,0.0
ndx,0.0,0.0,0.0,,0.0,0,6,0.26,0.18,0.0
ndx,0.0,0.0,0.0,,0.0,0,6,0.26,0.19999999999999998,0.0
ndx,0.0,0.0,0.0,,0.0,0,6,0.26,0.22,0.0
ndx,0.0,0.0,0.0,,0.0,0,6,0.26,0.24,0.0
ndx,0.0,0.0,0.0,,0.0,0,6,0.26,0.26,0.0
ndx,0.0,0.0,0.0,,0.0,0,6,0.26,0.28,0.0
ndx,0.0,0.0,0.0,,0.0,0,6,0.26,0.30000000000000004,0.0
ndx,0.0,0.0,0.0,,0.0,0,6,0.26,0.32,0.0
ndx,0.0,0.0,0.0,,0.0,0,6,0.26,0.34,0.0
ndx,0.0,0.0,0.0,,0.0,0,6,0.26,0.36000000000000004,0.0
ndx,0.0,0.0,0.0,,0.0,0,6,0.26,0.38,0.0
ndx,0.0,0.0,0.0,,0.0,0,6,0.26,0.4,0.0
ndx,0.0,0.0,0.0,,0.0,0,6,0.28,0.02,0.0
ndx,0.0,0.0,0.0,,0.0,0,6,0.28,0.04,0.0
ndx,0.0,0.0,0.0,,0.0,0,6,0.28,0.06,0.0
ndx,0.0,0.0,0.0,,0.0,0,6,0.28,0.08,0.0
ndx,0.0,0.0,0.0,,0.0,0,6,0.28,0.1,0.0
ndx,0.0,0.0,0.0,,0.0,0,6,0.28,0.12000000000000001,0.0
ndx,0.0,0.0,0.0,,0.0,0,6,0.28,0.13999999999999999,0.0
ndx,0.0,0.0,0.0,,0.0,0,6,0.28,0.16,0.0
ndx,0.0,0.0,0.0,,0.0,0,6,0.28,0.18,0.0
ndx,0.0,0.0,0.0,,0.0,0,6,0.28,0.19999999999999998,0.0
ndx,0.0,0.0,0.0,,0.0,0,6,0.28,0.22,0.0
ndx,0.0,0.0,0.0,,0.0,0,6,0.28,0.24,0.0
ndx,0.0,0.0,0.0,,0.0,0,6,0.28,0.26,0.0
ndx,0.0,0.0,0.0,,0.0,0,6,0.28,0.28,0.0
ndx,0.0,0.0,0.0,,0.0,0,6,0.28,0.30000000000000004,0.0
ndx,0.0,0.0,0.0,,0.0,0,6,0.28,0.32,0.0
ndx,0.0,0.0,0.0,,0.0,0,6,0.28,0.34,0.0
ndx,0.0,0.0,0.0,,0.0,0,6,0.28,0.36000000000000004,0.0
ndx,0.0,0.0,0.0,,0.0,0,6,0.28,0.38,0.0
ndx,0.0,0.0,0.0,,0.0,0,6,0.28,0.4,0.0
ndx,0.0,0.0,0.0,,0.0,0,6,0.30000000000000004,0.02,0.0
ndx,0.0,0.0,0.0,,0.0,0,6,0.30000000000000004,0.04,0.0
ndx,0.0,0.0,0.0,,0.0,0,6,0.30000000000000004,0.06,0.0
ndx,0.0,0.0,0.0,,0.0,0,6,0.30000000000000004,0.08,0.0
ndx,0.0,0.0,0.0,,0.0,0,6,0.30000000000000004,0.1,0.0
ndx,0.0,0.0,0.0,,0.0,0,6,0.30000000000000004,0.12000000000000001,0.0
ndx,0.0,0.0,0.0,,0.0,0,6,0.30000000000000004,0.13999999999999999,0.0
ndx,0.0,0.0,0.0,,0.0,0,6,0.30000000000000004,0.16,0.0
ndx,0.0,0.0,0.0,,0.0,0,6,0.30000000000000004,0.18,0.0
ndx,0.0,0.0,0.0,,0.0,0,6,0.30000000000000004,0.19999999999999998,0.0
ndx,0.0,0.0,0.0,,0.0,0,6,0.30000000000000004,0.22,0.0
ndx,0.0,0.0,0.0,,0.0,0,6,0.30000000000000004,0.24,0.0
ndx,0.0,0.0,0.0,,0.0,0,6,0.30000000000000004,0.26,0.0
ndx,0.0,0.0,0.0,,0.0,0,6,0.30000000000000004,0.28,0.0
ndx,0.0,0.0,0.0,,0.0,0,6,0.30000000000000004,0.30000000000000004,0.0
ndx,0.0,0.0,0.0,,0.0,0,6,0.30000000000000004,0.32,0.0
ndx,0.0,0.0,0.0,,0.0,0,6,0.30000000000000004,0.34,0.0
ndx,0.0,0.0,0.0,,0.0,0,6,0.30000000000000004,0.36000000000000004,0.0
ndx,0.0,0.0,0.0,,0.0,0,6,0.30000000000000004,0.38,0.0
ndx,0.0,0.0,0.0,,0.0,0,6,0.30000000000000004,0.4,0.0
ndx,0.0,0.0,0.0,,0.0,0,6,0.32,0.02,0.0
ndx,0.0,0.0,0.0,,0.0,0,6,0.32,0.04,0.0
ndx,0.0,0.0,0.0,,0.0,0,6,0.32,0.06,0.0
ndx,0.0,0.0,0.0,,0.0,0,6,0.32,0.08,0.0
ndx,0.0,0.0,0.0,,0.0,0,6,0.32,0.1,0.0
ndx,0.0,0.0,0.0,,0.0,0,6,0.32,0.12000000000000001,0.0
ndx,0.0,0.0,0.0,,0.0,0,6,0.32,0.13999999999999999,0.0
ndx,0.0,0.0,0.0,,0.0,0,6,0.32,0.16,0.0
ndx,0.0,0.0,0.0,,0.0,0,6,0.32,0.18,0.0
ndx,0.0,0.0,0.0,,0.0,0,6,0.32,0.19999999999999998,0.0
ndx,0.0,0.0,0.0,,0.0,0,6,0.32,0.22,0.0
ndx,0.0,0.0,0.0,,0.0,0,6,0.32,0.24,0.0
ndx,0.0,0.0,0.0,,0.0,0,6,0.32,0.26,0.0
ndx,0.0,0.0,0.0,,0.0,0,6,0.32,0.28,0.0
ndx,0.0,0.0,0.0,,0.0,0,6,0.32,0.30000000000000004,0.0
ndx,0.0,0.0,0.0,,0.0,0,6,0.32,0.32,0.0
ndx,0.0,0.0,0.0,,0.0,0,6,0.32,0.34,0.0
ndx,0.0,0.0,0.0,,0.0,0,6,0.32,0.36000000000000004,0.0
ndx,0.0,0.0,0.0,,0.0,0,6,0.32,0.38,0.0
ndx,0.0,0.0,0.0,,0.0,0,6,0.32,0.4,0.0
ndx,0.0,0.0,0.0,,0.0,0,6,0.34,0.02,0.0
ndx,0.0,0.0,0.0,,0.0,0,6,0.34,0.04,0.0
ndx,0.0,0.0,0.0,,0.0,0,6,0.34,0.06,0.0
ndx,0.0,0.0,0.0,,0.0,0,6,0.34,0.08,0.0
ndx,0.0,0.0,0.0,,0.0,0,6,0.34,0.1,0.0
ndx,0.0,0.0,0.0,,0.0,0,6,0.34,0.12000000000000001,0.0
ndx,0.0,0.0,0.0,,0.0,0,6,0.34,0.13999999999999999,0.0
ndx,0.0,0.0,0.0,,0.0,0,6,0.34,0.16,0.0
ndx,0.0,0.0,0.0,,0.0,0,6,0.34,0.18,0.0
ndx,0.0,0.0,0.0,,0.0,0,6,0.34,0.19999999999999998,0.0
ndx,0.0,0.0,0.0,,0.0,0,6,0.34,0.22,0.0
ndx,0.0,0.0,0.0,,0.0,0,6,0.34,0.24,0.0
ndx,0.0,0.0,0.0,,0.0,0,6,0.34,0.26,0.0
ndx,0.0,0.0,0.0,,0.0,0,6,0.34,0.28,0.0
ndx,0.0,0.0,0.0,,0.0,0,6,0.34,0.30000000000000004,0.0
ndx,0.0,0.0,0.0,,0.0,0,6,0.34,0.32,0.0
ndx,0.0,0.0,0.0,,0.0,0,6,0.34,0.34,0.0
ndx,0.0,0.0,0.0,,0.0,0,6,0.34,0.36000000000000004,0.0
ndx,0.0,0.0,0.0,,0.0,0,6,0.34,0.38,0.0
ndx,0.0,0.0,0.0,,0.0,0,6,0.34,0.4,0.0
ndx,0.0,0.0,0.0,,0.0,0,6,0.36000000000000004,0.02,0.0
ndx,0.0,0.0,0.0,,0.0,0,6,0.36000000000000004,0.04,0.0
ndx,0.0,0.0,0.0,,0.0,0,6,0.36000000000000004,0.06,0.0
ndx,0.0,0.0,0.0,,0.0,0,6,0.36000000000000004,0.08,0.0
ndx,0.0,0.0,0.0,,0.0,0,6,0.36000000000000004,0.1,0.0
ndx,0.0,0.0,0.0,,0.0,0,6,0.36000000000000004,0.12000000000000001,0.0
ndx,0.0,0.0,0.0,,0.0,0,6,0.36000000000000004,0.13999999999999999,0.0
ndx,0.0,0.0,0.0,,0.0,0,6,0.36000000000000004,0.16,0.0
ndx,0.0,0.0,0.0,,0.0,0,6,0.36000000000000004,0.18,0.0
ndx,0.0,0.0,0.0,,0.0,0,6,0.36000000000000004,0.19999999999999998,0.0
ndx,0.0,0.0,0.0,,0.0,0,6,0.36000000000000004,0.22,0.0
ndx,0.0,0.0,0.0,,0.0,0,6,0.36000000000000004,0.24,0.0
ndx,0.0,0.0,0.0,,0.0,0,6,0.36000000000000004,0.26,0.0
ndx,0.0,0.0,0.0,,0.0,0,6,0.36000000000000004,0.28,0.0
ndx,0.0,0.0,0.0,,0.0,0,6,0.36000000000000004,0.30000000000000004,0.0
ndx,0.0,0.0,0.0,,0.0,0,6,0.36000000000000004,0.32,0.0
ndx,0.0,0.0,0.0,,0.0,0,6,0.36000000000000004,0.34,0.0
ndx,0.0,0.0,0.0,,0.0,0,6,0.36000000000000004,0.36000000000000004,0.0
ndx,0.0,0.0,0.0,,0.0,0,6,0.36000000000000004,0.38,0.0
ndx,0.0,0.0,0.0,,0.0,0,6,0.36000000000000004,0.4,0.0
ndx,0.0,0.0,0.0,,0.0,0,6,0.38,0.02,0.0
ndx,0.0,0.0,0.0,,0.0,0,6,0.38,0.04,0.0
ndx,0.0,0.0,0.0,,0.0,0,6,0.38,0.06,0.0
ndx,0.0,0.0,0.0,,0.0,0,6,0.38,0.08,0.0
ndx,0.0,0.0,0.0,,0.0,0,6,0.38,0.1,0.0
ndx,0.0,0.0,0.0,,0.0,0,6,0.38,0.12000000000000001,0.0
ndx,0.0,0.0,0.0,,0.0,0,6,0.38,0.13999999999999999,0.0
ndx,0.0,0.0,0.0,,0.0,0,6,0.38,0.16,0.0
ndx,0.0,0.0,0.0,,0.0,0,6,0.38,0.18,0.0
ndx,0.0,0.0,0.0,,0.0,0,6,0.38,0.19999999999999998,0.0
ndx,0.0,0.0,0.0,,0.0,0,6,0.38,0.22,0.0
ndx,0.0,0.0,0.0,,0.0,0,6,0.38,0.24,0.0
ndx,0.0,0.0,0.0,,0.0,0,6,0.38,0.26,0.0
ndx,0.0,0.0,0.0,,0.0,0,6,0.38,0.28,0.0
ndx,0.0,0.0,0.0,,0.0,0,6,0.38,0.30000000000000004,0.0
ndx,0.0,0.0,0.0,,0.0,0,6,0.38,0.32,0.0
ndx,0.0,0.0,0.0,,0.0,0,6,0.38,0.34,0.0
ndx,0.0,0.0,0.0,,0.0,0,6,0.38,0.36000000000000004,0.0
ndx,0.0,0.0,0.0,,0.0,0,6,0.38,0.38,0.0
ndx,0.0,0.0,0.0,,0.0,0,6,0.38,0.4,0.0
ndx,0.0,0.0,0.0,,0.0,0,6,0.4,0.02,0.0
ndx,0.0,0.0,0.0,,0.0,0,6,0.4,0.04,0.0
ndx,0.0,0.0,0.0,,0.0,0,6,0.4,0.06,0.0
ndx,0.0,0.0,0.0,,0.0,0,6,0.4,0.08,0.0
ndx,0.0,0.0,0.0,,0.0,0,6,0.4,0.1,0.0
ndx,0.0,0.0,0.0,,0.0,0,6,0.4,0.12000000000000001,0.0
ndx,0.0,0.0,0.0,,0.0,0,6,0.4,0.13999999999999999,0.0
ndx,0.0,0.0,0.0,,0.0,0,6,0.4,0.16,0.0
ndx,0.0,0.0,0.0,,0.0,0,6,0.4,0.18,0.0
ndx,0.0,0.0,0.0,,0.0,0,6,0.4,0.19999999999999998,0.0
ndx,0.0,0.0,0.0,,0.0,0,6,0.4,0.22,0.0
ndx,0.0,0.0,0.0,,0.0,0,6,0.4,0.24,0.0
ndx,0.0,0.0,0.0,,0.0,0,6,0.4,0.26,0.0
ndx,0.0,0.0,0.0,,0.0,0,6,0.4,0.28,0.0
ndx,0.0,0.0,0.0,,0.0,0,6,0.4,0.30000000000000004,0.0
ndx,0.0,0.0,0.0,,0.0,0,6,0.4,0.32,0.0
ndx,0.0,0.0,0.0,,0.0,0,6,0.4,0.34,0.0
ndx,0.0,0.0,0.0,,0.0,0,6,0.4,0.36000000000000004,0.0
ndx,0.0,0.0,0.0,,0.0,0,6,0.4,0.38,0.0
ndx,0.0,0.0,0.0,,0.0,0,6,0.4,0.4,0.0
ndx,0.9639582322320315,0.05577239384651267,-0.1778844583513014,0.31353157191714065,0.4938791876804887,91,9,0.02,0.02,3.967032967032967
ndx,0.5901485900140244,0.037999844902422364,-0.2897423804393503,0.13115045456864602,0.34834473499139845,48,9,0.02,0.04,9.270833333333334
ndx,0.4932487695668448,0.032765431652258314,-0.2931537117191084,0.11176877638736235,0.30442475011872605,30,9,0.02,0.06,16.266666666666666
ndx,0.5771751378167718,0.037316324734682604,-0.29227035367315646,0.12767742012045855,0.33288585791197134,24,9,0.02,0.08,22.875
ndx,0.39100378318318607,0.026892078212398696,-0.3132248434061087,0.08585550852213861,0.2598435057773565,16,9,0.02,0.1,34.0625
ndx,0.5331001391755823,0.03495491954451846,-0.2753777430619515,0.12693443978388144,0.31023841693897625,15,9,0.02,0.12000000000000001,38.0
ndx,0.6052135689581397,0.03878715377044717,-0.30805759000680877,0.12590877494558692,0.3327466506035805,12,9,0.02,0.13999999999999999,53.416666666666664
ndx,0.5365205505999489,0.03514039468318919,-0.29514679119392695,0.119060737679171,0.30670459965106284,10,9,0.02,0.16,69.7
ndx,0.30619075720464517,0.021710621765823612,-0.3022662228820856,0.07182615893636568,0.2188146936705288,7,9,0.02,0.18,92.85714285714286
ndx,0.44326102505007414,0.029941768383102252,-0.2946724834782606,0.1016103303222447,0.27076888927686127,7,9,0.02,0.19999999999999998,101.71428571428571
ndx,0.582476816637497,0.03759627180623548,-0.2767726368281498,0.13583810971017085,0.3195094866496712,7,9,0.02,0.22,105.0
ndx,0.6534735673592198,0.04126430095763256,-0.2992242093468045,0.13790428604594202,0.34088057810570543,6,9,0.02,0.24,135.5
ndx,0.8781271906917774,0.05198560180919887,-0.2992242093468045,0.17373461165686271,0.405065951465702,6,9,0.02,0.26,149.83333333333334
ndx,1.0367885524375033,0.0588680799240171,-0.2992242093468044,0.1967356854330871,0.44433947014436487,6,9,0.02,0.28,155.5
ndx,1.2054284496169907,0.06566261041475263,-0.2992242093468045,0.21944284039747888,0.4830211639564116,6,9,0.02,0.30000000000000004,162.66666666666666
ndx,1.4521736248291215,0.07478896622050701,-0.2992242093468045,0.24994289861695546,0.5364098820079216,6,9,0.02,0.32,166.5
ndx,1.541153286893791,0.07787374458613394,-0.2992242093468045,0.26025215257859474,0.5406495061585773,6,9,0.02,0.34,206.0
ndx,1.7085144699353174,0.08341596378264704,-0.2992242093468045,0.27877411378157213,0.5654001002647194,6,9,0.02,0.36000000000000004,225.8
ndx,1.931290414413024,0.09032373375573344,-0.2992242093468045,0.3018597123304523,0.6017995649083266,6,9,0.02,0.38,237.8
ndx,2.1369151898615293,0.09628382321235773,-0.2992242093468045,0.32177818573751704,0.6332422379192021,6,9,0.02,0.4,244.8
ndx,1.3513375204771187,0.07116617890628718,-0.16034841032953195,0.44382216674324115,0.649302931591305,78,9,0.04,0.02,3.7435897435897436
ndx,1.0059159026152757,0.0575684577847424,-0.22518810528101996,0.255646086248209,0.5190292395757459,43,9,0.04,0.04,8.116279069767442
ndx,0.8679531180792059,0.05152622896552472,-0.2626181278356091,0.1962021029933568,0.4582071539552238,29,9,0.04,0.06,14.206896551724139
ndx,0.9454365828042293,0.05496829435738215,-0.28021908576525645,0.19616185031532749,0.477390827633497,23,9,0.04,0.08,18.695652173913043
ndx,0.6780476136733382,0.04250022593327363,-0.3132248434061088,0.13568599946004395,0.3791616876021202,16,9,0.04,0.1,30.9375
ndx,0.941142870033207,0.05478088210132959,-0.2698116321141786,0.2030338042584742,0.45558956363823805,15,9,0.04,0.12000000000000001,34.46666666666667
ndx,0.727879548163995,0.044956190788821404,-0.2838062140577041,0.1584045329595243,0.38574883194839277,11,9,0.04,0.13999999999999999,49.81818181818182
ndx,0.5872453645906472,0.03784733194599066,-0.26469730784812384,0.14298344117540643,0.3342917950412576,9,9,0.04,0.16,62.22222222222222
ndx,0.535546775510851,0.035087629472405624,-0.2968065402324618,0.1182171708376933,0.31161572690025396,7,9,0.04,0.18,90.85714285714286
ndx,0.7359415202068385,0.045347389603820565,-0.27270656865596754,0.16628638549967778,0.3767459609271909,7,9,0.04,0.19999999999999998,98.85714285714286
ndx,0.8963601644633614,0.05280314922728202,-0.2698116321141786,0.1957037538134636,0.42443194732732925,7,9,0.04,0.22,103.0
ndx,0.9287175196345148,0.05423638381923723,-0.2992242093468045,0.1812566701659377,0.43022271869228706,6,9,0.04,0.24,133.33333333333334
ndx,1.190767901161263,0.0650912507624315,-0.2992242093468045,0.21753337039313536,0.4951972262208475,6,9,0.04,0.26,147.66666666666666
ndx,1.3758406801454401,0.07205947087024445,-0.2992242093468045,0.2408209918159618,0.5345693798612263,6,9,0.04,0.28,153.33333333333334
ndx,1.572553062260452,0.07893864770144376,-0.2992242093468045,0.2638110327829554,0.5736360366184781,6,9,0.04,0.30000000000000004,160.5
ndx,1.8603724454738129,0.08817869975475778,-0.2992242093468045,0.2946910610850929,0.6283528665515525,6,9,0.04,0.32,164.33333333333334
ndx,1.9641640249118666,0.09130190832540763,-0.2992242093468046,0.30512874785337835,0.6287195904787192,6,9,0.04,0.34,204.4
ndx,2.1593848329193905,0.09691317255360787,-0.2992242093468046,0.3238814558660402,0.6523672663674184,6,9,0.04,0.36000000000000004,224.2
ndx,2.4192449695126306,0.10390699960595584,-0.2992242093468045,0.34725465507213144,0.6892659159509166,6,9,0.04,0.38,236.2
ndx,2.6590988835439555,0.10994133992686383,-0.2992242093468045,0.3674212730542818,0.7212433704385719,6,9,0.04,0.4,243.2
ndx,1.3724188372162258,0.07193523387050993,-0.1128305924238181,0.6375507947375155,0.7071775390578897,62,9,0.06,0.02,3.661290322580645
ndx,1.0289022083850048,0.05853782630383053,-0.16287607700023043,0.35940100831227484,0.5569104822959486,36,9,0.06,0.04,7.75
ndx,0.9147579347060544,0.05362079174459167,-0.24067046648451695,0.22279755604346765,0.4944081835505905,26,9,0.06,0.06,12.884615384615385
ndx,1.081446223503785,0.06071630195161282,-0.1958105970168046,0.31007669082589084,0.5498040140426432,21,9,0.06,0.08,15.952380952380953
ndx,0.8672250350258557,0.05149326689723477,-0.24317240713041366,0.21175620830047082,0.4629631768255402,15,9,0.06,0.1,27.266666666666666
ndx,1.1326823859377146,0.0627923894925797,-0.2301183420358761,0.27286998914145744,0.5289397324550905,14,9,0.06,0.12000000000000001,31.214285714285715
ndx,0.577653179072344,0.037341602443099475,-0.26219715003202215,0.14241803329494215,0.34220442503566567,9,9,0.06,0.13999999999999999,47.22222222222222
ndx,0.8845944513478099,0.05227641899269675,-0.248430651517209,0.21042660667448082,0.4417819093822499,9,9,0.06,0.16,57.44444444444444
ndx,0.805501707533564,0.04865500251996169,-0.2698116321141786,0.18032952152104367,0.41156170225451294,7,9,0.06,0.18,83.42857142857143
ndx,0.9921133450306656,0.05698146223850764,-0.26981163211417847,0.21118979115916808,0.46157292862145954,7,9,0.06,0.19999999999999998,93.0
ndx,1.176204870174363,0.06452019987470314,-0.2698116321141786,0.239130534770271,0.5102669220181834,7,9,0.06,0.22,97.14285714285714
ndx,1.164338087081187,0.06405227082222509,-0.2992242093468044,0.214061124806876,0.501102114958475,6,9,0.06,0.24,127.16666666666667
ndx,1.4584016892928653,0.07500820631985583,-0.2992242093468045,0.2506755936747097,0.5666178757940901,6,9,0.06,0.26,141.5
ndx,1.6660837683737446,0.0820413068114616,-0.2992242093468044,0.27418004375566674,0.6059887493521545,6,9,0.06,0.28,147.16666666666666
ndx,1.8868273954097385,0.0889845349536238,-0.2992242093468045,0.29738414263964064,0.64530731962444,6,9,0.06,0.30000000000000004,154.33333333333334
ndx,2.2098080532548217,0.09831062018531145,-0.2992242093468044,0.32855169172280535,0.7010652061472478,6,9,0.06,0.32,158.16666666666666
ndx,2.326279265969609,0.10146290863110763,-0.2992242093468044,0.33908656272364285,0.6980814464700648,6,9,0.06,0.34,197.2
ndx,2.5453491016817447,0.10712641876587425,-0.2992242093468044,0.358013875280103,0.720741582838245,6,9,0.06,0.36000000000000004,217.0
ndx,2.8369548890597995,0.11418536462565299,-0.2992242093468045,0.38160469995029966,0.7580057423361612,6,9,0.06,0.38,229.0
ndx,3.1061104062305382,0.12027589007129835,-0.2992242093468045,0.40195908724717233,0.7903876835232629,6,9,0.06,0.4,236.0
ndx,0.8476721102285947,0.05060360867687996,-0.1128305924238181,0.44849191686241413,0.5508623788844899,44,9,0.08,0.02,3.5681818181818183
ndx,0.5855514997840028,0.03775823088146413,-0.15982611963753413,0.23624568354093264,0.41157165720748845,27,9,0.08,0.04,6.703703703703703
ndx,0.5018504817807414,0.03324253055267623,-0.21449817004329186,0.15497815457337905,0.355348697443901,19,9,0.08,0.06,10.526315789473685
ndx,0.6820929212656583,0.04270208304836198,-0.1954125219420607,0.2185227570064473,0.4333510878956473,16,9,0.08,0.08,14.25
ndx,0.8042577309628045,0.048596887806546585,-0.2169337147545669,0.22401722047459438,0.47571208203630494,13,9,0.08,0.1,21.23076923076923
ndx,0.9641721118666686,0.05578163842877637,-0.2169337147545669,0.25713678711437843,0.5088041275026545,12,9,0.08,0.12000000000000001,26.333333333333332
ndx,0.5688179382182994,0.036873273421748065,-0.2344172255567969,0.15729762748520393,0.3543390735885532,8,9,0.08,0.13999999999999999,42.25
ndx,0.8401456642555487,0.050258845985213574,-0.22056553182689587,0.22786355406001377,0.44845395280084244,8,9,0.08,0.16,53.625
ndx,0.6026877431676378,0.03865562731906391,-0.2698116321141787,0.1432689429146096,0.35076370789038785,6,9,0.08,0.18,88.16666666666667
ndx,0.7423840720772423,0.04565880856661275,-0.2698116321141786,0.16922475954369123,0.3951912858871516,6,9,0.08,0.19999999999999998,98.5
ndx,0.8826959482934782,0.05219114314947171,-0.2698116321141786,0.1934354821566237,0.439664103802141,6,9,0.08,0.22,103.0
ndx,0.8166028306097581,0.04917198819034185,-0.2992242093468045,0.1643315836565581,0.4138190392398829,5,9,0.08,0.24,140.2
ndx,1.0185438013962504,0.058102252841127244,-0.2992242093468046,0.1941763100250555,0.4705338857176879,5,9,0.08,0.26,157.0
ndx,1.16351333759075,0.06401966181548335,-0.2992242093468046,0.21395214630272033,0.5058326375104113,5,9,0.08,0.28,163.0
ndx,1.309770448320354,0.06963103606762444,-0.2992242093468046,0.23270522201270552,0.5400533980297934,5,9,0.08,0.30000000000000004,170.2
ndx,1.5400921191069203,0.0778375447971722,-0.2992242093468046,0.26013117376795375,0.5921113823465729,5,9,0.08,0.32,174.2
ndx,1.7182776088044749,0.08372946292290506,-0.2992242093468045,0.2798218202520559,0.6222310119401052,5,9,0.08,0.34,190.0
ndx,1.8973042573703718,0.08930179109529623,-0.2992242093468046,0.29844440491709795,0.6469755017577373,5,9,0.08,0.36000000000000004,209.8
ndx,2.135608205730073,0.09624708861323739,-0.2992242093468046,0.32165541960438704,0.6866677071056664,5,9,0.08,0.38,221.8
ndx,2.355565508502765,0.10223955719153066,-0.2992242093468045,0.3416821032453085,0.7210899489364142,5,9,0.08,0.4,228.8
ndx,0.8400645838658198,0.05025512489396111,-0.11283059242381799,0.44540335926971963,0.6009589603005363,37,9,0.1,0.02,3.324324324324324
ndx,0.6888958006595556,0.04304053601239599,-0.14071200610621526,0.30587678481328173,0.5011346393927872,23,9,0.1,0.04,6.391304347826087
ndx,0.6897430383007566,0.043082599470074534,-0.18114466944778262,0.23783531473165248,0.4817348226496399,17,9,0.1,0.06,9.705882352941176
ndx,0.8381910754281845,0.050169100356524554,-0.16073067749980752,0.31213145578002455,0.5328136176706398,14,9,0.1,0.08,13.142857142857142
ndx,0.90937381591972,0.05338225857194545,-0.17790990483025315,0.30005220126939175,0.554596738324793,11,9,0.1,0.1,19.09090909090909
ndx,0.932938884276113,0.054421731489317615,-0.17790990483025315,0.3058948940546189,0.5324249709781014,10,9,0.1,0.12000000000000001,24.3
ndx,0.6514115720892599,0.04115982843380195,-0.17790990483025304,0.23135209067237297,0.40126603471026184,7,9,0.1,0.13999999999999999,40.285714285714285
ndx,0.9144638493610002,0.05360777878570344,-0.17790990483025315,0.3013198103661037,0.4901731123590754,7,9,0.1,0.16,52.857142857142854
ndx,0.8635934584521849,0.051328679995088944,-0.26981163211417847,0.19023894408439646,0.4645911285565059,6,9,0.1,0.18,67.83333333333333
ndx,1.0260313168781683,0.05841730985767013,-0.2698116321141787,0.21651145801211838,0.5086110680737818,6,9,0.1,0.19999999999999998,78.16666666666667
ndx,1.1891849291613195,0.06502934806711025,-0.2698116321141786,0.2410175853337235,0.5555462792148815,6,9,0.1,0.22,82.66666666666667
ndx,1.0470420888685257,0.05929570971239362,-0.2992242093468046,0.1981648137422903,0.5054724060164065,5,9,0.1,0.24,116.6
ndx,1.2745996263232948,0.06831214470842317,-0.2992242093468045,0.2282975193001465,0.564188729864126,5,9,0.1,0.26,133.4
ndx,1.4379588026900292,0.07428665223407749,-0.2992242093468046,0.24826417754179217,0.6001110987405865,5,9,0.1,0.28,139.4
ndx,1.6027688846820913,0.07995217203234861,-0.2992242093468045,0.26719820634460456,0.6355147066004645,5,9,0.1,0.30000000000000004,146.6
ndx,1.8623072637565987,0.08823786740620365,-0.2992242093468046,0.2948887979312358,0.6903935736347836,5,9,0.1,0.32,150.6
ndx,2.0630958956415952,0.09418663811569528,-0.2992242093468046,0.3147694443618089,0.7199323761712992,5,9,0.1,0.34,166.4
ndx,2.2648323888741055,0.09981273506887911,-0.2992242093468045,0.33357172297912213,0.7431011823559383,5,9,0.1,0.36000000000000004,186.2
ndx,2.5333656114454466,0.10682504949038862,-0.2992242093468045,0.3570067065214536,0.7842421621335423,5,9,0.1,0.38,198.2
ndx,2.78122488422802,0.11287534088877171,-0.2992242093468046,0.37722663261496925,0.8200864378106354,5,9,0.1,0.4,205.2
ndx,0.9013185636492862,0.05302422839809995,-0.11197244347594215,0.47354712241760155,0.7278531826304034,28,9,0.12000000000000001,0.02,2.857142857142857
ndx,0.5994509806418507,0.038486801577001906,-0.1378309494107468,0.27923192680265363,0.5131308505334803,17,9,0.12000000000000001,0.04,5.705882352941177
ndx,0.5229100511218818,0.03440008781570891,-0.175352985676398,0.19617623094933742,0.44339703640355577,12,9,0.12000000000000001,0.06,8.916666666666666
ndx,0.6172546598016657,0.03941156084848618,-0.15531621157495656,0.2537504646092009,0.48553754797848303,10,9,0.12000000000000001,0.08,11.9
ndx,0.5289563250266651,0.03472970674977893,-0.17790990483025315,0.19520951789005303,0.42532071795931675,7,9,0.12000000000000001,0.1,18.714285714285715
ndx,0.6782958261426131,0.04251262438588932,-0.17790990483025304,0.23895591662786486,0.4975337861993153,7,9,0.12000000000000001,0.12000000000000001,22.142857142857142
ndx,0.6956852026569023,0.04337707081065889,-0.17790990483025304,0.24381481656148216,0.4639480327001007,6,9,0.12000000000000001,0.13999999999999999,36.5
ndx,0.9382434065442811,0.054654110377974296,-0.17790990483025304,0.30720105454567437,0.5608054356254158,6,9,0.12000000000000001,0.16,39.166666666666664
ndx,0.8102996720215965,0.04887880414427204,-0.2698116321141786,0.18115899511547953,0.49435298300475955,5,9,0.12000000000000001,0.18,53.6
ndx,0.9308617622189308,0.05433057775438055,-0.2698116321141786,0.20136484601742077,0.5279476722413411,5,9,0.12000000000000001,0.19999999999999998,64.8
ndx,1.0556296438383135,0.05965234576986522,-0.2698116321141787,0.22108885855826108,0.5705949689514824,5,9,0.12000000000000001,0.22,68.2
ndx,0.8177725246920757,0.04922629221265806,-0.2992242093468045,0.16451306637292903,0.47031283789584355,4,9,0.12000000000000001,0.24,97.75
ndx,0.9806696339333194,0.05649194096200261,-0.2992242093468045,0.1887946870519683,0.5261967159480356,4,9,0.12000000000000001,0.26,106.0
ndx,1.1009201188655968,0.06151086304844133,-0.2992242093468045,0.20556780209301012,0.5592276670905337,4,9,0.12000000000000001,0.28,112.25
ndx,1.2029063422203365,0.06556456656688181,-0.2992242093468045,0.21911518025231602,0.5869366525899097,4,9,0.12000000000000001,0.30000000000000004,119.5
ndx,1.3943636793597536,0.0727291434799191,-0.2992242093468045,0.24305902132278723,0.6409029283945012,4,9,0.12000000000000001,0.32,121.75
ndx,1.51872374482077,0.07710562659644293,-0.2992242093468045,0.2576851210159823,0.6622973223820637,4,9,0.12000000000000001,0.34,140.5
ndx,1.640486593492429,0.08120225568699335,-0.2992242093468045,0.2713759553889537,0.6773596561318989,4,9,0.12000000000000001,0.36000000000000004,163.0
ndx,1.7969449308643264,0.08621838577628971,-0.2992242093468045,0.2881397396437317,0.7106369199651551,4,9,0.12000000000000001,0.38,168.75
ndx,1.9714799815735065,0.09151824143823672,-0.2992242093468045,0.305851727833178,0.745989884947146,4,9,0.12000000000000001,0.4,177.25
ndx,0.6130898398292128,0.0391960735387884,-0.11197244347594204,0.350051069013332,0.6215103452093678,21,9,0.13999999999999999,0.02,2.9047619047619047
ndx,0.46829727934176146,0.03136704482445207,-0.13783094941074647,0.22757620809079643,0.46739926359937295,13,9,0.13999999999999999,0.04,5.6923076923076925
ndx,0.3975107717355244,0.02727750842427601,-0.16919280504345813,0.16122144447732056,0.3887137472547059,9,9,0.13999999999999999,0.06,9.444444444444445
ndx,0.47809545510213103,0.03191876278327732,-0.1553162115749568,0.20550824965153805,0.4243621444045239,8,9,0.13999999999999999,0.08,12.375
ndx,0.33529310440536264,0.02352255375664858,-0.17790990483025337,0.13221609993604244,0.3177786263343159,5,9,0.13999999999999999,0.1,22.0
ndx,0.41519413581228704,0.028316675387902057,-0.17790990483025315,0.15916300677536463,0.3672218416692584,5,9,0.13999999999999999,0.12000000000000001,25.2
ndx,0.5691531009915027,0.03689108358089088,-0.17790990483025315,0.20735823346142132,0.41561871840767184,5,9,0.13999999999999999,0.13999999999999999,39.8
ndx,0.7639622385029547,0.04669419312294387,-0.17790990483025315,0.2624597723634083,0.5039386267065806,5,9,0.13999999999999999,0.16,42.8
ndx,0.9298752800091914,0.05428725475982521,-0.17790990483025315,0.3051390242247704,0.5704255260724528,5,9,0.13999999999999999,0.18,45.6
ndx,1.0584008502084314,0.059767139957488835,-0.17790990483025315,0.33594048636310425,0.6021353771215546,5,9,0.13999999999999999,0.19999999999999998,56.8
ndx,1.1914100167004458,0.06511634919819942,-0.17790990483025326,0.3660074421394806,0.6467512774154359,5,9,0.13999999999999999,0.22,60.2
ndx,0.8834673319948003,0.05222580124211729,-0.2186138666194607,0.23889519018034797,0.515509418236258,4,9,0.13999999999999999,0.24,88.25
ndx,1.0522515883110541,0.05951222089588004,-0.2186138666194607,0.27222527928419316,0.5737398362975646,4,9,0.13999999999999999,0.26,96.5
ndx,1.1768479593915573,0.06454549098544082,-0.2186138666194607,0.29524884209561425,0.6071330957611243,4,9,0.13999999999999999,0.28,102.75
ndx,1.282519993374311,0.06861078315772717,-0.2186138666194607,0.3138446074747737,0.6354957175060756,4,9,0.13999999999999999,0.30000000000000004,110.0
ndx,1.480896652210593,0.07579584203285639,-0.2186138666194607,0.3467110444773092,0.6918925611002765,4,9,0.13999999999999999,0.32,112.25
ndx,1.6097511252092076,0.08018483655966646,-0.2186138666194607,0.3667875135260451,0.7123275882615069,4,9,0.13999999999999999,0.34,131.0
ndx,1.735914517277501,0.08429317701890704,-0.2186138666194607,0.38558019361889545,0.7256724887040794,4,9,0.13999999999999999,0.36000000000000004,153.5
ndx,1.8980273027087295,0.08932364712961482,-0.2186138666194607,0.40859094855634087,0.7599756520565073,4,9,0.13999999999999999,0.38,159.25
ndx,2.0788700989516107,0.09463865392247683,-0.2186138666194607,0.4329032525974829,0.7965020586375218,4,9,0.13999999999999999,0.4,167.75
ndx,0.33581313028173976,0.023554599441614865,-0.04601624010127148,0.5118757940626276,0.6265564072065029,13,9,0.16,0.02,2.5384615384615383
ndx,0.2663315395315371,0.019167759545540175,-0.0596010065326521,0.3216012725395706,0.47322668538849244,8,9,0.16,0.04,5.125
ndx,0.20254114946216717,0.014940798115492537,-0.0768813722372842,0.19433573674231175,0.3273504892533727,5,9,0.16,0.06,11.0
ndx,0.29998838546398243,0.02131966323393586,-0.0768813722372843,0.2773059664977819,0.426647281012267,5,9,0.16,0.08,13.2
ndx,0.2022792161571434,0.014923020376139684,-0.1369215116829896,0.1089895969794032,0.26919987516048,3,9,0.16,0.1,29.0
ndx,0.27422098616489254,0.019676862280437524,-0.13692151168298983,0.1437090639635557,0.33370580095380575,3,9,0.16,0.12000000000000001,34.333333333333336
ndx,0.35233745726987253,0.024566954595339086,-0.1369215116829896,0.17942362959166155,0.3727061032008805,3,9,0.16,0.13999999999999999,52.0
ndx,0.45149655150548407,0.030413097107213405,-0.1369215116829896,0.2221206641190755,0.44214961634635297,3,9,0.16,0.16,55.333333333333336
ndx,0.510818481266226,0.03373727760869083,-0.13692151168298972,0.24639866441733232,0.48274808864871543,3,9,0.16,0.18,57.333333333333336
ndx,0.5448030480107269,0.03558795308619711,-0.1369215116829896,0.259914988147318,0.48299734906010877,3,9,0.16,0.19999999999999998,75.66666666666667
ndx,0.6446246963497391,0.0408151170917157,-0.13692151168298983,0.29809134145563404,0.5421054845639143,3,9,0.16,0.22,81.33333333333333
ndx,0.3497120926105144,0.024406875573460773,-0.2186138666194607,0.11164376693426138,0.3236271505472466,2,9,0.16,0.24,150.0
ndx,0.416252352358897,0.028378482390725157,-0.2186138666194607,0.1298109897123925,0.3668379578651457,2,9,0.16,0.26,158.0
ndx,0.45828758693612026,0.030799909545274895,-0.2186138666194607,0.14088726402194804,0.39209830110586374,2,9,0.16,0.28,164.0
ndx,0.48899175371749615,0.0325283781996859,-0.2186138666194607,0.14879375541308995,0.40981001469066713,2,9,0.16,0.30000000000000004,170.5
ndx,0.5532865142166719,0.03604408936208148,-0.2186138666194607,0.16487558597928795,0.4471459671558741,2,9,0.16,0.32,172.5
ndx,0.5858927527008004,0.0377761885842971,-0.2186138666194607,0.17279868458689215,0.45395833247702977,2,9,0.16,0.34,201.0
ndx,0.6244614664444215,0.03978323754140045,-0.2186138666194608,0.18197947896256175,0.4571742391051719,2,9,0.16,0.36000000000000004,239.5
ndx,0.6781336489361083,0.04250452366872115,-0.21861386661946058,0.1944273907505988,0.4828252230647388,2,9,0.16,0.38,245.0
ndx,0.7246804817190873,0.04480049408537479,-0.2186138666194607,0.204929791408697,0.5055281211250217,2,9,0.16,0.4,249.0
ndx,0.13053402331302344,0.009914140870101562,-0.04601624010127148,0.21544873827767655,0.36667531394139885,6,9,0.18,0.02,3.5
ndx,0.09135632966923524,0.0070541701312196725,-0.05960100653265221,0.11835656042746642,0.24679611762802942,4,9,0.18,0.04,6.5
ndx,0.1204647485914847,0.00918789174109258,-0.06321668580081252,0.14533966190575728,0.25764402002943293,3,9,0.18,0.06,12.333333333333334
ndx,0.15684228678520173,0.011783924853719041,-0.06321668580081252,0.18640529322983873,0.3166883301302132,3,9,0.18,0.08,13.666666666666666
ndx,0.005062406787841978,0.00040611570499282656,-0.13692151168298972,0.002966047482247305,0.031058657701357677,1,9,0.18,0.1,48.0
ndx,0.035419953461847786,0.0028027040210347742,-0.13692151168298972,0.020469420667249067,0.08629891815457753,1,9,0.18,0.12000000000000001,50.0
ndx,0.043498650243929626,0.003429590293825946,-0.13692151168298972,0.025047855896934396,0.09776079934125072,1,9,0.18,0.13999999999999999,55.0
ndx,0.062378677581608866,0.00487740425595562,-0.13692151168298972,0.03562189896974062,0.12874198360606695,1,9,0.18,0.16,56.0
ndx,0.08742718398527138,0.006762154617286464,-0.13692151168298972,0.04938708705570443,0.167702694932417,1,9,0.18,0.18,59.0
ndx,0.09768853662686894,0.0075227536883211155,-0.13692151168298972,0.05494208759349899,0.18132849835198242,1,9,0.18,0.19999999999999998,64.0
ndx,0.12138930948754023,0.00925482564963409,-0.13692151168298972,0.06759219596597438,0.21587358052492228,1,9,0.18,0.22,67.0
ndx,0.08683047684215484,0.006717722288012151,-0.2186138666194607,0.03072871081735009,0.1234236947977156,1,9,0.18,0.24,244.0
ndx,0.11499631756411999,0.008790961079070403,-0.2186138666194607,0.04021227571246775,0.1486111251475164,1,9,0.18,0.26,257.0
ndx,0.1351274401947855,0.010243468552534551,-0.2186138666194607,0.04685644470286631,0.16623571310704352,1,9,0.18,0.28,258.0
ndx,0.14365364477051057,0.010851524346619845,-0.2186138666194607,0.04963785927408256,0.1732057710064293,1,9,0.18,0.30000000000000004,263.0
ndx,0.1731815613398493,0.012925603169657629,-0.2186138666194607,0.05912526670669577,0.1979111274799344,1,9,0.18,0.32,264.0
ndx,0.17782370086639743,0.013247297347108056,-0.2186138666194607,0.06059678442158253,0.20178515370443686,1,9,0.18,0.34,265.0
ndx,0.19354889712889478,0.014328435604140655,-0.2186138666194607,0.06554220839560027,0.21461243767407118,1,9,0.18,0.36000000000000004,268.0
ndx,0.2130488681119842,0.015651049547556584,-0.2186138666194607,0.07159220862599824,0.22983362794044385,1,9,0.18,0.38,274.0
ndx,0.23121400378005053,0.016865652550569266,-0.2186138666194607,0.07714813708467617,0.24425739700921628,1,9,0.18,0.4,276.0
ndx,0.11165329900020371,0.008547422632940505,0.0,,0.620307337577928,3,9,0.19999999999999998,0.02,2.0
ndx,0.08089774495250235,0.006274731532481148,-0.040211177182506996,0.1560444625632804,0.34830916963922876,2,9,0.19999999999999998,0.04,4.5
ndx,0.15548244826367186,0.011688241288702717,-0.04021117718250711,0.2906714527568569,0.5184628598143974,2,9,0.19999999999999998,0.06,5.5
ndx,0.17475031002398844,0.013034446137035305,-0.04021117718250711,0.32414982724518754,0.5448399718431552,2,9,0.19999999999999998,0.08,7.0
ndx,0.04074652740813023,0.0032165353584960865,-0.13692151168298972,0.023491818918441643,0.10682059434322873,1,9,0.19999999999999998,0.1,37.0
ndx,0.0721819000459123,0.00561985635919382,-0.13692151168298972,0.04104436395798277,0.17102363774357984,1,9,0.19999999999999998,0.12000000000000001,39.0
ndx,0.08054742597261177,0.006248503730277077,-0.13692151168298972,0.04563566128852018,0.17749163564462786,1,9,0.19999999999999998,0.13999999999999999,44.0
ndx,0.10009777703176548,0.007700385005420696,-0.13692151168298972,0.056239409795950594,0.21255004633923824,1,9,0.19999999999999998,0.16,45.0
ndx,0.12603561520013207,0.009590430155911989,-0.13692151168298972,0.07004326813244967,0.2555334208029427,1,9,0.19999999999999998,0.18,48.0
ndx,0.13666129083592105,0.010353165961762834,-0.13692151168298972,0.07561387421527459,0.2684660816260349,1,9,0.19999999999999998,0.19999999999999998,53.0
ndx,0.16120354501341638,0.012090103796049467,-0.13692151168298972,0.08829952026852671,0.30658624569863374,1,9,0.19999999999999998,0.22,56.0
ndx,0.12541772233807302,0.00954587300383869,-0.21861386661946058,0.04366545064799167,0.16181547244168443,1,9,0.19999999999999998,0.24,233.0
ndx,0.15458357385628996,0.011624936100599559,-0.21861386661946058,0.05317565752054966,0.18782040428571392,1,9,0.19999999999999998,0.26,246.0
ndx,0.17542943957487012,0.013081524072459771,-0.21861386661946058,0.0598384918337805,0.20611330560864116,1,9,0.19999999999999998,0.28,247.0
ndx,0.1842583617833098,0.013691288064773044,-0.21861386661946058,0.0626277201738779,0.21313375392268522,1,9,0.19999999999999998,0.30000000000000004,252.0
ndx,0.21483464881144765,0.01577119355339751,-0.21861386661946058,0.07214178037869072,0.23868903538974284,1,9,0.19999999999999998,0.32,253.0
ndx,0.21964160463764348,0.01609379145946832,-0.21861386661946058,0.07361743199704095,0.24272356515178153,1,9,0.19999999999999998,0.34,254.0
ndx,0.2359251142908505,0.017177966935244315,-0.21861386661946058,0.078576749045594,0.2560087250325796,1,9,0.19999999999999998,0.36000000000000004,257.0
ndx,0.25611741971203394,0.01850429646992091,-0.21861386661946058,0.08464374541314523,0.2716167890956811,1,9,0.19999999999999998,0.38,263.0
ndx,0.27492749731393973,0.019722311631353184,-0.21861386661946058,0.0902152820236406,0.2866112763585385,1,9,0.19999999999999998,0.4,265.0
ndx,0.0657494509190435,0.005133399607462952,0.0,,0.4877030495034037,2,9,0.22,0.02,2.0
ndx,0.03626389560379506,0.0028684017691871233,-0.040211177182506996,0.07133344433484926,0.185618080478434,1,9,0.22,0.04,7.0
ndx,0.07242267369070654,0.005638012812872795,-0.040211177182506996,0.14021009102229143,0.30650544869219304,1,9,0.22,0.06,8.0
ndx,0.07242267369070654,0.005638012812872795,-0.040211177182506996,0.14021009102229143,0.30650544869219304,1,9,0.22,0.08,8.0
ndx,0.0851412465474044,0.00659181615622928,-0.04973891710491063,0.13252834078244302,0.2655263402323641,1,9,0.22,0.1,24.0
ndx,0.11791754562840828,0.009003223031649465,-0.04973891710491063,0.18100963100301584,0.34901541314292767,1,9,0.22,0.12000000000000001,26.0
ndx,0.1266399165353096,0.009633985460973271,-0.04973891710491063,0.1936910978711703,0.33057249975267755,1,9,0.22,0.13999999999999999,31.0
ndx,0.14702421930267295,0.01109075153099015,-0.04973891710491063,0.2229793525178131,0.3731828639798923,1,9,0.22,0.16,32.0
ndx,0.17406847772826817,0.012987155660703076,-0.04973891710491063,0.2611065221486472,0.4217599417358055,1,9,0.22,0.18,35.0
ndx,0.18514740866983326,0.013752457659821804,-0.04973891710491063,0.27649290455630066,0.4295018142556022,1,9,0.22,0.19999999999999998,40.0
ndx,0.2107365522219855,0.015495239350058032,-0.04973891710491063,0.3115314979088722,0.47312340783014356,1,9,0.22,0.22,43.0
ndx,0.17342422765112642,0.01294244859792304,-0.2186138666194607,0.059202322332333336,0.2130464853349491,1,9,0.22,0.24,220.0
ndx,0.2038341955343852,0.015028506617016824,-0.2186138666194607,0.06874452590501415,0.24011462029065275,1,9,0.22,0.26,233.0
ndx,0.22556927522526293,0.016489995219237663,-0.2186138666194607,0.0754297770504268,0.25930605798135775,1,9,0.22,0.28,234.0
ndx,0.23477480932855332,0.017101810737439882,-0.2186138666194607,0.07822838963462853,0.2663413882520442,1,9,0.22,0.30000000000000004,239.0
ndx,0.2666553771197666,0.019188713982589922,-0.2186138666194607,0.0877744595039415,0.2930194683426311,1,9,0.22,0.32,240.0
ndx,0.27166738138782476,0.019512397256055802,-0.2186138666194607,0.08925507589150722,0.29727331030192505,1,9,0.22,0.34,241.0
ndx,0.2886454903681668,0.02060022039565701,-0.2186138666194607,0.09423107835842655,0.3111680805191629,1,9,0.22,0.36000000000000004,244.0
ndx,0.3096991310946722,0.021931012311536602,-0.2186138666194607,0.10031848688588327,0.32725247083118725,1,9,0.22,0.38,250.0
ndx,0.3293115828483364,0.0231531254349151,-0.2186138666194607,0.10590876870229622,0.34302124241321363,1,9,0.22,0.4,252.0
ndx,0.0,0.0,0.0,,0.0,0,9,0.24,0.02,0.0
ndx,0.0,0.0,0.0,,0.0,0,9,0.24,0.04,0.0
ndx,0.0,0.0,0.0,,0.0,0,9,0.24,0.06,0.0
ndx,0.0,0.0,0.0,,0.0,0,9,0.24,0.08,0.0
ndx,0.0,0.0,0.0,,0.0,0,9,0.24,0.1,0.0
ndx,0.0,0.0,0.0,,0.0,0,9,0.24,0.12000000000000001,0.0
ndx,0.0,0.0,0.0,,0.0,0,9,0.24,0.13999999999999999,0.0
ndx,0.0,0.0,0.0,,0.0,0,9,0.24,0.16,0.0
ndx,0.0,0.0,0.0,,0.0,0,9,0.24,0.18,0.0
ndx,0.0,0.0,0.0,,0.0,0,9,0.24,0.19999999999999998,0.0
ndx,0.0,0.0,0.0,,0.0,0,9,0.24,0.22,0.0
ndx,0.0,0.0,0.0,,0.0,0,9,0.24,0.24,0.0
ndx,0.0,0.0,0.0,,0.0,0,9,0.24,0.26,0.0
ndx,0.0,0.0,0.0,,0.0,0,9,0.24,0.28,0.0
ndx,0.0,0.0,0.0,,0.0,0,9,0.24,0.30000000000000004,0.0
ndx,0.0,0.0,0.0,,0.0,0,9,0.24,0.32,0.0
ndx,0.0,0.0,0.0,,0.0,0,9,0.24,0.34,0.0
ndx,0.0,0.0,0.0,,0.0,0,9,0.24,0.36000000000000004,0.0
ndx,0.0,0.0,0.0,,0.0,0,9,0.24,0.38,0.0
ndx,0.0,0.0,0.0,,0.0,0,9,0.24,0.4,0.0
ndx,0.0,0.0,0.0,,0.0,0,9,0.26,0.02,0.0
ndx,0.0,0.0,0.0,,0.0,0,9,0.26,0.04,0.0
ndx,0.0,0.0,0.0,,0.0,0,9,0.26,0.06,0.0
ndx,0.0,0.0,0.0,,0.0,0,9,0.26,0.08,0.0
ndx,0.0,0.0,0.0,,0.0,0,9,0.26,0.1,0.0
ndx,0.0,0.0,0.0,,0.0,0,9,0.26,0.12000000000000001,0.0
ndx,0.0,0.0,0.0,,0.0,0,9,0.26,0.13999999999999999,0.0
ndx,0.0,0.0,0.0,,0.0,0,9,0.26,0.16,0.0
ndx,0.0,0.0,0.0,,0.0,0,9,0.26,0.18,0.0
ndx,0.0,0.0,0.0,,0.0,0,9,0.26,0.19999999999999998,0.0
ndx,0.0,0.0,0.0,,0.0,0,9,0.26,0.22,0.0
ndx,0.0,0.0,0.0,,0.0,0,9,0.26,0.24,0.0
ndx,0.0,0.0,0.0,,0.0,0,9,0.26,0.26,0.0
ndx,0.0,0.0,0.0,,0.0,0,9,0.26,0.28,0.0
ndx,0.0,0.0,0.0,,0.0,0,9,0.26,0.30000000000000004,0.0
ndx,0.0,0.0,0.0,,0.0,0,9,0.26,0.32,0.0
ndx,0.0,0.0,0.0,,0.0,0,9,0.26,0.34,0.0
ndx,0.0,0.0,0.0,,0.0,0,9,0.26,0.36000000000000004,0.0
ndx,0.0,0.0,0.0,,0.0,0,9,0.26,0.38,0.0
ndx,0.0,0.0,0.0,,0.0,0,9,0.26,0.4,0.0
ndx,0.0,0.0,0.0,,0.0,0,9,0.28,0.02,0.0
ndx,0.0,0.0,0.0,,0.0,0,9,0.28,0.04,0.0
ndx,0.0,0.0,0.0,,0.0,0,9,0.28,0.06,0.0
ndx,0.0,0.0,0.0,,0.0,0,9,0.28,0.08,0.0
ndx,0.0,0.0,0.0,,0.0,0,9,0.28,0.1,0.0
ndx,0.0,0.0,0.0,,0.0,0,9,0.28,0.12000000000000001,0.0
ndx,0.0,0.0,0.0,,0.0,0,9,0.28,0.13999999999999999,0.0
ndx,0.0,0.0,0.0,,0.0,0,9,0.28,0.16,0.0
ndx,0.0,0.0,0.0,,0.0,0,9,0.28,0.18,0.0
ndx,0.0,0.0,0.0,,0.0,0,9,0.28,0.19999999999999998,0.0
ndx,0.0,0.0,0.0,,0.0,0,9,0.28,0.22,0.0
ndx,0.0,0.0,0.0,,0.0,0,9,0.28,0.24,0.0
ndx,0.0,0.0,0.0,,0.0,0,9,0.28,0.26,0.0
ndx,0.0,0.0,0.0,,0.0,0,9,0.28,0.28,0.0
ndx,0.0,0.0,0.0,,0.0,0,9,0.28,0.30000000000000004,0.0
ndx,0.0,0.0,0.0,,0.0,0,9,0.28,0.32,0.0
ndx,0.0,0.0,0.0,,0.0,0,9,0.28,0.34,0.0
ndx,0.0,0.0,0.0,,0.0,0,9,0.28,0.36000000000000004,0.0
ndx,0.0,0.0,0.0,,0.0,0,9,0.28,0.38,0.0
ndx,0.0,0.0,0.0,,0.0,0,9,0.28,0.4,0.0
ndx,0.0,0.0,0.0,,0.0,0,9,0.30000000000000004,0.02,0.0
ndx,0.0,0.0,0.0,,0.0,0,9,0.30000000000000004,0.04,0.0
ndx,0.0,0.0,0.0,,0.0,0,9,0.30000000000000004,0.06,0.0
ndx,0.0,0.0,0.0,,0.0,0,9,0.30000000000000004,0.08,0.0
ndx,0.0,0.0,0.0,,0.0,0,9,0.30000000000000004,0.1,0.0
ndx,0.0,0.0,0.0,,0.0,0,9,0.30000000000000004,0.12000000000000001,0.0
ndx,0.0,0.0,0.0,,0.0,0,9,0.30000000000000004,0.13999999999999999,0.0
ndx,0.0,0.0,0.0,,0.0,0,9,0.30000000000000004,0.16,0.0
ndx,0.0,0.0,0.0,,0.0,0,9,0.30000000000000004,0.18,0.0
ndx,0.0,0.0,0.0,,0.0,0,9,0.30000000000000004,0.19999999999999998,0.0
ndx,0.0,0.0,0.0,,0.0,0,9,0.30000000000000004,0.22,0.0
ndx,0.0,0.0,0.0,,0.0,0,9,0.30000000000000004,0.24,0.0
ndx,0.0,0.0,0.0,,0.0,0,9,0.30000000000000004,0.26,0.0
ndx,0.0,0.0,0.0,,0.0,0,9,0.30000000000000004,0.28,0.0
ndx,0.0,0.0,0.0,,0.0,0,9,0.30000000000000004,0.30000000000000004,0.0
ndx,0.0,0.0,0.0,,0.0,0,9,0.30000000000000004,0.32,0.0
ndx,0.0,0.0,0.0,,0.0,0,9,0.30000000000000004,0.34,0.0
ndx,0.0,0.0,0.0,,0.0,0,9,0.30000000000000004,0.36000000000000004,0.0
ndx,0.0,0.0,0.0,,0.0,0,9,0.30000000000000004,0.38,0.0
ndx,0.0,0.0,0.0,,0.0,0,9,0.30000000000000004,0.4,0.0
ndx,0.0,0.0,0.0,,0.0,0,9,0.32,0.02,0.0
ndx,0.0,0.0,0.0,,0.0,0,9,0.32,0.04,0.0
ndx,0.0,0.0,0.0,,0.0,0,9,0.32,0.06,0.0
ndx,0.0,0.0,0.0,,0.0,0,9,0.32,0.08,0.0
ndx,0.0,0.0,0.0,,0.0,0,9,0.32,0.1,0.0
ndx,0.0,0.0,0.0,,0.0,0,9,0.32,0.12000000000000001,0.0
ndx,0.0,0.0,0.0,,0.0,0,9,0.32,0.13999999999999999,0.0
ndx,0.0,0.0,0.0,,0.0,0,9,0.32,0.16,0.0
ndx,0.0,0.0,0.0,,0.0,0,9,0.32,0.18,0.0
ndx,0.0,0.0,0.0,,0.0,0,9,0.32,0.19999999999999998,0.0
ndx,0.0,0.0,0.0,,0.0,0,9,0.32,0.22,0.0
ndx,0.0,0.0,0.0,,0.0,0,9,0.32,0.24,0.0
ndx,0.0,0.0,0.0,,0.0,0,9,0.32,0.26,0.0
ndx,0.0,0.0,0.0,,0.0,0,9,0.32,0.28,0.0
ndx,0.0,0.0,0.0,,0.0,0,9,0.32,0.30000000000000004,0.0
ndx,0.0,0.0,0.0,,0.0,0,9,0.32,0.32,0.0
ndx,0.0,0.0,0.0,,0.0,0,9,0.32,0.34,0.0
ndx,0.0,0.0,0.0,,0.0,0,9,0.32,0.36000000000000004,0.0
ndx,0.0,0.0,0.0,,0.0,0,9,0.32,0.38,0.0
ndx,0.0,0.0,0.0,,0.0,0,9,0.32,0.4,0.0
ndx,0.0,0.0,0.0,,0.0,0,9,0.34,0.02,0.0
ndx,0.0,0.0,0.0,,0.0,0,9,0.34,0.04,0.0
ndx,0.0,0.0,0.0,,0.0,0,9,0.34,0.06,0.0
ndx,0.0,0.0,0.0,,0.0,0,9,0.34,0.08,0.0
ndx,0.0,0.0,0.0,,0.0,0,9,0.34,0.1,0.0
ndx,0.0,0.0,0.0,,0.0,0,9,0.34,0.12000000000000001,0.0
ndx,0.0,0.0,0.0,,0.0,0,9,0.34,0.13999999999999999,0.0
ndx,0.0,0.0,0.0,,0.0,0,9,0.34,0.16,0.0
ndx,0.0,0.0,0.0,,0.0,0,9,0.34,0.18,0.0
ndx,0.0,0.0,0.0,,0.0,0,9,0.34,0.19999999999999998,0.0
ndx,0.0,0.0,0.0,,0.0,0,9,0.34,0.22,0.0
ndx,0.0,0.0,0.0,,0.0,0,9,0.34,0.24,0.0
ndx,0.0,0.0,0.0,,0.0,0,9,0.34,0.26,0.0
ndx,0.0,0.0,0.0,,0.0,0,9,0.34,0.28,0.0
ndx,0.0,0.0,0.0,,0.0,0,9,0.34,0.30000000000000004,0.0
ndx,0.0,0.0,0.0,,0.0,0,9,0.34,0.32,0.0
ndx,0.0,0.0,0.0,,0.0,0,9,0.34,0.34,0.0
ndx,0.0,0.0,0.0,,0.0,0,9,0.34,0.36000000000000004,0.0
ndx,0.0,0.0,0.0,,0.0,0,9,0.34,0.38,0.0
ndx,0.0,0.0,0.0,,0.0,0,9,0.34,0.4,0.0
ndx,0.0,0.0,0.0,,0.0,0,9,0.36000000000000004,0.02,0.0
ndx,0.0,0.0,0.0,,0.0,0,9,0.36000000000000004,0.04,0.0
ndx,0.0,0.0,0.0,,0.0,0,9,0.36000000000000004,0.06,0.0
ndx,0.0,0.0,0.0,,0.0,0,9,0.36000000000000004,0.08,0.0
ndx,0.0,0.0,0.0,,0.0,0,9,0.36000000000000004,0.1,0.0
ndx,0.0,0.0,0.0,,0.0,0,9,0.36000000000000004,0.12000000000000001,0.0
ndx,0.0,0.0,0.0,,0.0,0,9,0.36000000000000004,0.13999999999999999,0.0
ndx,0.0,0.0,0.0,,0.0,0,9,0.36000000000000004,0.16,0.0
ndx,0.0,0.0,0.0,,0.0,0,9,0.36000000000000004,0.18,0.0
ndx,0.0,0.0,0.0,,0.0,0,9,0.36000000000000004,0.19999999999999998,0.0
ndx,0.0,0.0,0.0,,0.0,0,9,0.36000000000000004,0.22,0.0
ndx,0.0,0.0,0.0,,0.0,0,9,0.36000000000000004,0.24,0.0
ndx,0.0,0.0,0.0,,0.0,0,9,0.36000000000000004,0.26,0.0
ndx,0.0,0.0,0.0,,0.0,0,9,0.36000000000000004,0.28,0.0
ndx,0.0,0.0,0.0,,0.0,0,9,0.36000000000000004,0.30000000000000004,0.0
ndx,0.0,0.0,0.0,,0.0,0,9,0.36000000000000004,0.32,0.0
ndx,0.0,0.0,0.0,,0.0,0,9,0.36000000000000004,0.34,0.0
ndx,0.0,0.0,0.0,,0.0,0,9,0.36000000000000004,0.36000000000000004,0.0
ndx,0.0,0.0,0.0,,0.0,0,9,0.36000000000000004,0.38,0.0
ndx,0.0,0.0,0.0,,0.0,0,9,0.36000000000000004,0.4,0.0
ndx,0.0,0.0,0.0,,0.0,0,9,0.38,0.02,0.0
ndx,0.0,0.0,0.0,,0.0,0,9,0.38,0.04,0.0
ndx,0.0,0.0,0.0,,0.0,0,9,0.38,0.06,0.0
ndx,0.0,0.0,0.0,,0.0,0,9,0.38,0.08,0.0
ndx,0.0,0.0,0.0,,0.0,0,9,0.38,0.1,0.0
ndx,0.0,0.0,0.0,,0.0,0,9,0.38,0.12000000000000001,0.0
ndx,0.0,0.0,0.0,,0.0,0,9,0.38,0.13999999999999999,0.0
ndx,0.0,0.0,0.0,,0.0,0,9,0.38,0.16,0.0
ndx,0.0,0.0,0.0,,0.0,0,9,0.38,0.18,0.0
ndx,0.0,0.0,0.0,,0.0,0,9,0.38,0.19999999999999998,0.0
ndx,0.0,0.0,0.0,,0.0,0,9,0.38,0.22,0.0
ndx,0.0,0.0,0.0,,0.0,0,9,0.38,0.24,0.0
ndx,0.0,0.0,0.0,,0.0,0,9,0.38,0.26,0.0
ndx,0.0,0.0,0.0,,0.0,0,9,0.38,0.28,0.0
ndx,0.0,0.0,0.0,,0.0,0,9,0.38,0.30000000000000004,0.0
ndx,0.0,0.0,0.0,,0.0,0,9,0.38,0.32,0.0
ndx,0.0,0.0,0.0,,0.0,0,9,0.38,0.34,0.0
ndx,0.0,0.0,0.0,,0.0,0,9,0.38,0.36000000000000004,0.0
ndx,0.0,0.0,0.0,,0.0,0,9,0.38,0.38,0.0
ndx,0.0,0.0,0.0,,0.0,0,9,0.38,0.4,0.0
ndx,0.0,0.0,0.0,,0.0,0,9,0.4,0.02,0.0
ndx,0.0,0.0,0.0,,0.0,0,9,0.4,0.04,0.0
ndx,0.0,0.0,0.0,,0.0,0,9,0.4,0.06,0.0
ndx,0.0,0.0,0.0,,0.0,0,9,0.4,0.08,0.0
ndx,0.0,0.0,0.0,,0.0,0,9,0.4,0.1,0.0
ndx,0.0,0.0,0.0,,0.0,0,9,0.4,0.12000000000000001,0.0
ndx,0.0,0.0,0.0,,0.0,0,9,0.4,0.13999999999999999,0.0
ndx,0.0,0.0,0.0,,0.0,0,9,0.4,0.16,0.0
ndx,0.0,0.0,0.0,,0.0,0,9,0.4,0.18,0.0
ndx,0.0,0.0,0.0,,0.0,0,9,0.4,0.19999999999999998,0.0
ndx,0.0,0.0,0.0,,0.0,0,9,0.4,0.22,0.0
ndx,0.0,0.0,0.0,,0.0,0,9,0.4,0.24,0.0
ndx,0.0,0.0,0.0,,0.0,0,9,0.4,0.26,0.0
ndx,0.0,0.0,0.0,,0.0,0,9,0.4,0.28,0.0
ndx,0.0,0.0,0.0,,0.0,0,9,0.4,0.30000000000000004,0.0
ndx,0.0,0.0,0.0,,0.0,0,9,0.4,0.32,0.0
ndx,0.0,0.0,0.0,,0.0,0,9,0.4,0.34,0.0
ndx,0.0,0.0,0.0,,0.0,0,9,0.4,0.36000000000000004,0.0
ndx,0.0,0.0,0.0,,0.0,0,9,0.4,0.38,0.0
ndx,0.0,0.0,0.0,,0.0,0,9,0.4,0.4,0.0
ndx,1.2999827112116842,0.06926586473732832,-0.19251589558628968,0.35979296424529217,0.621834817024192,86,12,0.02,0.02,3.883720930232558
ndx,1.0011629524539796,0.05736674464547731,-0.2748909155291167,0.2086891250482265,0.507907285723763,47,12,0.02,0.04,8.680851063829786
ndx,1.1268735047990086,0.0625593332198846,-0.2533665119242793,0.24691239874108142,0.5300399753819786,32,12,0.02,0.06,14.8125
ndx,1.087576602986041,0.06096716433131033,-0.285807555501987,0.21331543955942225,0.5088064207449366,25,12,0.02,0.08,22.04
ndx,0.8428839524122587,0.05038442812332322,-0.3038099023087881,0.1658419549212494,0.42743842367901375,17,12,0.02,0.1,34.11764705882353
ndx,0.9568079431526051,0.055462800726129524,-0.2803182150446033,0.19785657067381252,0.4514418894763508,16,12,0.02,0.12000000000000001,39.1875
ndx,0.9310544034149586,0.054339035534935576,-0.2838062140577041,0.19146527751463271,0.44378180168755893,12,12,0.02,0.13999999999999999,54.75
ndx,0.8539474619022345,0.0508900768229803,-0.26469730784812395,0.1922576290506877,0.41416576603209077,10,12,0.02,0.16,70.5
ndx,0.8407863848765129,0.05028824581909919,-0.3022662228820856,0.16637070903789566,0.4044399833032802,8,12,0.02,0.18,98.875
ndx,0.7069796832402162,0.04393417629052676,-0.2946724834782606,0.14909494015842847,0.3633067289220738,7,12,0.02,0.19999999999999998,113.57142857142857
ndx,0.8375888228856301,0.05014143003497051,-0.29758114027823535,0.16849666611294245,0.4022958889790886,7,12,0.02,0.22,118.85714285714286
ndx,0.9609732099904655,0.05564327463416174,-0.2992242093468045,0.18595846491040607,0.43475218621244205,6,12,0.02,0.24,151.66666666666666
ndx,1.2276038612124935,0.0665202412487993,-0.2992242093468046,0.22230902169985017,0.49891133276633826,6,12,0.02,0.26,166.83333333333334
ndx,1.4191839127265204,0.07361905359087206,-0.2992242093468045,0.24603307918025671,0.538482681321197,6,12,0.02,0.28,172.66666666666666
ndx,1.621616672466205,0.08057891447104382,-0.2992242093468046,0.2692927642684548,0.5778990207663178,6,12,0.02,0.30000000000000004,179.5
ndx,1.9120956280072106,0.0897479060316202,-0.2992242093468045,0.2999353101392985,0.6314289288278615,6,12,0.02,0.32,183.5
ndx,1.3593562079428816,0.07145944825745842,-0.2992242093468046,0.23881573089774974,0.5262173390605421,5,12,0.02,0.34,203.8
ndx,1.5147441761596108,0.07696868637764087,-0.2992242093468046,0.25722747014909214,0.5521732300063136,5,12,0.02,0.36000000000000004,223.6
ndx,1.7215824689515813,0.08383534904683376,-0.2992242093468045,0.2801756890922805,0.5907102876824336,5,12,0.02,0.38,235.6
ndx,1.9124966074112537,0.08975997073173403,-0.2992242093468045,0.29997563007243555,0.6239988820402398,5,12,0.02,0.4,242.6
ndx,1.1591781906525966,0.06384807026461625,-0.18287890192644707,0.34912758985339715,0.6184924530918208,69,12,0.04,0.02,3.7246376811594204
ndx,0.7945134505646747,0.0481403863606078,-0.24592396882670176,0.19575312886452104,0.46057222058050556,38,12,0.04,0.04,8.105263157894736
ndx,0.8509166273559967,0.050751831542815706,-0.2368491912544246,0.21427910002148934,0.4729632372202153,26,12,0.04,0.06,13.192307692307692
ndx,0.9520432914469661,0.05525592280555891,-0.23446695211344037,0.23566614530317626,0.5017393413193738,21,12,0.04,0.08,17.19047619047619
ndx,0.9867389291123825,0.056751886775816995,-0.25376341979003136,0.22364092832124732,0.4971655100966866,16,12,0.04,0.1,28.875
ndx,0.9098039967330065,0.05340133963807725,-0.23070249434743817,0.23147274497021597,0.46539176071074767,14,12,0.04,0.12000000000000001,31.642857142857142
ndx,0.7962106286073785,0.04822005967939047,-0.26219715003202215,0.1839076422970324,0.42401035550513844,10,12,0.04,0.13999999999999999,47.8
ndx,0.6210724590735732,0.0396086455132183,-0.2484306515172089,0.15943542099705274,0.3582567324152114,8,12,0.04,0.16,61.0
ndx,0.43668200155504056,0.029563462809587993,-0.3022662228820855,0.09780604173269054,0.2811869270538873,6,12,0.04,0.18,94.33333333333333
ndx,0.5641477127585841,0.03662473833695756,-0.29467248347826036,0.12428964491236445,0.32747250976384223,6,12,0.04,0.19999999999999998,103.83333333333333
ndx,0.6676645838375317,0.0419800667745962,-0.2890112057554106,0.14525411450697803,0.36389104771301495,6,12,0.04,0.22,107.66666666666667
ndx,0.7362761747592246,0.04536359222736608,-0.29922420934680427,0.15160401735672785,0.3845408760869829,5,12,0.04,0.24,144.2
ndx,0.9292877072617067,0.05426144085463269,-0.2992242093468044,0.18134041016628785,0.44095325761267407,5,12,0.04,0.26,161.0
ndx,1.0678469715759191,0.060157370189136694,-0.2992242093468044,0.20104446201214152,0.47621370505238125,5,12,0.04,0.28,167.0
ndx,1.2076368763751408,0.06574837567877845,-0.29922420934680427,0.2197294658152988,0.5102478706225506,5,12,0.04,0.30000000000000004,174.2
ndx,1.4277741693370927,0.07392509555095317,-0.2992242093468044,0.24705586393670811,0.561763381296237,5,12,0.04,0.32,178.2
ndx,1.5980806420765536,0.07979562656622496,-0.2992242093468045,0.266675035219964,0.5921121179492382,5,12,0.04,0.34,194.0
ndx,1.7691910792697096,0.08534772770972587,-0.2992242093468044,0.28523002164843836,0.617314869588551,5,12,0.04,0.36000000000000004,213.8
ndx,1.9969576889634304,0.09226781444876053,-0.2992242093468044,0.3083567825283183,0.6567531453424611,5,12,0.04,0.38,225.8
ndx,2.2071889061747,0.09823853092787593,-0.2992242093468044,0.3283107711850157,0.6909122292145068,5,12,0.04,0.4,232.8
ndx,1.0657663730959008,0.060071559227813154,-0.16664558418325603,0.36047495361025556,0.6114539972480181,57,12,0.06,0.02,3.789473684210526
ndx,0.726448128891013,0.044886557243099645,-0.23256402585167446,0.1930073109059763,0.4513210908333349,33,12,0.06,0.04,7.878787878787879
ndx,0.728135046519373,0.044968614311330146,-0.23647143035120288,0.19016510470014755,0.4346904867048662,23,12,0.06,0.06,13.347826086956522
ndx,0.8653982804822726,0.05141051327424062,-0.23408801199793272,0.21962044461591068,0.4827367263692007,19,12,0.06,0.08,16.94736842105263
ndx,0.7679413071668717,0.046883847768190545,-0.2533940314577037,0.18502348890572176,0.43810379688784584,14,12,0.06,0.1,27.5
ndx,0.8975462661922076,0.052856082040325214,-0.21707287295454314,0.24349464454452452,0.46871825112245574,13,12,0.06,0.12000000000000001,31.307692307692307
ndx,0.4822270031792468,0.032150395480493144,-0.2618319364100099,0.12279019863393573,0.3103229123265838,8,12,0.06,0.13999999999999999,48.75
ndx,0.7395449463867281,0.04552170212072881,-0.24805862345583096,0.18351187105105563,0.40300749458938573,8,12,0.06,0.16,60.0
ndx,0.5163363396707239,0.03404034679057477,-0.3022662228820856,0.11261710443860593,0.3133430786040701,6,12,0.06,0.18,93.83333333333333
ndx,0.6569881231080748,0.041442092718460444,-0.2920581824599262,0.14189670143601193,0.3617165680989948,6,12,0.06,0.19999999999999998,102.33333333333333
ndx,0.7904231769215189,0.04794808505800319,-0.2767726368281498,0.1732399763484369,0.4055893030516646,6,12,0.06,0.22,106.83333333333333
ndx,0.8325409914248345,0.04990918042022807,-0.2992242093468046,0.16679526208517007,0.41588730629585596,5,12,0.06,0.24,143.6
ndx,1.0362537130934215,0.05884571984939635,-0.2992242093468046,0.1966609586097809,0.4720388141198818,5,12,0.06,0.26,160.4
ndx,1.1824951551455039,0.06476728664341014,-0.2992242093468047,0.21645069021919955,0.5070160925681353,5,12,0.06,0.28,166.4
ndx,1.3300354684067126,0.0703826036823818,-0.2992242093468046,0.2352169426264821,0.5409184924646839,5,12,0.06,0.30000000000000004,173.6
ndx,1.5623778912070585,0.07859487864905534,-0.2992242093468046,0.262662165005382,0.5924669955666364,5,12,0.06,0.32,177.6
ndx,1.7421267105118656,0.08449093668350716,-0.2992242093468046,0.2823666469633181,0.6223815977746742,5,12,0.06,0.34,193.4
ndx,1.9227240686830491,0.09006718020731586,-0.2992242093468046,0.30100231663717714,0.6470116937449485,5,12,0.06,0.36000000000000004,213.2
ndx,2.1631188024295307,0.09701735778250398,-0.2992242093468046,0.3242296403566051,0.6863696927598212,5,12,0.06,0.38,225.2
ndx,2.385005924315664,0.10301403692048017,-0.2992242093468046,0.3442703955851567,0.7204985799359006,5,12,0.06,0.4,232.2
ndx,0.7769832396943321,0.04731335880352061,-0.16034841032953173,0.29506596732881235,0.5393725201626702,45,12,0.08,0.02,3.7777777777777777
ndx,0.5285965747119641,0.03471012815318275,-0.1955383328404927,0.17751060699436866,0.3937344420799945,26,12,0.08,0.04,7.538461538461538
ndx,0.5027033321484438,0.03328969737266396,-0.20422875486550285,0.16300200916657043,0.37120915661734394,18,12,0.08,0.06,12.222222222222221
ndx,0.6840246410375308,0.04279831664528233,-0.2176836893422862,0.19660782475064625,0.4478117101985053,15,12,0.08,0.08,15.6
ndx,0.6597614503831892,0.04158214313765707,-0.21779044143247772,0.19092731005161637,0.4352362002330981,11,12,0.08,0.1,22.545454545454547
ndx,0.6832269807547067,0.04275859145382821,-0.1866298101514633,0.22910911937983855,0.4300160993801307,10,12,0.08,0.12000000000000001,25.8
ndx,0.5402360499164556,0.03534144151241314,-0.22504561225265463,0.15704123781243043,0.3519582820501638,7,12,0.08,0.13999999999999999,42.857142857142854
ndx,0.786571525353615,0.0477666327174755,-0.2186138666194607,0.21849772594993927,0.44225636874093344,7,12,0.08,0.16,55.285714285714285
ndx,0.730090970717538,0.04506366455488986,-0.2860205175517515,0.15755395780911488,0.41535124680131047,6,12,0.08,0.18,69.66666666666667
ndx,0.8980554967917409,0.05287879841875953,-0.27270656865596743,0.19390364771693014,0.46837135888941817,6,12,0.08,0.19999999999999998,78.5
ndx,1.050903386178085,0.05945623699635627,-0.2698116321141786,0.220362022684017,0.515599327021097,6,12,0.08,0.22,83.0
ndx,1.0432951789056109,0.05913967147758559,-0.2992242093468045,0.19764333777231904,0.5075021670100308,5,12,0.08,0.24,115.2
ndx,1.270436194585443,0.06815477831889094,-0.2992242093468045,0.227771604669523,0.5666125048951147,5,12,0.08,0.26,132.0
ndx,1.4334963579866944,0.07412840577715762,-0.2992242093468045,0.24773532174745228,0.6027300809824108,5,12,0.08,0.28,138.0
ndx,1.5980047712726941,0.07979309102309307,-0.2992242093468045,0.26666656149674006,0.638356735666347,5,12,0.08,0.30000000000000004,145.2
ndx,1.857068090775344,0.08807756588291382,-0.2992242093468045,0.2943530741552762,0.6936422524747978,5,12,0.08,0.32,149.2
ndx,2.0574891987440806,0.09402546031614722,-0.2992242093468045,0.3142307920919947,0.7232488451477721,5,12,0.08,0.34,165.0
ndx,2.258856433093011,0.0996507285241286,-0.2992242093468045,0.33303030106308074,0.7463873606476451,5,12,0.08,0.36000000000000004,184.8
ndx,2.5268981319128385,0.10666201000539854,-0.2992242093468045,0.356461832544358,0.7877696843682105,5,12,0.08,0.38,196.8
ndx,2.7743037225832357,0.11271141017314479,-0.2992242093468045,0.3766787801668511,0.8238334643372762,5,12,0.08,0.4,203.8
ndx,0.8454035121481018,0.05049982754678228,-0.11283059242381799,0.44757212084018105,0.6304768353994123,40,12,0.1,0.02,3.625
ndx,0.6285962470902593,0.03999579663198527,-0.14053552670678526,0.2845956290855401,0.48342414700243996,24,12,0.1,0.04,7.208333333333333
ndx,0.47521458161698393,0.03175689580021146,-0.17707894545302605,0.1793375023719895,0.38402063585290974,16,12,0.1,0.06,11.125
ndx,0.5767558422659551,0.03729414756159799,-0.16073067749980763,0.232028808325297,0.42483684405336364,13,12,0.1,0.08,15.461538461538462
ndx,0.683808321150412,0.042787545161603324,-0.1787209892968965,0.23940973765830834,0.4723402556985377,10,12,0.1,0.1,22.5
ndx,0.9667193311197881,0.05589166652970046,-0.17790990483025315,0.31415713803583695,0.5946845236065413,10,12,0.1,0.12000000000000001,24.2
ndx,0.7712996222529354,0.04704361018537373,-0.20397004460622092,0.23063979946758778,0.4861366925018856,7,12,0.1,0.13999999999999999,38.42857142857143
ndx,1.053448789207557,0.059561906147166166,-0.18956746984876172,0.31419898252946604,0.5793924319622984,7,12,0.1,0.16,51.0
ndx,0.9469326423515272,0.05503350511492977,-0.2698116321141786,0.20397009826337195,0.5268777445931575,6,12,0.1,0.18,66.0
ndx,1.116634659435173,0.062147114923820634,-0.2698116321141787,0.23033519510204536,0.5716661146245731,6,12,0.1,0.19999999999999998,76.33333333333333
ndx,1.2870844386136513,0.06878245359649138,-0.2698116321141786,0.25492768068421934,0.6220722961176899,6,12,0.1,0.22,80.83333333333333
ndx,1.2281561836642547,0.06654150186659469,-0.2992242093468046,0.22238007416529676,0.5931801357074694,5,12,0.1,0.24,113.4
ndx,1.4758471016851495,0.07561961106120174,-0.2992242093468046,0.252718893388595,0.6545789143317043,5,12,0.1,0.26,130.2
ndx,1.6536596444555962,0.08163498539992609,-0.2992242093468046,0.2728221275214738,0.6913210305996493,5,12,0.1,0.28,136.2
ndx,1.8330514631767256,0.0873392584741024,-0.2992242093468045,0.2918856688259309,0.7282883820746999,5,12,0.1,0.30000000000000004,143.4
ndx,2.1155527597439625,0.09568162964299898,-0.2992242093468046,0.3197656695354578,0.7869053375656072,5,12,0.1,0.32,147.4
ndx,2.33410636651974,0.10167109112064776,-0.2992242093468046,0.33978230351946453,0.8156279604107086,5,12,0.1,0.34,163.2
ndx,2.5536916976231248,0.10733567168967983,-0.2992242093468046,0.3587131934410977,0.8366926174899658,5,12,0.1,0.36000000000000004,183.0
ndx,2.8459836654557673,0.114395951728677,-0.2992242093468046,0.3823084769056593,0.8797149927776077,5,12,0.1,0.38,195.0
ndx,3.1157725351288255,0.12048762831680726,-0.2992242093468045,0.40266671129260345,0.9174031651054094,5,12,0.1,0.4,202.0
ndx,0.5174521798882439,0.03410151117362625,-0.1128305924238181,0.30223639210838316,0.472860730860849,30,12,0.12000000000000001,0.02,3.6
ndx,0.3017692751112615,0.021432094571201654,-0.15286663697892733,0.1402012564334497,0.30230951918092863,17,12,0.12000000000000001,0.04,7.294117647058823
ndx,0.2932819767430419,0.020894998573415258,-0.17535298567639812,0.11915963958535351,0.2856276340562179,12,12,0.12000000000000001,0.06,11.166666666666666
ndx,0.3846595325986035,0.0265146878271445,-0.16073067749980752,0.16496345464092413,0.3332434030408407,10,12,0.12000000000000001,0.08,15.0
ndx,0.37405689947180254,0.025880421994691538,-0.17790990483025304,0.14546925883291603,0.3222803849458525,7,12,0.12000000000000001,0.1,23.285714285714285
ndx,0.5117770683603857,0.033790001122977475,-0.17790990483025304,0.189927599338649,0.39806347523844254,7,12,0.12000000000000001,0.12000000000000001,26.571428571428573
ndx,0.4290814342313123,0.02912442821424066,-0.18236106956880827,0.15970748736616433,0.33117272174230883,5,12,0.12000000000000001,0.13999999999999999,43.6
ndx,0.6065007832166465,0.03885410924047328,-0.17790990483025304,0.21839205230054315,0.4180871221682693,5,12,0.12000000000000001,0.16,46.6
ndx,0.757603468584692,0.04639029634747849,-0.17790990483025315,0.2607516225234354,0.4834893072651668,5,12,0.12000000000000001,0.18,49.4
ndx,0.8746561042259617,0.051829135402058135,-0.17790990483025304,0.29132237157627183,0.517916950004439,5,12,0.12000000000000001,0.19999999999999998,60.6
ndx,0.995792104464698,0.05713827730559662,-0.17790990483025304,0.32116411596146516,0.5617254945301351,5,12,0.12000000000000001,0.22,64.0
ndx,0.8610405175164078,0.051212801364118876,-0.2186138666194607,0.23426144990731337,0.5026708633863631,4,12,0.12000000000000001,0.24,89.0
ndx,1.027815026629205,0.05849220622864948,-0.2186138666194608,0.26755945143437004,0.5604669319393176,4,12,0.12000000000000001,0.26,97.25
ndx,1.1509278043118107,0.06352063068338487,-0.2186138666194607,0.2905608489783253,0.5938691617900426,4,12,0.12000000000000001,0.28,103.5
ndx,1.2553415806856179,0.06758200911351642,-0.2186138666194608,0.3091387118236,0.6221438864330133,4,12,0.12000000000000001,0.30000000000000004,110.75
ndx,1.4513561297847204,0.07476015078156406,-0.2186138666194608,0.34197350761696366,0.6780653449685037,4,12,0.12000000000000001,0.32,113.0
ndx,1.57867630733177,0.07914491993116424,-0.2186138666194608,0.3620306486272945,0.6988027980490098,4,12,0.12000000000000001,0.34,131.75
ndx,1.7033374471762963,0.08324930520476026,-0.2186138666194607,0.38080523661233084,0.7126228453994564,4,12,0.12000000000000001,0.36000000000000004,154.25
ndx,1.8635199239147848,0.08827493237624107,-0.2186138666194607,0.40379383861271934,0.74674422588937,4,12,0.12000000000000001,0.38,160.0
ndx,2.0422093895571307,0.0935848223004363,-0.21861386661946092,0.42808273668814667,0.7830549670553139,4,12,0.12000000000000001,0.4,168.5
ndx,0.270052468072826,0.01940823186192886,-0.11197244347594204,0.17333043076887786,0.36072673198448807,24,12,0.13999999999999999,0.02,3.0833333333333335
ndx,0.09053778817392355,0.0069934156488071775,-0.1424820340318611,0.04908278925357948,0.14421399995730408,12,12,0.13999999999999999,0.04,7.5
ndx,0.15016073200946156,0.011312786164366706,-0.13692151168298972,0.08262241648747541,0.20642009606121836,8,12,0.13999999999999999,0.06,12.25
ndx,0.28822327757795074,0.020573328552609738,-0.1246179909654399,0.1650911589347906,0.33717865863977103,8,12,0.13999999999999999,0.08,14.0
ndx,0.2828155110630599,0.020228175074572974,-0.13692151168298994,0.14773555174738817,0.3249095673171779,5,12,0.13999999999999999,0.1,24.6
ndx,0.4064875618308119,0.027806533098672315,-0.13692151168298983,0.20308374306479998,0.41587807179379926,5,12,0.13999999999999999,0.12000000000000001,29.6
ndx,0.19434844024069142,0.014383055150485102,-0.13692151168298983,0.1050459856431161,0.22924446777453783,3,12,0.13999999999999999,0.13999999999999999,56.0
ndx,0.28192311244941104,0.020171088695235095,-0.13692151168298983,0.14731862398610232,0.3003656650278616,3,12,0.13999999999999999,0.16,59.333333333333336
ndx,0.3343146615416366,0.023462227803163982,-0.13692151168298983,0.17135530797735682,0.340873366674547,3,12,0.13999999999999999,0.18,61.333333333333336
ndx,0.36432892615092527,0.02529450810124012,-0.13692151168298983,0.18473728335547243,0.3492441867117456,3,12,0.13999999999999999,0.19999999999999998,79.66666666666667
ndx,0.4524887485052078,0.030469715607112535,-0.13692151168298983,0.22253417474427345,0.4083006318694316,3,12,0.13999999999999999,0.22,85.33333333333333
ndx,0.29592849832326307,0.021062823532679076,-0.21861386661946058,0.09634715243998207,0.2838507398594583,2,12,0.13999999999999999,0.24,150.5
ndx,0.3598172486470297,0.025021465521027242,-0.21861386661946058,0.11445507052204473,0.3269676611296075,2,12,0.13999999999999999,0.26,158.5
ndx,0.40017745488698875,0.027434988220217393,-0.21861386661946058,0.12549518767706194,0.35228369837039286,2,12,0.13999999999999999,0.28,164.5
ndx,0.4296581159606372,0.029157814498274925,-0.2186138666194607,0.13337586928568299,0.37004975784658384,2,12,0.13999999999999999,0.30000000000000004,171.0
ndx,0.4913908461331855,0.03266204904784442,-0.21861386661946058,0.14940520266584456,0.40725876157416907,2,12,0.13999999999999999,0.32,173.0
ndx,0.5226977847803602,0.034388494042157935,-0.21861386661946058,0.1573024372786824,0.4154062405481897,2,12,0.13999999999999999,0.34,201.5
ndx,0.5597296047941813,0.03638899123128625,-0.21861386661946058,0.16645326206424169,0.42055500341775964,2,12,0.13999999999999999,0.36000000000000004,240.0
ndx,0.6112630475476319,0.03910139404998714,-0.21861386661946058,0.17886053915349578,0.446207407609101,2,12,0.13999999999999999,0.38,245.5
ndx,0.6559550729361581,0.04138986954959134,-0.21861386661946058,0.18932865599801296,0.46877939038226835,2,12,0.13999999999999999,0.4,249.5
ndx,0.3281490761335848,0.02308114979126219,-0.07999039461430746,0.28854901769835484,0.517149450419544,18,12,0.16,0.02,2.7777777777777777
ndx,0.15823891757492614,0.011882089661900963,-0.09404698989915627,0.1263420517194837,0.25780524614300593,9,12,0.16,0.04,7.111111111111111
ndx,0.08061631203523234,0.006253661733335525,-0.09309136774315618,0.06717767592146348,0.13979396749565948,5,12,0.16,0.06,14.2
ndx,0.13910014158900252,0.01052730688090242,-0.09309136774315618,0.11308574721931033,0.2129501408899864,5,12,0.16,0.08,15.2
ndx,0.0326200055740804,0.002584385264395861,-0.13692151168298972,0.018874939610507742,0.07328122421930938,2,12,0.16,0.1,42.0
ndx,0.08298952399430237,0.006431177070140626,-0.13692151168298972,0.04696980767368781,0.13534404184979865,2,12,0.16,0.12000000000000001,49.0
ndx,0.12165512071866247,0.009274059754078579,-0.13692151168298972,0.06773267136832765,0.16879950644929317,2,12,0.16,0.13999999999999999,72.5
ndx,0.1825942776581122,0.013576679562781635,-0.13692151168298972,0.09915665840890886,0.2286779600187661,2,12,0.16,0.16,73.5
ndx,0.2104771982794913,0.015477746304805695,-0.13692151168298972,0.11304101243521805,0.25449069342870273,2,12,0.16,0.18,75.0
ndx,0.22599316223098498,0.016518260144408936,-0.13692151168298972,0.1206403576864764,0.2576177820561035,2,12,0.16,0.19999999999999998,96.5
ndx,0.2851572479027178,0.020377801568068232,-0.13692151168298972,0.14882834200113382,0.3071641814089039,2,12,0.16,0.22,99.0
ndx,0.08683047684215484,0.006717722288012151,-0.2186138666194607,0.03072871081735009,0.1234236947977156,1,12,0.16,0.24,244.0
ndx,0.11499631756411999,0.008790961079070403,-0.2186138666194607,0.04021227571246775,0.1486111251475164,1,12,0.16,0.26,257.0
ndx,0.1351274401947855,0.010243468552534551,-0.2186138666194607,0.04685644470286631,0.16623571310704352,1,12,0.16,0.28,258.0
ndx,0.14365364477051057,0.010851524346619845,-0.2186138666194607,0.04963785927408256,0.1732057710064293,1,12,0.16,0.30000000000000004,263.0
ndx,0.1731815613398493,0.012925603169657629,-0.2186138666194607,0.05912526670669577,0.1979111274799344,1,12,0.16,0.32,264.0
ndx,0.17782370086639743,0.013247297347108056,-0.2186138666194607,0.06059678442158253,0.20178515370443686,1,12,0.16,0.34,265.0
ndx,0.19354889712889478,0.014328435604140655,-0.2186138666194607,0.06554220839560027,0.21461243767407118,1,12,0.16,0.36000000000000004,268.0
ndx,0.2130488681119842,0.015651049547556584,-0.2186138666194607,0.07159220862599824,0.22983362794044385,1,12,0.16,0.38,274.0
ndx,0.23121400378005053,0.016865652550569266,-0.2186138666194607,0.07714813708467617,0.24425739700921628,1,12,0.16,0.4,276.0
ndx,0.3499893875169411,0.024423796875008286,-0.04601624010127159,0.530764721786415,0.6439465480105145,13,12,0.18,0.02,2.6923076923076925
ndx,0.2819743273683941,0.0201743658812652,-0.05960100653265221,0.33849035536359173,0.4695625283586641,8,12,0.18,0.04,6.0
ndx,0.23328052079256723,0.01700278354759366,-0.0768813722372843,0.22115608830597858,0.3551581270078213,5,12,0.18,0.06,12.2
ndx,0.30002666090419816,0.02132208113254186,-0.07688137223728442,0.2773374162304753,0.42947100870026905,5,12,0.18,0.08,13.2
ndx,0.07474725975109031,0.00581311453368949,-0.13692151168298972,0.04245581619890686,0.12936119806065485,2,12,0.18,0.1,40.0
ndx,0.12717167686958275,0.009672294572762752,-0.13692151168298972,0.07064116115776406,0.18992267076997332,2,12,0.18,0.12000000000000001,47.0
ndx,0.16741469356674998,0.012524332494569634,-0.13692151168298972,0.09147088971356705,0.2175001479185232,2,12,0.18,0.13999999999999999,70.5
ndx,0.23083995317694317,0.016840808488063796,-0.13692151168298972,0.12299607476621217,0.2774062039938974,2,12,0.18,0.16,71.5
ndx,0.259860398616623,0.01874799743777733,-0.13692151168298972,0.13692514205645062,0.3032001932972337,2,12,0.18,0.18,73.0
ndx,0.2760093591725381,0.019791862154911355,-0.13692151168298972,0.14454896028854006,0.3032869443450229,2,12,0.18,0.19999999999999998,94.5
ndx,0.3375871308679672,0.023663832870851387,-0.13692151168298972,0.17282772137105493,0.35303469418911393,2,12,0.18,0.22,97.0
ndx,0.10682462115951052,0.00819446248838096,-0.2186138666194607,0.03748372697073691,0.14208252689481396,1,12,0.18,0.24,242.0
ndx,0.1355086217014423,0.010270742484535633,-0.2186138666194607,0.04698120317506587,0.16732609818338431,1,12,0.18,0.26,255.0
ndx,0.15601009148350298,0.01172538062097539,-0.2186138666194607,0.05363511840438585,0.18503213334331248,1,12,0.18,0.28,256.0
ndx,0.16469315047985655,0.012334328363633018,-0.2186138666194607,0.05642061299388332,0.19195058692158282,1,12,0.18,0.30000000000000004,261.0
ndx,0.19476428463267093,0.014411449623998429,-0.2186138666194607,0.06592193737227253,0.21674218272503562,1,12,0.18,0.32,262.0
ndx,0.19949182442136948,0.014733615690155633,-0.2186138666194607,0.06739561363599278,0.22064053157030478,1,12,0.18,0.34,263.0
ndx,0.21550631312660773,0.015816339853834016,-0.2186138666194607,0.07234829198353362,0.23352063815111235,1,12,0.18,0.36000000000000004,266.0
ndx,0.23536502012449234,0.017140893921215872,-0.2186138666194607,0.07840716687497633,0.24874720505570552,1,12,0.18,0.38,272.0
ndx,0.25386433518100104,0.01835727860845071,-0.2186138666194607,0.0839712452477,0.26325374131576135,1,12,0.18,0.4,274.0
ndx,0.2123968726902017,0.015607143972288018,-0.0005312126121188587,29.38022105694268,0.7910707710652533,6,12,0.19999999999999998,0.02,1.8333333333333333
ndx,0.12681691246684612,0.00964673845893671,-0.040211177182506996,0.23990191620486342,0.4217041180452104,3,12,0.19999999999999998,0.04,5.333333333333333
ndx,0.209549972638305,0.015415178086642944,-0.040211177182506996,0.38335555352378453,0.5352954772729835,3,12,0.19999999999999998,0.06,9.666666666666666
ndx,0.2540994791428628,0.01837263352840135,-0.040211177182506996,0.4569036475856759,0.6160977825595968,3,12,0.19999999999999998,0.08,10.333333333333334
ndx,0.1882782406958905,0.013967534634160339,-0.0839241791503359,0.16643039914801996,0.34445002432422167,2,12,0.19999999999999998,0.1,23.5
ndx,0.24624051375858014,0.01785800217070932,-0.0839241791503359,0.21278733198831465,0.40493567635853905,2,12,0.19999999999999998,0.12000000000000001,30.5
ndx,0.29073460355256575,0.020733162395278892,-0.1131507837076633,0.18323481036459413,0.39548575059903046,2,12,0.19999999999999998,0.13999999999999999,54.0
ndx,0.36085979365794474,0.02508463331784694,-0.1131507837076634,0.22169208639911542,0.4634794404952402,2,12,0.19999999999999998,0.16,55.0
ndx,0.39294581531410655,0.02700728440429545,-0.1131507837076634,0.2386840242668714,0.49237946264891946,2,12,0.19999999999999998,0.18,56.5
ndx,0.4108006721321591,0.02805961203696361,-0.1131507837076634,0.24798424825283122,0.47278710328765855,2,12,0.19999999999999998,0.19999999999999998,78.0
ndx,0.4788832148437956,0.031962973948125084,-0.1131507837076634,0.2824812422926269,0.5291134623671466,2,12,0.19999999999999998,0.22,80.5
ndx,0.17342422765112642,0.01294244859792304,-0.2186138666194607,0.059202322332333336,0.2130464853349491,1,12,0.19999999999999998,0.24,220.0
ndx,0.2038341955343852,0.015028506617016824,-0.2186138666194607,0.06874452590501415,0.24011462029065275,1,12,0.19999999999999998,0.26,233.0
ndx,0.22556927522526293,0.016489995219237663,-0.2186138666194607,0.0754297770504268,0.25930605798135775,1,12,0.19999999999999998,0.28,234.0
ndx,0.23477480932855332,0.017101810737439882,-0.2186138666194607,0.07822838963462853,0.2663413882520442,1,12,0.19999999999999998,0.30000000000000004,239.0
ndx,0.2666553771197666,0.019188713982589922,-0.2186138666194607,0.0877744595039415,0.2930194683426311,1,12,0.19999999999999998,0.32,240.0
ndx,0.27166738138782476,0.019512397256055802,-0.2186138666194607,0.08925507589150722,0.29727331030192505,1,12,0.19999999999999998,0.34,241.0
ndx,0.2886454903681668,0.02060022039565701,-0.2186138666194607,0.09423107835842655,0.3111680805191629,1,12,0.19999999999999998,0.36000000000000004,244.0
ndx,0.3096991310946722,0.021931012311536602,-0.2186138666194607,0.10031848688588327,0.32725247083118725,1,12,0.19999999999999998,0.38,250.0
ndx,0.3293115828483364,0.0231531254349151,-0.2186138666194607,0.10590876870229622,0.34302124241321363,1,12,0.19999999999999998,0.4,252.0
ndx,0.0657494509190435,0.005133399607462952,0.0,,0.4877030495034037,2,12,0.22,0.02,2.0
ndx,0.03626389560379506,0.0028684017691871233,-0.040211177182506996,0.07133344433484926,0.185618080478434,1,12,0.22,0.04,7.0
ndx,0.07242267369070654,0.005638012812872795,-0.040211177182506996,0.14021009102229143,0.30650544869219304,1,12,0.22,0.06,8.0
ndx,0.07242267369070654,0.005638012812872795,-0.040211177182506996,0.14021009102229143,0.30650544869219304,1,12,0.22,0.08,8.0
ndx,0.0851412465474044,0.00659181615622928,-0.04973891710491063,0.13252834078244302,0.2655263402323641,1,12,0.22,0.1,24.0
ndx,0.11791754562840828,0.009003223031649465,-0.04973891710491063,0.18100963100301584,0.34901541314292767,1,12,0.22,0.12000000000000001,26.0
ndx,0.1266399165353096,0.009633985460973271,-0.04973891710491063,0.1936910978711703,0.33057249975267755,1,12,0.22,0.13999999999999999,31.0
ndx,0.14702421930267295,0.01109075153099015,-0.04973891710491063,0.2229793525178131,0.3731828639798923,1,12,0.22,0.16,32.0
ndx,0.17406847772826817,0.012987155660703076,-0.04973891710491063,0.2611065221486472,0.4217599417358055,1,12,0.22,0.18,35.0
ndx,0.18514740866983326,0.013752457659821804,-0.04973891710491063,0.27649290455630066,0.4295018142556022,1,12,0.22,0.19999999999999998,40.0
ndx,0.2107365522219855,0.015495239350058032,-0.04973891710491063,0.3115314979088722,0.47312340783014356,1,12,0.22,0.22,43.0
ndx,0.17342422765112642,0.01294244859792304,-0.2186138666194607,0.059202322332333336,0.2130464853349491,1,12,0.22,0.24,220.0
ndx,0.2038341955343852,0.015028506617016824,-0.2186138666194607,0.06874452590501415,0.24011462029065275,1,12,0.22,0.26,233.0
ndx,0.22556927522526293,0.016489995219237663,-0.2186138666194607,0.0754297770504268,0.25930605798135775,1,12,0.22,0.28,234.0
ndx,0.23477480932855332,0.017101810737439882,-0.2186138666194607,0.07822838963462853,0.2663413882520442,1,12,0.22,0.30000000000000004,239.0
ndx,0.2666553771197666,0.019188713982589922,-0.2186138666194607,0.0877744595039415,0.2930194683426311,1,12,0.22,0.32,240.0
ndx,0.27166738138782476,0.019512397256055802,-0.2186138666194607,0.08925507589150722,0.29727331030192505,1,12,0.22,0.34,241.0
ndx,0.2886454903681668,0.02060022039565701,-0.2186138666194607,0.09423107835842655,0.3111680805191629,1,12,0.22,0.36000000000000004,244.0
ndx,0.3096991310946722,0.021931012311536602,-0.2186138666194607,0.10031848688588327,0.32725247083118725,1,12,0.22,0.38,250.0
ndx,0.3293115828483364,0.0231531254349151,-0.2186138666194607,0.10590876870229622,0.34302124241321363,1,12,0.22,0.4,252.0
ndx,0.0,0.0,0.0,,0.0,0,12,0.24,0.02,0.0
ndx,0.0,0.0,0.0,,0.0,0,12,0.24,0.04,0.0
ndx,0.0,0.0,0.0,,0.0,0,12,0.24,0.06,0.0
ndx,0.0,0.0,0.0,,0.0,0,12,0.24,0.08,0.0
ndx,0.0,0.0,0.0,,0.0,0,12,0.24,0.1,0.0
ndx,0.0,0.0,0.0,,0.0,0,12,0.24,0.12000000000000001,0.0
ndx,0.0,0.0,0.0,,0.0,0,12,0.24,0.13999999999999999,0.0
ndx,0.0,0.0,0.0,,0.0,0,12,0.24,0.16,0.0
ndx,0.0,0.0,0.0,,0.0,0,12,0.24,0.18,0.0
ndx,0.0,0.0,0.0,,0.0,0,12,0.24,0.19999999999999998,0.0
ndx,0.0,0.0,0.0,,0.0,0,12,0.24,0.22,0.0
ndx,0.0,0.0,0.0,,0.0,0,12,0.24,0.24,0.0
ndx,0.0,0.0,0.0,,0.0,0,12,0.24,0.26,0.0
ndx,0.0,0.0,0.0,,0.0,0,12,0.24,0.28,0.0
ndx,0.0,0.0,0.0,,0.0,0,12,0.24,0.30000000000000004,0.0
ndx,0.0,0.0,0.0,,0.0,0,12,0.24,0.32,0.0
ndx,0.0,0.0,0.0,,0.0,0,12,0.24,0.34,0.0
ndx,0.0,0.0,0.0,,0.0,0,12,0.24,0.36000000000000004,0.0
ndx,0.0,0.0,0.0,,0.0,0,12,0.24,0.38,0.0
ndx,0.0,0.0,0.0,,0.0,0,12,0.24,0.4,0.0
ndx,0.0,0.0,0.0,,0.0,0,12,0.26,0.02,0.0
ndx,0.0,0.0,0.0,,0.0,0,12,0.26,0.04,0.0
ndx,0.0,0.0,0.0,,0.0,0,12,0.26,0.06,0.0
ndx,0.0,0.0,0.0,,0.0,0,12,0.26,0.08,0.0
ndx,0.0,0.0,0.0,,0.0,0,12,0.26,0.1,0.0
ndx,0.0,0.0,0.0,,0.0,0,12,0.26,0.12000000000000001,0.0
ndx,0.0,0.0,0.0,,0.0,0,12,0.26,0.13999999999999999,0.0
ndx,0.0,0.0,0.0,,0.0,0,12,0.26,0.16,0.0
ndx,0.0,0.0,0.0,,0.0,0,12,0.26,0.18,0.0
ndx,0.0,0.0,0.0,,0.0,0,12,0.26,0.19999999999999998,0.0
ndx,0.0,0.0,0.0,,0.0,0,12,0.26,0.22,0.0
ndx,0.0,0.0,0.0,,0.0,0,12,0.26,0.24,0.0
ndx,0.0,0.0,0.0,,0.0,0,12,0.26,0.26,0.0
ndx,0.0,0.0,0.0,,0.0,0,12,0.26,0.28,0.0
ndx,0.0,0.0,0.0,,0.0,0,12,0.26,0.30000000000000004,0.0
ndx,0.0,0.0,0.0,,0.0,0,12,0.26,0.32,0.0
ndx,0.0,0.0,0.0,,0.0,0,12,0.26,0.34,0.0
ndx,0.0,0.0,0.0,,0.0,0,12,0.26,0.36000000000000004,0.0
ndx,0.0,0.0,0.0,,0.0,0,12,0.26,0.38,0.0
ndx,0.0,0.0,0.0,,0.0,0,12,0.26,0.4,0.0
ndx,0.0,0.0,0.0,,0.0,0,12,0.28,0.02,0.0
ndx,0.0,0.0,0.0,,0.0,0,12,0.28,0.04,0.0
ndx,0.0,0.0,0.0,,0.0,0,12,0.28,0.06,0.0
ndx,0.0,0.0,0.0,,0.0,0,12,0.28,0.08,0.0
ndx,0.0,0.0,0.0,,0.0,0,12,0.28,0.1,0.0
ndx,0.0,0.0,0.0,,0.0,0,12,0.28,0.12000000000000001,0.0
ndx,0.0,0.0,0.0,,0.0,0,12,0.28,0.13999999999999999,0.0
ndx,0.0,0.0,0.0,,0.0,0,12,0.28,0.16,0.0
ndx,0.0,0.0,0.0,,0.0,0,12,0.28,0.18,0.0
ndx,0.0,0.0,0.0,,0.0,0,12,0.28,0.19999999999999998,0.0
ndx,0.0,0.0,0.0,,0.0,0,12,0.28,0.22,0.0
ndx,0.0,0.0,0.0,,0.0,0,12,0.28,0.24,0.0
ndx,0.0,0.0,0.0,,0.0,0,12,0.28,0.26,0.0
ndx,0.0,0.0,0.0,,0.0,0,12,0.28,0.28,0.0
ndx,0.0,0.0,0.0,,0.0,0,12,0.28,0.30000000000000004,0.0
ndx,0.0,0.0,0.0,,0.0,0,12,0.28,0.32,0.0
ndx,0.0,0.0,0.0,,0.0,0,12,0.28,0.34,0.0
ndx,0.0,0.0,0.0,,0.0,0,12,0.28,0.36000000000000004,0.0
ndx,0.0,0.0,0.0,,0.0,0,12,0.28,0.38,0.0
ndx,0.0,0.0,0.0,,0.0,0,12,0.28,0.4,0.0
ndx,0.0,0.0,0.0,,0.0,0,12,0.30000000000000004,0.02,0.0
ndx,0.0,0.0,0.0,,0.0,0,12,0.30000000000000004,0.04,0.0
ndx,0.0,0.0,0.0,,0.0,0,12,0.30000000000000004,0.06,0.0
ndx,0.0,0.0,0.0,,0.0,0,12,0.30000000000000004,0.08,0.0
ndx,0.0,0.0,0.0,,0.0,0,12,0.30000000000000004,0.1,0.0
ndx,0.0,0.0,0.0,,0.0,0,12,0.30000000000000004,0.12000000000000001,0.0
ndx,0.0,0.0,0.0,,0.0,0,12,0.30000000000000004,0.13999999999999999,0.0
ndx,0.0,0.0,0.0,,0.0,0,12,0.30000000000000004,0.16,0.0
ndx,0.0,0.0,0.0,,0.0,0,12,0.30000000000000004,0.18,0.0
ndx,0.0,0.0,0.0,,0.0,0,12,0.30000000000000004,0.19999999999999998,0.0
ndx,0.0,0.0,0.0,,0.0,0,12,0.30000000000000004,0.22,0.0
ndx,0.0,0.0,0.0,,0.0,0,12,0.30000000000000004,0.24,0.0
ndx,0.0,0.0,0.0,,0.0,0,12,0.30000000000000004,0.26,0.0
ndx,0.0,0.0,0.0,,0.0,0,12,0.30000000000000004,0.28,0.0
ndx,0.0,0.0,0.0,,0.0,0,12,0.30000000000000004,0.30000000000000004,0.0
ndx,0.0,0.0,0.0,,0.0,0,12,0.30000000000000004,0.32,0.0
ndx,0.0,0.0,0.0,,0.0,0,12,0.30000000000000004,0.34,0.0
ndx,0.0,0.0,0.0,,0.0,0,12,0.30000000000000004,0.36000000000000004,0.0
ndx,0.0,0.0,0.0,,0.0,0,12,0.30000000000000004,0.38,0.0
ndx,0.0,0.0,0.0,,0.0,0,12,0.30000000000000004,0.4,0.0
ndx,0.0,0.0,0.0,,0.0,0,12,0.32,0.02,0.0
ndx,0.0,0.0,0.0,,0.0,0,12,0.32,0.04,0.0
ndx,0.0,0.0,0.0,,0.0,0,12,0.32,0.06,0.0
ndx,0.0,0.0,0.0,,0.0,0,12,0.32,0.08,0.0
ndx,0.0,0.0,0.0,,0.0,0,12,0.32,0.1,0.0
ndx,0.0,0.0,0.0,,0.0,0,12,0.32,0.12000000000000001,0.0
ndx,0.0,0.0,0.0,,0.0,0,12,0.32,0.13999999999999999,0.0
ndx,0.0,0.0,0.0,,0.0,0,12,0.32,0.16,0.0
ndx,0.0,0.0,0.0,,0.0,0,12,0.32,0.18,0.0
ndx,0.0,0.0,0.0,,0.0,0,12,0.32,0.19999999999999998,0.0
ndx,0.0,0.0,0.0,,0.0,0,12,0.32,0.22,0.0
ndx,0.0,0.0,0.0,,0.0,0,12,0.32,0.24,0.0
ndx,0.0,0.0,0.0,,0.0,0,12,0.32,0.26,0.0
ndx,0.0,0.0,0.0,,0.0,0,12,0.32,0.28,0.0
ndx,0.0,0.0,0.0,,0.0,0,12,0.32,0.30000000000000004,0.0
ndx,0.0,0.0,0.0,,0.0,0,12,0.32,0.32,0.0
ndx,0.0,0.0,0.0,,0.0,0,12,0.32,0.34,0.0
ndx,0.0,0.0,0.0,,0.0,0,12,0.32,0.36000000000000004,0.0
ndx,0.0,0.0,0.0,,0.0,0,12,0.32,0.38,0.0
ndx,0.0,0.0,0.0,,0.0,0,12,0.32,0.4,0.0
ndx,0.0,0.0,0.0,,0.0,0,12,0.34,0.02,0.0
ndx,0.0,0.0,0.0,,0.0,0,12,0.34,0.04,0.0
ndx,0.0,0.0,0.0,,0.0,0,12,0.34,0.06,0.0
ndx,0.0,0.0,0.0,,0.0,0,12,0.34,0.08,0.0
ndx,0.0,0.0,0.0,,0.0,0,12,0.34,0.1,0.0
ndx,0.0,0.0,0.0,,0.0,0,12,0.34,0.12000000000000001,0.0
ndx,0.0,0.0,0.0,,0.0,0,12,0.34,0.13999999999999999,0.0
ndx,0.0,0.0,0.0,,0.0,0,12,0.34,0.16,0.0
ndx,0.0,0.0,0.0,,0.0,0,12,0.34,0.18,0.0
ndx,0.0,0.0,0.0,,0.0,0,12,0.34,0.19999999999999998,0.0
ndx,0.0,0.0,0.0,,0.0,0,12,0.34,0.22,0.0
ndx,0.0,0.0,0.0,,0.0,0,12,0.34,0.24,0.0
ndx,0.0,0.0,0.0,,0.0,0,12,0.34,0.26,0.0
ndx,0.0,0.0,0.0,,0.0,0,12,0.34,0.28,0.0
ndx,0.0,0.0,0.0,,0.0,0,12,0.34,0.30000000000000004,0.0
ndx,0.0,0.0,0.0,,0.0,0,12,0.34,0.32,0.0
ndx,0.0,0.0,0.0,,0.0,0,12,0.34,0.34,0.0
ndx,0.0,0.0,0.0,,0.0,0,12,0.34,0.36000000000000004,0.0
ndx,0.0,0.0,0.0,,0.0,0,12,0.34,0.38,0.0
ndx,0.0,0.0,0.0,,0.0,0,12,0.34,0.4,0.0
ndx,0.0,0.0,0.0,,0.0,0,12,0.36000000000000004,0.02,0.0
ndx,0.0,0.0,0.0,,0.0,0,12,0.36000000000000004,0.04,0.0
ndx,0.0,0.0,0.0,,0.0,0,12,0.36000000000000004,0.06,0.0
ndx,0.0,0.0,0.0,,0.0,0,12,0.36000000000000004,0.08,0.0
ndx,0.0,0.0,0.0,,0.0,0,12,0.36000000000000004,0.1,0.0
ndx,0.0,0.0,0.0,,0.0,0,12,0.36000000000000004,0.12000000000000001,0.0
ndx,0.0,0.0,0.0,,0.0,0,12,0.36000000000000004,0.13999999999999999,0.0
ndx,0.0,0.0,0.0,,0.0,0,12,0.36000000000000004,0.16,0.0
ndx,0.0,0.0,0.0,,0.0,0,12,0.36000000000000004,0.18,0.0
ndx,0.0,0.0,0.0,,0.0,0,12,0.36000000000000004,0.19999999999999998,0.0
ndx,0.0,0.0,0.0,,0.0,0,12,0.36000000000000004,0.22,0.0
ndx,0.0,0.0,0.0,,0.0,0,12,0.36000000000000004,0.24,0.0
ndx,0.0,0.0,0.0,,0.0,0,12,0.36000000000000004,0.26,0.0
ndx,0.0,0.0,0.0,,0.0,0,12,0.36000000000000004,0.28,0.0
ndx,0.0,0.0,0.0,,0.0,0,12,0.36000000000000004,0.30000000000000004,0.0
ndx,0.0,0.0,0.0,,0.0,0,12,0.36000000000000004,0.32,0.0
ndx,0.0,0.0,0.0,,0.0,0,12,0.36000000000000004,0.34,0.0
ndx,0.0,0.0,0.0,,0.0,0,12,0.36000000000000004,0.36000000000000004,0.0
ndx,0.0,0.0,0.0,,0.0,0,12,0.36000000000000004,0.38,0.0
ndx,0.0,0.0,0.0,,0.0,0,12,0.36000000000000004,0.4,0.0
ndx,0.0,0.0,0.0,,0.0,0,12,0.38,0.02,0.0
ndx,0.0,0.0,0.0,,0.0,0,12,0.38,0.04,0.0
ndx,0.0,0.0,0.0,,0.0,0,12,0.38,0.06,0.0
ndx,0.0,0.0,0.0,,0.0,0,12,0.38,0.08,0.0
ndx,0.0,0.0,0.0,,0.0,0,12,0.38,0.1,0.0
ndx,0.0,0.0,0.0,,0.0,0,12,0.38,0.12000000000000001,0.0
ndx,0.0,0.0,0.0,,0.0,0,12,0.38,0.13999999999999999,0.0
ndx,0.0,0.0,0.0,,0.0,0,12,0.38,0.16,0.0
ndx,0.0,0.0,0.0,,0.0,0,12,0.38,0.18,0.0
ndx,0.0,0.0,0.0,,0.0,0,12,0.38,0.19999999999999998,0.0
ndx,0.0,0.0,0.0,,0.0,0,12,0.38,0.22,0.0
ndx,0.0,0.0,0.0,,0.0,0,12,0.38,0.24,0.0
ndx,0.0,0.0,0.0,,0.0,0,12,0.38,0.26,0.0
ndx,0.0,0.0,0.0,,0.0,0,12,0.38,0.28,0.0
ndx,0.0,0.0,0.0,,0.0,0,12,0.38,0.30000000000000004,0.0
ndx,0.0,0.0,0.0,,0.0,0,12,0.38,0.32,0.0
ndx,0.0,0.0,0.0,,0.0,0,12,0.38,0.34,0.0
ndx,0.0,0.0,0.0,,0.0,0,12,0.38,0.36000000000000004,0.0
ndx,0.0,0.0,0.0,,0.0,0,12,0.38,0.38,0.0
ndx,0.0,0.0,0.0,,0.0,0,12,0.38,0.4,0.0
ndx,0.0,0.0,0.0,,0.0,0,12,0.4,0.02,0.0
ndx,0.0,0.0,0.0,,0.0,0,12,0.4,0.04,0.0
ndx,0.0,0.0,0.0,,0.0,0,12,0.4,0.06,0.0
ndx,0.0,0.0,0.0,,0.0,0,12,0.4,0.08,0.0
ndx,0.0,0.0,0.0,,0.0,0,12,0.4,0.1,0.0
ndx,0.0,0.0,0.0,,0.0,0,12,0.4,0.12000000000000001,0.0
ndx,0.0,0.0,0.0,,0.0,0,12,0.4,0.13999999999999999,0.0
ndx,0.0,0.0,0.0,,0.0,0,12,0.4,0.16,0.0
ndx,0.0,0.0,0.0,,0.0,0,12,0.4,0.18,0.0
ndx,0.0,0.0,0.0,,0.0,0,12,0.4,0.19999999999999998,0.0
ndx,0.0,0.0,0.0,,0.0,0,12,0.4,0.22,0.0
ndx,0.0,0.0,0.0,,0.0,0,12,0.4,0.24,0.0
ndx,0.0,0.0,0.0,,0.0,0,12,0.4,0.26,0.0
ndx,0.0,0.0,0.0,,0.0,0,12,0.4,0.28,0.0
ndx,0.0,0.0,0.0,,0.0,0,12,0.4,0.30000000000000004,0.0
ndx,0.0,0.0,0.0,,0.0,0,12,0.4,0.32,0.0
ndx,0.0,0.0,0.0,,0.0,0,12,0.4,0.34,0.0
ndx,0.0,0.0,0.0,,0.0,0,12,0.4,0.36000000000000004,0.0
ndx,0.0,0.0,0.0,,0.0,0,12,0.4,0.38,0.0
ndx,0.0,0.0,0.0,,0.0,0,12,0.4,0.4,0.0
ndx,0.7267101385681216,0.04489930706695766,-0.1925158955862898,0.23322389525405615,0.48286390733730394,61,18,0.02,0.02,4.098360655737705
ndx,0.5007898189481959,0.03318383630469168,-0.23692074500332194,0.14006302531349207,0.35695872112832794,32,18,0.02,0.04,9.15625
ndx,0.6611911007857703,0.04165425509944054,-0.20921442735222906,0.19909838736557256,0.42334289918987755,23,18,0.02,0.06,14.565217391304348
ndx,0.6800551852723189,0.04260045776961929,-0.2176836893422862,0.1956988964048393,0.42512730552160843,18,18,0.02,0.08,18.166666666666668
ndx,0.7705589744083954,0.04700839989848693,-0.22674114388734123,0.20732187856405787,0.46053567788281546,13,18,0.02,0.1,25.76923076923077
ndx,0.6712432057871522,0.04215968067594589,-0.21938182109289883,0.19217490522194663,0.40415974944213773,12,18,0.02,0.12000000000000001,31.416666666666668
ndx,0.678496051574871,0.04252262461096579,-0.23548027136062788,0.18057828949009586,0.3956938607906485,9,18,0.02,0.13999999999999999,46.666666666666664
ndx,0.8110152377549131,0.04891213504129954,-0.2212152685765968,0.22110650569476173,0.43742489036925486,8,18,0.02,0.16,59.75
ndx,0.819529252873259,0.04930778944165248,-0.3022662228820856,0.16312702415607816,0.43410805314871637,7,18,0.02,0.18,73.85714285714286
ndx,0.7419664951220963,0.045638655922240146,-0.29467248347826047,0.15487925911347317,0.4087641318367657,6,18,0.02,0.19999999999999998,82.66666666666667
ndx,0.8348651290360884,0.05001618646204298,-0.29758114027823523,0.16807579410199977,0.4400044477458721,6,18,0.02,0.22,86.66666666666667
ndx,0.9336632327231771,0.05445349807131605,-0.2992242093468045,0.1819822606940329,0.4684838896887495,5,18,0.02,0.24,118.8
ndx,1.1486171146673096,0.06342871748788226,-0.2992242093468045,0.2119772247918871,0.5274134142975845,5,18,0.02,0.26,135.6
ndx,1.302928369323971,0.06937591457545489,-0.2992242093468045,0.23185261221643788,0.5636477826906606,5,18,0.02,0.28,141.6
ndx,1.4586101687667425,0.0750155363684113,-0.2992242093468045,0.250700090517968,0.5991491433382614,5,18,0.02,0.30000000000000004,148.8
ndx,1.7037735798299432,0.08326335649154482,-0.2992242093468046,0.2782641039416752,0.6538399358106033,5,18,0.02,0.32,152.8
ndx,1.8934411968936495,0.08918493441009456,-0.2992242093468046,0.29805387272902145,0.6839345064957665,5,18,0.02,0.34,168.6
ndx,2.084004176415888,0.09478531356615072,-0.2992242093468046,0.3167702030964124,0.7078727292755507,5,18,0.02,0.36000000000000004,188.4
ndx,2.3376642364969595,0.10176557356677352,-0.2992242093468045,0.34009806154697186,0.7490340168585109,5,18,0.02,0.38,200.4
ndx,2.571795408139883,0.10778820810676248,-0.2992242093468046,0.3602255590951687,0.7848403328369751,5,18,0.02,0.4,207.4
ndx,0.9649524974725627,0.05581536141604193,-0.16664558418325603,0.3349345360070457,0.6057169617515635,56,18,0.04,0.02,3.8035714285714284
ndx,0.6211343418490756,0.03961183654525935,-0.21247308362639306,0.18643225706137787,0.4250264027962577,30,18,0.04,0.04,8.466666666666667
ndx,0.7706650458181266,0.04701344334821034,-0.20422875486550285,0.23019992154959557,0.48221517364604155,22,18,0.04,0.06,12.954545454545455
ndx,0.788368024927609,0.04785131101334872,-0.2176836893422862,0.2198203786325361,0.48051476599609544,17,18,0.04,0.08,17.11764705882353
ndx,1.00357626071836,0.057469219390875015,-0.21779044143247794,0.2638739285933829,0.5566029699264374,13,18,0.04,0.1,24.615384615384617
ndx,0.9517801383328035,0.05524448335048748,-0.19437224472500403,0.2842200203462529,0.5157149674006252,12,18,0.04,0.12000000000000001,29.833333333333332
ndx,0.886508221953523,0.05236230069904679,-0.22504561225265463,0.2326741684715034,0.47627039373544894,9,18,0.04,0.13999999999999999,45.111111111111114
ndx,0.9533348720956891,0.05531204819189628,-0.2186138666194607,0.25301253322680345,0.4894977358953777,8,18,0.04,0.16,58.25
ndx,0.9105123850186982,0.05343275224146482,-0.3022662228820856,0.17677381128459396,0.4676094043297535,7,18,0.04,0.18,72.28571428571429
ndx,0.8290712050729521,0.04974919489004881,-0.29467248347826047,0.1688287766228402,0.44221853660931415,6,18,0.04,0.19999999999999998,80.83333333333333
ndx,0.9836892865813125,0.056621363060666674,-0.2767726368281498,0.20457717102945874,0.49237731500906745,6,18,0.04,0.22,84.33333333333333
ndx,1.0303534822203013,0.0585986893082846,-0.2992242093468046,0.19583538857435157,0.5019718586651403,5,18,0.04,0.24,116.6
ndx,1.2560558461771385,0.06760919145751121,-0.2992242093468045,0.22594826670308396,0.5609428040771499,5,18,0.04,0.26,133.4
ndx,1.4180832291960046,0.07357976773562847,-0.2992242093468046,0.2459017868114695,0.5970180451321906,5,18,0.04,0.28,139.4
ndx,1.5815496892640306,0.07924155960140333,-0.2992242093468046,0.26482335695492265,0.6325628600929661,5,18,0.04,0.30000000000000004,146.6
ndx,1.8389721695292054,0.08752180295776713,-0.2992242093468046,0.2924957280322471,0.6876518057879661,5,18,0.04,0.32,150.6
ndx,2.0381238626745506,0.0934666593546396,-0.2992242093468046,0.3123632929256422,0.7173016098819921,5,18,0.04,0.34,166.4
ndx,2.2382156896833143,0.0990890543157017,-0.2992242093468045,0.33115319957569433,0.7405523872277943,5,18,0.04,0.36000000000000004,186.2
ndx,2.5045596825618013,0.10609675460898726,-0.2992242093468046,0.35457276281418726,0.7818351716487774,5,18,0.04,0.38,198.2
ndx,2.750398270996907,0.11214306489377113,-0.2992242093468046,0.374779384123281,0.8178011444154976,5,18,0.04,0.4,205.2
ndx,0.7507265260946017,0.04606049508737753,-0.16034841032953184,0.2872525832511757,0.5566271221781626,47,18,0.06,0.02,3.872340425531915
ndx,0.46423444003620196,0.031137279958764807,-0.1955383328404926,0.15923875133048498,0.3774142650665701,25,18,0.06,0.04,8.36
ndx,0.45940322642521103,0.030863297085654384,-0.20422875486550296,0.15112121261268885,0.3652309572185146,17,18,0.06,0.06,13.352941176470589
ndx,0.4425021622344265,0.029898213422411057,-0.2176836893422862,0.13734705394210336,0.34292958833095116,13,18,0.06,0.08,19.384615384615383
ndx,0.48493300055257094,0.0323017839854709,-0.21779044143247783,0.14831589381522747,0.36093072015354893,9,18,0.06,0.1,30.444444444444443
ndx,0.6109909357126975,0.03908728251731808,-0.1882845850929611,0.20759682741961935,0.423146301392441,9,18,0.06,0.12000000000000001,33.55555555555556
ndx,0.6741512171100359,0.04230537580788174,-0.22504561225265463,0.18798578379029343,0.43263309752171986,7,18,0.06,0.13999999999999999,49.42857142857143
ndx,0.9442847754367254,0.05491805755542645,-0.2186138666194607,0.25121031160855795,0.5268292135860492,7,18,0.06,0.16,61.857142857142854
ndx,1.1947127744068977,0.0652453376713662,-0.21861386661946058,0.2984501334718087,0.6068347000514667,7,18,0.06,0.18,64.85714285714286
ndx,1.109132124769458,0.0618438953995919,-0.18748603786349582,0.3298586716340925,0.5833404131213062,6,18,0.06,0.19999999999999998,72.0
ndx,1.2789777347913232,0.06847733982973514,-0.18748603786349582,0.3652396765650991,0.635135185745432,6,18,0.06,0.22,76.5
ndx,1.2705234433349335,0.0681580788054792,-0.2186138666194607,0.3117738131594433,0.6229374587008928,5,18,0.06,0.24,107.4
ndx,1.522924078528617,0.07724994786029504,-0.2186138666194607,0.35336252477873864,0.6855729362758446,5,18,0.06,0.26,124.2
ndx,1.7041176366100599,0.08327443981461857,-0.2186138666194608,0.3809202092361947,0.722689725965674,5,18,0.06,0.28,130.2
ndx,1.8869204997733502,0.08898735896237842,-0.2186138666194607,0.4070526739151362,0.7603692878291063,5,18,0.06,0.30000000000000004,137.4
ndx,2.1747934152049715,0.09734237481957231,-0.2186138666194608,0.4452708161875903,0.8206868361178317,5,18,0.06,0.32,141.4
ndx,2.397502707959193,0.10334091463621142,-0.2186138666194607,0.47270978842387923,0.8490268402987703,5,18,0.06,0.34,157.2
ndx,2.6212633427558,0.10901408111615285,-0.2186138666194607,0.49866041345818535,0.8691376508590212,5,18,0.06,0.36000000000000004,177.0
ndx,2.9191130941009305,0.11608506255389828,-0.2186138666194608,0.5310050288619912,0.9130028734735,5,18,0.06,0.38,189.0
ndx,3.1940318622889574,0.12218597241037732,-0.21861386661946092,0.5589122698381493,0.9515151874523953,5,18,0.06,0.4,196.0
ndx,0.5579985247917052,0.03629645455663999,-0.16034841032953173,0.22635992762290072,0.4729357786059902,41,18,0.08,0.02,4.024390243902439
ndx,0.37231059652658693,0.02577552402655936,-0.20614386058552991,0.12503658344879492,0.33645176970103674,22,18,0.08,0.04,8.636363636363637
ndx,0.386453258865165,0.026621549345811513,-0.20422875486550274,0.130351621461647,0.3348621902183641,15,18,0.08,0.06,13.933333333333334
ndx,0.5884908546314653,0.03791279173067541,-0.18651880541249677,0.20326525063694864,0.442398363432996,13,18,0.08,0.08,17.307692307692307
ndx,0.5928375654373697,0.038140874582562434,-0.19690255116437738,0.19370431899951274,0.43482787798152156,9,18,0.08,0.1,28.22222222222222
ndx,0.6927801997874663,0.04323322854630196,-0.18828458509296098,0.22961639969069478,0.47871075131129837,9,18,0.08,0.12000000000000001,32.44444444444444
ndx,0.8124415828030498,0.04897853777078098,-0.22226008696074684,0.22036587153603984,0.5088105926863026,7,18,0.08,0.13999999999999999,46.714285714285715
ndx,1.1037199856842563,0.06162454403943585,-0.2186138666194607,0.2818876267657128,0.6028944572775186,7,18,0.08,0.16,59.285714285714285
ndx,1.4168290779460455,0.0735349842257671,-0.1888237487863743,0.3894371587175768,0.7032085175548642,7,18,0.08,0.18,61.0
ndx,1.2162117864219484,0.0660806400461702,-0.18748603786349582,0.3524563258106823,0.6374707707322181,6,18,0.08,0.19999999999999998,70.33333333333333
ndx,1.3946803794427045,0.07274055184152561,-0.18748603786349582,0.3879785005349908,0.6907533571380716,6,18,0.08,0.22,74.83333333333333
ndx,1.3857968675225858,0.07242001696953992,-0.2186138666194607,0.3312690914323419,0.6765632372205383,5,18,0.08,0.24,105.4
ndx,1.6510117661282244,0.08154816247488883,-0.2186138666194607,0.37302374152157064,0.739980407327403,5,18,0.08,0.26,122.2
ndx,1.8414044372785532,0.08759669208121257,-0.2186138666194608,0.4006913808157071,0.7770180294470075,5,18,0.08,0.28,128.2
ndx,2.0334881171847816,0.09333240570914048,-0.2186138666194607,0.4269281137211822,0.8151775710680165,5,18,0.08,0.30000000000000004,135.4
ndx,2.3359762072758405,0.10172075798128066,-0.2186138666194608,0.46529874593154275,0.8771704704612036,5,18,0.08,0.32,139.4
ndx,2.569992347730555,0.1077432319011955,-0.2186138666194608,0.49284719934414395,0.9044849560555043,5,18,0.08,0.34,155.2
ndx,2.8051132063764785,0.11343903424862867,-0.21861386661946058,0.5189013670669441,0.9228502397715642,5,18,0.08,0.36000000000000004,175.0
ndx,3.118084651722076,0.12053822881909748,-0.21861386661946058,0.5513750371055712,0.9673983576165573,5,18,0.08,0.38,187.0
ndx,3.406960918510486,0.12666348123410676,-0.21861386661946058,0.5793936276448047,1.006646396130344,5,18,0.08,0.4,194.0
ndx,0.20233586971361128,0.014926865825363178,-0.1128305924238181,0.13229449127852114,0.2567941325435732,33,18,0.1,0.02,4.0
ndx,0.04993813007288095,0.003926089064613336,-0.1752551057926961,0.02240213799680899,0.09090710633254404,16,18,0.1,0.04,9.375
ndx,0.12425137400555064,0.009461704585421504,-0.15338644610859997,0.061685401973017036,0.1652671040236009,11,18,0.1,0.06,14.363636363636363
ndx,0.14383474991169565,0.010864394791532561,-0.1607306774998074,0.06759378458754757,0.17997237083279571,9,18,0.1,0.08,18.77777777777778
ndx,0.21378574108708248,0.01570064468883925,-0.16084520119462264,0.09761338586559057,0.23228728822971204,6,18,0.1,0.1,36.0
ndx,0.29808401628233194,0.02119927955424905,-0.1625524340763188,0.13041502377193523,0.29412565629038934,6,18,0.1,0.12000000000000001,41.166666666666664
ndx,0.13013790161475525,0.009885683092927255,-0.1642809777260983,0.06017545810696,0.1662097576008196,3,18,0.1,0.13999999999999999,60.333333333333336
ndx,0.2130043859253281,0.015648054793071076,-0.16172857213984515,0.09675504201904628,0.23654818054485804,3,18,0.1,0.16,63.666666666666664
ndx,0.26257926152988964,0.01892460229580073,-0.16172857213984504,0.11701458836498488,0.27620408005854186,3,18,0.1,0.18,65.66666666666667
ndx,0.2909798998036046,0.02074875898990669,-0.16172857213984515,0.12829371282623728,0.28805447086368346,3,18,0.1,0.19999999999999998,84.0
ndx,0.37440007542849973,0.025901021678719216,-0.16172857213984504,0.16015118006682744,0.34605601936582125,3,18,0.1,0.22,89.66666666666667
ndx,0.29592849832326307,0.021062823532679076,-0.21861386661946058,0.09634715243998207,0.2838507398594583,2,18,0.1,0.24,150.5
ndx,0.3598172486470297,0.025021465521027242,-0.21861386661946058,0.11445507052204473,0.3269676611296075,2,18,0.1,0.26,158.5
ndx,0.40017745488698875,0.027434988220217393,-0.21861386661946058,0.12549518767706194,0.35228369837039286,2,18,0.1,0.28,164.5
ndx,0.4296581159606372,0.029157814498274925,-0.2186138666194607,0.13337586928568299,0.37004975784658384,2,18,0.1,0.30000000000000004,171.0
ndx,0.4913908461331855,0.03266204904784442,-0.21861386661946058,0.14940520266584456,0.40725876157416907,2,18,0.1,0.32,173.0
ndx,0.5226977847803602,0.034388494042157935,-0.21861386661946058,0.1573024372786824,0.4154062405481897,2,18,0.1,0.34,201.5
ndx,0.5597296047941813,0.03638899123128625,-0.21861386661946058,0.16645326206424169,0.42055500341775964,2,18,0.1,0.36000000000000004,240.0
ndx,0.6112630475476319,0.03910139404998714,-0.21861386661946058,0.17886053915349578,0.446207407609101,2,18,0.1,0.38,245.5
ndx,0.6559550729361581,0.04138986954959134,-0.21861386661946058,0.18932865599801296,0.46877939038226835,2,18,0.1,0.4,249.5
ndx,0.1925805909680467,0.01426224220476291,-0.1128305924238181,0.12640403545157852,0.26513737745002397,29,18,0.12000000000000001,0.02,3.793103448275862
ndx,0.08017364417754136,0.006220510681962166,-0.1181515137640835,0.052648590642544256,0.12964296438957534,14,18,0.12000000000000001,0.04,9.0
ndx,0.0958727398312591,0.007388639392295504,-0.15338644610860008,0.04817009311933747,0.14329813868937594,9,18,0.12000000000000001,0.06,15.555555555555555
ndx,0.17656109691421484,0.013159916145544459,-0.1607306774998073,0.08187557192098713,0.22061441901827974,8,18,0.12000000000000001,0.08,19.0
ndx,0.060259235252937415,0.004716059227431568,-0.16084520119462276,0.029320484493193768,0.1017761668962861,4,18,0.12000000000000001,0.1,38.25
ndx,0.141965344468592,0.010731453088379306,-0.16084520119462264,0.06671913746058393,0.1841396493295278,4,18,0.12000000000000001,0.12000000000000001,40.5
ndx,0.05124266317008708,0.004026330367173259,-0.16172857213984504,0.02489560325612553,0.0918469363083455,2,18,0.12000000000000001,0.13999999999999999,80.0
ndx,0.10835633425226532,0.008306578666183118,-0.16172857213984504,0.051361231699989934,0.1502364441657696,2,18,0.12000000000000001,0.16,81.0
ndx,0.13448889067673786,0.010197760794893096,-0.16172857213984504,0.06305478778403606,0.1754765866130087,2,18,0.12000000000000001,0.18,82.5
ndx,0.1490308322813625,0.011232864473598392,-0.16172857213984515,0.06945504016374696,0.183318465583549,2,18,0.12000000000000001,0.19999999999999998,104.0
ndx,0.20448086307668056,0.01507233817754039,-0.16172857213984504,0.09319527142370053,0.23154077321247846,2,18,0.12000000000000001,0.22,106.5
ndx,0.08683047684215484,0.006717722288012151,-0.2186138666194607,0.03072871081735009,0.1234236947977156,1,18,0.12000000000000001,0.24,244.0
ndx,0.11499631756411999,0.008790961079070403,-0.2186138666194607,0.04021227571246775,0.1486111251475164,1,18,0.12000000000000001,0.26,257.0
ndx,0.1351274401947855,0.010243468552534551,-0.2186138666194607,0.04685644470286631,0.16623571310704352,1,18,0.12000000000000001,0.28,258.0
ndx,0.14365364477051057,0.010851524346619845,-0.2186138666194607,0.04963785927408256,0.1732057710064293,1,18,0.12000000000000001,0.30000000000000004,263.0
ndx,0.1731815613398493,0.012925603169657629,-0.2186138666194607,0.05912526670669577,0.1979111274799344,1,18,0.12000000000000001,0.32,264.0
ndx,0.17782370086639743,0.013247297347108056,-0.2186138666194607,0.06059678442158253,0.20178515370443686,1,18,0.12000000000000001,0.34,265.0
ndx,0.19354889712889478,0.014328435604140655,-0.2186138666194607,0.06554220839560027,0.21461243767407118,1,18,0.12000000000000001,0.36000000000000004,268.0
ndx,0.2130488681119842,0.015651049547556584,-0.2186138666194607,0.07159220862599824,0.22983362794044385,1,18,0.12000000000000001,0.38,274.0
ndx,0.23121400378005053,0.016865652550569266,-0.2186138666194607,0.07714813708467617,0.24425739700921628,1,18,0.12000000000000001,0.4,276.0
ndx,0.32832186112830564,0.0230918512961531,-0.1128305924238181,0.20465948817688295,0.44695676698757747,26,18,0.13999999999999999,0.02,3.6538461538461537
ndx,0.20142064122999703,0.014864722845856493,-0.11815151376408362,0.12581068470724205,0.2783363708026675,13,18,0.13999999999999999,0.04,8.846153846153847
ndx,0.1369562655423633,0.010374246254982511,-0.1449883962716405,0.07155225191639489,0.19381621793950138,8,18,0.13999999999999999,0.06,16.125
ndx,0.20790514172175079,0.015304078013835154,-0.16073067749980752,0.0952156629455723,0.26057869668544376,7,18,0.13999999999999999,0.08,19.571428571428573
ndx,0.02176284348804658,0.001732645499940233,-0.16084520119462287,0.010772130514753312,0.05942456237168649,3,18,0.13999999999999999,0.1,46.666666666666664
ndx,0.10199853569638462,0.00784027410942345,-0.16084520119462276,0.04874422147003762,0.1485326603301365,3,18,0.13999999999999999,0.12000000000000001,47.333333333333336
ndx,0.0938200940363676,0.007236785194360662,-0.16172857213984526,0.04474648541448247,0.13710341077925003,2,18,0.13999999999999999,0.13999999999999999,77.5
ndx,0.15324698305310736,0.011530719931064137,-0.16172857213984526,0.07129673983081744,0.19553744176084786,2,18,0.13999999999999999,0.16,78.5
ndx,0.1804379602908741,0.013427949266516137,-0.16172857213984515,0.08302768699958049,0.22077171692945732,2,18,0.13999999999999999,0.18,80.0
ndx,0.1955688796215982,0.014466362772365793,-0.16172857213984537,0.0894484047002953,0.22609770166908702,2,18,0.13999999999999999,0.19999999999999998,101.5
ndx,0.25326474759175177,0.018318113501833766,-0.16172857213984526,0.1132645472563392,0.2745018735940409,2,18,0.13999999999999999,0.22,104.0
ndx,0.10682462115951052,0.00819446248838096,-0.2186138666194607,0.03748372697073691,0.14208252689481396,1,18,0.13999999999999999,0.24,242.0
ndx,0.1355086217014423,0.010270742484535633,-0.2186138666194607,0.04698120317506587,0.16732609818338431,1,18,0.13999999999999999,0.26,255.0
ndx,0.15601009148350298,0.01172538062097539,-0.2186138666194607,0.05363511840438585,0.18503213334331248,1,18,0.13999999999999999,0.28,256.0
ndx,0.16469315047985655,0.012334328363633018,-0.2186138666194607,0.05642061299388332,0.19195058692158282,1,18,0.13999999999999999,0.30000000000000004,261.0
ndx,0.19476428463267093,0.014411449623998429,-0.2186138666194607,0.06592193737227253,0.21674218272503562,1,18,0.13999999999999999,0.32,262.0
ndx,0.19949182442136948,0.014733615690155633,-0.2186138666194607,0.06739561363599278,0.22064053157030478,1,18,0.13999999999999999,0.34,263.0
ndx,0.21550631312660773,0.015816339853834016,-0.2186138666194607,0.07234829198353362,0.23352063815111235,1,18,0.13999999999999999,0.36000000000000004,266.0
ndx,0.23536502012449234,0.017140893921215872,-0.2186138666194607,0.07840716687497633,0.24874720505570552,1,18,0.13999999999999999,0.38,272.0
ndx,0.25386433518100104,0.01835727860845071,-0.2186138666194607,0.0839712452477,0.26325374131576135,1,18,0.13999999999999999,0.4,274.0
ndx,0.1819369177720589,0.013531365123800043,-0.07497325506268515,0.18048256158127943,0.31129601403777046,18,18,0.16,0.02,3.4444444444444446
ndx,0.17955849422933623,0.013367217045654245,-0.08052123102468356,0.16600860264489203,0.2808148129429257,10,18,0.16,0.04,8.0
ndx,0.1550201107499778,0.011655685820624928,-0.08126399589062894,0.14342988789662778,0.2457867461170022,6,18,0.16,0.06,13.333333333333334
ndx,0.23236818697490857,0.016942268503103097,-0.08126399589062905,0.20848431482381477,0.3381637176883766,6,18,0.16,0.08,14.5
ndx,0.09604160167764886,0.007401120100791969,-0.1369215116829896,0.05405374224853409,0.1555385553156303,3,18,0.16,0.1,33.666666666666664
ndx,0.1668293425135452,0.012483500705291695,-0.1369215116829896,0.09117267660756172,0.23340344632117024,3,18,0.16,0.12000000000000001,39.333333333333336
ndx,0.13766611879928314,0.010424955132225966,-0.1369215116829896,0.0761381831392759,0.19167823789263863,2,18,0.16,0.13999999999999999,69.0
ndx,0.1994751480433028,0.014732481304273959,-0.1369215116829896,0.10759800358020911,0.2541841500491945,2,18,0.16,0.16,70.0
ndx,0.2277560817261879,0.016635715870691792,-0.1369215116829896,0.12149819021285699,0.28106036597238887,2,18,0.16,0.18,71.5
ndx,0.24349352736528562,0.017677416229018528,-0.1369215116829896,0.1291062011493602,0.28188816949535095,2,18,0.16,0.19999999999999998,93.0
ndx,0.3035021471942958,0.021541358764886498,-0.1369215116829896,0.15732632878579794,0.3333767890944821,2,18,0.16,0.22,95.5
ndx,0.11539267908908557,0.008819791422361556,-0.2186138666194607,0.04034415363831468,0.15207576859455013,1,18,0.16,0.24,236.0
ndx,0.14429872581032765,0.010897359223602354,-0.2186138666194607,0.049847520617579556,0.1780141441171424,1,18,0.16,0.26,249.0
ndx,0.16495889985083734,0.012352899594034517,-0.2186138666194607,0.05650556291352325,0.19623592235483373,1,18,0.16,0.28,250.0
ndx,0.173709175415258,0.012962225034305996,-0.2186138666194607,0.0592927851958688,0.20327837265472734,1,18,0.16,0.30000000000000004,255.0
ndx,0.20401309370975484,0.015040634621548588,-0.2186138666194607,0.06880000273600985,0.22875160116966187,1,18,0.16,0.32,256.0
ndx,0.20877722993297376,0.015363000510032032,-0.2186138666194607,0.07027459304205198,0.23276683310697466,1,18,0.16,0.34,257.0
ndx,0.2249156886550654,0.016446396229419458,-0.2186138666194607,0.07523034327025357,0.2460048260321004,1,18,0.16,0.36000000000000004,260.0
ndx,0.24492812421004162,0.01777177184662504,-0.2186138666194607,0.08129297615672391,0.26159175158943415,1,18,0.16,0.38,266.0
ndx,0.2635706446127555,0.01898891099202049,-0.2186138666194607,0.08686050562874097,0.2765194839215197,1,18,0.16,0.4,268.0
ndx,0.3351845729049061,0.023515864245259532,-0.0495319641143549,0.47476139227930153,0.6308140340283493,14,18,0.18,0.02,2.7142857142857144
ndx,0.232000227446842,0.01691785011165181,-0.0741029124709629,0.22830209431081458,0.4058349169880049,7,18,0.18,0.04,7.428571428571429
ndx,0.2309995565925851,0.01685141003450541,-0.0768813722372843,0.2191871651626578,0.3731750332123387,5,18,0.18,0.06,13.2
ndx,0.29189320435888755,0.02080680539454627,-0.0768813722372843,0.27063519795573865,0.449117931871374,5,18,0.18,0.08,14.0
ndx,0.21424826487690152,0.015731760651410243,-0.0839241791503359,0.1874520645978493,0.32920180662754067,3,18,0.18,0.1,27.0
ndx,0.29267037162264753,0.0208561696844205,-0.08392417915033601,0.24851204856064413,0.4052111458692708,3,18,0.18,0.12000000000000001,32.666666666666664
ndx,0.23140893083771652,0.016878596657591283,-0.1131507837076633,0.14916906542334585,0.31201738212994556,2,18,0.18,0.13999999999999999,60.0
ndx,0.29831097649046523,0.02121363524373221,-0.1131507837076633,0.1874811163353479,0.37810290217380926,2,18,0.18,0.16,61.0
ndx,0.3289222373288292,0.023129025877325793,-0.1131507837076634,0.20440888802928658,0.4063308911464438,2,18,0.18,0.18,62.5
ndx,0.345956436368712,0.0241773796349527,-0.1131507837076633,0.21367399184275604,0.3961028863487301,2,18,0.18,0.19999999999999998,84.0
ndx,0.4109097202572036,0.028066001391058082,-0.11315078370766318,0.24804071586078905,0.4506335559792588,2,18,0.18,0.22,86.5
ndx,0.17342422765112642,0.01294244859792304,-0.2186138666194607,0.059202322332333336,0.2130464853349491,1,18,0.18,0.24,220.0
ndx,0.2038341955343852,0.015028506617016824,-0.2186138666194607,0.06874452590501415,0.24011462029065275,1,18,0.18,0.26,233.0
ndx,0.22556927522526293,0.016489995219237663,-0.2186138666194607,0.0754297770504268,0.25930605798135775,1,18,0.18,0.28,234.0
ndx,0.23477480932855332,0.017101810737439882,-0.2186138666194607,0.07822838963462853,0.2663413882520442,1,18,0.18,0.30000000000000004,239.0
ndx,0.2666553771197666,0.019188713982589922,-0.2186138666194607,0.0877744595039415,0.2930194683426311,1,18,0.18,0.32,240.0
ndx,0.27166738138782476,0.019512397256055802,-0.2186138666194607,0.08925507589150722,0.29727331030192505,1,18,0.18,0.34,241.0
ndx,0.2886454903681668,0.02060022039565701,-0.2186138666194607,0.09423107835842655,0.3111680805191629,1,18,0.18,0.36000000000000004,244.0
ndx,0.3096991310946722,0.021931012311536602,-0.2186138666194607,0.10031848688588327,0.32725247083118725,1,18,0.18,0.38,250.0
ndx,0.3293115828483364,0.0231531254349151,-0.2186138666194607,0.10590876870229622,0.34302124241321363,1,18,0.18,0.4,252.0
ndx,0.2812813427790377,0.02013001235323797,-0.02299517158872233,0.875401702290861,0.6701237231954235,9,18,0.19999999999999998,0.02,1.7777777777777777
ndx,0.29183121144969726,0.020802866538659925,-0.040211177182506996,0.5173404012581299,0.5650384852721234,6,18,0.19999999999999998,0.04,5.333333333333333
ndx,0.269478290597162,0.019371166822472308,-0.0768813722372843,0.25196177251734964,0.4934097510971489,4,18,0.19999999999999998,0.06,9.75
ndx,0.3118985537332981,0.022068899897636385,-0.0768813722372843,0.2870513266792847,0.5522745092285455,4,18,0.19999999999999998,0.08,10.5
ndx,0.299385389674355,0.021281562732510917,-0.08392417915033579,0.25358082674110693,0.4526652014744916,3,18,0.19999999999999998,0.1,23.333333333333332
ndx,0.38330606939073575,0.02643397074814402,-0.08392417915033579,0.3149744330628732,0.5230544522175922,3,18,0.19999999999999998,0.12000000000000001,29.0
ndx,0.269572797511201,0.019377268613535392,-0.1131507837076634,0.17125174018766448,0.358803547463411,2,18,0.19999999999999998,0.13999999999999999,57.5
ndx,0.3385482735951697,0.02372295924740242,-0.1131507837076634,0.20965793139085193,0.42509271030307666,2,18,0.19999999999999998,0.16,58.5
ndx,0.3701082396508557,0.02564305637484532,-0.1131507837076634,0.22662729796990863,0.4533569120031836,2,18,0.19999999999999998,0.18,60.0
ndx,0.3876703631557701,0.026693986145127857,-0.1131507837076633,0.23591516797704662,0.438842209493973,2,18,0.19999999999999998,0.19999999999999998,81.5
ndx,0.45463668138585867,0.030592163014460327,-0.1131507837076633,0.2703663378372909,0.49376190533970415,2,18,0.19999999999999998,0.22,84.0
ndx,0.17342422765112642,0.01294244859792304,-0.2186138666194607,0.059202322332333336,0.2130464853349491,1,18,0.19999999999999998,0.24,220.0
ndx,0.2038341955343852,0.015028506617016824,-0.2186138666194607,0.06874452590501415,0.24011462029065275,1,18,0.19999999999999998,0.26,233.0
ndx,0.22556927522526293,0.016489995219237663,-0.2186138666194607,0.0754297770504268,0.25930605798135775,1,18,0.19999999999999998,0.28,234.0
ndx,0.23477480932855332,0.017101810737439882,-0.2186138666194607,0.07822838963462853,0.2663413882520442,1,18,0.19999999999999998,0.30000000000000004,239.0
ndx,0.2666553771197666,0.019188713982589922,-0.2186138666194607,0.0877744595039415,0.2930194683426311,1,18,0.19999999999999998,0.32,240.0
ndx,0.27166738138782476,0.019512397256055802,-0.2186138666194607,0.08925507589150722,0.29727331030192505,1,18,0.19999999999999998,0.34,241.0
ndx,0.2886454903681668,0.02060022039565701,-0.2186138666194607,0.09423107835842655,0.3111680805191629,1,18,0.19999999999999998,0.36000000000000004,244.0
ndx,0.3096991310946722,0.021931012311536602,-0.2186138666194607,0.10031848688588327,0.32725247083118725,1,18,0.19999999999999998,0.38,250.0
ndx,0.3293115828483364,0.0231531254349151,-0.2186138666194607,0.10590876870229622,0.34302124241321363,1,18,0.19999999999999998,0.4,252.0
ndx,0.08621447623881551,0.006671829779425487,-0.0005312126121188587,12.559622319231883,0.5191221317132572,3,18,0.22,0.02,1.6666666666666667
ndx,0.12147559905833671,0.009261070023757867,-0.030953008625006495,0.2991977334402311,0.3498677629490936,2,18,0.22,0.04,5.0
ndx,0.14989808489723044,0.011294214674533176,-0.030953008625006495,0.36488261323355625,0.40887224066601674,2,18,0.22,0.06,7.0
ndx,0.1740153623467522,0.012983470627555782,-0.030953008625006495,0.4194574680881464,0.45831800183034765,2,18,0.22,0.08,7.5
ndx,0.09504476442733822,0.007327417488943944,-0.08392417915033579,0.0873099691069737,0.23065746652241303,1,18,0.22,0.1,23.0
ndx,0.11478750703213847,0.00877576893407217,-0.08392417915033579,0.10456782566025322,0.24930935827035505,1,18,0.22,0.12000000000000001,35.0
ndx,0.14564963002721143,0.010993267950700103,-0.1131507837076633,0.09715591523521695,0.25678826992861337,1,18,0.22,0.13999999999999999,77.0
ndx,0.18642638120167332,0.013840381553947845,-0.1131507837076633,0.12231803528383768,0.3108287491419778,1,18,0.22,0.16,78.0
ndx,0.18642638120167332,0.013840381553947845,-0.1131507837076633,0.12231803528383768,0.3108287491419778,1,18,0.22,0.18,78.0
ndx,0.1904010098757174,0.014113065047624218,-0.1131507837076633,0.12472794783363389,0.2896418163903696,1,18,0.22,0.19999999999999998,116.0
ndx,0.22147399624608521,0.016216456719784,-0.1131507837076633,0.14331722846640538,0.3271629048460822,1,18,0.22,0.22,118.0
ndx,0.22746358177301618,0.016616238595679844,-0.1131507837076633,0.14685040660972892,0.32698616923183715,1,18,0.22,0.24,137.0
ndx,0.25927401078921775,0.01870986243363726,-0.1131507837076633,0.16535336142236642,0.36052143849215906,1,18,0.22,0.26,150.0
ndx,0.282010049588153,0.020176651635330778,-0.1131507837076633,0.1783164992251334,0.3849883094145759,1,18,0.22,0.28,151.0
ndx,0.2916395233933571,0.020790686116450408,-0.1131507837076633,0.18374319147594495,0.3922782756787186,1,18,0.22,0.30000000000000004,156.0
ndx,0.32498827741413616,0.022885158245971926,-0.1131507837076633,0.20225364328980777,0.4254994554880708,1,18,0.22,0.32,157.0
ndx,0.3302310980119749,0.023210015470015444,-0.1131507837076633,0.20512465499117452,0.43100646898457295,1,18,0.22,0.34,158.0
ndx,0.34799109475455037,0.024301783980624547,-0.1131507837076633,0.21477344817523059,0.44840922054639826,1,18,0.22,0.36000000000000004,161.0
ndx,0.37001431248480676,0.025637402478741356,-0.1131507837076633,0.22657733016660517,0.46727696312809186,1,18,0.22,0.38,167.0
ndx,0.39052997059857497,0.02686394802271308,-0.1131507837076633,0.23741725105606742,0.4874292600397933,1,18,0.22,0.4,169.0
ndx,0.0,0.0,0.0,,0.0,0,18,0.24,0.02,0.0
ndx,0.0,0.0,0.0,,0.0,0,18,0.24,0.04,0.0
ndx,0.0,0.0,0.0,,0.0,0,18,0.24,0.06,0.0
ndx,0.0,0.0,0.0,,0.0,0,18,0.24,0.08,0.0
ndx,0.0,0.0,0.0,,0.0,0,18,0.24,0.1,0.0
ndx,0.0,0.0,0.0,,0.0,0,18,0.24,0.12000000000000001,0.0
ndx,0.0,0.0,0.0,,0.0,0,18,0.24,0.13999999999999999,0.0
ndx,0.0,0.0,0.0,,0.0,0,18,0.24,0.16,0.0
ndx,0.0,0.0,0.0,,0.0,0,18,0.24,0.18,0.0
ndx,0.0,0.0,0.0,,0.0,0,18,0.24,0.19999999999999998,0.0
ndx,0.0,0.0,0.0,,0.0,0,18,0.24,0.22,0.0
ndx,0.0,0.0,0.0,,0.0,0,18,0.24,0.24,0.0
ndx,0.0,0.0,0.0,,0.0,0,18,0.24,0.26,0.0
ndx,0.0,0.0,0.0,,0.0,0,18,0.24,0.28,0.0
ndx,0.0,0.0,0.0,,0.0,0,18,0.24,0.30000000000000004,0.0
ndx,0.0,0.0,0.0,,0.0,0,18,0.24,0.32,0.0
ndx,0.0,0.0,0.0,,0.0,0,18,0.24,0.34,0.0
ndx,0.0,0.0,0.0,,0.0,0,18,0.24,0.36000000000000004,0.0
ndx,0.0,0.0,0.0,,0.0,0,18,0.24,0.38,0.0
ndx,0.0,0.0,0.0,,0.0,0,18,0.24,0.4,0.0
ndx,0.0,0.0,0.0,,0.0,0,18,0.26,0.02,0.0
ndx,0.0,0.0,0.0,,0.0,0,18,0.26,0.04,0.0
ndx,0.0,0.0,0.0,,0.0,0,18,0.26,0.06,0.0
ndx,0.0,0.0,0.0,,0.0,0,18,0.26,0.08,0.0
ndx,0.0,0.0,0.0,,0.0,0,18,0.26,0.1,0.0
ndx,0.0,0.0,0.0,,0.0,0,18,0.26,0.12000000000000001,0.0
ndx,0.0,0.0,0.0,,0.0,0,18,0.26,0.13999999999999999,0.0
ndx,0.0,0.0,0.0,,0.0,0,18,0.26,0.16,0.0
ndx,0.0,0.0,0.0,,0.0,0,18,0.26,0.18,0.0
ndx,0.0,0.0,0.0,,0.0,0,18,0.26,0.19999999999999998,0.0
ndx,0.0,0.0,0.0,,0.0,0,18,0.26,0.22,0.0
ndx,0.0,0.0,0.0,,0.0,0,18,0.26,0.24,0.0
ndx,0.0,0.0,0.0,,0.0,0,18,0.26,0.26,0.0
ndx,0.0,0.0,0.0,,0.0,0,18,0.26,0.28,0.0
ndx,0.0,0.0,0.0,,0.0,0,18,0.26,0.30000000000000004,0.0
ndx,0.0,0.0,0.0,,0.0,0,18,0.26,0.32,0.0
ndx,0.0,0.0,0.0,,0.0,0,18,0.26,0.34,0.0
ndx,0.0,0.0,0.0,,0.0,0,18,0.26,0.36000000000000004,0.0
ndx,0.0,0.0,0.0,,0.0,0,18,0.26,0.38,0.0
ndx,0.0,0.0,0.0,,0.0,0,18,0.26,0.4,0.0
ndx,0.0,0.0,0.0,,0.0,0,18,0.28,0.02,0.0
ndx,0.0,0.0,0.0,,0.0,0,18,0.28,0.04,0.0
ndx,0.0,0.0,0.0,,0.0,0,18,0.28,0.06,0.0
ndx,0.0,0.0,0.0,,0.0,0,18,0.28,0.08,0.0
ndx,0.0,0.0,0.0,,0.0,0,18,0.28,0.1,0.0
ndx,0.0,0.0,0.0,,0.0,0,18,0.28,0.12000000000000001,0.0
ndx,0.0,0.0,0.0,,0.0,0,18,0.28,0.13999999999999999,0.0
ndx,0.0,0.0,0.0,,0.0,0,18,0.28,0.16,0.0
ndx,0.0,0.0,0.0,,0.0,0,18,0.28,0.18,0.0
ndx,0.0,0.0,0.0,,0.0,0,18,0.28,0.19999999999999998,0.0
ndx,0.0,0.0,0.0,,0.0,0,18,0.28,0.22,0.0
ndx,0.0,0.0,0.0,,0.0,0,18,0.28,0.24,0.0
ndx,0.0,0.0,0.0,,0.0,0,18,0.28,0.26,0.0
ndx,0.0,0.0,0.0,,0.0,0,18,0.28,0.28,0.0
ndx,0.0,0.0,0.0,,0.0,0,18,0.28,0.30000000000000004,0.0
ndx,0.0,0.0,0.0,,0.0,0,18,0.28,0.32,0.0
ndx,0.0,0.0,0.0,,0.0,0,18,0.28,0.34,0.0
ndx,0.0,0.0,0.0,,0.0,0,18,0.28,0.36000000000000004,0.0
ndx,0.0,0.0,0.0,,0.0,0,18,0.28,0.38,0.0
ndx,0.0,0.0,0.0,,0.0,0,18,0.28,0.4,0.0
ndx,0.0,0.0,0.0,,0.0,0,18,0.30000000000000004,0.02,0.0
ndx,0.0,0.0,0.0,,0.0,0,18,0.30000000000000004,0.04,0.0
ndx,0.0,0.0,0.0,,0.0,0,18,0.30000000000000004,0.06,0.0
ndx,0.0,0.0,0.0,,0.0,0,18,0.30000000000000004,0.08,0.0
ndx,0.0,0.0,0.0,,0.0,0,18,0.30000000000000004,0.1,0.0
ndx,0.0,0.0,0.0,,0.0,0,18,0.30000000000000004,0.12000000000000001,0.0
ndx,0.0,0.0,0.0,,0.0,0,18,0.30000000000000004,0.13999999999999999,0.0
ndx,0.0,0.0,0.0,,0.0,0,18,0.30000000000000004,0.16,0.0
ndx,0.0,0.0,0.0,,0.0,0,18,0.30000000000000004,0.18,0.0
ndx,0.0,0.0,0.0,,0.0,0,18,0.30000000000000004,0.19999999999999998,0.0
ndx,0.0,0.0,0.0,,0.0,0,18,0.30000000000000004,0.22,0.0
ndx,0.0,0.0,0.0,,0.0,0,18,0.30000000000000004,0.24,0.0
ndx,0.0,0.0,0.0,,0.0,0,18,0.30000000000000004,0.26,0.0
ndx,0.0,0.0,0.0,,0.0,0,18,0.30000000000000004,0.28,0.0
ndx,0.0,0.0,0.0,,0.0,0,18,0.30000000000000004,0.30000000000000004,0.0
ndx,0.0,0.0,0.0,,0.0,0,18,0.30000000000000004,0.32,0.0
ndx,0.0,0.0,0.0,,0.0,0,18,0.30000000000000004,0.34,0.0
ndx,0.0,0.0,0.0,,0.0,0,18,0.30000000000000004,0.36000000000000004,0.0
ndx,0.0,0.0,0.0,,0.0,0,18,0.30000000000000004,0.38,0.0
ndx,0.0,0.0,0.0,,0.0,0,18,0.30000000000000004,0.4,0.0
ndx,0.0,0.0,0.0,,0.0,0,18,0.32,0.02,0.0
ndx,0.0,0.0,0.0,,0.0,0,18,0.32,0.04,0.0
ndx,0.0,0.0,0.0,,0.0,0,18,0.32,0.06,0.0
ndx,0.0,0.0,0.0,,0.0,0,18,0.32,0.08,0.0
ndx,0.0,0.0,0.0,,0.0,0,18,0.32,0.1,0.0
ndx,0.0,0.0,0.0,,0.0,0,18,0.32,0.12000000000000001,0.0
ndx,0.0,0.0,0.0,,0.0,0,18,0.32,0.13999999999999999,0.0
ndx,0.0,0.0,0.0,,0.0,0,18,0.32,0.16,0.0
ndx,0.0,0.0,0.0,,0.0,0,18,0.32,0.18,0.0
ndx,0.0,0.0,0.0,,0.0,0,18,0.32,0.19999999999999998,0.0
ndx,0.0,0.0,0.0,,0.0,0,18,0.32,0.22,0.0
ndx,0.0,0.0,0.0,,0.0,0,18,0.32,0.24,0.0
ndx,0.0,0.0,0.0,,0.0,0,18,0.32,0.26,0.0
ndx,0.0,0.0,0.0,,0.0,0,18,0.32,0.28,0.0
ndx,0.0,0.0,0.0,,0.0,0,18,0.32,0.30000000000000004,0.0
ndx,0.0,0.0,0.0,,0.0,0,18,0.32,0.32,0.0
ndx,0.0,0.0,0.0,,0.0,0,18,0.32,0.34,0.0
ndx,0.0,0.0,0.0,,0.0,0,18,0.32,0.36000000000000004,0.0
ndx,0.0,0.0,0.0,,0.0,0,18,0.32,0.38,0.0
ndx,0.0,0.0,0.0,,0.0,0,18,0.32,0.4,0.0
ndx,0.0,0.0,0.0,,0.0,0,18,0.34,0.02,0.0
ndx,0.0,0.0,0.0,,0.0,0,18,0.34,0.04,0.0
ndx,0.0,0.0,0.0,,0.0,0,18,0.34,0.06,0.0
ndx,0.0,0.0,0.0,,0.0,0,18,0.34,0.08,0.0
ndx,0.0,0.0,0.0,,0.0,0,18,0.34,0.1,0.0
ndx,0.0,0.0,0.0,,0.0,0,18,0.34,0.12000000000000001,0.0
ndx,0.0,0.0,0.0,,0.0,0,18,0.34,0.13999999999999999,0.0
ndx,0.0,0.0,0.0,,0.0,0,18,0.34,0.16,0.0
ndx,0.0,0.0,0.0,,0.0,0,18,0.34,0.18,0.0
ndx,0.0,0.0,0.0,,0.0,0,18,0.34,0.19999999999999998,0.0
ndx,0.0,0.0,0.0,,0.0,0,18,0.34,0.22,0.0
ndx,0.0,0.0,0.0,,0.0,0,18,0.34,0.24,0.0
ndx,0.0,0.0,0.0,,0.0,0,18,0.34,0.26,0.0
ndx,0.0,0.0,0.0,,0.0,0,18,0.34,0.28,0.0
ndx,0.0,0.0,0.0,,0.0,0,18,0.34,0.30000000000000004,0.0
ndx,0.0,0.0,0.0,,0.0,0,18,0.34,0.32,0.0
ndx,0.0,0.0,0.0,,0.0,0,18,0.34,0.34,0.0
ndx,0.0,0.0,0.0,,0.0,0,18,0.34,0.36000000000000004,0.0
ndx,0.0,0.0,0.0,,0.0,0,18,0.34,0.38,0.0
ndx,0.0,0.0,0.0,,0.0,0,18,0.34,0.4,0.0
ndx,0.0,0.0,0.0,,0.0,0,18,0.36000000000000004,0.02,0.0
ndx,0.0,0.0,0.0,,0.0,0,18,0.36000000000000004,0.04,0.0
ndx,0.0,0.0,0.0,,0.0,0,18,0.36000000000000004,0.06,0.0
ndx,0.0,0.0,0.0,,0.0,0,18,0.36000000000000004,0.08,0.0
ndx,0.0,0.0,0.0,,0.0,0,18,0.36000000000000004,0.1,0.0
ndx,0.0,0.0,0.0,,0.0,0,18,0.36000000000000004,0.12000000000000001,0.0
ndx,0.0,0.0,0.0,,0.0,0,18,0.36000000000000004,0.13999999999999999,0.0
ndx,0.0,0.0,0.0,,0.0,0,18,0.36000000000000004,0.16,0.0
ndx,0.0,0.0,0.0,,0.0,0,18,0.36000000000000004,0.18,0.0
ndx,0.0,0.0,0.0,,0.0,0,18,0.36000000000000004,0.19999999999999998,0.0
ndx,0.0,0.0,0.0,,0.0,0,18,0.36000000000000004,0.22,0.0
ndx,0.0,0.0,0.0,,0.0,0,18,0.36000000000000004,0.24,0.0
ndx,0.0,0.0,0.0,,0.0,0,18,0.36000000000000004,0.26,0.0
ndx,0.0,0.0,0.0,,0.0,0,18,0.36000000000000004,0.28,0.0
ndx,0.0,0.0,0.0,,0.0,0,18,0.36000000000000004,0.30000000000000004,0.0
ndx,0.0,0.0,0.0,,0.0,0,18,0.36000000000000004,0.32,0.0
ndx,0.0,0.0,0.0,,0.0,0,18,0.36000000000000004,0.34,0.0
ndx,0.0,0.0,0.0,,0.0,0,18,0.36000000000000004,0.36000000000000004,0.0
ndx,0.0,0.0,0.0,,0.0,0,18,0.36000000000000004,0.38,0.0
ndx,0.0,0.0,0.0,,0.0,0,18,0.36000000000000004,0.4,0.0
ndx,0.0,0.0,0.0,,0.0,0,18,0.38,0.02,0.0
ndx,0.0,0.0,0.0,,0.0,0,18,0.38,0.04,0.0
ndx,0.0,0.0,0.0,,0.0,0,18,0.38,0.06,0.0
ndx,0.0,0.0,0.0,,0.0,0,18,0.38,0.08,0.0
ndx,0.0,0.0,0.0,,0.0,0,18,0.38,0.1,0.0
ndx,0.0,0.0,0.0,,0.0,0,18,0.38,0.12000000000000001,0.0
ndx,0.0,0.0,0.0,,0.0,0,18,0.38,0.13999999999999999,0.0
ndx,0.0,0.0,0.0,,0.0,0,18,0.38,0.16,0.0
ndx,0.0,0.0,0.0,,0.0,0,18,0.38,0.18,0.0
ndx,0.0,0.0,0.0,,0.0,0,18,0.38,0.19999999999999998,0.0
ndx,0.0,0.0,0.0,,0.0,0,18,0.38,0.22,0.0
ndx,0.0,0.0,0.0,,0.0,0,18,0.38,0.24,0.0
ndx,0.0,0.0,0.0,,0.0,0,18,0.38,0.26,0.0
ndx,0.0,0.0,0.0,,0.0,0,18,0.38,0.28,0.0
ndx,0.0,0.0,0.0,,0.0,0,18,0.38,0.30000000000000004,0.0
ndx,0.0,0.0,0.0,,0.0,0,18,0.38,0.32,0.0
ndx,0.0,0.0,0.0,,0.0,0,18,0.38,0.34,0.0
ndx,0.0,0.0,0.0,,0.0,0,18,0.38,0.36000000000000004,0.0
ndx,0.0,0.0,0.0,,0.0,0,18,0.38,0.38,0.0
ndx,0.0,0.0,0.0,,0.0,0,18,0.38,0.4,0.0
ndx,0.0,0.0,0.0,,0.0,0,18,0.4,0.02,0.0
ndx,0.0,0.0,0.0,,0.0,0,18,0.4,0.04,0.0
ndx,0.0,0.0,0.0,,0.0,0,18,0.4,0.06,0.0
ndx,0.0,0.0,0.0,,0.0,0,18,0.4,0.08,0.0
ndx,0.0,0.0,0.0,,0.0,0,18,0.4,0.1,0.0
ndx,0.0,0.0,0.0,,0.0,0,18,0.4,0.12000000000000001,0.0
ndx,0.0,0.0,0.0,,0.0,0,18,0.4,0.13999999999999999,0.0
ndx,0.0,0.0,0.0,,0.0,0,18,0.4,0.16,0.0
ndx,0.0,0.0,0.0,,0.0,0,18,0.4,0.18,0.0
ndx,0.0,0.0,0.0,,0.0,0,18,0.4,0.19999999999999998,0.0
ndx,0.0,0.0,0.0,,0.0,0,18,0.4,0.22,0.0
ndx,0.0,0.0,0.0,,0.0,0,18,0.4,0.24,0.0
ndx,0.0,0.0,0.0,,0.0,0,18,0.4,0.26,0.0
ndx,0.0,0.0,0.0,,0.0,0,18,0.4,0.28,0.0
ndx,0.0,0.0,0.0,,0.0,0,18,0.4,0.30000000000000004,0.0
ndx,0.0,0.0,0.0,,0.0,0,18,0.4,0.32,0.0
ndx,0.0,0.0,0.0,,0.0,0,18,0.4,0.34,0.0
ndx,0.0,0.0,0.0,,0.0,0,18,0.4,0.36000000000000004,0.0
ndx,0.0,0.0,0.0,,0.0,0,18,0.4,0.38,0.0
ndx,0.0,0.0,0.0,,0.0,0,18,0.4,0.4,0.0
ndx,0.6373391516696827,0.040443619019611354,-0.16034841032953173,0.25222338616576084,0.4978522969714161,50,24,0.02,0.02,4.0
ndx,0.5241624833862992,0.03446846416754057,-0.19553833284049282,0.17627471640385545,0.41697962800756766,27,24,0.02,0.04,8.814814814814815
ndx,0.5511734993902602,0.03593069210375521,-0.20422875486550274,0.17593356100818316,0.42522533543803853,18,24,0.02,0.06,14.333333333333334
ndx,0.5366569957634262,0.03514778567712873,-0.2176836893422862,0.16146265153500908,0.4053421924335592,14,24,0.02,0.08,19.571428571428573
ndx,0.7169280272086744,0.04442208221747568,-0.21779044143247783,0.20396708838687935,0.4898683592605201,10,24,0.02,0.1,29.2
ndx,0.48160636174703875,0.03211563752657609,-0.1882845850929612,0.1705696592778412,0.35790090554316284,8,24,0.02,0.12000000000000001,35.625
ndx,0.4457240551392969,0.030082989132359073,-0.2186138666194607,0.13760787271890798,0.3286210134420797,6,24,0.02,0.13999999999999999,53.166666666666664
ndx,0.6732210053158294,0.04225879632500629,-0.2186138666194607,0.19330336624330338,0.43135563446431463,6,24,0.02,0.16,60.5
ndx,0.8195974605520535,0.04931095223770399,-0.2186138666194607,0.22556186851376242,0.4859579453517571,6,24,0.02,0.18,73.0
ndx,1.0921958933785567,0.06115574400464974,-0.18748603786349582,0.3261882575446807,0.5800976616520822,6,24,0.02,0.19999999999999998,81.0
ndx,1.3106233885893572,0.0696627910308758,-0.18748603786349582,0.37156255380251646,0.6477816825701453,6,24,0.02,0.22,84.83333333333333
ndx,1.345568517242874,0.07095461838249362,-0.21861386661946047,0.32456595494010354,0.6379176974471955,5,24,0.02,0.24,126.6
ndx,1.0361672624930307,0.05884210509465082,-0.21861386661946047,0.26915998515810907,0.5616852984051318,4,24,0.02,0.26,126.0
ndx,1.1679207791239947,0.06419379106515799,-0.21861386661946058,0.293640069853847,0.597599123297324,4,24,0.02,0.28,133.25
ndx,1.2916145674644826,0.0689525221477969,-0.21861386661946047,0.3154078156799726,0.6314018916475214,4,24,0.02,0.30000000000000004,147.25
ndx,1.460125687472995,0.07506880418047879,-0.21861386661946058,0.34338537322131746,0.6786504564770593,4,24,0.02,0.32,149.0
ndx,1.5996434497623526,0.07984783924044048,-0.21861386661946058,0.36524599502844424,0.70283726779014,4,24,0.02,0.34,166.0
ndx,1.7278382643038506,0.08403545837260795,-0.21861386661946058,0.3844013175929403,0.717261205902355,4,24,0.02,0.36000000000000004,189.5
ndx,1.893790351129279,0.08919550214069005,-0.2186138666194607,0.4080047781047298,0.7525554921174683,4,24,0.02,0.38,195.5
ndx,2.0612917136426,0.09413480225037829,-0.21861386661946058,0.4305984963627124,0.7877896900836686,4,24,0.02,0.4,199.5
ndx,0.483663899827264,0.03223081506773018,-0.16034841032953184,0.20100489304192456,0.4467288653316412,44,24,0.04,0.02,4.045454545454546
ndx,0.3033271549976917,0.021530330904891093,-0.20614386058552991,0.10444323126449877,0.3014246082631699,22,24,0.04,0.04,9.227272727272727
ndx,0.36812730655999526,0.025523739572909765,-0.20422875486550274,0.12497622868884808,0.3379828256820744,15,24,0.04,0.06,16.133333333333333
ndx,0.4294457952885593,0.029145523893074232,-0.18651880541249655,0.15626051125846163,0.36722497414088195,12,24,0.04,0.08,19.583333333333332
ndx,0.5624803030190921,0.03653583856433329,-0.1866298101514633,0.19576635980437354,0.4392486529583721,8,24,0.04,0.1,31.25
ndx,0.4560577028760149,0.030673079963802863,-0.1882845850929611,0.1629080784741818,0.3763011146639788,7,24,0.04,0.12000000000000001,37.0
ndx,0.4051281433410743,0.027726619023125343,-0.21861386661946058,0.12682918724176287,0.3314097663612444,5,24,0.04,0.13999999999999999,57.0
ndx,0.5920552802015719,0.03809986837789303,-0.2186138666194607,0.1742792850565749,0.43000962418160166,5,24,0.04,0.16,59.4
ndx,0.7356408276859108,0.045332828834739214,-0.18748603786349582,0.24179309217545564,0.5024645664802398,5,24,0.04,0.18,59.4
ndx,0.9582097188154117,0.05552357668056507,-0.18748603786349594,0.29614779486134557,0.5915673451114298,5,24,0.04,0.19999999999999998,65.6
ndx,1.12080213061593,0.06231511909919418,-0.18748603786349582,0.3323720518568127,0.6517227450501775,5,24,0.04,0.22,69.2
ndx,0.671122346647911,0.042153620432102246,-0.2186138666194607,0.1928222627591995,0.46565298699395047,3,24,0.04,0.24,106.66666666666667
ndx,0.7818012559047862,0.04754140471898061,-0.2186138666194607,0.2174674710901826,0.5146592462848575,3,24,0.04,0.26,113.0
ndx,0.8659171297508825,0.05143402518720408,-0.2186138666194608,0.23527338856658542,0.5420369450671003,3,24,0.04,0.28,119.66666666666667
ndx,0.9304687648637118,0.05431332106654718,-0.2186138666194607,0.24844408045300218,0.5646044402931754,3,24,0.04,0.30000000000000004,126.0
ndx,1.057422402091238,0.05972662505615567,-0.2186138666194608,0.2732060229286428,0.6123138810413352,3,24,0.04,0.32,128.0
ndx,1.1426509531593543,0.06319097816617969,-0.2186138666194608,0.2890529276268447,0.6283337661325639,3,24,0.04,0.34,149.33333333333334
ndx,1.211073110104521,0.06588166662962336,-0.2186138666194607,0.30136087727821503,0.6323607085102058,3,24,0.04,0.36000000000000004,177.0
ndx,1.3084585775698132,0.06958217407040301,-0.2186138666194608,0.3182880168874378,0.6617520429585332,3,24,0.04,0.38,181.33333333333334
ndx,1.4135350549795738,0.07341725866942728,-0.21861386661946058,0.3358307494612138,0.6928190921435801,3,24,0.04,0.4,185.0
ndx,0.2987093931770546,0.021238830319763924,-0.1128305924238181,0.18823645133392466,0.340665860458299,37,24,0.06,0.02,4.0
ndx,0.16056321877390278,0.012045216462087893,-0.1333716758195561,0.0903131522346945,0.20274424694173868,17,24,0.06,0.04,9.941176470588236
ndx,0.21296799372939357,0.01564560462051201,-0.15338644610859986,0.10200121990853542,0.24370166251977488,12,24,0.06,0.06,14.916666666666666
ndx,0.3255948362780281,0.022922802435142664,-0.16073067749980752,0.14261622480357003,0.325625141488656,10,24,0.06,0.08,19.6
ndx,0.2851919426750893,0.020380016523195987,-0.16084520119462264,0.12670577904612879,0.287905424133758,6,24,0.06,0.1,35.0
ndx,0.33168824822029386,0.023300094752119582,-0.1625524340763188,0.14333894711893472,0.31733191141716005,6,24,0.06,0.12000000000000001,40.0
ndx,0.28928323047206184,0.020640824382000655,-0.16428097772609807,0.125643423040826,0.27794254354199627,4,24,0.06,0.13999999999999999,61.0
ndx,0.4091944601211599,0.027965448121311853,-0.16172857213984515,0.17291594027758062,0.356670815504457,4,24,0.06,0.16,62.25
ndx,0.509470585265831,0.033663089544256675,-0.16172857213984504,0.2081455929453736,0.41544586729201693,4,24,0.06,0.18,65.0
ndx,0.39022027709619866,0.02684555679708156,-0.16172857213984515,0.16599142898428895,0.3435813554866013,3,24,0.06,0.19999999999999998,75.66666666666667
ndx,0.45730964929712026,0.030744309153577287,-0.16172857213984504,0.19009819196940042,0.38512926905923234,3,24,0.06,0.22,77.33333333333333
ndx,0.35065955443002794,0.024464679119003074,-0.2186138666194607,0.1119081762621606,0.31048035257890166,2,24,0.06,0.24,130.0
ndx,0.4080206637436785,0.027896572062085845,-0.2186138666194607,0.12760659922202086,0.34530342547200416,2,24,0.06,0.26,138.0
ndx,0.45784306021892474,0.0307746403455893,-0.2186138666194608,0.14077167574716767,0.36963309784215403,2,24,0.06,0.28,142.5
ndx,0.4882708783734231,0.03248817430567641,-0.2186138666194607,0.14860985173565544,0.38432261864774453,2,24,0.06,0.30000000000000004,148.0
ndx,0.559746788745705,0.036389909343707894,-0.2186138666194607,0.16645746176317122,0.42280124741310166,2,24,0.06,0.32,149.5
ndx,0.5972573013529532,0.0383722031229492,-0.2186138666194607,0.1755250191413675,0.4405722471420738,2,24,0.06,0.34,153.5
ndx,0.6306129372271736,0.040099289811763805,-0.2186138666194607,0.18342518904148153,0.45685821293775325,2,24,0.06,0.36000000000000004,158.0
ndx,0.6749074572668563,0.04234322628806253,-0.2186138666194608,0.1936895721339077,0.4779032982040189,2,24,0.06,0.38,162.0
ndx,0.7294001326955402,0.045030103829536205,-0.2186138666194608,0.20598008957922007,0.5035581845795746,2,24,0.06,0.4,164.5
ndx,0.2604140773040984,0.018783990264591877,-0.11283059242381788,0.1664795855545529,0.33596620490741513,32,24,0.08,0.02,4.0
ndx,0.20856308333229978,0.015348535352227133,-0.1181515137640835,0.1299055328472049,0.26730290637320986,16,24,0.08,0.04,9.3125
ndx,0.26313527326302477,0.01896067518935296,-0.15338644610859986,0.12361375904053819,0.30727071050569166,11,24,0.08,0.06,14.454545454545455
ndx,0.3158225381087916,0.022314377680271003,-0.16073067749980763,0.13883085685554775,0.34440539752905525,9,24,0.08,0.08,19.555555555555557
ndx,0.19453789464644156,0.014395992506328392,-0.16084520119462287,0.08950215735009232,0.22649827824881927,5,24,0.08,0.1,39.8
ndx,0.23345457952201532,0.01701432417569748,-0.1625524340763188,0.10466975946794627,0.254968032761481,5,24,0.08,0.12000000000000001,46.2
ndx,0.1994002864753608,0.014727388778463801,-0.16172857213984526,0.09106238052809344,0.2321231807155836,3,24,0.08,0.13999999999999999,73.0
ndx,0.28739484942211746,0.020520540223023742,-0.16172857213984504,0.12688259069819674,0.3048090577901378,3,24,0.08,0.16,74.0
ndx,0.361925067325636,0.025149132293450505,-0.16172857213984526,0.15550209811847143,0.3599256349373437,3,24,0.08,0.18,77.0
ndx,0.1634694773610179,0.012248764714065663,-0.16172857213984515,0.07573655385687987,0.1972090520759897,2,24,0.08,0.19999999999999998,103.5
ndx,0.2196162895583802,0.016092095612919133,-0.16172857213984526,0.0995006349218519,0.24569103438906514,2,24,0.08,0.22,106.0
ndx,0.10682462115951052,0.00819446248838096,-0.2186138666194607,0.03748372697073691,0.14208252689481396,1,24,0.08,0.24,242.0
ndx,0.1355086217014423,0.010270742484535633,-0.2186138666194607,0.04698120317506587,0.16732609818338431,1,24,0.08,0.26,255.0
ndx,0.15601009148350298,0.01172538062097539,-0.2186138666194607,0.05363511840438585,0.18503213334331248,1,24,0.08,0.28,256.0
ndx,0.16469315047985655,0.012334328363633018,-0.2186138666194607,0.05642061299388332,0.19195058692158282,1,24,0.08,0.30000000000000004,261.0
ndx,0.19476428463267093,0.014411449623998429,-0.2186138666194607,0.06592193737227253,0.21674218272503562,1,24,0.08,0.32,262.0
ndx,0.19949182442136948,0.014733615690155633,-0.2186138666194607,0.06739561363599278,0.22064053157030478,1,24,0.08,0.34,263.0
ndx,0.21550631312660773,0.015816339853834016,-0.2186138666194607,0.07234829198353362,0.23352063815111235,1,24,0.08,0.36000000000000004,266.0
ndx,0.23536502012449234,0.017140893921215872,-0.2186138666194607,0.07840716687497633,0.24874720505570552,1,24,0.08,0.38,272.0
ndx,0.25386433518100104,0.01835727860845071,-0.2186138666194607,0.0839712452477,0.26325374131576135,1,24,0.08,0.4,274.0
ndx,0.2956763564732168,0.021046847947968628,-0.11283059242381788,0.18653494141829713,0.39579607242957854,29,24,0.1,0.02,3.793103448275862
ndx,0.20406477009554047,0.015044137598893448,-0.11815151376408362,0.12732919892107766,0.2744068013375427,14,24,0.1,0.04,9.5
ndx,0.27672500373942843,0.019837839579588845,-0.15338644610859997,0.1293324154961081,0.3402271631385276,10,24,0.1,0.06,14.1
ndx,0.27219439248154353,0.019546364283668405,-0.16073067749980763,0.12160941885964363,0.3247778038830262,8,24,0.1,0.08,19.5
ndx,0.1412747589559744,0.010682291867958993,-0.16084520119462276,0.06641349439473432,0.18483739573035896,4,24,0.1,0.1,45.25
ndx,0.18099552036390887,0.013466430468143553,-0.1625524340763187,0.0828436100921198,0.22045714572361116,4,24,0.1,0.12000000000000001,51.5
ndx,0.24662502239685358,0.01788325042623784,-0.16172857213984515,0.11057570217570686,0.28163244058730386,3,24,0.1,0.13999999999999999,68.66666666666667
ndx,0.33808425018031785,0.023694418911301307,-0.16172857213984515,0.14650731529870287,0.3563741543443895,3,24,0.1,0.16,69.66666666666667
ndx,0.4155489928612217,0.02833740617432845,-0.16172857213984515,0.17521583106431785,0.41259901365611323,3,24,0.1,0.18,72.66666666666667
ndx,0.20019041271814664,0.014781123098529747,-0.16172857213984515,0.09139463054028976,0.23544724634067674,2,24,0.1,0.19999999999999998,98.5
ndx,0.25810930703826873,0.018634068917712465,-0.16172857213984526,0.11521816257426518,0.2853817967009473,2,24,0.1,0.22,101.0
ndx,0.11916294264657434,0.009093560890973906,-0.2186138666194607,0.04159645054356497,0.1555889191421851,1,24,0.1,0.24,235.0
ndx,0.14816669792964188,0.011171692494231555,-0.2186138666194607,0.05110239650844302,0.1815067575098487,1,24,0.1,0.26,248.0
ndx,0.16889670773538157,0.012627627863371238,-0.2186138666194607,0.057762245637199415,0.19972249094875413,1,24,0.1,0.28,249.0
ndx,0.17767656108500485,0.013237118659936487,-0.2186138666194607,0.06055022430474745,0.2067470018972014,1,24,0.1,0.30000000000000004,254.0
ndx,0.20808291304339122,0.015316092277636528,-0.2186138666194607,0.07006002187545185,0.23220726040363085,1,24,0.1,0.32,255.0
ndx,0.2128631530563534,0.015638545648481772,-0.2186138666194607,0.07153501234989662,0.23622247373871444,1,24,0.1,0.34,256.0
ndx,0.22905616318794864,0.01672223537545392,-0.2186138666194607,0.07649210744971714,0.24945539432592367,1,24,0.1,0.36000000000000004,259.0
ndx,0.24913624501484688,0.018047970667778523,-0.2186138666194607,0.08255638558918348,0.2650261379294621,1,24,0.1,0.38,265.0
ndx,0.26784178108604384,0.019265440115513233,-0.2186138666194607,0.08812542595501693,0.2799526560096956,1,24,0.1,0.4,267.0
ndx,0.1858176309064019,0.013798543449115908,-0.0993875345996591,0.13883575545663285,0.3029699193448678,21,24,0.12000000000000001,0.02,3.9047619047619047
ndx,0.14990714365068225,0.01129485527402152,-0.10478908254026054,0.1077865651670533,0.23607593983453218,10,24,0.12000000000000001,0.04,9.7
ndx,0.09775906162258319,0.0075279585299796725,-0.14055792106875142,0.05355769687499508,0.16250665566186173,6,24,0.12000000000000001,0.06,18.166666666666668
ndx,0.19900772209044493,0.014700679445291964,-0.1131507837076634,0.12992114560401694,0.28590328825488903,6,24,0.12000000000000001,0.08,19.0
ndx,0.0969372238425843,0.007467286675754581,-0.1131507837076633,0.06599412245386727,0.15975802858205235,3,24,0.12000000000000001,0.1,36.666666666666664
ndx,0.1592762473695961,0.011954929903989164,-0.10563430217915837,0.11317280142309559,0.23700616327900417,3,24,0.12000000000000001,0.12000000000000001,37.666666666666664
ndx,0.17429595818877952,0.013002936041214497,-0.11315078370766318,0.11491688890824596,0.2456766217682793,2,24,0.12000000000000001,0.13999999999999999,62.5
ndx,0.2380950746619226,0.01732145236169469,-0.11315078370766318,0.15308291992432382,0.3123307669132023,2,24,0.12000000000000001,0.16,63.5
ndx,0.26728657959367497,0.019229542808158584,-0.11315078370766318,0.1699461742822755,0.3408471988862408,2,24,0.12000000000000001,0.18,65.0
ndx,0.28353072934976753,0.02027390094292203,-0.11315078370766318,0.17917596572111918,0.3358061716297411,2,24,0.12000000000000001,0.19999999999999998,86.5
ndx,0.3454714679876265,0.024147701875536942,-0.1131507837076633,0.21341170678874852,0.39040313522711295,2,24,0.12000000000000001,0.22,89.0
ndx,0.17342422765112642,0.01294244859792304,-0.2186138666194607,0.059202322332333336,0.2130464853349491,1,24,0.12000000000000001,0.24,220.0
ndx,0.2038341955343852,0.015028506617016824,-0.2186138666194607,0.06874452590501415,0.24011462029065275,1,24,0.12000000000000001,0.26,233.0
ndx,0.22556927522526293,0.016489995219237663,-0.2186138666194607,0.0754297770504268,0.25930605798135775,1,24,0.12000000000000001,0.28,234.0
ndx,0.23477480932855332,0.017101810737439882,-0.2186138666194607,0.07822838963462853,0.2663413882520442,1,24,0.12000000000000001,0.30000000000000004,239.0
ndx,0.2666553771197666,0.019188713982589922,-0.2186138666194607,0.0877744595039415,0.2930194683426311,1,24,0.12000000000000001,0.32,240.0
ndx,0.27166738138782476,0.019512397256055802,-0.2186138666194607,0.08925507589150722,0.29727331030192505,1,24,0.12000000000000001,0.34,241.0
ndx,0.2886454903681668,0.02060022039565701,-0.2186138666194607,0.09423107835842655,0.3111680805191629,1,24,0.12000000000000001,0.36000000000000004,244.0
ndx,0.3096991310946722,0.021931012311536602,-0.2186138666194607,0.10031848688588327,0.32725247083118725,1,24,0.12000000000000001,0.38,250.0
ndx,0.3293115828483364,0.0231531254349151,-0.2186138666194607,0.10590876870229622,0.34302124241321363,1,24,0.12000000000000001,0.4,252.0
ndx,0.22122389035479006,0.016199723929844367,-0.07497325506268504,0.2160733706479704,0.3809092365874211,18,24,0.13999999999999999,0.02,3.388888888888889
ndx,0.1273151312060372,0.009682626472639067,-0.09758664737017264,0.09922081282196565,0.21554761907038109,8,24,0.13999999999999999,0.04,9.5
ndx,0.11240462302289966,0.008602215101006339,-0.1131507837076634,0.07602435280723321,0.1901160032155706,5,24,0.13999999999999999,0.06,17.0
ndx,0.18439980564939407,0.013701022731158252,-0.11315078370766352,0.12108641480165289,0.2816633981294439,5,24,0.13999999999999999,0.08,17.8
ndx,0.132283885835196,0.010039743117868483,-0.1131507837076634,0.08872888714414195,0.20682039876259495,3,24,0.13999999999999999,0.1,34.0
ndx,0.20580534795552063,0.015162045141545955,-0.09758664737017264,0.15537007931046345,0.2951671721251704,3,24,0.13999999999999999,0.12000000000000001,36.333333333333336
ndx,0.19685650785079356,0.014554171992423592,-0.1131507837076634,0.12862634721139696,0.27236220928930766,2,24,0.13999999999999999,0.13999999999999999,61.0
ndx,0.2618813316301296,0.01887930136162641,-0.1131507837076634,0.1668508227959164,0.3388637271724792,2,24,0.13999999999999999,0.16,62.0
ndx,0.29163366315089445,0.020790313713243247,-0.1131507837076634,0.18373990026403303,0.3672949224200025,2,24,0.13999999999999999,0.18,63.5
ndx,0.30818989517614037,0.02183627109893349,-0.1131507837076633,0.19298382550623552,0.36014394568605856,2,24,0.13999999999999999,0.19999999999999998,85.0
ndx,0.37132063800365556,0.025716004076817844,-0.1131507837076634,0.22727199259403952,0.41476481902650764,2,24,0.13999999999999999,0.22,87.5
ndx,0.17342422765112642,0.01294244859792304,-0.2186138666194607,0.059202322332333336,0.2130464853349491,1,24,0.13999999999999999,0.24,220.0
ndx,0.2038341955343852,0.015028506617016824,-0.2186138666194607,0.06874452590501415,0.24011462029065275,1,24,0.13999999999999999,0.26,233.0
ndx,0.22556927522526293,0.016489995219237663,-0.2186138666194607,0.0754297770504268,0.25930605798135775,1,24,0.13999999999999999,0.28,234.0
ndx,0.23477480932855332,0.017101810737439882,-0.2186138666194607,0.07822838963462853,0.2663413882520442,1,24,0.13999999999999999,0.30000000000000004,239.0
ndx,0.2666553771197666,0.019188713982589922,-0.2186138666194607,0.0877744595039415,0.2930194683426311,1,24,0.13999999999999999,0.32,240.0
ndx,0.27166738138782476,0.019512397256055802,-0.2186138666194607,0.08925507589150722,0.29727331030192505,1,24,0.13999999999999999,0.34,241.0
ndx,0.2886454903681668,0.02060022039565701,-0.2186138666194607,0.09423107835842655,0.3111680805191629,1,24,0.13999999999999999,0.36000000000000004,244.0
ndx,0.3096991310946722,0.021931012311536602,-0.2186138666194607,0.10031848688588327,0.32725247083118725,1,24,0.13999999999999999,0.38,250.0
ndx,0.3293115828483364,0.0231531254349151,-0.2186138666194607,0.10590876870229622,0.34302124241321363,1,24,0.13999999999999999,0.4,252.0
ndx,0.1818791017261221,0.01352737852438568,-0.05300345813319551,0.25521690472330943,0.378709055557199,12,24,0.16,0.02,3.0
ndx,0.24016367097550662,0.017458020093190196,-0.07410291247096301,0.23559155114221814,0.4255937176050989,7,24,0.16,0.04,7.714285714285714
ndx,0.15616302767094825,0.011736142458012244,-0.0768813722372843,0.15265261423521648,0.2894791655708952,4,24,0.16,0.06,13.0
ndx,0.19479680362863183,0.014413669686250241,-0.0768813722372843,0.187479349897194,0.346902153752478,4,24,0.16,0.08,13.75
ndx,0.21435597143295726,0.01573900496959313,-0.08392417915033579,0.18753838439574605,0.33840765992156285,3,24,0.16,0.1,26.333333333333332
ndx,0.29278503439620907,0.020863450550490104,-0.08392417915033601,0.24859880384551336,0.41542614161420816,3,24,0.16,0.12000000000000001,32.0
ndx,0.24919755335130245,0.018051988295691546,-0.1131507837076633,0.1595392246007833,0.3387810733282574,2,24,0.16,0.13999999999999999,58.5
ndx,0.3170660490643846,0.02239202914861682,-0.11315078370766318,0.19789548436950252,0.4059264200484919,2,24,0.16,0.16,59.5
ndx,0.3481195124482086,0.024309629980517666,-0.1131507837076633,0.2148427892759815,0.43455135896901237,2,24,0.16,0.18,61.0
ndx,0.365399783226694,0.02535919344944859,-0.1131507837076633,0.22411858423328893,0.4211541380611866,2,24,0.16,0.19999999999999998,82.5
ndx,0.4312913658550883,0.029252302345186276,-0.1131507837076634,0.2585249645354873,0.4765631962705073,2,24,0.16,0.22,85.0
ndx,0.1903752177822291,0.014111298255068183,-0.2186138666194607,0.06454896239327582,0.2316332612832408,1,24,0.16,0.24,217.0
ndx,0.2212244803837402,0.016199763408154544,-0.2186138666194607,0.07410217685940908,0.25900225112682895,1,24,0.16,0.26,230.0
ndx,0.2432735395482446,0.01766293844424327,-0.2186138666194607,0.08079514221752912,0.27846625397854896,1,24,0.16,0.28,231.0
ndx,0.2526120544730137,0.018275459945652717,-0.2186138666194607,0.08359698416324457,0.2854761411822088,1,24,0.16,0.30000000000000004,236.0
ndx,0.28495316089745826,0.020364771300114493,-0.2186138666194607,0.0931540693873883,0.3124848361577285,1,24,0.16,0.32,237.0
ndx,0.29003756731376185,0.02068882807661976,-0.2186138666194607,0.09463639428066394,0.31680745536816435,1,24,0.16,0.34,238.0
ndx,0.3072609377698674,0.021777906471843078,-0.2186138666194607,0.09961813863231145,0.3308847844358068,1,24,0.16,0.36000000000000004,241.0
ndx,0.3286187140747674,0.023110234008701713,-0.2186138666194607,0.10571257151281031,0.3470907159315894,1,24,0.16,0.38,247.0
ndx,0.3485144823547901,0.02433375734695198,-0.2186138666194607,0.11130930404021235,0.3630998795319841,1,24,0.16,0.4,249.0
ndx,0.1546259315848897,0.011627920253267865,-0.027864284403265382,0.41730554013097865,0.38469029579715036,8,24,0.18,0.02,2.5
ndx,0.21512874522886216,0.015790964236188865,-0.0314699989619972,0.5017783526226945,0.47069402605342003,5,24,0.18,0.04,5.6
ndx,0.1538415652521936,0.011572644371030005,-0.0768813722372843,0.15052598612980725,0.3348535961153762,3,24,0.18,0.06,11.333333333333334
ndx,0.19239776836172862,0.014249738906828568,-0.0768813722372843,0.18534709373876174,0.40199820633094,3,24,0.18,0.08,12.333333333333334
ndx,0.16718204076703724,0.012508105804397207,-0.08392417915033579,0.14904054982761378,0.3159359844383152,2,24,0.18,0.1,24.5
ndx,0.20613355205002382,0.015184260297362417,-0.08392417915033579,0.18092831471324156,0.3532212519109547,2,24,0.18,0.12000000000000001,32.0
ndx,0.12686651598093968,0.009650312185275345,-0.1131507837076634,0.08528718820196518,0.21818166351885615,1,24,0.18,0.13999999999999999,84.0
ndx,0.16697472561558713,0.012493643817119926,-0.1131507837076634,0.11041588407729044,0.27035957872776295,1,24,0.18,0.16,85.0
ndx,0.16697472561558713,0.012493643817119926,-0.1131507837076634,0.11041588407729044,0.27035957872776295,1,24,0.18,0.18,85.0
ndx,0.17088418959903162,0.012765965090906661,-0.1131507837076634,0.11282259541293885,0.25529672035001505,1,24,0.18,0.19999999999999998,123.0
ndx,0.20144772924899246,0.014866562716792764,-0.1131507837076634,0.13138718292223275,0.29138178083478244,1,24,0.18,0.22,125.0
ndx,0.20733911453643183,0.015265813541303741,-0.1131507837076634,0.13491566775838273,0.29245460280022223,1,24,0.18,0.24,144.0
ndx,0.2386280063388011,0.017356656308117557,-0.1131507837076634,0.153394044118689,0.32517585119709397,1,24,0.18,0.26,157.0
ndx,0.26099128404348226,0.01882149709622838,-0.1131507837076634,0.16633996230070874,0.34884035836921384,1,24,0.18,0.28,158.0
ndx,0.2704628810424201,0.01943471592290935,-0.1131507837076634,0.17175944598952952,0.3563312957647896,1,24,0.18,0.30000000000000004,163.0
ndx,0.3032648767579935,0.021526405854456865,-0.1131507837076634,0.19024530939239917,0.3886416239754504,1,24,0.18,0.32,164.0
ndx,0.3084217404501324,0.021850831553488437,-0.1131507837076634,0.1931125073772559,0.3939412822135327,1,24,0.18,0.34,165.0
ndx,0.32589055912610365,0.022941149810310257,-0.1131507837076634,0.20274848355961067,0.4108333693655757,1,24,0.18,0.36000000000000004,168.0
ndx,0.34755270258072524,0.02427499413581935,-0.1131507837076634,0.21453668583097288,0.42946544200725745,1,24,0.18,0.38,174.0
ndx,0.36773200310663645,0.02549991039455035,-0.1131507837076634,0.22536220748087765,0.4489140898950195,1,24,0.18,0.4,176.0
ndx,0.23058547948551755,0.016823902634260923,-0.0005312126121188587,31.670751504101297,0.6295750057479572,6,24,0.19999999999999998,0.02,1.3333333333333333
ndx,0.1665369643349246,0.012463098497827563,-0.030953008625006495,0.40264578635366655,0.42889513024038173,3,24,0.19999999999999998,0.04,5.666666666666667
ndx,0.22776643500925142,0.01663640520710752,-0.030953008625006495,0.537472961309073,0.5417297671290147,3,24,0.19999999999999998,0.06,7.666666666666667
ndx,0.2687928752631519,0.019326900823431803,-0.030953008625006495,0.6243949031764839,0.6139967742222588,3,24,0.19999999999999998,0.08,8.666666666666666
ndx,0.21739370751172893,0.01594307944844986,-0.08392417915033579,0.18997003735825124,0.4313608904184385,2,24,0.19999999999999998,0.1,19.5
ndx,0.25802089596882505,0.018628312900978772,-0.08392417915033579,0.2219659827427009,0.45909094158833463,2,24,0.19999999999999998,0.12000000000000001,27.0
ndx,0.14564963002721143,0.010993267950700103,-0.1131507837076633,0.09715591523521695,0.25678826992861337,1,24,0.19999999999999998,0.13999999999999999,77.0
ndx,0.18642638120167332,0.013840381553947845,-0.1131507837076633,0.12231803528383768,0.3108287491419778,1,24,0.19999999999999998,0.16,78.0
ndx,0.18642638120167332,0.013840381553947845,-0.1131507837076633,0.12231803528383768,0.3108287491419778,1,24,0.19999999999999998,0.18,78.0
ndx,0.1904010098757174,0.014113065047624218,-0.1131507837076633,0.12472794783363389,0.2896418163903696,1,24,0.19999999999999998,0.19999999999999998,116.0
ndx,0.22147399624608521,0.016216456719784,-0.1131507837076633,0.14331722846640538,0.3271629048460822,1,24,0.19999999999999998,0.22,118.0
ndx,0.22746358177301618,0.016616238595679844,-0.1131507837076633,0.14685040660972892,0.32698616923183715,1,24,0.19999999999999998,0.24,137.0
ndx,0.25927401078921775,0.01870986243363726,-0.1131507837076633,0.16535336142236642,0.36052143849215906,1,24,0.19999999999999998,0.26,150.0
ndx,0.282010049588153,0.020176651635330778,-0.1131507837076633,0.1783164992251334,0.3849883094145759,1,24,0.19999999999999998,0.28,151.0
ndx,0.2916395233933571,0.020790686116450408,-0.1131507837076633,0.18374319147594495,0.3922782756787186,1,24,0.19999999999999998,0.30000000000000004,156.0
ndx,0.32498827741413616,0.022885158245971926,-0.1131507837076633,0.20225364328980777,0.4254994554880708,1,24,0.19999999999999998,0.32,157.0
ndx,0.3302310980119749,0.023210015470015444,-0.1131507837076633,0.20512465499117452,0.43100646898457295,1,24,0.19999999999999998,0.34,158.0
ndx,0.34799109475455037,0.024301783980624547,-0.1131507837076633,0.21477344817523059,0.44840922054639826,1,24,0.19999999999999998,0.36000000000000004,161.0
ndx,0.37001431248480676,0.025637402478741356,-0.1131507837076633,0.22657733016660517,0.46727696312809186,1,24,0.19999999999999998,0.38,167.0
ndx,0.39052997059857497,0.02686394802271308,-0.1131507837076633,0.23741725105606742,0.4874292600397933,1,24,0.19999999999999998,0.4,169.0
ndx,0.0,0.0,0.0,,0.0,0,24,0.22,0.02,0.0
ndx,0.0,0.0,0.0,,0.0,0,24,0.22,0.04,0.0
ndx,0.0,0.0,0.0,,0.0,0,24,0.22,0.06,0.0
ndx,0.0,0.0,0.0,,0.0,0,24,0.22,0.08,0.0
ndx,0.0,0.0,0.0,,0.0,0,24,0.22,0.1,0.0
ndx,0.0,0.0,0.0,,0.0,0,24,0.22,0.12000000000000001,0.0
ndx,0.0,0.0,0.0,,0.0,0,24,0.22,0.13999999999999999,0.0
ndx,0.0,0.0,0.0,,0.0,0,24,0.22,0.16,0.0
ndx,0.0,0.0,0.0,,0.0,0,24,0.22,0.18,0.0
ndx,0.0,0.0,0.0,,0.0,0,24,0.22,0.19999999999999998,0.0
ndx,0.0,0.0,0.0,,0.0,0,24,0.22,0.22,0.0
ndx,0.0,0.0,0.0,,0.0,0,24,0.22,0.24,0.0
ndx,0.0,0.0,0.0,,0.0,0,24,0.22,0.26,0.0
ndx,0.0,0.0,0.0,,0.0,0,24,0.22,0.28,0.0
ndx,0.0,0.0,0.0,,0.0,0,24,0.22,0.30000000000000004,0.0
ndx,0.0,0.0,0.0,,0.0,0,24,0.22,0.32,0.0
ndx,0.0,0.0,0.0,,0.0,0,24,0.22,0.34,0.0
ndx,0.0,0.0,0.0,,0.0,0,24,0.22,0.36000000000000004,0.0
ndx,0.0,0.0,0.0,,0.0,0,24,0.22,0.38,0.0
ndx,0.0,0.0,0.0,,0.0,0,24,0.22,0.4,0.0
ndx,0.0,0.0,0.0,,0.0,0,24,0.24,0.02,0.0
ndx,0.0,0.0,0.0,,0.0,0,24,0.24,0.04,0.0
ndx,0.0,0.0,0.0,,0.0,0,24,0.24,0.06,0.0
ndx,0.0,0.0,0.0,,0.0,0,24,0.24,0.08,0.0
ndx,0.0,0.0,0.0,,0.0,0,24,0.24,0.1,0.0
ndx,0.0,0.0,0.0,,0.0,0,24,0.24,0.12000000000000001,0.0
ndx,0.0,0.0,0.0,,0.0,0,24,0.24,0.13999999999999999,0.0
ndx,0.0,0.0,0.0,,0.0,0,24,0.24,0.16,0.0
ndx,0.0,0.0,0.0,,0.0,0,24,0.24,0.18,0.0
ndx,0.0,0.0,0.0,,0.0,0,24,0.24,0.19999999999999998,0.0
ndx,0.0,0.0,0.0,,0.0,0,24,0.24,0.22,0.0
ndx,0.0,0.0,0.0,,0.0,0,24,0.24,0.24,0.0
ndx,0.0,0.0,0.0,,0.0,0,24,0.24,0.26,0.0
ndx,0.0,0.0,0.0,,0.0,0,24,0.24,0.28,0.0
ndx,0.0,0.0,0.0,,0.0,0,24,0.24,0.30000000000000004,0.0
ndx,0.0,0.0,0.0,,0.0,0,24,0.24,0.32,0.0
ndx,0.0,0.0,0.0,,0.0,0,24,0.24,0.34,0.0
ndx,0.0,0.0,0.0,,0.0,0,24,0.24,0.36000000000000004,0.0
ndx,0.0,0.0,0.0,,0.0,0,24,0.24,0.38,0.0
ndx,0.0,0.0,0.0,,0.0,0,24,0.24,0.4,0.0
ndx,0.0,0.0,0.0,,0.0,0,24,0.26,0.02,0.0
ndx,0.0,0.0,0.0,,0.0,0,24,0.26,0.04,0.0
ndx,0.0,0.0,0.0,,0.0,0,24,0.26,0.06,0.0
ndx,0.0,0.0,0.0,,0.0,0,24,0.26,0.08,0.0
ndx,0.0,0.0,0.0,,0.0,0,24,0.26,0.1,0.0
ndx,0.0,0.0,0.0,,0.0,0,24,0.26,0.12000000000000001,0.0
ndx,0.0,0.0,0.0,,0.0,0,24,0.26,0.13999999999999999,0.0
ndx,0.0,0.0,0.0,,0.0,0,24,0.26,0.16,0.0
ndx,0.0,0.0,0.0,,0.0,0,24,0.26,0.18,0.0
ndx,0.0,0.0,0.0,,0.0,0,24,0.26,0.19999999999999998,0.0
ndx,0.0,0.0,0.0,,0.0,0,24,0.26,0.22,0.0
ndx,0.0,0.0,0.0,,0.0,0,24,0.26,0.24,0.0
ndx,0.0,0.0,0.0,,0.0,0,24,0.26,0.26,0.0
ndx,0.0,0.0,0.0,,0.0,0,24,0.26,0.28,0.0
ndx,0.0,0.0,0.0,,0.0,0,24,0.26,0.30000000000000004,0.0
ndx,0.0,0.0,0.0,,0.0,0,24,0.26,0.32,0.0
ndx,0.0,0.0,0.0,,0.0,0,24,0.26,0.34,0.0
ndx,0.0,0.0,0.0,,0.0,0,24,0.26,0.36000000000000004,0.0
ndx,0.0,0.0,0.0,,0.0,0,24,0.26,0.38,0.0
ndx,0.0,0.0,0.0,,0.0,0,24,0.26,0.4,0.0
ndx,0.0,0.0,0.0,,0.0,0,24,0.28,0.02,0.0
ndx,0.0,0.0,0.0,,0.0,0,24,0.28,0.04,0.0
ndx,0.0,0.0,0.0,,0.0,0,24,0.28,0.06,0.0
ndx,0.0,0.0,0.0,,0.0,0,24,0.28,0.08,0.0
ndx,0.0,0.0,0.0,,0.0,0,24,0.28,0.1,0.0
ndx,0.0,0.0,0.0,,0.0,0,24,0.28,0.12000000000000001,0.0
ndx,0.0,0.0,0.0,,0.0,0,24,0.28,0.13999999999999999,0.0
ndx,0.0,0.0,0.0,,0.0,0,24,0.28,0.16,0.0
ndx,0.0,0.0,0.0,,0.0,0,24,0.28,0.18,0.0
ndx,0.0,0.0,0.0,,0.0,0,24,0.28,0.19999999999999998,0.0
ndx,0.0,0.0,0.0,,0.0,0,24,0.28,0.22,0.0
ndx,0.0,0.0,0.0,,0.0,0,24,0.28,0.24,0.0
ndx,0.0,0.0,0.0,,0.0,0,24,0.28,0.26,0.0
ndx,0.0,0.0,0.0,,0.0,0,24,0.28,0.28,0.0
ndx,0.0,0.0,0.0,,0.0,0,24,0.28,0.30000000000000004,0.0
ndx,0.0,0.0,0.0,,0.0,0,24,0.28,0.32,0.0
ndx,0.0,0.0,0.0,,0.0,0,24,0.28,0.34,0.0
ndx,0.0,0.0,0.0,,0.0,0,24,0.28,0.36000000000000004,0.0
ndx,0.0,0.0,0.0,,0.0,0,24,0.28,0.38,0.0
ndx,0.0,0.0,0.0,,0.0,0,24,0.28,0.4,0.0
ndx,0.0,0.0,0.0,,0.0,0,24,0.30000000000000004,0.02,0.0
ndx,0.0,0.0,0.0,,0.0,0,24,0.30000000000000004,0.04,0.0
ndx,0.0,0.0,0.0,,0.0,0,24,0.30000000000000004,0.06,0.0
ndx,0.0,0.0,0.0,,0.0,0,24,0.30000000000000004,0.08,0.0
ndx,0.0,0.0,0.0,,0.0,0,24,0.30000000000000004,0.1,0.0
ndx,0.0,0.0,0.0,,0.0,0,24,0.30000000000000004,0.12000000000000001,0.0
ndx,0.0,0.0,0.0,,0.0,0,24,0.30000000000000004,0.13999999999999999,0.0
ndx,0.0,0.0,0.0,,0.0,0,24,0.30000000000000004,0.16,0.0
ndx,0.0,0.0,0.0,,0.0,0,24,0.30000000000000004,0.18,0.0
ndx,0.0,0.0,0.0,,0.0,0,24,0.30000000000000004,0.19999999999999998,0.0
ndx,0.0,0.0,0.0,,0.0,0,24,0.30000000000000004,0.22,0.0
ndx,0.0,0.0,0.0,,0.0,0,24,0.30000000000000004,0.24,0.0
ndx,0.0,0.0,0.0,,0.0,0,24,0.30000000000000004,0.26,0.0
ndx,0.0,0.0,0.0,,0.0,0,24,0.30000000000000004,0.28,0.0
ndx,0.0,0.0,0.0,,0.0,0,24,0.30000000000000004,0.30000000000000004,0.0
ndx,0.0,0.0,0.0,,0.0,0,24,0.30000000000000004,0.32,0.0
ndx,0.0,0.0,0.0,,0.0,0,24,0.30000000000000004,0.34,0.0
ndx,0.0,0.0,0.0,,0.0,0,24,0.30000000000000004,0.36000000000000004,0.0
ndx,0.0,0.0,0.0,,0.0,0,24,0.30000000000000004,0.38,0.0
ndx,0.0,0.0,0.0,,0.0,0,24,0.30000000000000004,0.4,0.0
ndx,0.0,0.0,0.0,,0.0,0,24,0.32,0.02,0.0
ndx,0.0,0.0,0.0,,0.0,0,24,0.32,0.04,0.0
ndx,0.0,0.0,0.0,,0.0,0,24,0.32,0.06,0.0
ndx,0.0,0.0,0.0,,0.0,0,24,0.32,0.08,0.0
ndx,0.0,0.0,0.0,,0.0,0,24,0.32,0.1,0.0
ndx,0.0,0.0,0.0,,0.0,0,24,0.32,0.12000000000000001,0.0
ndx,0.0,0.0,0.0,,0.0,0,24,0.32,0.13999999999999999,0.0
ndx,0.0,0.0,0.0,,0.0,0,24,0.32,0.16,0.0
ndx,0.0,0.0,0.0,,0.0,0,24,0.32,0.18,0.0
ndx,0.0,0.0,0.0,,0.0,0,24,0.32,0.19999999999999998,0.0
ndx,0.0,0.0,0.0,,0.0,0,24,0.32,0.22,0.0
ndx,0.0,0.0,0.0,,0.0,0,24,0.32,0.24,0.0
ndx,0.0,0.0,0.0,,0.0,0,24,0.32,0.26,0.0
ndx,0.0,0.0,0.0,,0.0,0,24,0.32,0.28,0.0
ndx,0.0,0.0,0.0,,0.0,0,24,0.32,0.30000000000000004,0.0
ndx,0.0,0.0,0.0,,0.0,0,24,0.32,0.32,0.0
ndx,0.0,0.0,0.0,,0.0,0,24,0.32,0.34,0.0
ndx,0.0,0.0,0.0,,0.0,0,24,0.32,0.36000000000000004,0.0
ndx,0.0,0.0,0.0,,0.0,0,24,0.32,0.38,0.0
ndx,0.0,0.0,0.0,,0.0,0,24,0.32,0.4,0.0
ndx,0.0,0.0,0.0,,0.0,0,24,0.34,0.02,0.0
ndx,0.0,0.0,0.0,,0.0,0,24,0.34,0.04,0.0
ndx,0.0,0.0,0.0,,0.0,0,24,0.34,0.06,0.0
ndx,0.0,0.0,0.0,,0.0,0,24,0.34,0.08,0.0
ndx,0.0,0.0,0.0,,0.0,0,24,0.34,0.1,0.0
ndx,0.0,0.0,0.0,,0.0,0,24,0.34,0.12000000000000001,0.0
ndx,0.0,0.0,0.0,,0.0,0,24,0.34,0.13999999999999999,0.0
ndx,0.0,0.0,0.0,,0.0,0,24,0.34,0.16,0.0
ndx,0.0,0.0,0.0,,0.0,0,24,0.34,0.18,0.0
ndx,0.0,0.0,0.0,,0.0,0,24,0.34,0.19999999999999998,0.0
ndx,0.0,0.0,0.0,,0.0,0,24,0.34,0.22,0.0
ndx,0.0,0.0,0.0,,0.0,0,24,0.34,0.24,0.0
ndx,0.0,0.0,0.0,,0.0,0,24,0.34,0.26,0.0
ndx,0.0,0.0,0.0,,0.0,0,24,0.34,0.28,0.0
ndx,0.0,0.0,0.0,,0.0,0,24,0.34,0.30000000000000004,0.0
ndx,0.0,0.0,0.0,,0.0,0,24,0.34,0.32,0.0
ndx,0.0,0.0,0.0,,0.0,0,24,0.34,0.34,0.0
ndx,0.0,0.0,0.0,,0.0,0,24,0.34,0.36000000000000004,0.0
ndx,0.0,0.0,0.0,,0.0,0,24,0.34,0.38,0.0
ndx,0.0,0.0,0.0,,0.0,0,24,0.34,0.4,0.0
ndx,0.0,0.0,0.0,,0.0,0,24,0.36000000000000004,0.02,0.0
ndx,0.0,0.0,0.0,,0.0,0,24,0.36000000000000004,0.04,0.0
ndx,0.0,0.0,0.0,,0.0,0,24,0.36000000000000004,0.06,0.0
ndx,0.0,0.0,0.0,,0.0,0,24,0.36000000000000004,0.08,0.0
ndx,0.0,0.0,0.0,,0.0,0,24,0.36000000000000004,0.1,0.0
ndx,0.0,0.0,0.0,,0.0,0,24,0.36000000000000004,0.12000000000000001,0.0
ndx,0.0,0.0,0.0,,0.0,0,24,0.36000000000000004,0.13999999999999999,0.0
ndx,0.0,0.0,0.0,,0.0,0,24,0.36000000000000004,0.16,0.0
ndx,0.0,0.0,0.0,,0.0,0,24,0.36000000000000004,0.18,0.0
ndx,0.0,0.0,0.0,,0.0,0,24,0.36000000000000004,0.19999999999999998,0.0
ndx,0.0,0.0,0.0,,0.0,0,24,0.36000000000000004,0.22,0.0
ndx,0.0,0.0,0.0,,0.0,0,24,0.36000000000000004,0.24,0.0
ndx,0.0,0.0,0.0,,0.0,0,24,0.36000000000000004,0.26,0.0
ndx,0.0,0.0,0.0,,0.0,0,24,0.36000000000000004,0.28,0.0
ndx,0.0,0.0,0.0,,0.0,0,24,0.36000000000000004,0.30000000000000004,0.0
ndx,0.0,0.0,0.0,,0.0,0,24,0.36000000000000004,0.32,0.0
ndx,0.0,0.0,0.0,,0.0,0,24,0.36000000000000004,0.34,0.0
ndx,0.0,0.0,0.0,,0.0,0,24,0.36000000000000004,0.36000000000000004,0.0
ndx,0.0,0.0,0.0,,0.0,0,24,0.36000000000000004,0.38,0.0
ndx,0.0,0.0,0.0,,0.0,0,24,0.36000000000000004,0.4,0.0
ndx,0.0,0.0,0.0,,0.0,0,24,0.38,0.02,0.0
ndx,0.0,0.0,0.0,,0.0,0,24,0.38,0.04,0.0
ndx,0.0,0.0,0.0,,0.0,0,24,0.38,0.06,0.0
ndx,0.0,0.0,0.0,,0.0,0,24,0.38,0.08,0.0
ndx,0.0,0.0,0.0,,0.0,0,24,0.38,0.1,0.0
ndx,0.0,0.0,0.0,,0.0,0,24,0.38,0.12000000000000001,0.0
ndx,0.0,0.0,0.0,,0.0,0,24,0.38,0.13999999999999999,0.0
ndx,0.0,0.0,0.0,,0.0,0,24,0.38,0.16,0.0
ndx,0.0,0.0,0.0,,0.0,0,24,0.38,0.18,0.0
ndx,0.0,0.0,0.0,,0.0,0,24,0.38,0.19999999999999998,0.0
ndx,0.0,0.0,0.0,,0.0,0,24,0.38,0.22,0.0
ndx,0.0,0.0,0.0,,0.0,0,24,0.38,0.24,0.0
ndx,0.0,0.0,0.0,,0.0,0,24,0.38,0.26,0.0
ndx,0.0,0.0,0.0,,0.0,0,24,0.38,0.28,0.0
ndx,0.0,0.0,0.0,,0.0,0,24,0.38,0.30000000000000004,0.0
ndx,0.0,0.0,0.0,,0.0,0,24,0.38,0.32,0.0
ndx,0.0,0.0,0.0,,0.0,0,24,0.38,0.34,0.0
ndx,0.0,0.0,0.0,,0.0,0,24,0.38,0.36000000000000004,0.0
ndx,0.0,0.0,0.0,,0.0,0,24,0.38,0.38,0.0
ndx,0.0,0.0,0.0,,0.0,0,24,0.38,0.4,0.0
ndx,0.0,0.0,0.0,,0.0,0,24,0.4,0.02,0.0
ndx,0.0,0.0,0.0,,0.0,0,24,0.4,0.04,0.0
ndx,0.0,0.0,0.0,,0.0,0,24,0.4,0.06,0.0
ndx,0.0,0.0,0.0,,0.0,0,24,0.4,0.08,0.0
ndx,0.0,0.0,0.0,,0.0,0,24,0.4,0.1,0.0
ndx,0.0,0.0,0.0,,0.0,0,24,0.4,0.12000000000000001,0.0
ndx,0.0,0.0,0.0,,0.0,0,24,0.4,0.13999999999999999,0.0
ndx,0.0,0.0,0.0,,0.0,0,24,0.4,0.16,0.0
ndx,0.0,0.0,0.0,,0.0,0,24,0.4,0.18,0.0
ndx,0.0,0.0,0.0,,0.0,0,24,0.4,0.19999999999999998,0.0
ndx,0.0,0.0,0.0,,0.0,0,24,0.4,0.22,0.0
ndx,0.0,0.0,0.0,,0.0,0,24,0.4,0.24,0.0
ndx,0.0,0.0,0.0,,0.0,0,24,0.4,0.26,0.0
ndx,0.0,0.0,0.0,,0.0,0,24,0.4,0.28,0.0
ndx,0.0,0.0,0.0,,0.0,0,24,0.4,0.30000000000000004,0.0
ndx,0.0,0.0,0.0,,0.0,0,24,0.4,0.32,0.0
ndx,0.0,0.0,0.0,,0.0,0,24,0.4,0.34,0.0
ndx,0.0,0.0,0.0,,0.0,0,24,0.4,0.36000000000000004,0.0
ndx,0.0,0.0,0.0,,0.0,0,24,0.4,0.38,0.0
ndx,0.0,0.0,0.0,,0.0,0,24,0.4,0.4,0.0
ndx,0.3010394637115097,0.02138603714652576,-0.0904169993846653,0.23652672939899427,0.49093660107190445,20,36,0.02,0.02,3.35
ndx,0.273499665181099,0.019630436309769905,-0.09758664737017275,0.20115904008164467,0.4139029436577921,9,36,0.02,0.04,9.555555555555555
ndx,0.19289345400039393,0.014283634921459676,-0.11315078370766352,0.12623540424044158,0.2982372673833219,6,36,0.02,0.06,15.5
ndx,0.19125363904460313,0.014171451466876483,-0.1131507837076634,0.1252439532676139,0.293454690837787,5,36,0.02,0.08,20.8
ndx,0.18188065348139992,0.013527485525167027,-0.1131507837076633,0.11955273381151897,0.26510832011124424,3,36,0.02,0.1,41.333333333333336
ndx,0.23521906954551253,0.017131230814425358,-0.09758664737017264,0.17554892268654285,0.3216431580718798,3,36,0.02,0.12000000000000001,49.333333333333336
ndx,0.24088506096515339,0.017505596652006572,-0.1131507837076633,0.15471034382964668,0.3371907219227548,2,36,0.02,0.13999999999999999,73.0
ndx,0.30825294540572923,0.021840231043633418,-0.1131507837076633,0.19301882256564748,0.40596111899609305,2,36,0.02,0.16,74.0
ndx,0.352110942587361,0.02455315435585037,-0.1131507837076633,0.21699500039951977,0.44536750152218235,2,36,0.02,0.18,77.0
ndx,0.13568694199767517,0.010283498596093343,-0.1131507837076633,0.09088314070065852,0.20825203631482,1,36,0.02,0.19999999999999998,128.0
ndx,0.1653317294070733,0.012378947289842124,-0.1131507837076633,0.10940222315935884,0.24387727471681334,1,36,0.02,0.22,130.0
ndx,0.17104601729366053,0.012777219480760493,-0.1131507837076633,0.1129220590621074,0.2461874654900621,1,36,0.02,0.24,149.0
ndx,0.20139435247931003,0.014862937226302275,-0.1131507837076633,0.13135514169042084,0.2788978038848718,1,36,0.02,0.26,162.0
ndx,0.22308538110116838,0.01632418743346764,-0.1131507837076633,0.14426932716297272,0.3023340016146666,1,36,0.02,0.28,163.0
ndx,0.23227225810156726,0.016935903153563636,-0.1131507837076633,0.14967552674950343,0.3101730760648498,1,36,0.02,0.30000000000000004,168.0
ndx,0.26408821269089144,0.019022465987290182,-0.1131507837076633,0.16811607806832946,0.3423116521295726,1,36,0.02,0.32,169.0
ndx,0.26909005899546035,0.019346096462197204,-0.1131507837076633,0.1709762480495039,0.3475287637428084,1,36,0.02,0.34,170.0
ndx,0.28603375798692054,0.020433742158294743,-0.1131507837076633,0.18058860476907895,0.36429124563971343,1,36,0.02,0.36000000000000004,173.0
ndx,0.3070447287350342,0.021764316998097,-0.1131507837076633,0.19234791209513277,0.3830647582885788,1,36,0.02,0.38,179.0
ndx,0.32661743140665545,0.022986230772862104,-0.1131507837076633,0.20314689849828527,0.4022493045798184,1,36,0.02,0.4,181.0
ndx,0.19550964515212277,0.014462321212697304,-0.058691796765999116,0.24641128760051023,0.39249451923221673,13,36,0.04,0.02,3.3076923076923075
ndx,0.24303762903260906,0.01764741014077864,-0.09758664737017286,0.18083836894034472,0.4229170613195196,7,36,0.04,0.04,8.142857142857142
ndx,0.17760361749383802,0.013232072208273937,-0.09758664737017286,0.13559306078095978,0.3141037047714375,5,36,0.04,0.06,12.6
ndx,0.2639196049289716,0.01901153618953777,-0.09758664737017286,0.19481698266999387,0.4206517929873771,5,36,0.04,0.08,15.4
ndx,0.21777385335910604,0.015968584592245927,-0.09758664737017286,0.16363493390312625,0.35809271233558865,3,36,0.04,0.1,25.333333333333332
ndx,0.26583944140028914,0.019135908101368004,-0.09758664737017275,0.19609145940612438,0.38737512796632156,3,36,0.04,0.12000000000000001,38.333333333333336
ndx,0.27197373999686136,0.019532144319213574,-0.1131507837076633,0.17262049522941778,0.38356466845313547,2,36,0.04,0.13999999999999999,66.0
ndx,0.3410294346966638,0.023875411924499046,-0.1131507837076633,0.21100527227618354,0.45340298605945367,2,36,0.04,0.16,67.0
ndx,0.3859862340480089,0.026593738517472154,-0.1131507837076633,0.23502920303388986,0.4929391913064558,2,36,0.04,0.18,70.0
ndx,0.15058522020357157,0.01134279301661123,-0.1131507837076633,0.10024493551822411,0.22937807512567404,1,36,0.04,0.19999999999999998,124.0
ndx,0.18061889672831266,0.01344043881356205,-0.1131507837076633,0.11878343545800626,0.2654477328606895,1,36,0.04,0.22,126.0
ndx,0.18640814633853564,0.013839128597671113,-0.1131507837076633,0.122306961951107,0.2671764038316128,1,36,0.04,0.24,145.0
ndx,0.21715459998796383,0.015927033243398503,-0.1131507837076633,0.14075937188864404,0.30008136056097895,1,36,0.04,0.26,158.0
ndx,0.23913017795791291,0.01738981558901176,-0.1131507837076633,0.15368709804025873,0.32376061318015276,1,36,0.04,0.28,159.0
ndx,0.248437571136084,0.01800217270041027,-0.1131507837076633,0.15909896609219018,0.33147090975832805,1,36,0.04,0.30000000000000004,164.0
ndx,0.2806708968558924,0.02009092332040785,-0.1131507837076633,0.17755885255125425,0.3638656194319293,1,36,0.04,0.32,165.0
ndx,0.28573835886407895,0.020414893125767053,-0.1131507837076633,0.18042202145511455,0.36915121725846717,1,36,0.04,0.34,166.0
ndx,0.3029043303252461,0.02150367923148111,-0.1131507837076633,0.19004445684652155,0.38606529073303664,1,36,0.04,0.36000000000000004,169.0
ndx,0.32419092922052406,0.022835649195034113,-0.1131507837076633,0.20181609394798683,0.4048620979510452,1,36,0.04,0.38,175.0
ndx,0.34402039241202087,0.024058844161114257,-0.1131507837076633,0.21262640321849435,0.4242757525399932,1,36,0.04,0.4,177.0
ndx,0.2001707522425651,0.014779786438179787,-0.05019485674391966,0.2944482243187223,0.4490529004116065,10,36,0.06,0.02,2.6
ndx,0.2674191662957195,0.01923811669591191,-0.05019485674391966,0.383268684161397,0.5236521771543389,6,36,0.06,0.04,6.5
ndx,0.19956057025167606,0.014738291870171949,-0.0768813722372843,0.1917017274962801,0.3923764139335623,4,36,0.06,0.06,10.75
ndx,0.27169889986087425,0.01951442905508438,-0.0768813722372843,0.25382519181441826,0.4918475987267276,4,36,0.06,0.08,12.5
ndx,0.13732929248726533,0.010400897331341197,-0.08392417915033579,0.12393207102698939,0.2613697262650896,2,36,0.06,0.1,26.5
ndx,0.17528454986911823,0.013071482273415258,-0.08392417915033579,0.1557534718331881,0.302380272416035,2,36,0.06,0.12000000000000001,34.0
ndx,0.12686651598093968,0.009650312185275345,-0.1131507837076634,0.08528718820196518,0.21818166351885615,1,36,0.06,0.13999999999999999,84.0
ndx,0.16697472561558713,0.012493643817119926,-0.1131507837076634,0.11041588407729044,0.27035957872776295,1,36,0.06,0.16,85.0
ndx,0.16697472561558713,0.012493643817119926,-0.1131507837076634,0.11041588407729044,0.27035957872776295,1,36,0.06,0.18,85.0
ndx,0.17088418959903162,0.012765965090906661,-0.1131507837076634,0.11282259541293885,0.25529672035001505,1,36,0.06,0.19999999999999998,123.0
ndx,0.20144772924899246,0.014866562716792764,-0.1131507837076634,0.13138718292223275,0.29138178083478244,1,36,0.06,0.22,125.0
ndx,0.20733911453643183,0.015265813541303741,-0.1131507837076634,0.13491566775838273,0.29245460280022223,1,36,0.06,0.24,144.0
ndx,0.2386280063388011,0.017356656308117557,-0.1131507837076634,0.153394044118689,0.32517585119709397,1,36,0.06,0.26,157.0
ndx,0.26099128404348226,0.01882149709622838,-0.1131507837076634,0.16633996230070874,0.34884035836921384,1,36,0.06,0.28,158.0
ndx,0.2704628810424201,0.01943471592290935,-0.1131507837076634,0.17175944598952952,0.3563312957647896,1,36,0.06,0.30000000000000004,163.0
ndx,0.3032648767579935,0.021526405854456865,-0.1131507837076634,0.19024530939239917,0.3886416239754504,1,36,0.06,0.32,164.0
ndx,0.3084217404501324,0.021850831553488437,-0.1131507837076634,0.1931125073772559,0.3939412822135327,1,36,0.06,0.34,165.0
ndx,0.32589055912610365,0.022941149810310257,-0.1131507837076634,0.20274848355961067,0.4108333693655757,1,36,0.06,0.36000000000000004,168.0
ndx,0.34755270258072524,0.02427499413581935,-0.1131507837076634,0.21453668583097288,0.42946544200725745,1,36,0.06,0.38,174.0
ndx,0.36773200310663645,0.02549991039455035,-0.1131507837076634,0.22536220748087765,0.4489140898950195,1,36,0.06,0.4,176.0
ndx,0.19620893448530108,0.014510021886582347,-0.049531964114354676,0.2929425906286089,0.4975244015213146,7,36,0.08,0.02,2.5714285714285716
ndx,0.1251239518397329,0.009524680895436122,-0.049531964114354676,0.19229362424325525,0.3161401510101704,3,36,0.08,0.04,7.333333333333333
ndx,0.18417972642757885,0.013685875639437572,-0.049531964114354676,0.2763039157470301,0.4292699924797712,3,36,0.08,0.06,9.333333333333334
ndx,0.22374969463231764,0.01636856277396137,-0.049531964114354676,0.33046464170431833,0.5007941590632693,3,36,0.08,0.08,10.333333333333334
ndx,0.1741752392058451,0.012994562083117112,-0.08392417915033579,0.15483692798281148,0.34532024646458226,2,36,0.08,0.1,22.0
ndx,0.21336012937779647,0.015672002325943124,-0.08392417915033579,0.18674001324301806,0.380651666532712,2,36,0.08,0.12000000000000001,29.5
ndx,0.14564963002721143,0.010993267950700103,-0.1131507837076633,0.09715591523521695,0.25678826992861337,1,36,0.08,0.13999999999999999,77.0
ndx,0.18642638120167332,0.013840381553947845,-0.1131507837076633,0.12231803528383768,0.3108287491419778,1,36,0.08,0.16,78.0
ndx,0.18642638120167332,0.013840381553947845,-0.1131507837076633,0.12231803528383768,0.3108287491419778,1,36,0.08,0.18,78.0
ndx,0.1904010098757174,0.014113065047624218,-0.1131507837076633,0.12472794783363389,0.2896418163903696,1,36,0.08,0.19999999999999998,116.0
ndx,0.22147399624608521,0.016216456719784,-0.1131507837076633,0.14331722846640538,0.3271629048460822,1,36,0.08,0.22,118.0
ndx,0.22746358177301618,0.016616238595679844,-0.1131507837076633,0.14685040660972892,0.32698616923183715,1,36,0.08,0.24,137.0
ndx,0.25927401078921775,0.01870986243363726,-0.1131507837076633,0.16535336142236642,0.36052143849215906,1,36,0.08,0.26,150.0
ndx,0.282010049588153,0.020176651635330778,-0.1131507837076633,0.1783164992251334,0.3849883094145759,1,36,0.08,0.28,151.0
ndx,0.2916395233933571,0.020790686116450408,-0.1131507837076633,0.18374319147594495,0.3922782756787186,1,36,0.08,0.30000000000000004,156.0
ndx,0.32498827741413616,0.022885158245971926,-0.1131507837076633,0.20225364328980777,0.4254994554880708,1,36,0.08,0.32,157.0
ndx,0.3302310980119749,0.023210015470015444,-0.1131507837076633,0.20512465499117452,0.43100646898457295,1,36,0.08,0.34,158.0
ndx,0.34799109475455037,0.024301783980624547,-0.1131507837076633,0.21477344817523059,0.44840922054639826,1,36,0.08,0.36000000000000004,161.0
ndx,0.37001431248480676,0.025637402478741356,-0.1131507837076633,0.22657733016660517,0.46727696312809186,1,36,0.08,0.38,167.0
ndx,0.39052997059857497,0.02686394802271308,-0.1131507837076633,0.23741725105606742,0.4874292600397933,1,36,0.08,0.4,169.0
ndx,0.02843132907696244,0.002256765478890088,-0.01590345102770918,0.14190413608706945,0.18972739944201325,2,36,0.1,0.02,2.5
ndx,0.026420072815431128,0.0020990176146333805,-0.0191607325541876,0.10954787916888063,0.17313726503468224,1,36,0.1,0.04,8.0
ndx,0.05359297443069999,0.004206641696114399,-0.0191607325541876,0.2195449304570056,0.3123862439522428,1,36,0.1,0.06,10.0
ndx,0.06643259781690092,0.005185190842816434,-0.0191607325541876,0.27061548028774113,0.37747492814682676,1,36,0.1,0.08,12.0
ndx,0.0970227646835875,0.007473603643682436,-0.02262796595243688,0.33028172569251985,0.42502463328184,1,36,0.1,0.1,17.0
ndx,0.11355640972762182,0.008686146424949248,-0.02262796595243688,0.3838677521084837,0.46943678929134575,1,36,0.1,0.12000000000000001,20.0
ndx,0.14235045967185966,0.010758856695708197,-0.02262796595243688,0.4754672478437922,0.5131486324571106,1,36,0.1,0.13999999999999999,24.0
ndx,0.18300978450135852,0.013605310160561324,-0.02262796595243688,0.6012608552248649,0.5852993081762452,1,36,0.1,0.16,25.0
ndx,0.18300978450135852,0.013605310160561324,-0.02262796595243688,0.6012608552248649,0.5852993081762452,1,36,0.1,0.18,25.0
ndx,0.18697296728762747,0.013877930429207597,-0.07598584647159523,0.18263836061095137,0.43254736779753444,1,36,0.1,0.19999999999999998,63.0
ndx,0.2179564716097333,0.01598083440407283,-0.07598584647159523,0.2103133036761883,0.48907145449673395,1,36,0.1,0.22,65.0
ndx,0.22392880870180853,0.016380523585611373,-0.07598584647159523,0.21557335143637157,0.4708327046296813,1,36,0.1,0.24,84.0
ndx,0.25564763202840757,0.018473661991066814,-0.07598584647159523,0.24311977623323017,0.5140196087863759,1,36,0.1,0.26,97.0
ndx,0.27831819700075777,0.019940111099598035,-0.07598584647159523,0.26241875330101083,0.5481333514046707,1,36,0.1,0.28,98.0
ndx,0.2879199404478463,0.02055400320925216,-0.07598584647159523,0.2704977856229526,0.5523969087199591,1,36,0.1,0.30000000000000004,103.0
ndx,0.3211726588066135,0.022647989709585037,-0.07598584647159523,0.2980553716414968,0.5960205948012112,1,36,0.1,0.32,104.0
ndx,0.3264003814566667,0.022972771611475373,-0.07598584647159523,0.30232961371382466,0.6039736946277917,1,36,0.1,0.34,105.0
ndx,0.344109234068237,0.02406428698209373,-0.07598584647159523,0.31669433321492785,0.6271684134760721,1,36,0.1,0.36000000000000004,108.0
ndx,0.3660690307095662,0.025399595800593033,-0.07598584647159523,0.33426745874427843,0.6480774522709251,1,36,0.1,0.38,114.0
ndx,0.3865256091105711,0.026625856954856753,-0.07598584647159523,0.35040547932581023,0.6762757618369282,1,36,0.1,0.4,116.0
ndx,0.0,0.0,0.0,,0.0,0,36,0.12000000000000001,0.02,0.0
ndx,0.0,0.0,0.0,,0.0,0,36,0.12000000000000001,0.04,0.0
ndx,0.0,0.0,0.0,,0.0,0,36,0.12000000000000001,0.06,0.0
ndx,0.0,0.0,0.0,,0.0,0,36,0.12000000000000001,0.08,0.0
ndx,0.0,0.0,0.0,,0.0,0,36,0.12000000000000001,0.1,0.0
ndx,0.0,0.0,0.0,,0.0,0,36,0.12000000000000001,0.12000000000000001,0.0
ndx,0.0,0.0,0.0,,0.0,0,36,0.12000000000000001,0.13999999999999999,0.0
ndx,0.0,0.0,0.0,,0.0,0,36,0.12000000000000001,0.16,0.0
ndx,0.0,0.0,0.0,,0.0,0,36,0.12000000000000001,0.18,0.0
ndx,0.0,0.0,0.0,,0.0,0,36,0.12000000000000001,0.19999999999999998,0.0
ndx,0.0,0.0,0.0,,0.0,0,36,0.12000000000000001,0.22,0.0
ndx,0.0,0.0,0.0,,0.0,0,36,0.12000000000000001,0.24,0.0
ndx,0.0,0.0,0.0,,0.0,0,36,0.12000000000000001,0.26,0.0
ndx,0.0,0.0,0.0,,0.0,0,36,0.12000000000000001,0.28,0.0
ndx,0.0,0.0,0.0,,0.0,0,36,0.12000000000000001,0.30000000000000004,0.0
ndx,0.0,0.0,0.0,,0.0,0,36,0.12000000000000001,0.32,0.0
ndx,0.0,0.0,0.0,,0.0,0,36,0.12000000000000001,0.34,0.0
ndx,0.0,0.0,0.0,,0.0,0,36,0.12000000000000001,0.36000000000000004,0.0
ndx,0.0,0.0,0.0,,0.0,0,36,0.12000000000000001,0.38,0.0
ndx,0.0,0.0,0.0,,0.0,0,36,0.12000000000000001,0.4,0.0
ndx,0.0,0.0,0.0,,0.0,0,36,0.13999999999999999,0.02,0.0
ndx,0.0,0.0,0.0,,0.0,0,36,0.13999999999999999,0.04,0.0
ndx,0.0,0.0,0.0,,0.0,0,36,0.13999999999999999,0.06,0.0
ndx,0.0,0.0,0.0,,0.0,0,36,0.13999999999999999,0.08,0.0
ndx,0.0,0.0,0.0,,0.0,0,36,0.13999999999999999,0.1,0.0
ndx,0.0,0.0,0.0,,0.0,0,36,0.13999999999999999,0.12000000000000001,0.0
ndx,0.0,0.0,0.0,,0.0,0,36,0.13999999999999999,0.13999999999999999,0.0
ndx,0.0,0.0,0.0,,0.0,0,36,0.13999999999999999,0.16,0.0
ndx,0.0,0.0,0.0,,0.0,0,36,0.13999999999999999,0.18,0.0
ndx,0.0,0.0,0.0,,0.0,0,36,0.13999999999999999,0.19999999999999998,0.0
ndx,0.0,0.0,0.0,,0.0,0,36,0.13999999999999999,0.22,0.0
ndx,0.0,0.0,0.0,,0.0,0,36,0.13999999999999999,0.24,0.0
ndx,0.0,0.0,0.0,,0.0,0,36,0.13999999999999999,0.26,0.0
ndx,0.0,0.0,0.0,,0.0,0,36,0.13999999999999999,0.28,0.0
ndx,0.0,0.0,0.0,,0.0,0,36,0.13999999999999999,0.30000000000000004,0.0
ndx,0.0,0.0,0.0,,0.0,0,36,0.13999999999999999,0.32,0.0
ndx,0.0,0.0,0.0,,0.0,0,36,0.13999999999999999,0.34,0.0
ndx,0.0,0.0,0.0,,0.0,0,36,0.13999999999999999,0.36000000000000004,0.0
ndx,0.0,0.0,0.0,,0.0,0,36,0.13999999999999999,0.38,0.0
ndx,0.0,0.0,0.0,,0.0,0,36,0.13999999999999999,0.4,0.0
ndx,0.0,0.0,0.0,,0.0,0,36,0.16,0.02,0.0
ndx,0.0,0.0,0.0,,0.0,0,36,0.16,0.04,0.0
ndx,0.0,0.0,0.0,,0.0,0,36,0.16,0.06,0.0
ndx,0.0,0.0,0.0,,0.0,0,36,0.16,0.08,0.0
ndx,0.0,0.0,0.0,,0.0,0,36,0.16,0.1,0.0
ndx,0.0,0.0,0.0,,0.0,0,36,0.16,0.12000000000000001,0.0
ndx,0.0,0.0,0.0,,0.0,0,36,0.16,0.13999999999999999,0.0
ndx,0.0,0.0,0.0,,0.0,0,36,0.16,0.16,0.0
ndx,0.0,0.0,0.0,,0.0,0,36,0.16,0.18,0.0
ndx,0.0,0.0,0.0,,0.0,0,36,0.16,0.19999999999999998,0.0
ndx,0.0,0.0,0.0,,0.0,0,36,0.16,0.22,0.0
ndx,0.0,0.0,0.0,,0.0,0,36,0.16,0.24,0.0
ndx,0.0,0.0,0.0,,0.0,0,36,0.16,0.26,0.0
ndx,0.0,0.0,0.0,,0.0,0,36,0.16,0.28,0.0
ndx,0.0,0.0,0.0,,0.0,0,36,0.16,0.30000000000000004,0.0
ndx,0.0,0.0,0.0,,0.0,0,36,0.16,0.32,0.0
ndx,0.0,0.0,0.0,,0.0,0,36,0.16,0.34,0.0
ndx,0.0,0.0,0.0,,0.0,0,36,0.16,0.36000000000000004,0.0
ndx,0.0,0.0,0.0,,0.0,0,36,0.16,0.38,0.0
ndx,0.0,0.0,0.0,,0.0,0,36,0.16,0.4,0.0
ndx,0.0,0.0,0.0,,0.0,0,36,0.18,0.02,0.0
ndx,0.0,0.0,0.0,,0.0,0,36,0.18,0.04,0.0
ndx,0.0,0.0,0.0,,0.0,0,36,0.18,0.06,0.0
ndx,0.0,0.0,0.0,,0.0,0,36,0.18,0.08,0.0
ndx,0.0,0.0,0.0,,0.0,0,36,0.18,0.1,0.0
ndx,0.0,0.0,0.0,,0.0,0,36,0.18,0.12000000000000001,0.0
ndx,0.0,0.0,0.0,,0.0,0,36,0.18,0.13999999999999999,0.0
ndx,0.0,0.0,0.0,,0.0,0,36,0.18,0.16,0.0
ndx,0.0,0.0,0.0,,0.0,0,36,0.18,0.18,0.0
ndx,0.0,0.0,0.0,,0.0,0,36,0.18,0.19999999999999998,0.0
ndx,0.0,0.0,0.0,,0.0,0,36,0.18,0.22,0.0
ndx,0.0,0.0,0.0,,0.0,0,36,0.18,0.24,0.0
ndx,0.0,0.0,0.0,,0.0,0,36,0.18,0.26,0.0
ndx,0.0,0.0,0.0,,0.0,0,36,0.18,0.28,0.0
ndx,0.0,0.0,0.0,,0.0,0,36,0.18,0.30000000000000004,0.0
ndx,0.0,0.0,0.0,,0.0,0,36,0.18,0.32,0.0
ndx,0.0,0.0,0.0,,0.0,0,36,0.18,0.34,0.0
ndx,0.0,0.0,0.0,,0.0,0,36,0.18,0.36000000000000004,0.0
ndx,0.0,0.0,0.0,,0.0,0,36,0.18,0.38,0.0
ndx,0.0,0.0,0.0,,0.0,0,36,0.18,0.4,0.0
ndx,0.0,0.0,0.0,,0.0,0,36,0.19999999999999998,0.02,0.0
ndx,0.0,0.0,0.0,,0.0,0,36,0.19999999999999998,0.04,0.0
ndx,0.0,0.0,0.0,,0.0,0,36,0.19999999999999998,0.06,0.0
ndx,0.0,0.0,0.0,,0.0,0,36,0.19999999999999998,0.08,0.0
ndx,0.0,0.0,0.0,,0.0,0,36,0.19999999999999998,0.1,0.0
ndx,0.0,0.0,0.0,,0.0,0,36,0.19999999999999998,0.12000000000000001,0.0
ndx,0.0,0.0,0.0,,0.0,0,36,0.19999999999999998,0.13999999999999999,0.0
ndx,0.0,0.0,0.0,,0.0,0,36,0.19999999999999998,0.16,0.0
ndx,0.0,0.0,0.0,,0.0,0,36,0.19999999999999998,0.18,0.0
ndx,0.0,0.0,0.0,,0.0,0,36,0.19999999999999998,0.19999999999999998,0.0
ndx,0.0,0.0,0.0,,0.0,0,36,0.19999999999999998,0.22,0.0
ndx,0.0,0.0,0.0,,0.0,0,36,0.19999999999999998,0.24,0.0
ndx,0.0,0.0,0.0,,0.0,0,36,0.19999999999999998,0.26,0.0
ndx,0.0,0.0,0.0,,0.0,0,36,0.19999999999999998,0.28,0.0
ndx,0.0,0.0,0.0,,0.0,0,36,0.19999999999999998,0.30000000000000004,0.0
ndx,0.0,0.0,0.0,,0.0,0,36,0.19999999999999998,0.32,0.0
ndx,0.0,0.0,0.0,,0.0,0,36,0.19999999999999998,0.34,0.0
ndx,0.0,0.0,0.0,,0.0,0,36,0.19999999999999998,0.36000000000000004,0.0
ndx,0.0,0.0,0.0,,0.0,0,36,0.19999999999999998,0.38,0.0
ndx,0.0,0.0,0.0,,0.0,0,36,0.19999999999999998,0.4,0.0
ndx,0.0,0.0,0.0,,0.0,0,36,0.22,0.02,0.0
ndx,0.0,0.0,0.0,,0.0,0,36,0.22,0.04,0.0
ndx,0.0,0.0,0.0,,0.0,0,36,0.22,0.06,0.0
ndx,0.0,0.0,0.0,,0.0,0,36,0.22,0.08,0.0
ndx,0.0,0.0,0.0,,0.0,0,36,0.22,0.1,0.0
ndx,0.0,0.0,0.0,,0.0,0,36,0.22,0.12000000000000001,0.0
ndx,0.0,0.0,0.0,,0.0,0,36,0.22,0.13999999999999999,0.0
ndx,0.0,0.0,0.0,,0.0,0,36,0.22,0.16,0.0
ndx,0.0,0.0,0.0,,0.0,0,36,0.22,0.18,0.0
ndx,0.0,0.0,0.0,,0.0,0,36,0.22,0.19999999999999998,0.0
ndx,0.0,0.0,0.0,,0.0,0,36,0.22,0.22,0.0
ndx,0.0,0.0,0.0,,0.0,0,36,0.22,0.24,0.0
ndx,0.0,0.0,0.0,,0.0,0,36,0.22,0.26,0.0
ndx,0.0,0.0,0.0,,0.0,0,36,0.22,0.28,0.0
ndx,0.0,0.0,0.0,,0.0,0,36,0.22,0.30000000000000004,0.0
ndx,0.0,0.0,0.0,,0.0,0,36,0.22,0.32,0.0
ndx,0.0,0.0,0.0,,0.0,0,36,0.22,0.34,0.0
ndx,0.0,0.0,0.0,,0.0,0,36,0.22,0.36000000000000004,0.0
ndx,0.0,0.0,0.0,,0.0,0,36,0.22,0.38,0.0
ndx,0.0,0.0,0.0,,0.0,0,36,0.22,0.4,0.0
ndx,0.0,0.0,0.0,,0.0,0,36,0.24,0.02,0.0
ndx,0.0,0.0,0.0,,0.0,0,36,0.24,0.04,0.0
ndx,0.0,0.0,0.0,,0.0,0,36,0.24,0.06,0.0
ndx,0.0,0.0,0.0,,0.0,0,36,0.24,0.08,0.0
ndx,0.0,0.0,0.0,,0.0,0,36,0.24,0.1,0.0
ndx,0.0,0.0,0.0,,0.0,0,36,0.24,0.12000000000000001,0.0
ndx,0.0,0.0,0.0,,0.0,0,36,0.24,0.13999999999999999,0.0
ndx,0.0,0.0,0.0,,0.0,0,36,0.24,0.16,0.0
ndx,0.0,0.0,0.0,,0.0,0,36,0.24,0.18,0.0
ndx,0.0,0.0,0.0,,0.0,0,36,0.24,0.19999999999999998,0.0
ndx,0.0,0.0,0.0,,0.0,0,36,0.24,0.22,0.0
ndx,0.0,0.0,0.0,,0.0,0,36,0.24,0.24,0.0
ndx,0.0,0.0,0.0,,0.0,0,36,0.24,0.26,0.0
ndx,0.0,0.0,0.0,,0.0,0,36,0.24,0.28,0.0
ndx,0.0,0.0,0.0,,0.0,0,36,0.24,0.30000000000000004,0.0
ndx,0.0,0.0,0.0,,0.0,0,36,0.24,0.32,0.0
ndx,0.0,0.0,0.0,,0.0,0,36,0.24,0.34,0.0
ndx,0.0,0.0,0.0,,0.0,0,36,0.24,0.36000000000000004,0.0
ndx,0.0,0.0,0.0,,0.0,0,36,0.24,0.38,0.0
ndx,0.0,0.0,0.0,,0.0,0,36,0.24,0.4,0.0
ndx,0.0,0.0,0.0,,0.0,0,36,0.26,0.02,0.0
ndx,0.0,0.0,0.0,,0.0,0,36,0.26,0.04,0.0
ndx,0.0,0.0,0.0,,0.0,0,36,0.26,0.06,0.0
ndx,0.0,0.0,0.0,,0.0,0,36,0.26,0.08,0.0
ndx,0.0,0.0,0.0,,0.0,0,36,0.26,0.1,0.0
ndx,0.0,0.0,0.0,,0.0,0,36,0.26,0.12000000000000001,0.0
ndx,0.0,0.0,0.0,,0.0,0,36,0.26,0.13999999999999999,0.0
ndx,0.0,0.0,0.0,,0.0,0,36,0.26,0.16,0.0
ndx,0.0,0.0,0.0,,0.0,0,36,0.26,0.18,0.0
ndx,0.0,0.0,0.0,,0.0,0,36,0.26,0.19999999999999998,0.0
ndx,0.0,0.0,0.0,,0.0,0,36,0.26,0.22,0.0
ndx,0.0,0.0,0.0,,0.0,0,36,0.26,0.24,0.0
ndx,0.0,0.0,0.0,,0.0,0,36,0.26,0.26,0.0
ndx,0.0,0.0,0.0,,0.0,0,36,0.26,0.28,0.0
ndx,0.0,0.0,0.0,,0.0,0,36,0.26,0.30000000000000004,0.0
ndx,0.0,0.0,0.0,,0.0,0,36,0.26,0.32,0.0
ndx,0.0,0.0,0.0,,0.0,0,36,0.26,0.34,0.0
ndx,0.0,0.0,0.0,,0.0,0,36,0.26,0.36000000000000004,0.0
ndx,0.0,0.0,0.0,,0.0,0,36,0.26,0.38,0.0
ndx,0.0,0.0,0.0,,0.0,0,36,0.26,0.4,0.0
ndx,0.0,0.0,0.0,,0.0,0,36,0.28,0.02,0.0
ndx,0.0,0.0,0.0,,0.0,0,36,0.28,0.04,0.0
ndx,0.0,0.0,0.0,,0.0,0,36,0.28,0.06,0.0
ndx,0.0,0.0,0.0,,0.0,0,36,0.28,0.08,0.0
ndx,0.0,0.0,0.0,,0.0,0,36,0.28,0.1,0.0
ndx,0.0,0.0,0.0,,0.0,0,36,0.28,0.12000000000000001,0.0
ndx,0.0,0.0,0.0,,0.0,0,36,0.28,0.13999999999999999,0.0
ndx,0.0,0.0,0.0,,0.0,0,36,0.28,0.16,0.0
ndx,0.0,0.0,0.0,,0.0,0,36,0.28,0.18,0.0
ndx,0.0,0.0,0.0,,0.0,0,36,0.28,0.19999999999999998,0.0
ndx,0.0,0.0,0.0,,0.0,0,36,0.28,0.22,0.0
ndx,0.0,0.0,0.0,,0.0,0,36,0.28,0.24,0.0
ndx,0.0,0.0,0.0,,0.0,0,36,0.28,0.26,0.0
ndx,0.0,0.0,0.0,,0.0,0,36,0.28,0.28,0.0
ndx,0.0,0.0,0.0,,0.0,0,36,0.28,0.30000000000000004,0.0
ndx,0.0,0.0,0.0,,0.0,0,36,0.28,0.32,0.0
ndx,0.0,0.0,0.0,,0.0,0,36,0.28,0.34,0.0
ndx,0.0,0.0,0.0,,0.0,0,36,0.28,0.36000000000000004,0.0
ndx,0.0,0.0,0.0,,0.0,0,36,0.28,0.38,0.0
ndx,0.0,0.0,0.0,,0.0,0,36,0.28,0.4,0.0
ndx,0.0,0.0,0.0,,0.0,0,36,0.30000000000000004,0.02,0.0
ndx,0.0,0.0,0.0,,0.0,0,36,0.30000000000000004,0.04,0.0
ndx,0.0,0.0,0.0,,0.0,0,36,0.30000000000000004,0.06,0.0
ndx,0.0,0.0,0.0,,0.0,0,36,0.30000000000000004,0.08,0.0
ndx,0.0,0.0,0.0,,0.0,0,36,0.30000000000000004,0.1,0.0
ndx,0.0,0.0,0.0,,0.0,0,36,0.30000000000000004,0.12000000000000001,0.0
ndx,0.0,0.0,0.0,,0.0,0,36,0.30000000000000004,0.13999999999999999,0.0
ndx,0.0,0.0,0.0,,0.0,0,36,0.30000000000000004,0.16,0.0
ndx,0.0,0.0,0.0,,0.0,0,36,0.30000000000000004,0.18,0.0
ndx,0.0,0.0,0.0,,0.0,0,36,0.30000000000000004,0.19999999999999998,0.0
ndx,0.0,0.0,0.0,,0.0,0,36,0.30000000000000004,0.22,0.0
ndx,0.0,0.0,0.0,,0.0,0,36,0.30000000000000004,0.24,0.0
ndx,0.0,0.0,0.0,,0.0,0,36,0.30000000000000004,0.26,0.0
ndx,0.0,0.0,0.0,,0.0,0,36,0.30000000000000004,0.28,0.0
ndx,0.0,0.0,0.0,,0.0,0,36,0.30000000000000004,0.30000000000000004,0.0
ndx,0.0,0.0,0.0,,0.0,0,36,0.30000000000000004,0.32,0.0
ndx,0.0,0.0,0.0,,0.0,0,36,0.30000000000000004,0.34,0.0
ndx,0.0,0.0,0.0,,0.0,0,36,0.30000000000000004,0.36000000000000004,0.0
ndx,0.0,0.0,0.0,,0.0,0,36,0.30000000000000004,0.38,0.0
ndx,0.0,0.0,0.0,,0.0,0,36,0.30000000000000004,0.4,0.0
ndx,0.0,0.0,0.0,,0.0,0,36,0.32,0.02,0.0
ndx,0.0,0.0,0.0,,0.0,0,36,0.32,0.04,0.0
ndx,0.0,0.0,0.0,,0.0,0,36,0.32,0.06,0.0
ndx,0.0,0.0,0.0,,0.0,0,36,0.32,0.08,0.0
ndx,0.0,0.0,0.0,,0.0,0,36,0.32,0.1,0.0
ndx,0.0,0.0,0.0,,0.0,0,36,0.32,0.12000000000000001,0.0
ndx,0.0,0.0,0.0,,0.0,0,36,0.32,0.13999999999999999,0.0
ndx,0.0,0.0,0.0,,0.0,0,36,0.32,0.16,0.0
ndx,0.0,0.0,0.0,,0.0,0,36,0.32,0.18,0.0
ndx,0.0,0.0,0.0,,0.0,0,36,0.32,0.19999999999999998,0.0
ndx,0.0,0.0,0.0,,0.0,0,36,0.32,0.22,0.0
ndx,0.0,0.0,0.0,,0.0,0,36,0.32,0.24,0.0
ndx,0.0,0.0,0.0,,0.0,0,36,0.32,0.26,0.0
ndx,0.0,0.0,0.0,,0.0,0,36,0.32,0.28,0.0
ndx,0.0,0.0,0.0,,0.0,0,36,0.32,0.30000000000000004,0.0
ndx,0.0,0.0,0.0,,0.0,0,36,0.32,0.32,0.0
ndx,0.0,0.0,0.0,,0.0,0,36,0.32,0.34,0.0
ndx,0.0,0.0,0.0,,0.0,0,36,0.32,0.36000000000000004,0.0
ndx,0.0,0.0,0.0,,0.0,0,36,0.32,0.38,0.0
ndx,0.0,0.0,0.0,,0.0,0,36,0.32,0.4,0.0
ndx,0.0,0.0,0.0,,0.0,0,36,0.34,0.02,0.0
ndx,0.0,0.0,0.0,,0.0,0,36,0.34,0.04,0.0
ndx,0.0,0.0,0.0,,0.0,0,36,0.34,0.06,0.0
ndx,0.0,0.0,0.0,,0.0,0,36,0.34,0.08,0.0
ndx,0.0,0.0,0.0,,0.0,0,36,0.34,0.1,0.0
ndx,0.0,0.0,0.0,,0.0,0,36,0.34,0.12000000000000001,0.0
ndx,0.0,0.0,0.0,,0.0,0,36,0.34,0.13999999999999999,0.0
ndx,0.0,0.0,0.0,,0.0,0,36,0.34,0.16,0.0
ndx,0.0,0.0,0.0,,0.0,0,36,0.34,0.18,0.0
ndx,0.0,0.0,0.0,,0.0,0,36,0.34,0.19999999999999998,0.0
ndx,0.0,0.0,0.0,,0.0,0,36,0.34,0.22,0.0
ndx,0.0,0.0,0.0,,0.0,0,36,0.34,0.24,0.0
ndx,0.0,0.0,0.0,,0.0,0,36,0.34,0.26,0.0
ndx,0.0,0.0,0.0,,0.0,0,36,0.34,0.28,0.0
ndx,0.0,0.0,0.0,,0.0,0,36,0.34,0.30000000000000004,0.0
ndx,0.0,0.0,0.0,,0.0,0,36,0.34,0.32,0.0
ndx,0.0,0.0,0.0,,0.0,0,36,0.34,0.34,0.0
ndx,0.0,0.0,0.0,,0.0,0,36,0.34,0.36000000000000004,0.0
ndx,0.0,0.0,0.0,,0.0,0,36,0.34,0.38,0.0
ndx,0.0,0.0,0.0,,0.0,0,36,0.34,0.4,0.0
ndx,0.0,0.0,0.0,,0.0,0,36,0.36000000000000004,0.02,0.0
ndx,0.0,0.0,0.0,,0.0,0,36,0.36000000000000004,0.04,0.0
ndx,0.0,0.0,0.0,,0.0,0,36,0.36000000000000004,0.06,0.0
ndx,0.0,0.0,0.0,,0.0,0,36,0.36000000000000004,0.08,0.0
ndx,0.0,0.0,0.0,,0.0,0,36,0.36000000000000004,0.1,0.0
ndx,0.0,0.0,0.0,,0.0,0,36,0.36000000000000004,0.12000000000000001,0.0
ndx,0.0,0.0,0.0,,0.0,0,36,0.36000000000000004,0.13999999999999999,0.0
ndx,0.0,0.0,0.0,,0.0,0,36,0.36000000000000004,0.16,0.0
ndx,0.0,0.0,0.0,,0.0,0,36,0.36000000000000004,0.18,0.0
ndx,0.0,0.0,0.0,,0.0,0,36,0.36000000000000004,0.19999999999999998,0.0
ndx,0.0,0.0,0.0,,0.0,0,36,0.36000000000000004,0.22,0.0
ndx,0.0,0.0,0.0,,0.0,0,36,0.36000000000000004,0.24,0.0
ndx,0.0,0.0,0.0,,0.0,0,36,0.36000000000000004,0.26,0.0
ndx,0.0,0.0,0.0,,0.0,0,36,0.36000000000000004,0.28,0.0
ndx,0.0,0.0,0.0,,0.0,0,36,0.36000000000000004,0.30000000000000004,0.0
ndx,0.0,0.0,0.0,,0.0,0,36,0.36000000000000004,0.32,0.0
ndx,0.0,0.0,0.0,,0.0,0,36,0.36000000000000004,0.34,0.0
ndx,0.0,0.0,0.0,,0.0,0,36,0.36000000000000004,0.36000000000000004,0.0
ndx,0.0,0.0,0.0,,0.0,0,36,0.36000000000000004,0.38,0.0
ndx,0.0,0.0,0.0,,0.0,0,36,0.36000000000000004,0.4,0.0
ndx,0.0,0.0,0.0,,0.0,0,36,0.38,0.02,0.0
ndx,0.0,0.0,0.0,,0.0,0,36,0.38,0.04,0.0
ndx,0.0,0.0,0.0,,0.0,0,36,0.38,0.06,0.0
ndx,0.0,0.0,0.0,,0.0,0,36,0.38,0.08,0.0
ndx,0.0,0.0,0.0,,0.0,0,36,0.38,0.1,0.0
ndx,0.0,0.0,0.0,,0.0,0,36,0.38,0.12000000000000001,0.0
ndx,0.0,0.0,0.0,,0.0,0,36,0.38,0.13999999999999999,0.0
ndx,0.0,0.0,0.0,,0.0,0,36,0.38,0.16,0.0
ndx,0.0,0.0,0.0,,0.0,0,36,0.38,0.18,0.0
ndx,0.0,0.0,0.0,,0.0,0,36,0.38,0.19999999999999998,0.0
ndx,0.0,0.0,0.0,,0.0,0,36,0.38,0.22,0.0
ndx,0.0,0.0,0.0,,0.0,0,36,0.38,0.24,0.0
ndx,0.0,0.0,0.0,,0.0,0,36,0.38,0.26,0.0
ndx,0.0,0.0,0.0,,0.0,0,36,0.38,0.28,0.0
ndx,0.0,0.0,0.0,,0.0,0,36,0.38,0.30000000000000004,0.0
ndx,0.0,0.0,0.0,,0.0,0,36,0.38,0.32,0.0
ndx,0.0,0.0,0.0,,0.0,0,36,0.38,0.34,0.0
ndx,0.0,0.0,0.0,,0.0,0,36,0.38,0.36000000000000004,0.0
ndx,0.0,0.0,0.0,,0.0,0,36,0.38,0.38,0.0
ndx,0.0,0.0,0.0,,0.0,0,36,0.38,0.4,0.0
ndx,0.0,0.0,0.0,,0.0,0,36,0.4,0.02,0.0
ndx,0.0,0.0,0.0,,0.0,0,36,0.4,0.04,0.0
ndx,0.0,0.0,0.0,,0.0,0,36,0.4,0.06,0.0
ndx,0.0,0.0,0.0,,0.0,0,36,0.4,0.08,0.0
ndx,0.0,0.0,0.0,,0.0,0,36,0.4,0.1,0.0
ndx,0.0,0.0,0.0,,0.0,0,36,0.4,0.12000000000000001,0.0
ndx,0.0,0.0,0.0,,0.0,0,36,0.4,0.13999999999999999,0.0
ndx,0.0,0.0,0.0,,0.0,0,36,0.4,0.16,0.0
ndx,0.0,0.0,0.0,,0.0,0,36,0.4,0.18,0.0
ndx,0.0,0.0,0.0,,0.0,0,36,0.4,0.19999999999999998,0.0
ndx,0.0,0.0,0.0,,0.0,0,36,0.4,0.22,0.0
ndx,0.0,0.0,0.0,,0.0,0,36,0.4,0.24,0.0
ndx,0.0,0.0,0.0,,0.0,0,36,0.4,0.26,0.0
ndx,0.0,0.0,0.0,,0.0,0,36,0.4,0.28,0.0
ndx,0.0,0.0,0.0,,0.0,0,36,0.4,0.30000000000000004,0.0
ndx,0.0,0.0,0.0,,0.0,0,36,0.4,0.32,0.0
ndx,0.0,0.0,0.0,,0.0,0,36,0.4,0.34,0.0
ndx,0.0,0.0,0.0,,0.0,0,36,0.4,0.36000000000000004,0.0
ndx,0.0,0.0,0.0,,0.0,0,36,0.4,0.38,0.0
ndx,0.0,0.0,0.0,,0.0,0,36,0.4,0.4,0.0
