asset,total_return,cagr,maxdd,calmar,sharpe,n_trades,W,d,p,avg_hold
gold,0.4830953184336688,0.0235775274028569,-0.24708428981952313,0.09542301301340748,0.3138660378957441,99,1,0.02,0.02,8.777777777777779
gold,0.4097800300762191,0.020513836785262196,-0.4261548216877096,0.04813705193812153,0.24808283176518353,56,1,0.02,0.04,29.839285714285715
gold,0.8324812267631065,0.03646056625837257,-0.4499054695439205,0.08104050456495558,0.3734528212324137,44,1,0.02,0.06,51.0
gold,0.678348898653792,0.031090180665515943,-0.4187598162014825,0.07424346716819931,0.31273928984216076,32,1,0.02,0.08,86.96774193548387
gold,1.717528743986326,0.06089276759852891,-0.38183916941149876,0.15947229220191986,0.5277552637648549,30,1,0.02,0.1,100.37931034482759
gold,2.0629334576024485,0.0684247464457699,-0.3626869375482762,0.18866063086890766,0.5695004209623131,26,1,0.02,0.12000000000000001,125.88
gold,2.434037558312038,0.07567391194475004,-0.31676148305915974,0.2388987171480595,0.6109652684243511,23,1,0.02,0.13999999999999999,146.86363636363637
gold,3.109555719880267,0.08715621768705151,-0.3442005192131756,0.2532134985917106,0.6756496191034717,20,1,0.02,0.16,177.68421052631578
gold,1.6591621856387118,0.05953171183747741,-0.4228072496361952,0.1408010668897033,0.48159299301614455,13,1,0.02,0.18,293.25
gold,2.2091082390487435,0.07137393065722342,-0.4228072496361952,0.16880961884791987,0.5529492573527884,12,1,0.02,0.19999999999999998,325.72727272727275
gold,2.756847347479166,0.0814032983782158,-0.4228072496361953,0.19253051703408422,0.6151076780043024,12,1,0.02,0.22,327.72727272727275
gold,3.353421151988514,0.09086812172348857,-0.4228072496361953,0.21491618651684918,0.6704403648029102,12,1,0.02,0.24,334.0
gold,4.0594537820950825,0.10060544092415369,-0.4228072496361952,0.2379463479179217,0.7304570726032013,12,1,0.02,0.26,334.09090909090907
gold,5.16536634362844,0.11354567045976616,-0.4228072496361953,0.26855185325574854,0.8014542986629447,12,1,0.02,0.28,341.90909090909093
gold,5.913078766322664,0.12110786705715215,-0.4228072496361953,0.28643753663486016,0.8384077272914028,12,1,0.02,0.30000000000000004,351.54545454545456
gold,7.958536104168358,0.13842148167465718,-0.4228072496361952,0.32738672715229467,0.9328103802965821,12,1,0.02,0.32,354.3636363636364
gold,5.773487429766694,0.11975647416206758,-0.44807084123972163,0.26727129538428696,0.8221273816773579,10,1,0.02,0.34,419.55555555555554
gold,4.37158331776395,0.10450804627628374,-0.44807084123972163,0.23324000728797942,0.7301298882614244,9,1,0.02,0.36000000000000004,485.625
gold,3.4841578328143097,0.09277826139828615,-0.4228072496361952,0.2194339417739816,0.6633138660110838,8,1,0.02,0.38,547.8571428571429
gold,4.041442751381723,0.10037339066167061,-0.4228072496361953,0.23739751564817524,0.7063829502756709,8,1,0.02,0.4,555.8571428571429
gold,0.4211194986589788,0.020997351193677627,-0.11487758945386062,0.18278022104660363,0.3630300939791867,42,1,0.04,0.02,5.785714285714286
gold,0.4463891906678006,0.022061921801399764,-0.2339915747120629,0.09428511188297248,0.3166038956139738,30,1,0.04,0.04,17.7
gold,0.8967509919476433,0.03857523734676249,-0.21700040497988904,0.17776573896411638,0.4719470762530867,26,1,0.04,0.06,34.61538461538461
gold,0.6261092717743588,0.029164235962045204,-0.26923609829129147,0.10832216091057702,0.33950382701065285,21,1,0.04,0.08,64.15
gold,1.173736604159279,0.046979289544877734,-0.25691121338657075,0.1828619659126698,0.48309295781330835,20,1,0.04,0.1,97.05263157894737
gold,1.1436529464037517,0.04611692142208579,-0.25691121338657064,0.17950528828297702,0.4595466912521805,17,1,0.04,0.12000000000000001,133.1875
gold,1.7065741428533134,0.06063942631845132,-0.25691121338657064,0.23603261811390083,0.5644349859750354,16,1,0.04,0.13999999999999999,150.53333333333333
gold,1.695953901730185,0.060392894893157356,-0.2569112133865705,0.23507302035230768,0.5446228423091076,14,1,0.04,0.16,194.6153846153846
gold,1.0201674013924729,0.0424534965888097,-0.4074909011896355,0.10418268595659506,0.3911761983037998,10,1,0.04,0.18,313.77777777777777
gold,1.1335529647984814,0.04582484404835396,-0.4074909011896355,0.11245611598828877,0.41072519140849834,9,1,0.04,0.19999999999999998,359.625
gold,1.3934931903438112,0.05295812771990516,-0.4074909011896355,0.12996149745993923,0.4610045393787227,9,1,0.04,0.22,366.0
gold,1.710415504338167,0.06072837311518953,-0.4074909011896355,0.14903001008831887,0.5098661370481733,9,1,0.04,0.24,378.0
gold,2.0441522640293415,0.06803626292238829,-0.4074909011896354,0.16696388244194446,0.5571606079958555,9,1,0.04,0.26,385.625
gold,2.601375198988616,0.07870427546663361,-0.4074909011896355,0.1931436388809249,0.6258963818731543,9,1,0.04,0.28,390.5
gold,2.927120759037216,0.0842412592967583,-0.4074909011896355,0.20673163265933794,0.6587734391045995,9,1,0.04,0.30000000000000004,403.125
gold,3.6141761163110235,0.0946266287599773,-0.4074909011896355,0.23221777095813131,0.724929249621861,9,1,0.04,0.32,406.375
gold,4.086923587378929,0.10095786364583414,-0.4074909011896355,0.2477548906027009,0.7543888720872062,9,1,0.04,0.34,425.25
gold,3.6004053181530526,0.09443319665918382,-0.4074909011896355,0.23174308035711724,0.700982564057852,8,1,0.04,0.36000000000000004,483.7142857142857
gold,2.816776962292413,0.08241570455717939,-0.4074909011896355,0.20225164369700932,0.6239376676345758,7,1,0.04,0.38,573.8333333333334
gold,2.000775268914989,0.06713033289502013,-0.4074909011896355,0.16474069163026403,0.5347572785579654,6,1,0.04,0.4,653.2
gold,0.14096389464296943,0.007827780696246789,-0.11487758945386062,0.06814018933945977,0.20378820779771795,14,1,0.06,0.02,3.2857142857142856
gold,0.307608605148862,0.015984309579036404,-0.1148775894538605,0.1391421046962023,0.34977833209992815,11,1,0.06,0.04,6.909090909090909
gold,0.2817667981601282,0.014785941817725634,-0.11487758945386062,0.1287104115608576,0.2948967168843645,9,1,0.06,0.06,14.666666666666666
gold,0.19623123516210605,0.010650485434402723,-0.1844244471949955,0.057749856900163356,0.2085427006838099,7,1,0.06,0.08,25.166666666666668
gold,0.3140211695275221,0.016278228908119363,-0.1844244471949955,0.08826502752592273,0.29326193855424576,7,1,0.06,0.1,29.0
gold,0.22496504612223855,0.012069890972973951,-0.21357587930677202,0.05651336195899366,0.21514457482068203,6,1,0.06,0.12000000000000001,47.0
gold,0.13701360886708125,0.007621129270017457,-0.19702867582083194,0.03868030497727007,0.1433922551891762,5,1,0.06,0.13999999999999999,63.5
gold,0.2102373376943607,0.011346325698906368,-0.19104775889820302,0.059389996325223,0.18529051967996968,5,1,0.06,0.16,104.25
gold,-0.1930981236841246,-0.01260579697519526,-0.4074909011896355,-0.030935161836481977,-0.08458827775617517,3,1,0.06,0.18,550.0
gold,-0.18105714607243417,-0.011740652819372421,-0.4074909011896355,-0.028812061287985993,-0.07528928320334032,3,1,0.06,0.19999999999999998,552.5
gold,-0.15802908219632072,-0.01011890885987099,-0.4074909011896355,-0.024832232646985943,-0.05700315609733346,3,1,0.06,0.22,574.0
gold,-0.12323279882861926,-0.007745881971477631,-0.4074909011896355,-0.0190087237503075,-0.030462858676868765,3,1,0.06,0.24,597.5
gold,-0.09802493089189634,-0.0060814879290894686,-0.4074909011896355,-0.014924229992215961,-0.012430459937660196,3,1,0.06,0.26,613.0
gold,-0.061373267051644365,-0.003737957281304105,-0.4074909011896355,-0.009173106124312108,0.01167951043696365,3,1,0.06,0.28,614.0
gold,-0.04268560144115252,-0.002576005557667016,-0.4074909011896355,-0.006321627182709072,0.024138519235675754,3,1,0.06,0.30000000000000004,618.5
gold,0.011418613815991518,0.000671550166757573,-0.4074909011896355,0.0016480126667786656,0.05692674481818871,3,1,0.06,0.32,623.5
gold,0.02717064083246523,0.0015863423398567722,-0.4074909011896355,0.0038929515609442537,0.06609379979978786,3,1,0.06,0.34,624.5
gold,0.04322379636860285,0.0025051415905676944,-0.4074909011896355,0.006147723993969297,0.07857867016558653,3,1,0.06,0.36000000000000004,950.0
gold,0.07708088619567266,0.004400110570509597,-0.4074909011896355,0.01079805845397736,0.09647476517878638,3,1,0.06,0.38,1310.5
gold,0.11417899206958237,0.0064131767131137,-0.4074909011896355,0.015738208373220035,0.11339197086842512,3,1,0.06,0.4,1355.5
gold,0.0852176916354801,0.004847165404612275,-0.09547545274340374,0.050768708242100044,0.17012863210999163,8,1,0.08,0.02,3.0
gold,0.2776662697331751,0.014593700464284431,-0.09547545274340363,0.15285290663670306,0.3999158052113962,7,1,0.08,0.04,5.857142857142857
gold,0.3394975339353121,0.017432758124471537,-0.09547545274340374,0.1825889024200091,0.4026196639275943,7,1,0.08,0.06,13.0
gold,0.12671421549258133,0.007079143400685828,-0.1767685294614214,0.04004753234217975,0.16764091862065503,5,1,0.08,0.08,24.75
gold,0.23765898067710434,0.012687000081577082,-0.17676852946142152,0.07177182567639072,0.26810352934989523,5,1,0.08,0.1,30.5
gold,0.23639989423731556,0.012626056943693564,-0.1767685294614214,0.07142706330228944,0.2437516825998554,5,1,0.08,0.12000000000000001,46.0
gold,0.09906906308005836,0.00560098756016103,-0.18096045197740096,0.030951445462020083,0.11979172483554462,4,1,0.08,0.13999999999999999,67.66666666666667
gold,0.15044090873156812,0.008320820303706178,-0.18096045197740107,0.04598142971451745,0.1526232059506292,4,1,0.08,0.16,121.33333333333333
gold,-0.1754106034839017,-0.011339063334140698,-0.4074909011896355,-0.027826543613703406,-0.07143593568391468,3,1,0.08,0.18,550.0
gold,-0.16310568419480487,-0.010472809279957973,-0.4074909011896355,-0.025700719327434025,-0.06213418941926431,3,1,0.08,0.19999999999999998,552.5
gold,-0.13957283856401204,-0.008848984775903679,-0.4074909011896355,-0.021715784941626452,-0.04391978593224143,3,1,0.08,0.22,574.0
gold,-0.10401381070032689,-0.006472913517813317,-0.4074909011896355,-0.015884805032250263,-0.017515488172304396,3,1,0.08,0.24,597.5
gold,-0.07825337907968855,-0.004806384214838255,-0.4074909011896355,-0.011795071253876884,0.0004382469244987918,3,1,0.08,0.26,613.0
gold,-0.040798300272171684,-0.002459847038250862,-0.4074909011896355,-0.0060365692364407275,0.02454963063223805,3,1,0.08,0.28,614.0
gold,-0.021700995679936774,-0.0012964046401363616,-0.4074909011896355,-0.0031814321162794484,0.036910175390635964,3,1,0.08,0.30000000000000004,618.5
gold,0.03358919946939354,0.0019553173920048295,-0.4074909011896355,0.004798432029516351,0.06968688592301672,3,1,0.08,0.32,623.5
gold,0.0496865154289543,0.002871283157187765,-0.4074909011896355,0.00704625096856223,0.07885006352153284,3,1,0.08,0.34,624.5
gold,0.06609156073156419,0.003791261140685176,-0.4074909011896355,0.009303916061970726,0.08997851801451631,3,1,0.08,0.36000000000000004,950.0
gold,0.10069080766325156,0.005688661187113198,-0.4074909011896355,0.013960216462516412,0.10727990007471709,3,1,0.08,0.38,1310.5
gold,0.13860211464165095,0.007704309903725504,-0.4074909011896355,0.018906704128198733,0.12416513675353233,3,1,0.08,0.4,1355.5
gold,0.06185362428848329,0.003554884836074912,-0.004667486793545228,0.7616271868173343,0.31984229752466675,2,1,0.1,0.02,2.0
gold,0.11813907309239657,0.00662432492735876,-0.004667486793545228,1.4192487778475746,0.4539168875817348,2,1,0.1,0.04,4.0
gold,0.15584099443719923,0.008600052188701968,-0.004667486793545228,1.842544514661546,0.5464948345780539,2,1,0.1,0.06,5.0
gold,0.03758402707958375,0.0021838757633318995,-0.17676852946142152,0.012354437579956872,0.0840917523143737,2,1,0.1,0.08,34.5
gold,0.1024456807078753,0.005783395103190703,-0.17676852946142152,0.03271733447583433,0.17936801713689982,2,1,0.1,0.1,44.5
gold,0.11318839464012731,0.006360248485157927,-0.17676852946142152,0.03598066072358205,0.19509062570061095,2,1,0.1,0.12000000000000001,45.0
gold,0.004377637634277898,0.00025830578130281445,-0.18096045197740107,0.0014274156506587003,0.02909297452387882,2,1,0.1,0.13999999999999999,88.0
gold,0.024930330272997514,0.0014570457341271936,-0.18096045197740107,0.00805173571465855,0.05432030410810717,2,1,0.1,0.16,90.0
gold,-0.0697202279316328,-0.004263998388421175,-0.2633800438966739,-0.01618952721449912,-0.021982635606243518,2,1,0.1,0.18,688.0
gold,-0.055838146061620186,-0.0033915452386076295,-0.2633800438966739,-0.012877001569405766,-0.009888226326891599,2,1,0.1,0.19999999999999998,693.0
gold,-0.03835032864095533,-0.0023095006302825682,-0.2633800438966739,-0.008768700149463881,0.005191637880543874,2,1,0.1,0.22,700.0
gold,-0.021042797997822937,-0.0012566881349793668,-0.2633800438966739,-0.0047713870663351225,0.020553419791639934,2,1,0.1,0.24,738.0
gold,-0.007701576460408366,-0.00045703055144430405,-0.2633800438966739,-0.0017352512539773163,0.031802796937913505,2,1,0.1,0.26,767.0
gold,0.009425667405191351,0.0005548567833697504,-0.2633800438966739,0.0021066773896788672,0.04517962972446904,2,1,0.1,0.28,768.0
gold,0.026372624493258723,0.0015403163164227074,-0.2633800438966739,0.005848265091135704,0.05838494739724591,2,1,0.1,0.30000000000000004,775.0
gold,0.05341564112315278,0.0030815907381973595,-0.2633800438966739,0.01170016791175831,0.07830732515342008,2,1,0.1,0.32,780.0
gold,0.06982173787862234,0.003998586117984315,-0.2633800438966739,0.015181811267193016,0.09008650102877835,2,1,0.1,0.34,782.0
gold,0.06982173787862234,0.003998586117984315,-0.2633800438966739,0.015181811267193016,0.09008650102877835,2,1,0.1,0.36000000000000004,782.0
gold,0.08785041563188534,0.004991138194300415,-0.2633800438966739,0.018950327900539337,0.10075357384378983,2,1,0.1,0.38,1491.0
gold,0.10966511571333348,0.0061716377485707685,-0.2633800438966739,0.023432442554349148,0.11434897206445592,2,1,0.1,0.4,1497.0
gold,0.06185362428848329,0.003554884836074912,-0.004667486793545228,0.7616271868173343,0.31984229752466675,2,1,0.12000000000000001,0.02,2.0
gold,0.11813907309239657,0.00662432492735876,-0.004667486793545228,1.4192487778475746,0.4539168875817348,2,1,0.12000000000000001,0.04,4.0
gold,0.15584099443719923,0.008600052188701968,-0.004667486793545228,1.842544514661546,0.5464948345780539,2,1,0.12000000000000001,0.06,5.0
gold,0.03758402707958375,0.0021838757633318995,-0.17676852946142152,0.012354437579956872,0.0840917523143737,2,1,0.12000000000000001,0.08,34.5
gold,0.1024456807078753,0.005783395103190703,-0.17676852946142152,0.03271733447583433,0.17936801713689982,2,1,0.12000000000000001,0.1,44.5
gold,0.11318839464012731,0.006360248485157927,-0.17676852946142152,0.03598066072358205,0.19509062570061095,2,1,0.12000000000000001,0.12000000000000001,45.0
gold,0.004377637634277898,0.00025830578130281445,-0.18096045197740107,0.0014274156506587003,0.02909297452387882,2,1,0.12000000000000001,0.13999999999999999,88.0
gold,0.024930330272997514,0.0014570457341271936,-0.18096045197740107,0.00805173571465855,0.05432030410810717,2,1,0.12000000000000001,0.16,90.0
gold,-0.0697202279316328,-0.004263998388421175,-0.2633800438966739,-0.01618952721449912,-0.021982635606243518,2,1,0.12000000000000001,0.18,688.0
gold,-0.055838146061620186,-0.0033915452386076295,-0.2633800438966739,-0.012877001569405766,-0.009888226326891599,2,1,0.12000000000000001,0.19999999999999998,693.0
gold,-0.03835032864095533,-0.0023095006302825682,-0.2633800438966739,-0.008768700149463881,0.005191637880543874,2,1,0.12000000000000001,0.22,700.0
gold,-0.021042797997822937,-0.0012566881349793668,-0.2633800438966739,-0.0047713870663351225,0.020553419791639934,2,1,0.12000000000000001,0.24,738.0
gold,-0.007701576460408366,-0.00045703055144430405,-0.2633800438966739,-0.0017352512539773163,0.031802796937913505,2,1,0.12000000000000001,0.26,767.0
gold,0.009425667405191351,0.0005548567833697504,-0.2633800438966739,0.0021066773896788672,0.04517962972446904,2,1,0.12000000000000001,0.28,768.0
gold,0.026372624493258723,0.0015403163164227074,-0.2633800438966739,0.005848265091135704,0.05838494739724591,2,1,0.12000000000000001,0.30000000000000004,775.0
gold,0.05341564112315278,0.0030815907381973595,-0.2633800438966739,0.01170016791175831,0.07830732515342008,2,1,0.12000000000000001,0.32,780.0
gold,0.06982173787862234,0.003998586117984315,-0.2633800438966739,0.015181811267193016,0.09008650102877835,2,1,0.12000000000000001,0.34,782.0
gold,0.06982173787862234,0.003998586117984315,-0.2633800438966739,0.015181811267193016,0.09008650102877835,2,1,0.12000000000000001,0.36000000000000004,782.0
gold,0.08785041563188534,0.004991138194300415,-0.2633800438966739,0.018950327900539337,0.10075357384378983,2,1,0.12000000000000001,0.38,1491.0
gold,0.10966511571333348,0.0061716377485707685,-0.2633800438966739,0.023432442554349148,0.11434897206445592,2,1,0.12000000000000001,0.4,1497.0
gold,0.03965957446808499,0.002302298618640286,0.0,,0.2431893227562673,1,1,0.13999999999999999,0.02,1.0
gold,0.07868085106382972,0.0044882667312695634,0.0,,0.34383145917588914,1,1,0.13999999999999999,0.04,2.0
gold,0.07868085106382972,0.0044882667312695634,0.0,,0.34383145917588914,1,1,0.13999999999999999,0.06,2.0
gold,0.08521276595744687,0.0048468957317839845,-0.017732454929188513,0.2733347272636092,0.33892665473254185,1,1,0.13999999999999999,0.08,6.0
gold,0.12040425531914911,0.006744786432455685,-0.017732454929188513,0.3803639405479851,0.41387272735152303,1,1,0.13999999999999999,0.1,7.0
gold,0.12040425531914911,0.006744786432455685,-0.017732454929188513,0.3803639405479851,0.41387272735152303,1,1,0.13999999999999999,0.12000000000000001,7.0
gold,-0.0034468085106382773,-0.00020413123534956945,-0.18096045197740107,-0.0011280433548821044,0.011533708796482462,1,1,0.13999999999999999,0.13999999999999999,0.0
gold,-0.0034468085106382773,-0.00020413123534956945,-0.18096045197740107,-0.0011280433548821044,0.011533708796482462,1,1,0.13999999999999999,0.16,0.0
gold,-0.0034468085106382773,-0.00020413123534956945,-0.18096045197740107,-0.0011280433548821044,0.011533708796482462,1,1,0.13999999999999999,0.18,0.0
gold,-0.0034468085106382773,-0.00020413123534956945,-0.18096045197740107,-0.0011280433548821044,0.011533708796482462,1,1,0.13999999999999999,0.19999999999999998,0.0
gold,-0.0034468085106382773,-0.00020413123534956945,-0.18096045197740107,-0.0011280433548821044,0.011533708796482462,1,1,0.13999999999999999,0.22,0.0
gold,-0.0034468085106382773,-0.00020413123534956945,-0.18096045197740107,-0.0011280433548821044,0.011533708796482462,1,1,0.13999999999999999,0.24,0.0
gold,-0.0034468085106382773,-0.00020413123534956945,-0.18096045197740107,-0.0011280433548821044,0.011533708796482462,1,1,0.13999999999999999,0.26,0.0
gold,-0.0034468085106382773,-0.00020413123534956945,-0.18096045197740107,-0.0011280433548821044,0.011533708796482462,1,1,0.13999999999999999,0.28,0.0
gold,-0.0034468085106382773,-0.00020413123534956945,-0.18096045197740107,-0.0011280433548821044,0.011533708796482462,1,1,0.13999999999999999,0.30000000000000004,0.0
gold,-0.0034468085106382773,-0.00020413123534956945,-0.18096045197740107,-0.0011280433548821044,0.011533708796482462,1,1,0.13999999999999999,0.32,0.0
gold,-0.0034468085106382773,-0.00020413123534956945,-0.18096045197740107,-0.0011280433548821044,0.011533708796482462,1,1,0.13999999999999999,0.34,0.0
gold,-0.0034468085106382773,-0.00020413123534956945,-0.18096045197740107,-0.0011280433548821044,0.011533708796482462,1,1,0.13999999999999999,0.36000000000000004,0.0
gold,-0.0034468085106382773,-0.00020413123534956945,-0.18096045197740107,-0.0011280433548821044,0.011533708796482462,1,1,0.13999999999999999,0.38,0.0
gold,-0.0034468085106382773,-0.00020413123534956945,-0.18096045197740107,-0.0011280433548821044,0.011533708796482462,1,1,0.13999999999999999,0.4,0.0
gold,0.03965957446808499,0.002302298618640286,0.0,,0.2431893227562673,1,1,0.16,0.02,1.0
gold,0.07868085106382972,0.0044882667312695634,0.0,,0.34383145917588914,1,1,0.16,0.04,2.0
gold,0.07868085106382972,0.0044882667312695634,0.0,,0.34383145917588914,1,1,0.16,0.06,2.0
gold,0.08521276595744687,0.0048468957317839845,-0.017732454929188513,0.2733347272636092,0.33892665473254185,1,1,0.16,0.08,6.0
gold,0.12040425531914911,0.006744786432455685,-0.017732454929188513,0.3803639405479851,0.41387272735152303,1,1,0.16,0.1,7.0
gold,0.12040425531914911,0.006744786432455685,-0.017732454929188513,0.3803639405479851,0.41387272735152303,1,1,0.16,0.12000000000000001,7.0
gold,-0.0034468085106382773,-0.00020413123534956945,-0.18096045197740107,-0.0011280433548821044,0.011533708796482462,1,1,0.16,0.13999999999999999,0.0
gold,-0.0034468085106382773,-0.00020413123534956945,-0.18096045197740107,-0.0011280433548821044,0.011533708796482462,1,1,0.16,0.16,0.0
gold,-0.0034468085106382773,-0.00020413123534956945,-0.18096045197740107,-0.0011280433548821044,0.011533708796482462,1,1,0.16,0.18,0.0
gold,-0.0034468085106382773,-0.00020413123534956945,-0.18096045197740107,-0.0011280433548821044,0.011533708796482462,1,1,0.16,0.19999999999999998,0.0
gold,-0.0034468085106382773,-0.00020413123534956945,-0.18096045197740107,-0.0011280433548821044,0.011533708796482462,1,1,0.16,0.22,0.0
gold,-0.0034468085106382773,-0.00020413123534956945,-0.18096045197740107,-0.0011280433548821044,0.011533708796482462,1,1,0.16,0.24,0.0
gold,-0.0034468085106382773,-0.00020413123534956945,-0.18096045197740107,-0.0011280433548821044,0.011533708796482462,1,1,0.16,0.26,0.0
gold,-0.0034468085106382773,-0.00020413123534956945,-0.18096045197740107,-0.0011280433548821044,0.011533708796482462,1,1,0.16,0.28,0.0
gold,-0.0034468085106382773,-0.00020413123534956945,-0.18096045197740107,-0.0011280433548821044,0.011533708796482462,1,1,0.16,0.30000000000000004,0.0
gold,-0.0034468085106382773,-0.00020413123534956945,-0.18096045197740107,-0.0011280433548821044,0.011533708796482462,1,1,0.16,0.32,0.0
gold,-0.0034468085106382773,-0.00020413123534956945,-0.18096045197740107,-0.0011280433548821044,0.011533708796482462,1,1,0.16,0.34,0.0
gold,-0.0034468085106382773,-0.00020413123534956945,-0.18096045197740107,-0.0011280433548821044,0.011533708796482462,1,1,0.16,0.36000000000000004,0.0
gold,-0.0034468085106382773,-0.00020413123534956945,-0.18096045197740107,-0.0011280433548821044,0.011533708796482462,1,1,0.16,0.38,0.0
gold,-0.0034468085106382773,-0.00020413123534956945,-0.18096045197740107,-0.0011280433548821044,0.011533708796482462,1,1,0.16,0.4,0.0
gold,0.0,0.0,0.0,,0.0,0,1,0.18,0.02,0.0
gold,0.0,0.0,0.0,,0.0,0,1,0.18,0.04,0.0
gold,0.0,0.0,0.0,,0.0,0,1,0.18,0.06,0.0
gold,0.0,0.0,0.0,,0.0,0,1,0.18,0.08,0.0
gold,0.0,0.0,0.0,,0.0,0,1,0.18,0.1,0.0
gold,0.0,0.0,0.0,,0.0,0,1,0.18,0.12000000000000001,0.0
gold,0.0,0.0,0.0,,0.0,0,1,0.18,0.13999999999999999,0.0
gold,0.0,0.0,0.0,,0.0,0,1,0.18,0.16,0.0
gold,0.0,0.0,0.0,,0.0,0,1,0.18,0.18,0.0
gold,0.0,0.0,0.0,,0.0,0,1,0.18,0.19999999999999998,0.0
gold,0.0,0.0,0.0,,0.0,0,1,0.18,0.22,0.0
gold,0.0,0.0,0.0,,0.0,0,1,0.18,0.24,0.0
gold,0.0,0.0,0.0,,0.0,0,1,0.18,0.26,0.0
gold,0.0,0.0,0.0,,0.0,0,1,0.18,0.28,0.0
gold,0.0,0.0,0.0,,0.0,0,1,0.18,0.30000000000000004,0.0
gold,0.0,0.0,0.0,,0.0,0,1,0.18,0.32,0.0
gold,0.0,0.0,0.0,,0.0,0,1,0.18,0.34,0.0
gold,0.0,0.0,0.0,,0.0,0,1,0.18,0.36000000000000004,0.0
gold,0.0,0.0,0.0,,0.0,0,1,0.18,0.38,0.0
gold,0.0,0.0,0.0,,0.0,0,1,0.18,0.4,0.0
gold,0.0,0.0,0.0,,0.0,0,1,0.19999999999999998,0.02,0.0
gold,0.0,0.0,0.0,,0.0,0,1,0.19999999999999998,0.04,0.0
gold,0.0,0.0,0.0,,0.0,0,1,0.19999999999999998,0.06,0.0
gold,0.0,0.0,0.0,,0.0,0,1,0.19999999999999998,0.08,0.0
gold,0.0,0.0,0.0,,0.0,0,1,0.19999999999999998,0.1,0.0
gold,0.0,0.0,0.0,,0.0,0,1,0.19999999999999998,0.12000000000000001,0.0
gold,0.0,0.0,0.0,,0.0,0,1,0.19999999999999998,0.13999999999999999,0.0
gold,0.0,0.0,0.0,,0.0,0,1,0.19999999999999998,0.16,0.0
gold,0.0,0.0,0.0,,0.0,0,1,0.19999999999999998,0.18,0.0
gold,0.0,0.0,0.0,,0.0,0,1,0.19999999999999998,0.19999999999999998,0.0
gold,0.0,0.0,0.0,,0.0,0,1,0.19999999999999998,0.22,0.0
gold,0.0,0.0,0.0,,0.0,0,1,0.19999999999999998,0.24,0.0
gold,0.0,0.0,0.0,,0.0,0,1,0.19999999999999998,0.26,0.0
gold,0.0,0.0,0.0,,0.0,0,1,0.19999999999999998,0.28,0.0
gold,0.0,0.0,0.0,,0.0,0,1,0.19999999999999998,0.30000000000000004,0.0
gold,0.0,0.0,0.0,,0.0,0,1,0.19999999999999998,0.32,0.0
gold,0.0,0.0,0.0,,0.0,0,1,0.19999999999999998,0.34,0.0
gold,0.0,0.0,0.0,,0.0,0,1,0.19999999999999998,0.36000000000000004,0.0
gold,0.0,0.0,0.0,,0.0,0,1,0.19999999999999998,0.38,0.0
gold,0.0,0.0,0.0,,0.0,0,1,0.19999999999999998,0.4,0.0
gold,0.0,0.0,0.0,,0.0,0,1,0.22,0.02,0.0
gold,0.0,0.0,0.0,,0.0,0,1,0.22,0.04,0.0
gold,0.0,0.0,0.0,,0.0,0,1,0.22,0.06,0.0
gold,0.0,0.0,0.0,,0.0,0,1,0.22,0.08,0.0
gold,0.0,0.0,0.0,,0.0,0,1,0.22,0.1,0.0
gold,0.0,0.0,0.0,,0.0,0,1,0.22,0.12000000000000001,0.0
gold,0.0,0.0,0.0,,0.0,0,1,0.22,0.13999999999999999,0.0
gold,0.0,0.0,0.0,,0.0,0,1,0.22,0.16,0.0
gold,0.0,0.0,0.0,,0.0,0,1,0.22,0.18,0.0
gold,0.0,0.0,0.0,,0.0,0,1,0.22,0.19999999999999998,0.0
gold,0.0,0.0,0.0,,0.0,0,1,0.22,0.22,0.0
gold,0.0,0.0,0.0,,0.0,0,1,0.22,0.24,0.0
gold,0.0,0.0,0.0,,0.0,0,1,0.22,0.26,0.0
gold,0.0,0.0,0.0,,0.0,0,1,0.22,0.28,0.0
gold,0.0,0.0,0.0,,0.0,0,1,0.22,0.30000000000000004,0.0
gold,0.0,0.0,0.0,,0.0,0,1,0.22,0.32,0.0
gold,0.0,0.0,0.0,,0.0,0,1,0.22,0.34,0.0
gold,0.0,0.0,0.0,,0.0,0,1,0.22,0.36000000000000004,0.0
gold,0.0,0.0,0.0,,0.0,0,1,0.22,0.38,0.0
gold,0.0,0.0,0.0,,0.0,0,1,0.22,0.4,0.0
gold,0.0,0.0,0.0,,0.0,0,1,0.24,0.02,0.0
gold,0.0,0.0,0.0,,0.0,0,1,0.24,0.04,0.0
gold,0.0,0.0,0.0,,0.0,0,1,0.24,0.06,0.0
gold,0.0,0.0,0.0,,0.0,0,1,0.24,0.08,0.0
gold,0.0,0.0,0.0,,0.0,0,1,0.24,0.1,0.0
gold,0.0,0.0,0.0,,0.0,0,1,0.24,0.12000000000000001,0.0
gold,0.0,0.0,0.0,,0.0,0,1,0.24,0.13999999999999999,0.0
gold,0.0,0.0,0.0,,0.0,0,1,0.24,0.16,0.0
gold,0.0,0.0,0.0,,0.0,0,1,0.24,0.18,0.0
gold,0.0,0.0,0.0,,0.0,0,1,0.24,0.19999999999999998,0.0
gold,0.0,0.0,0.0,,0.0,0,1,0.24,0.22,0.0
gold,0.0,0.0,0.0,,0.0,0,1,0.24,0.24,0.0
gold,0.0,0.0,0.0,,0.0,0,1,0.24,0.26,0.0
gold,0.0,0.0,0.0,,0.0,0,1,0.24,0.28,0.0
gold,0.0,0.0,0.0,,0.0,0,1,0.24,0.30000000000000004,0.0
gold,0.0,0.0,0.0,,0.0,0,1,0.24,0.32,0.0
gold,0.0,0.0,0.0,,0.0,0,1,0.24,0.34,0.0
gold,0.0,0.0,0.0,,0.0,0,1,0.24,0.36000000000000004,0.0
gold,0.0,0.0,0.0,,0.0,0,1,0.24,0.38,0.0
gold,0.0,0.0,0.0,,0.0,0,1,0.24,0.4,0.0
gold,0.0,0.0,0.0,,0.0,0,1,0.26,0.02,0.0
gold,0.0,0.0,0.0,,0.0,0,1,0.26,0.04,0.0
gold,0.0,0.0,0.0,,0.0,0,1,0.26,0.06,0.0
gold,0.0,0.0,0.0,,0.0,0,1,0.26,0.08,0.0
gold,0.0,0.0,0.0,,0.0,0,1,0.26,0.1,0.0
gold,0.0,0.0,0.0,,0.0,0,1,0.26,0.12000000000000001,0.0
gold,0.0,0.0,0.0,,0.0,0,1,0.26,0.13999999999999999,0.0
gold,0.0,0.0,0.0,,0.0,0,1,0.26,0.16,0.0
gold,0.0,0.0,0.0,,0.0,0,1,0.26,0.18,0.0
gold,0.0,0.0,0.0,,0.0,0,1,0.26,0.19999999999999998,0.0
gold,0.0,0.0,0.0,,0.0,0,1,0.26,0.22,0.0
gold,0.0,0.0,0.0,,0.0,0,1,0.26,0.24,0.0
gold,0.0,0.0,0.0,,0.0,0,1,0.26,0.26,0.0
gold,0.0,0.0,0.0,,0.0,0,1,0.26,0.28,0.0
gold,0.0,0.0,0.0,,0.0,0,1,0.26,0.30000000000000004,0.0
gold,0.0,0.0,0.0,,0.0,0,1,0.26,0.32,0.0
gold,0.0,0.0,0.0,,0.0,0,1,0.26,0.34,0.0
gold,0.0,0.0,0.0,,0.0,0,1,0.26,0.36000000000000004,0.0
gold,0.0,0.0,0.0,,0.0,0,1,0.26,0.38,0.0
gold,0.0,0.0,0.0,,0.0,0,1,0.26,0.4,0.0
gold,0.0,0.0,0.0,,0.0,0,1,0.28,0.02,0.0
gold,0.0,0.0,0.0,,0.0,0,1,0.28,0.04,0.0
gold,0.0,0.0,0.0,,0.0,0,1,0.28,0.06,0.0
gold,0.0,0.0,0.0,,0.0,0,1,0.28,0.08,0.0
gold,0.0,0.0,0.0,,0.0,0,1,0.28,0.1,0.0
gold,0.0,0.0,0.0,,0.0,0,1,0.28,0.12000000000000001,0.0
gold,0.0,0.0,0.0,,0.0,0,1,0.28,0.13999999999999999,0.0
gold,0.0,0.0,0.0,,0.0,0,1,0.28,0.16,0.0
gold,0.0,0.0,0.0,,0.0,0,1,0.28,0.18,0.0
gold,0.0,0.0,0.0,,0.0,0,1,0.28,0.19999999999999998,0.0
gold,0.0,0.0,0.0,,0.0,0,1,0.28,0.22,0.0
gold,0.0,0.0,0.0,,0.0,0,1,0.28,0.24,0.0
gold,0.0,0.0,0.0,,0.0,0,1,0.28,0.26,0.0
gold,0.0,0.0,0.0,,0.0,0,1,0.28,0.28,0.0
gold,0.0,0.0,0.0,,0.0,0,1,0.28,0.30000000000000004,0.0
gold,0.0,0.0,0.0,,0.0,0,1,0.28,0.32,0.0
gold,0.0,0.0,0.0,,0.0,0,1,0.28,0.34,0.0
gold,0.0,0.0,0.0,,0.0,0,1,0.28,0.36000000000000004,0.0
gold,0.0,0.0,0.0,,0.0,0,1,0.28,0.38,0.0
gold,0.0,0.0,0.0,,0.0,0,1,0.28,0.4,0.0
gold,0.0,0.0,0.0,,0.0,0,1,0.30000000000000004,0.02,0.0
gold,0.0,0.0,0.0,,0.0,0,1,0.30000000000000004,0.04,0.0
gold,0.0,0.0,0.0,,0.0,0,1,0.30000000000000004,0.06,0.0
gold,0.0,0.0,0.0,,0.0,0,1,0.30000000000000004,0.08,0.0
gold,0.0,0.0,0.0,,0.0,0,1,0.30000000000000004,0.1,0.0
gold,0.0,0.0,0.0,,0.0,0,1,0.30000000000000004,0.12000000000000001,0.0
gold,0.0,0.0,0.0,,0.0,0,1,0.30000000000000004,0.13999999999999999,0.0
gold,0.0,0.0,0.0,,0.0,0,1,0.30000000000000004,0.16,0.0
gold,0.0,0.0,0.0,,0.0,0,1,0.30000000000000004,0.18,0.0
gold,0.0,0.0,0.0,,0.0,0,1,0.30000000000000004,0.19999999999999998,0.0
gold,0.0,0.0,0.0,,0.0,0,1,0.30000000000000004,0.22,0.0
gold,0.0,0.0,0.0,,0.0,0,1,0.30000000000000004,0.24,0.0
gold,0.0,0.0,0.0,,0.0,0,1,0.30000000000000004,0.26,0.0
gold,0.0,0.0,0.0,,0.0,0,1,0.30000000000000004,0.28,0.0
gold,0.0,0.0,0.0,,0.0,0,1,0.30000000000000004,0.30000000000000004,0.0
gold,0.0,0.0,0.0,,0.0,0,1,0.30000000000000004,0.32,0.0
gold,0.0,0.0,0.0,,0.0,0,1,0.30000000000000004,0.34,0.0
gold,0.0,0.0,0.0,,0.0,0,1,0.30000000000000004,0.36000000000000004,0.0
gold,0.0,0.0,0.0,,0.0,0,1,0.30000000000000004,0.38,0.0
gold,0.0,0.0,0.0,,0.0,0,1,0.30000000000000004,0.4,0.0
gold,0.0,0.0,0.0,,0.0,0,1,0.32,0.02,0.0
gold,0.0,0.0,0.0,,0.0,0,1,0.32,0.04,0.0
gold,0.0,0.0,0.0,,0.0,0,1,0.32,0.06,0.0
gold,0.0,0.0,0.0,,0.0,0,1,0.32,0.08,0.0
gold,0.0,0.0,0.0,,0.0,0,1,0.32,0.1,0.0
gold,0.0,0.0,0.0,,0.0,0,1,0.32,0.12000000000000001,0.0
gold,0.0,0.0,0.0,,0.0,0,1,0.32,0.13999999999999999,0.0
gold,0.0,0.0,0.0,,0.0,0,1,0.32,0.16,0.0
gold,0.0,0.0,0.0,,0.0,0,1,0.32,0.18,0.0
gold,0.0,0.0,0.0,,0.0,0,1,0.32,0.19999999999999998,0.0
gold,0.0,0.0,0.0,,0.0,0,1,0.32,0.22,0.0
gold,0.0,0.0,0.0,,0.0,0,1,0.32,0.24,0.0
gold,0.0,0.0,0.0,,0.0,0,1,0.32,0.26,0.0
gold,0.0,0.0,0.0,,0.0,0,1,0.32,0.28,0.0
gold,0.0,0.0,0.0,,0.0,0,1,0.32,0.30000000000000004,0.0
gold,0.0,0.0,0.0,,0.0,0,1,0.32,0.32,0.0
gold,0.0,0.0,0.0,,0.0,0,1,0.32,0.34,0.0
gold,0.0,0.0,0.0,,0.0,0,1,0.32,0.36000000000000004,0.0
gold,0.0,0.0,0.0,,0.0,0,1,0.32,0.38,0.0
gold,0.0,0.0,0.0,,0.0,0,1,0.32,0.4,0.0
gold,0.0,0.0,0.0,,0.0,0,1,0.34,0.02,0.0
gold,0.0,0.0,0.0,,0.0,0,1,0.34,0.04,0.0
gold,0.0,0.0,0.0,,0.0,0,1,0.34,0.06,0.0
gold,0.0,0.0,0.0,,0.0,0,1,0.34,0.08,0.0
gold,0.0,0.0,0.0,,0.0,0,1,0.34,0.1,0.0
gold,0.0,0.0,0.0,,0.0,0,1,0.34,0.12000000000000001,0.0
gold,0.0,0.0,0.0,,0.0,0,1,0.34,0.13999999999999999,0.0
gold,0.0,0.0,0.0,,0.0,0,1,0.34,0.16,0.0
gold,0.0,0.0,0.0,,0.0,0,1,0.34,0.18,0.0
gold,0.0,0.0,0.0,,0.0,0,1,0.34,0.19999999999999998,0.0
gold,0.0,0.0,0.0,,0.0,0,1,0.34,0.22,0.0
gold,0.0,0.0,0.0,,0.0,0,1,0.34,0.24,0.0
gold,0.0,0.0,0.0,,0.0,0,1,0.34,0.26,0.0
gold,0.0,0.0,0.0,,0.0,0,1,0.34,0.28,0.0
gold,0.0,0.0,0.0,,0.0,0,1,0.34,0.30000000000000004,0.0
gold,0.0,0.0,0.0,,0.0,0,1,0.34,0.32,0.0
gold,0.0,0.0,0.0,,0.0,0,1,0.34,0.34,0.0
gold,0.0,0.0,0.0,,0.0,0,1,0.34,0.36000000000000004,0.0
gold,0.0,0.0,0.0,,0.0,0,1,0.34,0.38,0.0
gold,0.0,0.0,0.0,,0.0,0,1,0.34,0.4,0.0
gold,0.0,0.0,0.0,,0.0,0,1,0.36000000000000004,0.02,0.0
gold,0.0,0.0,0.0,,0.0,0,1,0.36000000000000004,0.04,0.0
gold,0.0,0.0,0.0,,0.0,0,1,0.36000000000000004,0.06,0.0
gold,0.0,0.0,0.0,,0.0,0,1,0.36000000000000004,0.08,0.0
gold,0.0,0.0,0.0,,0.0,0,1,0.36000000000000004,0.1,0.0
gold,0.0,0.0,0.0,,0.0,0,1,0.36000000000000004,0.12000000000000001,0.0
gold,0.0,0.0,0.0,,0.0,0,1,0.36000000000000004,0.13999999999999999,0.0
gold,0.0,0.0,0.0,,0.0,0,1,0.36000000000000004,0.16,0.0
gold,0.0,0.0,0.0,,0.0,0,1,0.36000000000000004,0.18,0.0
gold,0.0,0.0,0.0,,0.0,0,1,0.36000000000000004,0.19999999999999998,0.0
gold,0.0,0.0,0.0,,0.0,0,1,0.36000000000000004,0.22,0.0
gold,0.0,0.0,0.0,,0.0,0,1,0.36000000000000004,0.24,0.0
gold,0.0,0.0,0.0,,0.0,0,1,0.36000000000000004,0.26,0.0
gold,0.0,0.0,0.0,,0.0,0,1,0.36000000000000004,0.28,0.0
gold,0.0,0.0,0.0,,0.0,0,1,0.36000000000000004,0.30000000000000004,0.0
gold,0.0,0.0,0.0,,0.0,0,1,0.36000000000000004,0.32,0.0
gold,0.0,0.0,0.0,,0.0,0,1,0.36000000000000004,0.34,0.0
gold,0.0,0.0,0.0,,0.0,0,1,0.36000000000000004,0.36000000000000004,0.0
gold,0.0,0.0,0.0,,0.0,0,1,0.36000000000000004,0.38,0.0
gold,0.0,0.0,0.0,,0.0,0,1,0.36000000000000004,0.4,0.0
gold,0.0,0.0,0.0,,0.0,0,1,0.38,0.02,0.0
gold,0.0,0.0,0.0,,0.0,0,1,0.38,0.04,0.0
gold,0.0,0.0,0.0,,0.0,0,1,0.38,0.06,0.0
gold,0.0,0.0,0.0,,0.0,0,1,0.38,0.08,0.0
gold,0.0,0.0,0.0,,0.0,0,1,0.38,0.1,0.0
gold,0.0,0.0,0.0,,0.0,0,1,0.38,0.12000000000000001,0.0
gold,0.0,0.0,0.0,,0.0,0,1,0.38,0.13999999999999999,0.0
gold,0.0,0.0,0.0,,0.0,0,1,0.38,0.16,0.0
gold,0.0,0.0,0.0,,0.0,0,1,0.38,0.18,0.0
gold,0.0,0.0,0.0,,0.0,0,1,0.38,0.19999999999999998,0.0
gold,0.0,0.0,0.0,,0.0,0,1,0.38,0.22,0.0
gold,0.0,0.0,0.0,,0.0,0,1,0.38,0.24,0.0
gold,0.0,0.0,0.0,,0.0,0,1,0.38,0.26,0.0
gold,0.0,0.0,0.0,,0.0,0,1,0.38,0.28,0.0
gold,0.0,0.0,0.0,,0.0,0,1,0.38,0.30000000000000004,0.0
gold,0.0,0.0,0.0,,0.0,0,1,0.38,0.32,0.0
gold,0.0,0.0,0.0,,0.0,0,1,0.38,0.34,0.0
gold,0.0,0.0,0.0,,0.0,0,1,0.38,0.36000000000000004,0.0
gold,0.0,0.0,0.0,,0.0,0,1,0.38,0.38,0.0
gold,0.0,0.0,0.0,,0.0,0,1,0.38,0.4,0.0
gold,0.0,0.0,0.0,,0.0,0,1,0.4,0.02,0.0
gold,0.0,0.0,0.0,,0.0,0,1,0.4,0.04,0.0
gold,0.0,0.0,0.0,,0.0,0,1,0.4,0.06,0.0
gold,0.0,0.0,0.0,,0.0,0,1,0.4,0.08,0.0
gold,0.0,0.0,0.0,,0.0,0,1,0.4,0.1,0.0
gold,0.0,0.0,0.0,,0.0,0,1,0.4,0.12000000000000001,0.0
gold,0.0,0.0,0.0,,0.0,0,1,0.4,0.13999999999999999,0.0
gold,0.0,0.0,0.0,,0.0,0,1,0.4,0.16,0.0
gold,0.0,0.0,0.0,,0.0,0,1,0.4,0.18,0.0
gold,0.0,0.0,0.0,,0.0,0,1,0.4,0.19999999999999998,0.0
gold,0.0,0.0,0.0,,0.0,0,1,0.4,0.22,0.0
gold,0.0,0.0,0.0,,0.0,0,1,0.4,0.24,0.0
gold,0.0,0.0,0.0,,0.0,0,1,0.4,0.26,0.0
gold,0.0,0.0,0.0,,0.0,0,1,0.4,0.28,0.0
gold,0.0,0.0,0.0,,0.0,0,1,0.4,0.30000000000000004,0.0
gold,0.0,0.0,0.0,,0.0,0,1,0.4,0.32,0.0
gold,0.0,0.0,0.0,,0.0,0,1,0.4,0.34,0.0
gold,0.0,0.0,0.0,,0.0,0,1,0.4,0.36000000000000004,0.0
gold,0.0,0.0,0.0,,0.0,0,1,0.4,0.38,0.0
gold,0.0,0.0,0.0,,0.0,0,1,0.4,0.4,0.0
gold,0.12837550458534652,0.0071668800565747315,-0.3395398747645739,0.021107624138531643,0.1271516376537053,90,3,0.02,0.02,10.155555555555555
gold,0.6065153358255198,0.028426810945742398,-0.3137854495058192,0.09059314570038793,0.3485098367994689,50,3,0.02,0.04,26.0
gold,0.6299293830442774,0.029307032791408894,-0.2877436633743917,0.10185118395909436,0.3451947879499444,33,3,0.02,0.06,50.57575757575758
gold,0.7231462461178675,0.032697342256786444,-0.3008013314902177,0.1087007896367965,0.36394985693075904,26,3,0.02,0.08,77.92
gold,1.309232508602478,0.050729231068739944,-0.3003701896863433,0.16888903363450652,0.5149402379016079,23,3,0.02,0.1,96.95454545454545
gold,1.3532886293753679,0.05190399049390515,-0.3003701896863432,0.1728000722978038,0.5084839690031288,19,3,0.02,0.12000000000000001,133.94444444444446
gold,2.1195370798964643,0.06958216505777126,-0.3003701896863433,0.23165469626140764,0.6383085347151,18,3,0.02,0.13999999999999999,150.88235294117646
gold,1.6048769284650013,0.0582403604115429,-0.3003701896863432,0.19389527460218162,0.5255123468476481,14,3,0.02,0.16,215.6153846153846
gold,0.7747037142666122,0.034499075905831234,-0.4074909011896355,0.08466219934019159,0.33278154555286826,9,3,0.02,0.18,374.5
gold,1.0599331286202287,0.04365569431116323,-0.4074909011896354,0.10713293029050246,0.39923306236235123,9,3,0.02,0.19999999999999998,382.75
gold,1.4297355007825479,0.05389419563168185,-0.4074909011896355,0.13225864792156652,0.47312697319123775,9,3,0.02,0.22,385.625
gold,1.7023520609514033,0.060541526812634805,-0.4074909011896354,0.14857148131624268,0.5167558396157875,9,3,0.02,0.24,398.625
gold,1.9128710610332007,0.06525603253939893,-0.4074909011896355,0.16014107885326867,0.5507602001594731,9,3,0.02,0.26,398.25
gold,2.409703245348599,0.07522170857861021,-0.4074909011896355,0.1845972716421563,0.6150689166225619,9,3,0.02,0.28,406.125
gold,2.7865492845766804,0.08190694505088358,-0.4074909011896355,0.20100312623364874,0.6505318865179465,9,3,0.02,0.30000000000000004,429.625
gold,3.4606912021582437,0.09243929200074552,-0.4074909011896355,0.22684995353485626,0.7186808818537995,9,3,0.02,0.32,433.125
gold,1.7598040516590019,0.061861520607065845,-0.4074909011896355,0.15181080222028598,0.5180915498528088,7,3,0.02,0.34,539.8333333333334
gold,1.9216482470792267,0.06544555482004966,-0.4074909011896355,0.160606174589388,0.5410545051601661,7,3,0.02,0.36000000000000004,558.8333333333334
gold,1.772070879852659,0.06214000608896053,-0.4074909011896355,0.15249421743540284,0.5091588066197391,6,3,0.02,0.38,693.4
gold,2.052143735198062,0.06820183903864363,-0.4074909011896354,0.167370213272331,0.5455904199341983,6,3,0.02,0.4,708.2
gold,0.2952099672735591,0.015412152679370239,-0.27562888630709015,0.05591631880774241,0.2588334464436878,60,3,0.04,0.02,7.766666666666667
gold,0.6978650642321476,0.031795249562247774,-0.30788658636553634,0.10326935621839359,0.4456297109027732,36,3,0.04,0.04,18.97222222222222
gold,0.8220129573763222,0.03610953553987217,-0.28745650402425116,0.12561738918534196,0.45738819884241566,26,3,0.04,0.06,50.15384615384615
gold,1.1141797980060861,0.045260939786378795,-0.2943560057887121,0.1537625830500872,0.5259483424849158,22,3,0.04,0.08,73.47619047619048
gold,1.3475782320688938,0.05175289532132843,-0.294356005788712,0.1758173582450243,0.5671635505933236,19,3,0.04,0.1,97.38888888888889
gold,1.328714974368323,0.05125131031253405,-0.294356005788712,0.17411335017679955,0.5357541056441667,16,3,0.04,0.12000000000000001,139.6
gold,1.9652257129675261,0.06637864500777235,-0.2943560057887119,0.2255046396281746,0.6521870673009976,15,3,0.04,0.13999999999999999,159.64285714285714
gold,1.4991573702989451,0.05565111366028175,-0.294356005788712,0.18906056803960022,0.5328375172951488,12,3,0.04,0.16,228.0
gold,0.7992723035301981,0.035340391933055715,-0.4074909011896356,0.0867268246478201,0.35089291852289656,8,3,0.04,0.18,395.85714285714283
gold,1.0979312877644487,0.04478422497515422,-0.4074909011896354,0.10990239253050914,0.4225176957950251,8,3,0.04,0.19999999999999998,405.2857142857143
gold,1.3705229456597103,0.052357921974888866,-0.4074909011896355,0.12848856703802294,0.48004871714379715,8,3,0.04,0.22,407.7142857142857
gold,1.647440220239793,0.05925498013093655,-0.4074909011896355,0.1454142410491783,0.5241332970467502,8,3,0.04,0.24,426.14285714285717
gold,1.8772535346795487,0.0644814022691167,-0.4074909011896355,0.15824010322897678,0.5598273441956283,8,3,0.04,0.26,433.57142857142856
gold,2.3194839123835647,0.07351824092654913,-0.4074909011896355,0.18041688958432886,0.6216850643879548,8,3,0.04,0.28,439.2857142857143
gold,2.6128338113768637,0.07890690556327051,-0.4074909011896354,0.193640901754882,0.6549994067153262,8,3,0.04,0.30000000000000004,453.85714285714283
gold,3.2237240747347444,0.088919077885518,-0.4074909011896355,0.2182111983995869,0.7228757874965637,8,3,0.04,0.32,457.7142857142857
gold,2.3865280515968936,0.07478821321212314,-0.4074909011896355,0.18353345557848097,0.6200214115782906,7,3,0.04,0.34,536.1666666666666
gold,2.5851254510931545,0.07841587807529837,-0.4074909011896355,0.19243589941853867,0.6428236602006442,7,3,0.04,0.36000000000000004,555.1666666666666
gold,1.382984272379331,0.05268420839882726,-0.4074909011896355,0.12928928779764196,0.4588239172596456,5,3,0.04,0.38,799.5
gold,1.11841748003456,0.04538470228987923,-0.44807084123972174,0.10128912241713588,0.3990750754864202,4,3,0.04,0.4,1060.6666666666667
gold,0.10018176692044967,0.005661154875509888,-0.19351898613928575,0.02925374397856373,0.13708757769600083,31,3,0.06,0.02,6.483870967741935
gold,0.17089913816521363,0.00937225592249935,-0.26059953393862867,0.035964208304019925,0.1823397850411461,19,3,0.06,0.04,16.842105263157894
gold,0.3688321305090565,0.018736815070875545,-0.24350036385160856,0.07694779085543355,0.30832503876686784,15,3,0.06,0.06,27.2
gold,0.4795532897295296,0.02343282382388967,-0.25691121338657064,0.09120981336315062,0.3692659538654724,12,3,0.06,0.08,38.36363636363637
gold,0.5469004606097116,0.026129973764389636,-0.25691121338657064,0.10170818712016372,0.3892335143441283,11,3,0.06,0.1,49.5
gold,0.5785972508845263,0.0273613503917971,-0.25691121338657064,0.10650119171959563,0.3613699223976125,10,3,0.06,0.12000000000000001,97.44444444444444
gold,0.763580993653949,0.034114584920118984,-0.25691121338657075,0.1327874500704928,0.4279227600105805,9,3,0.06,0.13999999999999999,113.0
gold,0.49676276313344814,0.024132856471594577,-0.2569112133865705,0.09393461715227752,0.30518458274394095,7,3,0.06,0.16,185.83333333333334
gold,0.04447324582654244,0.0025760945209905017,-0.4074909011896355,0.006321845502488055,0.0761554447210778,4,3,0.06,0.18,536.6666666666666
gold,0.0775309583645325,0.004424921459665443,-0.4074909011896355,0.01085894543104461,0.09430921681541983,4,3,0.06,0.19999999999999998,549.6666666666666
gold,0.14524868122284063,0.008051171164366266,-0.4074909011896355,0.019757916412026743,0.12935328495875942,4,3,0.06,0.22,564.6666666666666
gold,0.1925785791987329,0.010467756909321002,-0.4074909011896355,0.025688320595039702,0.15201553584332392,4,3,0.06,0.24,580.3333333333334
gold,0.24335245308015319,0.012961853075334373,-0.4074909011896355,0.03180893864744791,0.17493669652356791,4,3,0.06,0.26,596.6666666666666
gold,0.3137287711649004,0.01626485624947005,-0.4074909011896355,0.039914648896419935,0.2053619812196188,4,3,0.06,0.28,601.3333333333334
gold,0.35878667156684196,0.01829323441866193,-0.4074909011896355,0.04489237518005032,0.22273932042880693,4,3,0.06,0.30000000000000004,632.3333333333334
gold,0.4591371693719857,0.02259234958719425,-0.4074909011896355,0.05544258662276331,0.26142110024843845,4,3,0.06,0.32,638.3333333333334
gold,0.5010760248882029,0.02430712067163099,-0.4074909011896355,0.05965070778431712,0.27629242242046087,4,3,0.06,0.34,647.6666666666666
gold,0.20924639915564391,0.011297344375949647,-0.4074909011896355,0.027724163516211032,0.157444452682509,3,3,0.06,0.36000000000000004,943.5
gold,0.2484916350310029,0.013208932673690832,-0.4074909011896355,0.03241528248883217,0.1712545893561561,3,3,0.06,0.38,1304.0
gold,0.291493674573887,0.015239653873622805,-0.4074909011896355,0.03739875866953572,0.18821528070643745,3,3,0.06,0.4,1349.0
gold,0.10474858250502717,0.00590749841249405,-0.14027135924579226,0.04211478696903879,0.16835487117046644,17,3,0.08,0.02,4.294117647058823
gold,0.17972530077062965,0.009820542354965767,-0.1502279492876476,0.06537094063743074,0.23526352750418078,12,3,0.08,0.04,9.5
gold,0.17259288550869978,0.009458528393384125,-0.1747063403405439,0.054139582884898285,0.20866935854635357,8,3,0.08,0.06,21.375
gold,0.3203408091308193,0.01656657164161013,-0.1844244471949955,0.08982850101263405,0.3197525446569689,7,3,0.08,0.08,35.5
gold,0.39791539265782494,0.020003996037033733,-0.1844244471949955,0.10846716008254113,0.349290668410882,7,3,0.08,0.1,54.333333333333336
gold,0.5157251213910741,0.024895475809051826,-0.1844244471949955,0.13499010672229025,0.3928475329270048,7,3,0.08,0.12000000000000001,91.66666666666667
gold,0.5123770937588228,0.024761481314274914,-0.1844244471949955,0.13426355177355703,0.3762622405410566,6,3,0.08,0.13999999999999999,113.8
gold,0.40238310479439243,0.02019645633669609,-0.1844244471949955,0.10951073268145403,0.3049966698164301,5,3,0.08,0.16,158.0
gold,-0.09029382286309251,-0.0055797926143071885,-0.4031137134726934,-0.013841733555127885,-0.009714345083069653,3,3,0.08,0.18,763.5
gold,-0.06150150537866739,-0.0037460057548113213,-0.4031137134726934,-0.00929267754882537,0.00980268571072381,3,3,0.08,0.19999999999999998,783.0
gold,-0.011832495587502434,-0.0007035464576445882,-0.4031137134726934,-0.0017452803864789529,0.041524528479093555,3,3,0.08,0.22,787.5
gold,0.005952296392925049,0.0003509607201486187,-0.4031137134726934,0.0008706246114159856,0.05283865532761508,3,3,0.08,0.24,806.5
gold,0.03336320727586384,0.0019423627444985492,-0.4031137134726934,0.004818399075947395,0.0693064752486493,3,3,0.08,0.26,830.0
gold,0.06732850191773454,0.003860086440834687,-0.4031137134726934,0.009575676321158362,0.08854843563427121,3,3,0.08,0.28,836.5
gold,0.10055745100793478,0.0056814563401801355,-0.4031137134726934,0.014093929703448286,0.10658535991517541,3,3,0.08,0.30000000000000004,882.0
gold,0.14808994220420857,0.008198869175712442,-0.4031137134726934,0.02033884956451085,0.13119262457797098,3,3,0.08,0.32,888.5
gold,0.1810886069057922,0.009889504030278218,-0.4031137134726934,0.024532789879767074,0.14747677435047543,3,3,0.08,0.34,902.5
gold,0.21068251954431694,0.011368318409340494,-0.4031137134726934,0.028201269342603436,0.1615196487749367,3,3,0.08,0.36000000000000004,944.0
gold,0.24932142415535985,0.013248737199469174,-0.4031137134726934,0.03286600469464463,0.17514403038069315,3,3,0.08,0.38,1299.0
gold,0.2829321129765001,0.014840468630340053,-0.4031137134726934,0.036814596314509486,0.18943870482847824,3,3,0.08,0.4,1302.5
gold,0.06624905230056721,0.003800028385419818,-0.06761056449427805,0.05620465401884669,0.15260328939024226,8,3,0.1,0.02,3.875
gold,0.17827798211578672,0.009747248875406678,-0.06697282816685801,0.1455403503510723,0.3325132078484881,7,3,0.1,0.04,6.0
gold,0.08753452427969899,0.0049738807207357905,-0.140247557922206,0.035465007693715106,0.1557984114431303,4,3,0.1,0.06,21.75
gold,0.05726755994329591,0.003298089176887009,-0.17676852946142152,0.018657671628177424,0.10451624714136283,3,3,0.1,0.08,34.5
gold,0.12335967438966766,0.006901610409839165,-0.17676852946142152,0.03904320769577592,0.18567160529695953,3,3,0.1,0.1,44.5
gold,0.13430618344329015,0.007479105128981534,-0.17676852946142152,0.042310162062041676,0.19916844977976175,3,3,0.1,0.12000000000000001,45.0
gold,0.004377637634277898,0.00025830578130281445,-0.18096045197740107,0.0014274156506587003,0.02909297452387882,2,3,0.1,0.13999999999999999,88.0
gold,0.024930330272997514,0.0014570457341271936,-0.18096045197740107,0.00805173571465855,0.05432030410810717,2,3,0.1,0.16,90.0
gold,-0.0697202279316328,-0.004263998388421175,-0.2633800438966739,-0.01618952721449912,-0.021982635606243518,2,3,0.1,0.18,688.0
gold,-0.055838146061620186,-0.0033915452386076295,-0.2633800438966739,-0.012877001569405766,-0.009888226326891599,2,3,0.1,0.19999999999999998,693.0
gold,-0.03835032864095533,-0.0023095006302825682,-0.2633800438966739,-0.008768700149463881,0.005191637880543874,2,3,0.1,0.22,700.0
gold,-0.021042797997822937,-0.0012566881349793668,-0.2633800438966739,-0.0047713870663351225,0.020553419791639934,2,3,0.1,0.24,738.0
gold,-0.007701576460408366,-0.00045703055144430405,-0.2633800438966739,-0.0017352512539773163,0.031802796937913505,2,3,0.1,0.26,767.0
gold,0.009425667405191351,0.0005548567833697504,-0.2633800438966739,0.0021066773896788672,0.04517962972446904,2,3,0.1,0.28,768.0
gold,0.026372624493258723,0.0015403163164227074,-0.2633800438966739,0.005848265091135704,0.05838494739724591,2,3,0.1,0.30000000000000004,775.0
gold,0.05341564112315278,0.0030815907381973595,-0.2633800438966739,0.01170016791175831,0.07830732515342008,2,3,0.1,0.32,780.0
gold,0.06982173787862234,0.003998586117984315,-0.2633800438966739,0.015181811267193016,0.09008650102877835,2,3,0.1,0.34,782.0
gold,0.06982173787862234,0.003998586117984315,-0.2633800438966739,0.015181811267193016,0.09008650102877835,2,3,0.1,0.36000000000000004,782.0
gold,0.08785041563188534,0.004991138194300415,-0.2633800438966739,0.018950327900539337,0.10075357384378983,2,3,0.1,0.38,1491.0
gold,0.10966511571333348,0.0061716377485707685,-0.2633800438966739,0.023432442554349148,0.11434897206445592,2,3,0.1,0.4,1497.0
gold,0.25519942582566313,0.01352999157095014,-0.028878709420434134,0.46851094950166033,0.595005427433876,8,3,0.12000000000000001,0.02,2.375
gold,0.37374372439822623,0.018952584218684176,-0.028878709420434134,0.6562822438759544,0.7102982799145823,7,3,0.12000000000000001,0.04,4.428571428571429
gold,0.15306518384469836,0.008456672062439496,-0.140247557922206,0.06029817693603145,0.2583690067595091,4,3,0.12000000000000001,0.06,21.0
gold,0.08599688626488367,0.004889810544283391,-0.17676852946142152,0.027662223356055903,0.14710951328344757,3,3,0.12000000000000001,0.08,34.5
gold,0.15388493392168634,0.008499048723979774,-0.17676852946142152,0.04808010085208426,0.22588988228080162,3,3,0.12000000000000001,0.1,44.5
gold,0.16512889448389467,0.009077459632133023,-0.17676852946142152,0.051352238205466964,0.2394810601483141,3,3,0.12000000000000001,0.12000000000000001,45.0
gold,0.004377637634277898,0.00025830578130281445,-0.18096045197740107,0.0014274156506587003,0.02909297452387882,2,3,0.12000000000000001,0.13999999999999999,88.0
gold,0.024930330272997514,0.0014570457341271936,-0.18096045197740107,0.00805173571465855,0.05432030410810717,2,3,0.12000000000000001,0.16,90.0
gold,-0.0697202279316328,-0.004263998388421175,-0.2633800438966739,-0.01618952721449912,-0.021982635606243518,2,3,0.12000000000000001,0.18,688.0
gold,-0.055838146061620186,-0.0033915452386076295,-0.2633800438966739,-0.012877001569405766,-0.009888226326891599,2,3,0.12000000000000001,0.19999999999999998,693.0
gold,-0.03835032864095533,-0.0023095006302825682,-0.2633800438966739,-0.008768700149463881,0.005191637880543874,2,3,0.12000000000000001,0.22,700.0
gold,-0.021042797997822937,-0.0012566881349793668,-0.2633800438966739,-0.0047713870663351225,0.020553419791639934,2,3,0.12000000000000001,0.24,738.0
gold,-0.007701576460408366,-0.00045703055144430405,-0.2633800438966739,-0.0017352512539773163,0.031802796937913505,2,3,0.12000000000000001,0.26,767.0
gold,0.009425667405191351,0.0005548567833697504,-0.2633800438966739,0.0021066773896788672,0.04517962972446904,2,3,0.12000000000000001,0.28,768.0
gold,0.026372624493258723,0.0015403163164227074,-0.2633800438966739,0.005848265091135704,0.05838494739724591,2,3,0.12000000000000001,0.30000000000000004,775.0
gold,0.05341564112315278,0.0030815907381973595,-0.2633800438966739,0.01170016791175831,0.07830732515342008,2,3,0.12000000000000001,0.32,780.0
gold,0.06982173787862234,0.003998586117984315,-0.2633800438966739,0.015181811267193016,0.09008650102877835,2,3,0.12000000000000001,0.34,782.0
gold,0.06982173787862234,0.003998586117984315,-0.2633800438966739,0.015181811267193016,0.09008650102877835,2,3,0.12000000000000001,0.36000000000000004,782.0
gold,0.08785041563188534,0.004991138194300415,-0.2633800438966739,0.018950327900539337,0.10075357384378983,2,3,0.12000000000000001,0.38,1491.0
gold,0.10966511571333348,0.0061716377485707685,-0.2633800438966739,0.023432442554349148,0.11434897206445592,2,3,0.12000000000000001,0.4,1497.0
gold,0.05737526194897202,0.00330413193420398,-0.004667486793545228,0.7079038635467245,0.32245904388327445,2,3,0.13999999999999999,0.02,2.0
gold,0.0833494752650299,0.004744800901278268,-0.004667486793545228,1.0165643977482612,0.4353936156080563,2,3,0.13999999999999999,0.04,4.0
gold,0.1409749544696608,0.007828358323745954,-0.034733124018838435,0.22538595490287702,0.4541349666563604,2,3,0.13999999999999999,0.06,8.5
gold,-0.04388884868659093,-0.0026501748472961273,-0.17676852946142152,-0.014992345387330436,-0.07903202888262878,1,3,0.13999999999999999,0.08,63.0
gold,-0.016028656197988322,-0.0009549503928120151,-0.17676852946142152,-0.005402264734121841,-0.014483427419006453,1,3,0.13999999999999999,0.1,82.0
gold,-0.006440408133728814,-0.00038196169722470863,-0.17676852946142152,-0.002160801463860506,0.003741896903153435,1,3,0.13999999999999999,0.12000000000000001,83.0
gold,0.007851508792242612,0.00046253143376540073,-0.17676852946142152,0.0026165937747779076,0.030414880165329557,1,3,0.13999999999999999,0.13999999999999999,88.0
gold,0.028475287647441894,0.0016615161368183085,-0.17676852946142152,0.009399388804560501,0.06735731064878758,1,3,0.13999999999999999,0.16,90.0
gold,-0.06650264129097616,-0.0040606960679763215,-0.2633800438966739,-0.015417630006810103,-0.031264234479017,1,3,0.13999999999999999,0.18,688.0
gold,-0.052572545046674746,-0.0031880647868614,-0.2633800438966739,-0.012104428033705178,-0.01748884094506612,1,3,0.13999999999999999,0.19999999999999998,693.0
gold,-0.03502424198567189,-0.0021057992543361825,-0.2633800438966739,-0.007995287809893085,-0.00031624920475937097,1,3,0.13999999999999999,0.22,700.0
gold,-0.017656849265504038,-0.0010527718032385947,-0.2633800438966739,-0.003997158583706537,0.01715684128998136,1,3,0.13999999999999999,0.24,738.0
gold,-0.004269484043707972,-0.00025295095128496925,-0.2633800438966739,-0.0009604028746544059,0.029839366971740198,1,3,0.13999999999999999,0.26,767.0
gold,0.012916998335624763,0.000759142983514316,-0.2633800438966739,0.0028823101867662144,0.044890291790514035,1,3,0.13999999999999999,0.28,768.0
gold,0.029922570374122603,0.0017448037207110634,-0.2633800438966739,0.006624661819084379,0.05960534723102763,1,3,0.13999999999999999,0.30000000000000004,775.0
gold,0.057059121499384746,0.0032863928289750266,-0.2633800438966739,0.012477759439755825,0.08189491325490543,1,3,0.13999999999999999,0.32,780.0
gold,0.07352196251537735,0.0042035754343803244,-0.2633800438966739,0.01596011365245812,0.09505033233205434,1,3,0.13999999999999999,0.34,782.0
gold,0.07352196251537735,0.0042035754343803244,-0.2633800438966739,0.01596011365245812,0.09505033233205434,1,3,0.13999999999999999,0.36000000000000004,782.0
gold,0.09161299659888567,0.005196330162945406,-0.2633800438966739,0.019729399714824136,0.10508736039586375,1,3,0.13999999999999999,0.38,1491.0
gold,0.11350314783993065,0.006377070743249114,-0.2633800438966739,0.024212429495041352,0.11993072117097132,1,3,0.13999999999999999,0.4,1497.0
gold,0.0,0.0,0.0,,0.0,0,3,0.16,0.02,0.0
gold,0.0,0.0,0.0,,0.0,0,3,0.16,0.04,0.0
gold,0.0,0.0,0.0,,0.0,0,3,0.16,0.06,0.0
gold,0.0,0.0,0.0,,0.0,0,3,0.16,0.08,0.0
gold,0.0,0.0,0.0,,0.0,0,3,0.16,0.1,0.0
gold,0.0,0.0,0.0,,0.0,0,3,0.16,0.12000000000000001,0.0
gold,0.0,0.0,0.0,,0.0,0,3,0.16,0.13999999999999999,0.0
gold,0.0,0.0,0.0,,0.0,0,3,0.16,0.16,0.0
gold,0.0,0.0,0.0,,0.0,0,3,0.16,0.18,0.0
gold,0.0,0.0,0.0,,0.0,0,3,0.16,0.19999999999999998,0.0
gold,0.0,0.0,0.0,,0.0,0,3,0.16,0.22,0.0
gold,0.0,0.0,0.0,,0.0,0,3,0.16,0.24,0.0
gold,0.0,0.0,0.0,,0.0,0,3,0.16,0.26,0.0
gold,0.0,0.0,0.0,,0.0,0,3,0.16,0.28,0.0
gold,0.0,0.0,0.0,,0.0,0,3,0.16,0.30000000000000004,0.0
gold,0.0,0.0,0.0,,0.0,0,3,0.16,0.32,0.0
gold,0.0,0.0,0.0,,0.0,0,3,0.16,0.34,0.0
gold,0.0,0.0,0.0,,0.0,0,3,0.16,0.36000000000000004,0.0
gold,0.0,0.0,0.0,,0.0,0,3,0.16,0.38,0.0
gold,0.0,0.0,0.0,,0.0,0,3,0.16,0.4,0.0
gold,0.0,0.0,0.0,,0.0,0,3,0.18,0.02,0.0
gold,0.0,0.0,0.0,,0.0,0,3,0.18,0.04,0.0
gold,0.0,0.0,0.0,,0.0,0,3,0.18,0.06,0.0
gold,0.0,0.0,0.0,,0.0,0,3,0.18,0.08,0.0
gold,0.0,0.0,0.0,,0.0,0,3,0.18,0.1,0.0
gold,0.0,0.0,0.0,,0.0,0,3,0.18,0.12000000000000001,0.0
gold,0.0,0.0,0.0,,0.0,0,3,0.18,0.13999999999999999,0.0
gold,0.0,0.0,0.0,,0.0,0,3,0.18,0.16,0.0
gold,0.0,0.0,0.0,,0.0,0,3,0.18,0.18,0.0
gold,0.0,0.0,0.0,,0.0,0,3,0.18,0.19999999999999998,0.0
gold,0.0,0.0,0.0,,0.0,0,3,0.18,0.22,0.0
gold,0.0,0.0,0.0,,0.0,0,3,0.18,0.24,0.0
gold,0.0,0.0,0.0,,0.0,0,3,0.18,0.26,0.0
gold,0.0,0.0,0.0,,0.0,0,3,0.18,0.28,0.0
gold,0.0,0.0,0.0,,0.0,0,3,0.18,0.30000000000000004,0.0
gold,0.0,0.0,0.0,,0.0,0,3,0.18,0.32,0.0
gold,0.0,0.0,0.0,,0.0,0,3,0.18,0.34,0.0
gold,0.0,0.0,0.0,,0.0,0,3,0.18,0.36000000000000004,0.0
gold,0.0,0.0,0.0,,0.0,0,3,0.18,0.38,0.0
gold,0.0,0.0,0.0,,0.0,0,3,0.18,0.4,0.0
gold,0.0,0.0,0.0,,0.0,0,3,0.19999999999999998,0.02,0.0
gold,0.0,0.0,0.0,,0.0,0,3,0.19999999999999998,0.04,0.0
gold,0.0,0.0,0.0,,0.0,0,3,0.19999999999999998,0.06,0.0
gold,0.0,0.0,0.0,,0.0,0,3,0.19999999999999998,0.08,0.0
gold,0.0,0.0,0.0,,0.0,0,3,0.19999999999999998,0.1,0.0
gold,0.0,0.0,0.0,,0.0,0,3,0.19999999999999998,0.12000000000000001,0.0
gold,0.0,0.0,0.0,,0.0,0,3,0.19999999999999998,0.13999999999999999,0.0
gold,0.0,0.0,0.0,,0.0,0,3,0.19999999999999998,0.16,0.0
gold,0.0,0.0,0.0,,0.0,0,3,0.19999999999999998,0.18,0.0
gold,0.0,0.0,0.0,,0.0,0,3,0.19999999999999998,0.19999999999999998,0.0
gold,0.0,0.0,0.0,,0.0,0,3,0.19999999999999998,0.22,0.0
gold,0.0,0.0,0.0,,0.0,0,3,0.19999999999999998,0.24,0.0
gold,0.0,0.0,0.0,,0.0,0,3,0.19999999999999998,0.26,0.0
gold,0.0,0.0,0.0,,0.0,0,3,0.19999999999999998,0.28,0.0
gold,0.0,0.0,0.0,,0.0,0,3,0.19999999999999998,0.30000000000000004,0.0
gold,0.0,0.0,0.0,,0.0,0,3,0.19999999999999998,0.32,0.0
gold,0.0,0.0,0.0,,0.0,0,3,0.19999999999999998,0.34,0.0
gold,0.0,0.0,0.0,,0.0,0,3,0.19999999999999998,0.36000000000000004,0.0
gold,0.0,0.0,0.0,,0.0,0,3,0.19999999999999998,0.38,0.0
gold,0.0,0.0,0.0,,0.0,0,3,0.19999999999999998,0.4,0.0
gold,0.0,0.0,0.0,,0.0,0,3,0.22,0.02,0.0
gold,0.0,0.0,0.0,,0.0,0,3,0.22,0.04,0.0
gold,0.0,0.0,0.0,,0.0,0,3,0.22,0.06,0.0
gold,0.0,0.0,0.0,,0.0,0,3,0.22,0.08,0.0
gold,0.0,0.0,0.0,,0.0,0,3,0.22,0.1,0.0
gold,0.0,0.0,0.0,,0.0,0,3,0.22,0.12000000000000001,0.0
gold,0.0,0.0,0.0,,0.0,0,3,0.22,0.13999999999999999,0.0
gold,0.0,0.0,0.0,,0.0,0,3,0.22,0.16,0.0
gold,0.0,0.0,0.0,,0.0,0,3,0.22,0.18,0.0
gold,0.0,0.0,0.0,,0.0,0,3,0.22,0.19999999999999998,0.0
gold,0.0,0.0,0.0,,0.0,0,3,0.22,0.22,0.0
gold,0.0,0.0,0.0,,0.0,0,3,0.22,0.24,0.0
gold,0.0,0.0,0.0,,0.0,0,3,0.22,0.26,0.0
gold,0.0,0.0,0.0,,0.0,0,3,0.22,0.28,0.0
gold,0.0,0.0,0.0,,0.0,0,3,0.22,0.30000000000000004,0.0
gold,0.0,0.0,0.0,,0.0,0,3,0.22,0.32,0.0
gold,0.0,0.0,0.0,,0.0,0,3,0.22,0.34,0.0
gold,0.0,0.0,0.0,,0.0,0,3,0.22,0.36000000000000004,0.0
gold,0.0,0.0,0.0,,0.0,0,3,0.22,0.38,0.0
gold,0.0,0.0,0.0,,0.0,0,3,0.22,0.4,0.0
gold,0.0,0.0,0.0,,0.0,0,3,0.24,0.02,0.0
gold,0.0,0.0,0.0,,0.0,0,3,0.24,0.04,0.0
gold,0.0,0.0,0.0,,0.0,0,3,0.24,0.06,0.0
gold,0.0,0.0,0.0,,0.0,0,3,0.24,0.08,0.0
gold,0.0,0.0,0.0,,0.0,0,3,0.24,0.1,0.0
gold,0.0,0.0,0.0,,0.0,0,3,0.24,0.12000000000000001,0.0
gold,0.0,0.0,0.0,,0.0,0,3,0.24,0.13999999999999999,0.0
gold,0.0,0.0,0.0,,0.0,0,3,0.24,0.16,0.0
gold,0.0,0.0,0.0,,0.0,0,3,0.24,0.18,0.0
gold,0.0,0.0,0.0,,0.0,0,3,0.24,0.19999999999999998,0.0
gold,0.0,0.0,0.0,,0.0,0,3,0.24,0.22,0.0
gold,0.0,0.0,0.0,,0.0,0,3,0.24,0.24,0.0
gold,0.0,0.0,0.0,,0.0,0,3,0.24,0.26,0.0
gold,0.0,0.0,0.0,,0.0,0,3,0.24,0.28,0.0
gold,0.0,0.0,0.0,,0.0,0,3,0.24,0.30000000000000004,0.0
gold,0.0,0.0,0.0,,0.0,0,3,0.24,0.32,0.0
gold,0.0,0.0,0.0,,0.0,0,3,0.24,0.34,0.0
gold,0.0,0.0,0.0,,0.0,0,3,0.24,0.36000000000000004,0.0
gold,0.0,0.0,0.0,,0.0,0,3,0.24,0.38,0.0
gold,0.0,0.0,0.0,,0.0,0,3,0.24,0.4,0.0
gold,0.0,0.0,0.0,,0.0,0,3,0.26,0.02,0.0
gold,0.0,0.0,0.0,,0.0,0,3,0.26,0.04,0.0
gold,0.0,0.0,0.0,,0.0,0,3,0.26,0.06,0.0
gold,0.0,0.0,0.0,,0.0,0,3,0.26,0.08,0.0
gold,0.0,0.0,0.0,,0.0,0,3,0.26,0.1,0.0
gold,0.0,0.0,0.0,,0.0,0,3,0.26,0.12000000000000001,0.0
gold,0.0,0.0,0.0,,0.0,0,3,0.26,0.13999999999999999,0.0
gold,0.0,0.0,0.0,,0.0,0,3,0.26,0.16,0.0
gold,0.0,0.0,0.0,,0.0,0,3,0.26,0.18,0.0
gold,0.0,0.0,0.0,,0.0,0,3,0.26,0.19999999999999998,0.0
gold,0.0,0.0,0.0,,0.0,0,3,0.26,0.22,0.0
gold,0.0,0.0,0.0,,0.0,0,3,0.26,0.24,0.0
gold,0.0,0.0,0.0,,0.0,0,3,0.26,0.26,0.0
gold,0.0,0.0,0.0,,0.0,0,3,0.26,0.28,0.0
gold,0.0,0.0,0.0,,0.0,0,3,0.26,0.30000000000000004,0.0
gold,0.0,0.0,0.0,,0.0,0,3,0.26,0.32,0.0
gold,0.0,0.0,0.0,,0.0,0,3,0.26,0.34,0.0
gold,0.0,0.0,0.0,,0.0,0,3,0.26,0.36000000000000004,0.0
gold,0.0,0.0,0.0,,0.0,0,3,0.26,0.38,0.0
gold,0.0,0.0,0.0,,0.0,0,3,0.26,0.4,0.0
gold,0.0,0.0,0.0,,0.0,0,3,0.28,0.02,0.0
gold,0.0,0.0,0.0,,0.0,0,3,0.28,0.04,0.0
gold,0.0,0.0,0.0,,0.0,0,3,0.28,0.06,0.0
gold,0.0,0.0,0.0,,0.0,0,3,0.28,0.08,0.0
gold,0.0,0.0,0.0,,0.0,0,3,0.28,0.1,0.0
gold,0.0,0.0,0.0,,0.0,0,3,0.28,0.12000000000000001,0.0
gold,0.0,0.0,0.0,,0.0,0,3,0.28,0.13999999999999999,0.0
gold,0.0,0.0,0.0,,0.0,0,3,0.28,0.16,0.0
gold,0.0,0.0,0.0,,0.0,0,3,0.28,0.18,0.0
gold,0.0,0.0,0.0,,0.0,0,3,0.28,0.19999999999999998,0.0
gold,0.0,0.0,0.0,,0.0,0,3,0.28,0.22,0.0
gold,0.0,0.0,0.0,,0.0,0,3,0.28,0.24,0.0
gold,0.0,0.0,0.0,,0.0,0,3,0.28,0.26,0.0
gold,0.0,0.0,0.0,,0.0,0,3,0.28,0.28,0.0
gold,0.0,0.0,0.0,,0.0,0,3,0.28,0.30000000000000004,0.0
gold,0.0,0.0,0.0,,0.0,0,3,0.28,0.32,0.0
gold,0.0,0.0,0.0,,0.0,0,3,0.28,0.34,0.0
gold,0.0,0.0,0.0,,0.0,0,3,0.28,0.36000000000000004,0.0
gold,0.0,0.0,0.0,,0.0,0,3,0.28,0.38,0.0
gold,0.0,0.0,0.0,,0.0,0,3,0.28,0.4,0.0
gold,0.0,0.0,0.0,,0.0,0,3,0.30000000000000004,0.02,0.0
gold,0.0,0.0,0.0,,0.0,0,3,0.30000000000000004,0.04,0.0
gold,0.0,0.0,0.0,,0.0,0,3,0.30000000000000004,0.06,0.0
gold,0.0,0.0,0.0,,0.0,0,3,0.30000000000000004,0.08,0.0
gold,0.0,0.0,0.0,,0.0,0,3,0.30000000000000004,0.1,0.0
gold,0.0,0.0,0.0,,0.0,0,3,0.30000000000000004,0.12000000000000001,0.0
gold,0.0,0.0,0.0,,0.0,0,3,0.30000000000000004,0.13999999999999999,0.0
gold,0.0,0.0,0.0,,0.0,0,3,0.30000000000000004,0.16,0.0
gold,0.0,0.0,0.0,,0.0,0,3,0.30000000000000004,0.18,0.0
gold,0.0,0.0,0.0,,0.0,0,3,0.30000000000000004,0.19999999999999998,0.0
gold,0.0,0.0,0.0,,0.0,0,3,0.30000000000000004,0.22,0.0
gold,0.0,0.0,0.0,,0.0,0,3,0.30000000000000004,0.24,0.0
gold,0.0,0.0,0.0,,0.0,0,3,0.30000000000000004,0.26,0.0
gold,0.0,0.0,0.0,,0.0,0,3,0.30000000000000004,0.28,0.0
gold,0.0,0.0,0.0,,0.0,0,3,0.30000000000000004,0.30000000000000004,0.0
gold,0.0,0.0,0.0,,0.0,0,3,0.30000000000000004,0.32,0.0
gold,0.0,0.0,0.0,,0.0,0,3,0.30000000000000004,0.34,0.0
gold,0.0,0.0,0.0,,0.0,0,3,0.30000000000000004,0.36000000000000004,0.0
gold,0.0,0.0,0.0,,0.0,0,3,0.30000000000000004,0.38,0.0
gold,0.0,0.0,0.0,,0.0,0,3,0.30000000000000004,0.4,0.0
gold,0.0,0.0,0.0,,0.0,0,3,0.32,0.02,0.0
gold,0.0,0.0,0.0,,0.0,0,3,0.32,0.04,0.0
gold,0.0,0.0,0.0,,0.0,0,3,0.32,0.06,0.0
gold,0.0,0.0,0.0,,0.0,0,3,0.32,0.08,0.0
gold,0.0,0.0,0.0,,0.0,0,3,0.32,0.1,0.0
gold,0.0,0.0,0.0,,0.0,0,3,0.32,0.12000000000000001,0.0
gold,0.0,0.0,0.0,,0.0,0,3,0.32,0.13999999999999999,0.0
gold,0.0,0.0,0.0,,0.0,0,3,0.32,0.16,0.0
gold,0.0,0.0,0.0,,0.0,0,3,0.32,0.18,0.0
gold,0.0,0.0,0.0,,0.0,0,3,0.32,0.19999999999999998,0.0
gold,0.0,0.0,0.0,,0.0,0,3,0.32,0.22,0.0
gold,0.0,0.0,0.0,,0.0,0,3,0.32,0.24,0.0
gold,0.0,0.0,0.0,,0.0,0,3,0.32,0.26,0.0
gold,0.0,0.0,0.0,,0.0,0,3,0.32,0.28,0.0
gold,0.0,0.0,0.0,,0.0,0,3,0.32,0.30000000000000004,0.0
gold,0.0,0.0,0.0,,0.0,0,3,0.32,0.32,0.0
gold,0.0,0.0,0.0,,0.0,0,3,0.32,0.34,0.0
gold,0.0,0.0,0.0,,0.0,0,3,0.32,0.36000000000000004,0.0
gold,0.0,0.0,0.0,,0.0,0,3,0.32,0.38,0.0
gold,0.0,0.0,0.0,,0.0,0,3,0.32,0.4,0.0
gold,0.0,0.0,0.0,,0.0,0,3,0.34,0.02,0.0
gold,0.0,0.0,0.0,,0.0,0,3,0.34,0.04,0.0
gold,0.0,0.0,0.0,,0.0,0,3,0.34,0.06,0.0
gold,0.0,0.0,0.0,,0.0,0,3,0.34,0.08,0.0
gold,0.0,0.0,0.0,,0.0,0,3,0.34,0.1,0.0
gold,0.0,0.0,0.0,,0.0,0,3,0.34,0.12000000000000001,0.0
gold,0.0,0.0,0.0,,0.0,0,3,0.34,0.13999999999999999,0.0
gold,0.0,0.0,0.0,,0.0,0,3,0.34,0.16,0.0
gold,0.0,0.0,0.0,,0.0,0,3,0.34,0.18,0.0
gold,0.0,0.0,0.0,,0.0,0,3,0.34,0.19999999999999998,0.0
gold,0.0,0.0,0.0,,0.0,0,3,0.34,0.22,0.0
gold,0.0,0.0,0.0,,0.0,0,3,0.34,0.24,0.0
gold,0.0,0.0,0.0,,0.0,0,3,0.34,0.26,0.0
gold,0.0,0.0,0.0,,0.0,0,3,0.34,0.28,0.0
gold,0.0,0.0,0.0,,0.0,0,3,0.34,0.30000000000000004,0.0
gold,0.0,0.0,0.0,,0.0,0,3,0.34,0.32,0.0
gold,0.0,0.0,0.0,,0.0,0,3,0.34,0.34,0.0
gold,0.0,0.0,0.0,,0.0,0,3,0.34,0.36000000000000004,0.0
gold,0.0,0.0,0.0,,0.0,0,3,0.34,0.38,0.0
gold,0.0,0.0,0.0,,0.0,0,3,0.34,0.4,0.0
gold,0.0,0.0,0.0,,0.0,0,3,0.36000000000000004,0.02,0.0
gold,0.0,0.0,0.0,,0.0,0,3,0.36000000000000004,0.04,0.0
gold,0.0,0.0,0.0,,0.0,0,3,0.36000000000000004,0.06,0.0
gold,0.0,0.0,0.0,,0.0,0,3,0.36000000000000004,0.08,0.0
gold,0.0,0.0,0.0,,0.0,0,3,0.36000000000000004,0.1,0.0
gold,0.0,0.0,0.0,,0.0,0,3,0.36000000000000004,0.12000000000000001,0.0
gold,0.0,0.0,0.0,,0.0,0,3,0.36000000000000004,0.13999999999999999,0.0
gold,0.0,0.0,0.0,,0.0,0,3,0.36000000000000004,0.16,0.0
gold,0.0,0.0,0.0,,0.0,0,3,0.36000000000000004,0.18,0.0
gold,0.0,0.0,0.0,,0.0,0,3,0.36000000000000004,0.19999999999999998,0.0
gold,0.0,0.0,0.0,,0.0,0,3,0.36000000000000004,0.22,0.0
gold,0.0,0.0,0.0,,0.0,0,3,0.36000000000000004,0.24,0.0
gold,0.0,0.0,0.0,,0.0,0,3,0.36000000000000004,0.26,0.0
gold,0.0,0.0,0.0,,0.0,0,3,0.36000000000000004,0.28,0.0
gold,0.0,0.0,0.0,,0.0,0,3,0.36000000000000004,0.30000000000000004,0.0
gold,0.0,0.0,0.0,,0.0,0,3,0.36000000000000004,0.32,0.0
gold,0.0,0.0,0.0,,0.0,0,3,0.36000000000000004,0.34,0.0
gold,0.0,0.0,0.0,,0.0,0,3,0.36000000000000004,0.36000000000000004,0.0
gold,0.0,0.0,0.0,,0.0,0,3,0.36000000000000004,0.38,0.0
gold,0.0,0.0,0.0,,0.0,0,3,0.36000000000000004,0.4,0.0
gold,0.0,0.0,0.0,,0.0,0,3,0.38,0.02,0.0
gold,0.0,0.0,0.0,,0.0,0,3,0.38,0.04,0.0
gold,0.0,0.0,0.0,,0.0,0,3,0.38,0.06,0.0
gold,0.0,0.0,0.0,,0.0,0,3,0.38,0.08,0.0
gold,0.0,0.0,0.0,,0.0,0,3,0.38,0.1,0.0
gold,0.0,0.0,0.0,,0.0,0,3,0.38,0.12000000000000001,0.0
gold,0.0,0.0,0.0,,0.0,0,3,0.38,0.13999999999999999,0.0
gold,0.0,0.0,0.0,,0.0,0,3,0.38,0.16,0.0
gold,0.0,0.0,0.0,,0.0,0,3,0.38,0.18,0.0
gold,0.0,0.0,0.0,,0.0,0,3,0.38,0.19999999999999998,0.0
gold,0.0,0.0,0.0,,0.0,0,3,0.38,0.22,0.0
gold,0.0,0.0,0.0,,0.0,0,3,0.38,0.24,0.0
gold,0.0,0.0,0.0,,0.0,0,3,0.38,0.26,0.0
gold,0.0,0.0,0.0,,0.0,0,3,0.38,0.28,0.0
gold,0.0,0.0,0.0,,0.0,0,3,0.38,0.30000000000000004,0.0
gold,0.0,0.0,0.0,,0.0,0,3,0.38,0.32,0.0
gold,0.0,0.0,0.0,,0.0,0,3,0.38,0.34,0.0
gold,0.0,0.0,0.0,,0.0,0,3,0.38,0.36000000000000004,0.0
gold,0.0,0.0,0.0,,0.0,0,3,0.38,0.38,0.0
gold,0.0,0.0,0.0,,0.0,0,3,0.38,0.4,0.0
gold,0.0,0.0,0.0,,0.0,0,3,0.4,0.02,0.0
gold,0.0,0.0,0.0,,0.0,0,3,0.4,0.04,0.0
gold,0.0,0.0,0.0,,0.0,0,3,0.4,0.06,0.0
gold,0.0,0.0,0.0,,0.0,0,3,0.4,0.08,0.0
gold,0.0,0.0,0.0,,0.0,0,3,0.4,0.1,0.0
gold,0.0,0.0,0.0,,0.0,0,3,0.4,0.12000000000000001,0.0
gold,0.0,0.0,0.0,,0.0,0,3,0.4,0.13999999999999999,0.0
gold,0.0,0.0,0.0,,0.0,0,3,0.4,0.16,0.0
gold,0.0,0.0,0.0,,0.0,0,3,0.4,0.18,0.0
gold,0.0,0.0,0.0,,0.0,0,3,0.4,0.19999999999999998,0.0
gold,0.0,0.0,0.0,,0.0,0,3,0.4,0.22,0.0
gold,0.0,0.0,0.0,,0.0,0,3,0.4,0.24,0.0
gold,0.0,0.0,0.0,,0.0,0,3,0.4,0.26,0.0
gold,0.0,0.0,0.0,,0.0,0,3,0.4,0.28,0.0
gold,0.0,0.0,0.0,,0.0,0,3,0.4,0.30000000000000004,0.0
gold,0.0,0.0,0.0,,0.0,0,3,0.4,0.32,0.0
gold,0.0,0.0,0.0,,0.0,0,3,0.4,0.34,0.0
gold,0.0,0.0,0.0,,0.0,0,3,0.4,0.36000000000000004,0.0
gold,0.0,0.0,0.0,,0.0,0,3,0.4,0.38,0.0
gold,0.0,0.0,0.0,,0.0,0,3,0.4,0.4,0.0
gold,0.14326531052732072,0.007947864617739553,-0.346928889556818,0.02290920375034924,0.1402194773238958,85,6,0.02,0.02,11.619047619047619
gold,0.36283419572248876,0.018472332231356026,-0.30788658636553634,0.05999719718034377,0.25703080992449867,45,6,0.02,0.04,29.068181818181817
gold,0.04083517497199751,0.0023692752827708663,-0.3403861097380454,0.006960552193490548,0.07108590995274536,23,6,0.02,0.06,67.9090909090909
gold,0.16435901554680044,0.009038023428294961,-0.3237676731321649,0.027915150826702692,0.14481609184865427,18,6,0.02,0.08,90.23529411764706
gold,0.29692342991911636,0.015491529514484625,-0.33254513222426996,0.04658474298170471,0.21239182902087628,15,6,0.02,0.1,118.57142857142857
gold,0.27914795404518955,0.014663231819003864,-0.3014814364202195,0.048637262688922364,0.20028943942045915,12,6,0.02,0.12000000000000001,168.9090909090909
gold,0.458355026586698,0.022559931372266417,-0.29829023198445714,0.07563080836465988,0.27695043670426644,11,6,0.02,0.13999999999999999,188.1
gold,0.44877725477304664,0.022161620163403395,-0.32253599911430697,0.06871053223286651,0.26689912201973653,9,6,0.02,0.16,258.375
gold,0.116098898824043,0.006515632566542973,-0.4031137134726934,0.016163261999729353,0.11435259210338815,5,6,0.02,0.18,555.75
gold,0.1904517449869021,0.01036111674204343,-0.4031137134726934,0.025702714633014545,0.15035865641880822,5,6,0.02,0.19999999999999998,566.25
gold,0.2652660050482267,0.014008797741338563,-0.4031137134726934,0.034751478982586154,0.1837717128036003,5,6,0.02,0.22,577.5
gold,0.36750672497020775,0.018678464435173403,-0.4031137134726934,0.04633547262449722,0.2241292949130999,5,6,0.02,0.24,596.5
gold,0.425728141316863,0.021192826754184324,-0.4031137134726934,0.05257282510092505,0.24544161345226628,5,6,0.02,0.26,608.75
gold,0.5416073389610436,0.02592203327812137,-0.4031137134726934,0.06430451858065431,0.28645432179345615,5,6,0.02,0.28,612.75
gold,0.606376584768547,0.02842155888722564,-0.4031137134726934,0.07050506578499442,0.3061727965491925,5,6,0.02,0.30000000000000004,636.25
gold,0.7648376628072258,0.034158139694013157,-0.4031137134726934,0.08473574217992214,0.35458810727901907,5,6,0.02,0.32,641.5
gold,0.8462261034518976,0.03691861685527065,-0.4031137134726934,0.09158362918797473,0.3759725755836459,5,6,0.02,0.34,650.75
gold,0.5573375331946491,0.02653804044457564,-0.4031137134726934,0.06583264115715404,0.2862715324693363,4,6,0.02,0.36000000000000004,843.0
gold,0.22504060567371087,0.012073582029302976,-0.4031137134726934,0.02995080947580026,0.16225361242914363,3,6,0.02,0.38,1285.0
gold,0.26723491686387857,0.014102027705847009,-0.4031137134726934,0.03498275358673023,0.17949094923496783,3,6,0.02,0.4,1330.0
gold,0.03495138511331786,0.0020333461458676982,-0.27562888630709004,0.007377115559659663,0.06389020334828266,56,6,0.04,0.02,8.854545454545455
gold,0.4570721924562364,0.0225067250925719,-0.2748508478569045,0.08188704989656632,0.3393556232961175,35,6,0.04,0.04,18.352941176470587
gold,0.3882426561271819,0.01958532282647929,-0.28218994210692483,0.0694047515664403,0.2889127244610315,21,6,0.04,0.06,39.15
gold,0.4767184302823826,0.023316775432577375,-0.2606744298884036,0.08944788118481523,0.33029253374285705,16,6,0.04,0.08,55.46666666666667
gold,0.5945081899111735,0.02797072454574323,-0.2752027117871726,0.10163680569897265,0.36749165788167976,14,6,0.04,0.1,101.23076923076923
gold,0.6337729090381765,0.02945038743292483,-0.2681399693206751,0.10983214291974651,0.36111317552025207,12,6,0.04,0.12000000000000001,157.1818181818182
gold,0.9074251629339882,0.038919905998016535,-0.2606744298884036,0.14930465567596482,0.4516040838699292,11,6,0.04,0.13999999999999999,174.7
gold,0.7640621839609014,0.03413126589700455,-0.2606744298884036,0.1309344607049351,0.388158659861666,9,6,0.04,0.16,248.375
gold,0.23512852280028063,0.012564459901184044,-0.4031137134726934,0.031168525111550563,0.17207390264125652,5,6,0.04,0.18,547.75
gold,0.31741094521274693,0.016433054169606054,-0.4031137134726934,0.040765306712194534,0.20818738714318866,5,6,0.04,0.19999999999999998,558.25
gold,0.4002039903553425,0.020102656529904284,-0.4031137134726934,0.04986845115420768,0.24147822454728365,5,6,0.04,0.22,569.5
gold,0.5133484702041509,0.024800386382052286,-0.4031137134726934,0.06152206078132404,0.28089333053159915,5,6,0.04,0.24,588.5
gold,0.5777790793942066,0.027329859190192485,-0.4031137134726934,0.06779689769111213,0.30187809279562705,5,6,0.04,0.26,600.75
gold,0.706016552220621,0.03208748668720518,-0.4031137134726934,0.0795990947834097,0.34302068568886496,5,6,0.04,0.28,604.75
gold,0.777693303251733,0.034602033621700334,-0.4031137134726934,0.0858369052335508,0.3622560753711204,5,6,0.04,0.30000000000000004,628.25
gold,0.953053925366377,0.04037308938910322,-0.4031137134726934,0.10015310330502578,0.41087255912955684,5,6,0.04,0.32,633.5
gold,1.0431222737648826,0.04315015610860451,-0.4031137134726934,0.10704214385782106,0.431950571481713,5,6,0.04,0.34,642.75
gold,0.6636187801439148,0.03055289237886205,-0.4031137134726934,0.07579224262965115,0.32170972938609865,4,6,0.04,0.36000000000000004,838.0
gold,0.29090463848581494,0.015212269772639564,-0.4031137134726934,0.037736919544589076,0.1897380679351262,3,6,0.04,0.38,1284.0
gold,0.33536751733312165,0.017247006155409084,-0.4031137134726934,0.04278446894508187,0.20692066954582766,3,6,0.04,0.4,1329.0
gold,0.01069824895188276,0.0006293954878782149,-0.2730108906180817,0.0023053860102551144,0.039897168283031345,38,6,0.06,0.02,7.702702702702703
gold,0.04499129645645117,0.0026054898287921624,-0.27115979026880666,0.00960868802195666,0.07308685328239267,21,6,0.06,0.04,17.476190476190474
gold,0.047797672644962264,0.00276449172872284,-0.24350036385160856,0.011353131818757968,0.07516948520736094,12,6,0.06,0.06,38.333333333333336
gold,0.24921004554874404,0.013243395874833697,-0.25691121338657064,0.05154853188485217,0.22548304155177998,11,6,0.06,0.08,54.4
gold,0.2301266523088401,0.012321542385431705,-0.25691121338657064,0.04796031369363258,0.20233350138523376,9,6,0.06,0.1,125.625
gold,0.4263855007213584,0.021220660190479856,-0.25691121338657075,0.08259919802935742,0.29236364986525976,9,6,0.06,0.12000000000000001,181.25
gold,0.6699081585925226,0.030782845919507862,-0.25691121338657064,0.1198190048372445,0.39713848606575025,9,6,0.06,0.13999999999999999,185.125
gold,0.4376070034855344,0.02169394075053077,-0.25691121338657075,0.08444139305779619,0.2835353440245063,7,6,0.06,0.16,279.6666666666667
gold,0.029770314015264088,0.0017360469240952359,-0.4031137134726934,0.004306593564232178,0.06696953948190931,4,6,0.06,0.18,711.6666666666666
gold,0.09837207844826246,0.005563270259566266,-0.4031137134726934,0.013800746721416407,0.10557978309571782,4,6,0.06,0.19999999999999998,725.6666666666666
gold,0.15650222338877273,0.008634159147503428,-0.4031137134726934,0.021418668874157016,0.13612494217278462,4,6,0.06,0.22,728.6666666666666
gold,0.22195079234328152,0.01192247078334474,-0.4031137134726934,0.029575949378245002,0.16714172498348065,4,6,0.06,0.24,751.0
gold,0.2552473854246444,0.013532281271586566,-0.4031137134726934,0.03356938952785894,0.18187825929597412,4,6,0.06,0.26,766.6666666666666
gold,0.32678340081898294,0.0168591906669171,-0.4031137134726934,0.041822419092817906,0.21312925656890747,4,6,0.06,0.28,771.6666666666666
gold,0.37829655249511696,0.019151945314218155,-0.4031137134726934,0.04751003172090173,0.23315091214041564,4,6,0.06,0.30000000000000004,802.3333333333334
gold,0.4710194655684423,0.0230828458291239,-0.4031137134726934,0.057261375779733954,0.2692400175195256,4,6,0.06,0.32,807.6666666666666
gold,0.5388579886143163,0.02581375972090183,-0.4031137134726934,0.06403592549239938,0.29267277774050326,4,6,0.06,0.34,820.0
gold,0.577416339454272,0.027315892510738182,-0.4031137134726934,0.06776225069452652,0.3055000054553107,4,6,0.06,0.36000000000000004,847.6666666666666
gold,0.19634079083306943,0.010655957976341668,-0.4031137134726934,0.026434124219054864,0.15269778143501997,3,6,0.06,0.38,1300.5
gold,0.2285261334256794,0.012243616361738763,-0.4031137134726934,0.030372611877338515,0.1673367177299306,3,6,0.06,0.4,1304.0
gold,0.07285051368434226,0.0041664271580796886,-0.20503729945217464,0.0203203376615459,0.11130327387571838,26,6,0.08,0.02,6.076923076923077
gold,0.2787797526737781,0.014645960223569787,-0.2000629431281329,0.07320676180490654,0.30929324295179983,18,6,0.08,0.04,11.333333333333334
gold,0.36019050308444367,0.01835540897184962,-0.17470634034054366,0.10506435505471992,0.359242324057242,11,6,0.08,0.06,24.545454545454547
gold,0.5949889111202551,0.027989046541693874,-0.1844244471949955,0.15176429680225917,0.4937905275262548,10,6,0.08,0.08,36.666666666666664
gold,0.49307339418612073,0.023983423434524864,-0.1844244471949955,0.13004470827648315,0.41560302712048086,8,6,0.08,0.1,53.57142857142857
gold,0.6962729223352786,0.0317380159867402,-0.1844244471949955,0.17209223868884901,0.47053549711219794,8,6,0.08,0.12000000000000001,103.14285714285714
gold,0.9529612964954997,0.040370171840961255,-0.1844244471949954,0.2188981583242981,0.5730769881978025,8,6,0.08,0.13999999999999999,107.28571428571429
gold,0.5505600592018152,0.026273350166628795,-0.1844244471949955,0.1424613198859123,0.3658536161278641,6,6,0.08,0.16,193.6
gold,-0.07423758913307199,-0.00455054589678372,-0.4031137134726934,-0.011288491918526532,-0.0031878833993383804,3,6,0.08,0.18,758.5
gold,-0.04493708978643962,-0.002714861027682147,-0.4031137134726934,-0.0067347275395185716,0.017168269096832434,3,6,0.08,0.19999999999999998,778.0
gold,0.0056085736434370315,0.0003307472815636814,-0.4031137134726934,0.0008204813443690645,0.05024988230940119,3,6,0.08,0.22,782.5
gold,0.02370726563252057,0.0013863458974063825,-0.4031137134726934,0.0034390938612915544,0.06193027977064446,3,6,0.08,0.24,801.5
gold,0.05160197667308197,0.0029793950577432504,-0.4031137134726934,0.007390954358949319,0.07895764988028384,3,6,0.08,0.26,825.0
gold,0.08616675576738886,0.004899103640151559,-0.4031137134726934,0.012153155490413303,0.09895331780237547,3,6,0.08,0.28,831.5
gold,0.11998219287603318,0.006722358697276887,-0.4031137134726934,0.016676085364017896,0.1175156342306387,3,6,0.08,0.30000000000000004,877.0
gold,0.16835362834640155,0.009242377110288746,-0.4031137134726934,0.02292746885405777,0.14308555271094303,3,6,0.08,0.32,883.5
gold,0.20193471656729645,0.010934761808996551,-0.4031137134726934,0.02712574998949338,0.1599363674080767,3,6,0.08,0.34,897.5
gold,0.23205095915174434,0.012415106793364439,-0.4031137134726934,0.030798026409005873,0.17443736412432956,3,6,0.08,0.36000000000000004,939.0
gold,0.2713718370186571,0.01429747185816943,-0.4031137134726934,0.03546758986441162,0.18731126358963177,3,6,0.08,0.38,1294.0
gold,0.30557575153079775,0.0158908507659703,-0.4031137134726934,0.03942026836317671,0.202081711229339,3,6,0.08,0.4,1297.5
gold,-0.11694870816443514,-0.007326791187356796,-0.20503729945217475,-0.03573394307734618,-0.16172113219317324,15,6,0.1,0.02,7.0
gold,-0.015130474015770723,-0.0009010530037344422,-0.200062943128133,-0.004503847587393287,0.00035776512044392183,10,6,0.1,0.04,11.8
gold,0.004971954691189051,0.0002932922054399434,-0.17470634034054378,0.001678772532629599,0.02944678089880394,5,6,0.1,0.06,28.0
gold,0.03679983689282729,0.002139074826749132,-0.1844244471949955,0.011598651151099546,0.06895069641882443,4,6,0.1,0.08,37.666666666666664
gold,0.019703419592884464,0.0011543444428232519,-0.1844244471949955,0.006259172579233713,0.048141013594300404,3,6,0.1,0.1,54.0
gold,0.052885102371400095,0.0030517132817156067,-0.1844244471949955,0.016547227486001202,0.08740092981745659,3,6,0.1,0.12000000000000001,66.5
gold,0.08571510436660423,0.0048743920108962335,-0.1844244471949955,0.026430292106243623,0.1243349480232681,3,6,0.1,0.13999999999999999,69.5
gold,0.1266233341290901,0.007074340227592124,-0.1844244471949955,0.038359015494905016,0.1683239549842017,3,6,0.1,0.16,71.5
gold,-0.12054862272488542,-0.007566527575718296,-0.270230488743184,-0.02800027343661142,-0.07296792032979584,2,6,0.1,0.18,689.0
gold,-0.10742502659112885,-0.006696968066374875,-0.270230488743184,-0.024782429612298113,-0.06029826646366213,2,6,0.1,0.19999999999999998,694.0
gold,-0.09089270418886419,-0.005618512244530471,-0.270230488743184,-0.020791555648149218,-0.04439456522451511,2,6,0.1,0.22,701.0
gold,-0.07453081810002471,-0.004569191582392884,-0.270230488743184,-0.016908497644524696,-0.02744116816028571,2,6,0.1,0.24,739.0
gold,-0.06191853090654453,-0.003772186200350136,-0.270230488743184,-0.013959143610679205,-0.01510540942054309,2,6,0.1,0.26,768.0
gold,-0.045727081131130554,-0.0027636549633892615,-0.270230488743184,-0.010227028697771132,-0.001148324500595601,2,6,0.1,0.28,769.0
gold,-0.029706067669142078,-0.0017814638758537615,-0.270230488743184,-0.006592386684933956,0.013257110077514489,2,6,0.1,0.30000000000000004,776.0
gold,-0.004140620655330718,-0.00024530135497968786,-0.270230488743184,-0.0009077486264431555,0.03403420213092871,2,6,0.1,0.32,781.0
gold,0.011369083866381802,0.0006686526523937975,-0.270230488743184,0.0024743790217885355,0.04633447391909986,2,6,0.1,0.34,783.0
gold,0.011369083866381802,0.0006686526523937975,-0.270230488743184,0.0024743790217885355,0.04633447391909986,2,6,0.1,0.36000000000000004,783.0
gold,0.028412715208922634,0.0016579127595566234,-0.270230488743184,0.006135180257666024,0.06162434166491686,2,6,0.1,0.38,1492.0
gold,0.04903550913339716,0.0028344969846361145,-0.270230488743184,0.010489182763274001,0.07566827455055597,2,6,0.1,0.4,1498.0
gold,0.04259005435687735,0.0024691224901394193,-0.16636860211290694,0.01484127689228125,0.09302001084494639,12,6,0.12000000000000001,0.02,6.666666666666667
gold,0.0791884567802903,0.004516209496000734,-0.16981794892882596,0.026594417872127084,0.15040289426594128,8,6,0.12000000000000001,0.04,11.25
gold,0.04752144994658147,0.002748859466106257,-0.1747063403405439,0.01573417118547662,0.09216158625767128,4,6,0.12000000000000001,0.06,29.75
gold,0.0007225498372616102,4.2707812186959515e-05,-0.17676852946142152,0.00024160302921046923,0.018728726817837767,2,6,0.12000000000000001,0.08,63.0
gold,0.02988267711728776,0.0017425094375114192,-0.17676852946142152,0.009857577266838719,0.06495487535629628,2,6,0.12000000000000001,0.1,82.0
gold,0.03991830533703711,0.002317045224483838,-0.17676852946142152,0.01310779261186034,0.08006953853737978,2,6,0.12000000000000001,0.12000000000000001,83.0
gold,0.05487707192873881,0.0031638185192151003,-0.17676852946142152,0.017898087000297082,0.10177073367156732,2,6,0.12000000000000001,0.13999999999999999,88.0
gold,0.07646314017499178,0.004366040526806891,-0.17676852946142152,0.02469919583598589,0.13251832628671284,2,6,0.12000000000000001,0.16,90.0
gold,-0.022946384643279027,-0.0013716218697175098,-0.2633800438966739,-0.005207766880985136,0.013305898021391564,2,6,0.12000000000000001,0.18,688.0
gold,-0.008366321003265953,-0.0004966344507802978,-0.2633800438966739,-0.0018856191358792979,0.0263477713192411,2,6,0.12000000000000001,0.19999999999999998,693.0
gold,0.010000772153633486,0.0005885532400609073,-0.2633800438966739,0.0022346159236415093,0.04250828270321268,2,6,0.12000000000000001,0.22,700.0
gold,0.028178513834688834,0.0016444239055366516,-0.2633800438966739,0.006243540251598455,0.05826394117998279,2,6,0.12000000000000001,0.24,738.0
gold,0.04219052304716886,0.0024464043043701533,-0.2633800438966739,0.009288495317169502,0.06978573220094088,2,6,0.12000000000000001,0.26,767.0
gold,0.060178913252379784,0.003461230931488757,-0.2633800438966739,0.013141583850774304,0.08411324655719075,2,6,0.12000000000000001,0.28,768.0
gold,0.07797795198174651,0.004449552990360539,-0.2633800438966739,0.016894039975580435,0.09756908620335969,2,6,0.12000000000000001,0.30000000000000004,775.0
gold,0.10638067335839518,0.005995304448155991,-0.2633800438966739,0.02276294118360766,0.11881363635443436,2,6,0.12000000000000001,0.32,780.0
gold,0.12361165766022908,0.006914963481662539,-0.2633800438966739,0.02625469788582515,0.1313411767215372,2,6,0.12000000000000001,0.34,782.0
gold,0.12361165766022908,0.006914963481662539,-0.2633800438966739,0.02625469788582515,0.1313411767215372,2,6,0.12000000000000001,0.36000000000000004,782.0
gold,0.14254680524466168,0.00791039868595056,-0.2633800438966739,0.030034161164669983,0.1374003268892676,2,6,0.12000000000000001,0.38,1491.0
gold,0.16545833382182518,0.009094327310964267,-0.2633800438966739,0.034529295296693185,0.151715545882687,2,6,0.12000000000000001,0.4,1497.0
gold,0.07032056173002044,0.0040262594048878775,-0.08731040871489781,0.04611431173155046,0.16955593794027243,9,6,0.13999999999999999,0.02,4.444444444444445
gold,0.10815981137872921,0.006090882854461688,-0.08668614669963282,0.0702636244239414,0.2449166562723727,6,6,0.13999999999999999,0.04,7.5
gold,0.10979147851207993,0.006178412029533398,-0.14024755792220622,0.04405361577105318,0.19894701954467134,4,6,0.13999999999999999,0.06,25.25
gold,0.027117754706822428,0.0015832931451056353,-0.17676852946142152,0.00895687230034449,0.06477514903768299,2,6,0.13999999999999999,0.08,63.0
gold,0.05704701378437216,0.0032857133480495015,-0.17676852946142152,0.018587660134190262,0.1104111846169823,2,6,0.13999999999999999,0.1,82.0
gold,0.0673473432071654,0.003861134218628326,-0.17676852946142152,0.021842882499460918,0.12642810829703,2,6,0.13999999999999999,0.12000000000000001,83.0
gold,0.08270066442227209,0.004709211984166739,-0.17676852946142152,0.026640556430009173,0.14897460896219986,2,6,0.13999999999999999,0.13999999999999999,88.0
gold,0.1048560899731854,0.0059132860382535846,-0.17676852946142152,0.03345214250675835,0.18131291207202474,2,6,0.13999999999999999,0.16,90.0
gold,0.002824524936083872,0.000166784660689423,-0.2633800438966739,0.0006332471443996491,0.035501480502321006,2,6,0.13999999999999999,0.18,688.0
gold,0.01778915447485896,0.0010431200148433017,-0.2633800438966739,0.0039605127230236395,0.048759236500901415,2,6,0.13999999999999999,0.19999999999999998,693.0
gold,0.03664070077695181,0.0021299794585274423,-0.2633800438966739,0.008087095085165414,0.06512537841129595,2,6,0.13999999999999999,0.22,700.0
gold,0.055297901240878966,0.0031874767133959203,-0.2633800438966739,0.012102195239387206,0.08064590263508059,2,6,0.13999999999999999,0.24,738.0
gold,0.0696794932651561,0.003990692578704991,-0.2633800438966739,0.015151841117736965,0.0920094223556512,2,6,0.13999999999999999,0.26,767.0
gold,0.08814234789091735,0.005007082566073073,-0.2633800438966739,0.019010865409519757,0.10655062107534406,2,6,0.13999999999999999,0.28,768.0
gold,0.10641085667851269,0.005996927154389153,-0.2633800438966739,0.022769102266312156,0.11981311184850342,2,6,0.13999999999999999,0.30000000000000004,775.0
gold,0.13556273240339878,0.007545059872510418,-0.2633800438966739,0.028647044631332833,0.14134215382139798,2,6,0.13999999999999999,0.32,780.0
gold,0.1532482036764964,0.00846613565872878,-0.2633800438966739,0.03214418045298114,0.15402162574308648,2,6,0.13999999999999999,0.34,782.0
gold,0.1532482036764964,0.00846613565872878,-0.2633800438966739,0.03214418045298114,0.15402162574308648,2,6,0.13999999999999999,0.36000000000000004,782.0
gold,0.1726827874930874,0.009463104350400542,-0.2633800438966739,0.03592946606886053,0.15732893495362912,2,6,0.13999999999999999,0.38,1491.0
gold,0.19619863391116232,0.0106488568405958,-0.2633800438966739,0.040431525042851885,0.1717999447279244,2,6,0.13999999999999999,0.4,1497.0
gold,0.04910440767601432,0.0028383912253129306,-0.06761056449427805,0.04198147503343426,0.14547963962183408,5,6,0.16,0.02,3.2
gold,0.08760135809243996,0.004977532314858868,-0.0669728281668579,0.07432166822129282,0.23830302545410423,4,6,0.16,0.04,6.75
gold,0.03216955064824978,0.0018738939997366977,-0.140247557922206,0.013361330689095698,0.08725207955496303,2,6,0.16,0.06,21.5
gold,-0.04388884868659093,-0.0026501748472961273,-0.17676852946142152,-0.014992345387330436,-0.07903202888262878,1,6,0.16,0.08,63.0
gold,-0.016028656197988322,-0.0009549503928120151,-0.17676852946142152,-0.005402264734121841,-0.014483427419006453,1,6,0.16,0.1,82.0
gold,-0.006440408133728814,-0.00038196169722470863,-0.17676852946142152,-0.002160801463860506,0.003741896903153435,1,6,0.16,0.12000000000000001,83.0
gold,0.007851508792242612,0.00046253143376540073,-0.17676852946142152,0.0026165937747779076,0.030414880165329557,1,6,0.16,0.13999999999999999,88.0
gold,0.028475287647441894,0.0016615161368183085,-0.17676852946142152,0.009399388804560501,0.06735731064878758,1,6,0.16,0.16,90.0
gold,-0.06650264129097616,-0.0040606960679763215,-0.2633800438966739,-0.015417630006810103,-0.031264234479017,1,6,0.16,0.18,688.0
gold,-0.052572545046674746,-0.0031880647868614,-0.2633800438966739,-0.012104428033705178,-0.01748884094506612,1,6,0.16,0.19999999999999998,693.0
gold,-0.03502424198567189,-0.0021057992543361825,-0.2633800438966739,-0.007995287809893085,-0.00031624920475937097,1,6,0.16,0.22,700.0
gold,-0.017656849265504038,-0.0010527718032385947,-0.2633800438966739,-0.003997158583706537,0.01715684128998136,1,6,0.16,0.24,738.0
gold,-0.004269484043707972,-0.00025295095128496925,-0.2633800438966739,-0.0009604028746544059,0.029839366971740198,1,6,0.16,0.26,767.0
gold,0.012916998335624763,0.000759142983514316,-0.2633800438966739,0.0028823101867662144,0.044890291790514035,1,6,0.16,0.28,768.0
gold,0.029922570374122603,0.0017448037207110634,-0.2633800438966739,0.006624661819084379,0.05960534723102763,1,6,0.16,0.30000000000000004,775.0
gold,0.057059121499384746,0.0032863928289750266,-0.2633800438966739,0.012477759439755825,0.08189491325490543,1,6,0.16,0.32,780.0
gold,0.07352196251537735,0.0042035754343803244,-0.2633800438966739,0.01596011365245812,0.09505033233205434,1,6,0.16,0.34,782.0
gold,0.07352196251537735,0.0042035754343803244,-0.2633800438966739,0.01596011365245812,0.09505033233205434,1,6,0.16,0.36000000000000004,782.0
gold,0.09161299659888567,0.005196330162945406,-0.2633800438966739,0.019729399714824136,0.10508736039586375,1,6,0.16,0.38,1491.0
gold,0.11350314783993065,0.006377070743249114,-0.2633800438966739,0.024212429495041352,0.11993072117097132,1,6,0.16,0.4,1497.0
gold,0.057734580239415356,0.0033242877535413218,-0.028878709420434134,0.11511206076228277,0.2393402192933505,3,6,0.18,0.02,2.3333333333333335
gold,0.11045231572055858,0.006213827544831574,-0.028878709420434245,0.21516984898344316,0.3803622595452165,3,6,0.18,0.04,4.333333333333333
gold,0.10802507030353836,0.006083649383130885,-0.034733124018838546,0.1751541087934168,0.3338868186487552,2,6,0.18,0.06,9.5
gold,-0.04388884868659093,-0.0026501748472961273,-0.17676852946142152,-0.014992345387330436,-0.07903202888262878,1,6,0.18,0.08,63.0
gold,-0.016028656197988322,-0.0009549503928120151,-0.17676852946142152,-0.005402264734121841,-0.014483427419006453,1,6,0.18,0.1,82.0
gold,-0.006440408133728814,-0.00038196169722470863,-0.17676852946142152,-0.002160801463860506,0.003741896903153435,1,6,0.18,0.12000000000000001,83.0
gold,0.007851508792242612,0.00046253143376540073,-0.17676852946142152,0.0026165937747779076,0.030414880165329557,1,6,0.18,0.13999999999999999,88.0
gold,0.028475287647441894,0.0016615161368183085,-0.17676852946142152,0.009399388804560501,0.06735731064878758,1,6,0.18,0.16,90.0
gold,-0.06650264129097616,-0.0040606960679763215,-0.2633800438966739,-0.015417630006810103,-0.031264234479017,1,6,0.18,0.18,688.0
gold,-0.052572545046674746,-0.0031880647868614,-0.2633800438966739,-0.012104428033705178,-0.01748884094506612,1,6,0.18,0.19999999999999998,693.0
gold,-0.03502424198567189,-0.0021057992543361825,-0.2633800438966739,-0.007995287809893085,-0.00031624920475937097,1,6,0.18,0.22,700.0
gold,-0.017656849265504038,-0.0010527718032385947,-0.2633800438966739,-0.003997158583706537,0.01715684128998136,1,6,0.18,0.24,738.0
gold,-0.004269484043707972,-0.00025295095128496925,-0.2633800438966739,-0.0009604028746544059,0.029839366971740198,1,6,0.18,0.26,767.0
gold,0.012916998335624763,0.000759142983514316,-0.2633800438966739,0.0028823101867662144,0.044890291790514035,1,6,0.18,0.28,768.0
gold,0.029922570374122603,0.0017448037207110634,-0.2633800438966739,0.006624661819084379,0.05960534723102763,1,6,0.18,0.30000000000000004,775.0
gold,0.057059121499384746,0.0032863928289750266,-0.2633800438966739,0.012477759439755825,0.08189491325490543,1,6,0.18,0.32,780.0
gold,0.07352196251537735,0.0042035754343803244,-0.2633800438966739,0.01596011365245812,0.09505033233205434,1,6,0.18,0.34,782.0
gold,0.07352196251537735,0.0042035754343803244,-0.2633800438966739,0.01596011365245812,0.09505033233205434,1,6,0.18,0.36000000000000004,782.0
gold,0.09161299659888567,0.005196330162945406,-0.2633800438966739,0.019729399714824136,0.10508736039586375,1,6,0.18,0.38,1491.0
gold,0.11350314783993065,0.006377070743249114,-0.2633800438966739,0.024212429495041352,0.11993072117097132,1,6,0.18,0.4,1497.0
gold,0.035274815422477346,0.0020518586938009786,0.0,,0.24318932275626745,1,6,0.19999999999999998,0.02,1.0
gold,0.0451189499589828,0.00261273105774662,0.0,,0.2981206268149395,1,6,0.19999999999999998,0.04,2.0
gold,0.06480721903199349,0.003719718850298648,-0.034733124018838324,0.10709427831142315,0.2523495094139477,1,6,0.19999999999999998,0.06,9.0
gold,0.08388022969647246,0.00477389921623228,-0.034733124018838324,0.1374451435362694,0.29334989541415013,1,6,0.19999999999999998,0.08,16.0
gold,0.1154634946677604,0.006481742584949934,-0.043510737628384644,0.14896880490303405,0.3097563753436243,1,6,0.19999999999999998,0.1,35.0
gold,0.12633305988515175,0.007058996494613723,-0.043510737628384644,0.16223573488693788,0.334430087992152,1,6,0.19999999999999998,0.12000000000000001,36.0
gold,0.14253486464315013,0.007909775864787472,-0.043510737628384644,0.18178905474651053,0.3630762101065087,1,6,0.19999999999999998,0.13999999999999999,41.0
gold,0.16591468416735022,0.009117685571898182,-0.043510737628384644,0.20955024136272452,0.4092240356817673,1,6,0.19999999999999998,0.16,43.0
gold,0.05824446267432326,0.003352878355660005,-0.2325417766051011,0.014418391415981188,0.08565472786762107,1,6,0.19999999999999998,0.18,641.0
gold,0.07403609515996723,0.004232005330760957,-0.2325417766051011,0.018198903408000035,0.10016335153687585,1,6,0.19999999999999998,0.19999999999999998,646.0
gold,0.09392945036915501,0.005322327033014274,-0.2325417766051011,0.022887616628355634,0.11787682826090327,1,6,0.19999999999999998,0.22,653.0
gold,0.1136177194421657,0.006383193011367583,-0.2325417766051011,0.027449661323468013,0.13330561870122257,1,6,0.19999999999999998,0.24,691.0
gold,0.12879409351927795,0.007188967570929794,-0.2325417766051011,0.030914735734293406,0.14461507889037534,1,6,0.19999999999999998,0.26,720.0
gold,0.14827727645611155,0.008208595332017454,-0.2325417766051011,0.03529944361763936,0.16037416220926706,1,6,0.19999999999999998,0.28,721.0
gold,0.16755537325676761,0.00920159313202773,-0.2325417766051011,0.03956963461087568,0.17349043677509765,1,6,0.19999999999999998,0.30000000000000004,728.0
gold,0.19831829368334675,0.01075465752351401,-0.2325417766051011,0.04624828140784959,0.1966707993457533,1,6,0.19999999999999998,0.32,733.0
gold,0.21698113207547154,0.011678667454116942,-0.2325417766051011,0.050221803688846316,0.2102650006879103,1,6,0.19999999999999998,0.34,735.0
gold,0.21698113207547154,0.011678667454116942,-0.2325417766051011,0.050221803688846316,0.2102650006879103,1,6,0.19999999999999998,0.36000000000000004,735.0
gold,0.23748974569319103,0.012678812051759136,-0.2325417766051011,0.054522728074319744,0.20491680867454476,1,6,0.19999999999999998,0.38,1444.0
gold,0.26230516817063165,0.013868341830493458,-0.2325417766051011,0.059638066041115975,0.2202457827423719,1,6,0.19999999999999998,0.4,1450.0
gold,0.0,0.0,0.0,,0.0,0,6,0.22,0.02,0.0
gold,0.0,0.0,0.0,,0.0,0,6,0.22,0.04,0.0
gold,0.0,0.0,0.0,,0.0,0,6,0.22,0.06,0.0
gold,0.0,0.0,0.0,,0.0,0,6,0.22,0.08,0.0
gold,0.0,0.0,0.0,,0.0,0,6,0.22,0.1,0.0
gold,0.0,0.0,0.0,,0.0,0,6,0.22,0.12000000000000001,0.0
gold,0.0,0.0,0.0,,0.0,0,6,0.22,0.13999999999999999,0.0
gold,0.0,0.0,0.0,,0.0,0,6,0.22,0.16,0.0
gold,0.0,0.0,0.0,,0.0,0,6,0.22,0.18,0.0
gold,0.0,0.0,0.0,,0.0,0,6,0.22,0.19999999999999998,0.0
gold,0.0,0.0,0.0,,0.0,0,6,0.22,0.22,0.0
gold,0.0,0.0,0.0,,0.0,0,6,0.22,0.24,0.0
gold,0.0,0.0,0.0,,0.0,0,6,0.22,0.26,0.0
gold,0.0,0.0,0.0,,0.0,0,6,0.22,0.28,0.0
gold,0.0,0.0,0.0,,0.0,0,6,0.22,0.30000000000000004,0.0
gold,0.0,0.0,0.0,,0.0,0,6,0.22,0.32,0.0
gold,0.0,0.0,0.0,,0.0,0,6,0.22,0.34,0.0
gold,0.0,0.0,0.0,,0.0,0,6,0.22,0.36000000000000004,0.0
gold,0.0,0.0,0.0,,0.0,0,6,0.22,0.38,0.0
gold,0.0,0.0,0.0,,0.0,0,6,0.22,0.4,0.0
gold,0.0,0.0,0.0,,0.0,0,6,0.24,0.02,0.0
gold,0.0,0.0,0.0,,0.0,0,6,0.24,0.04,0.0
gold,0.0,0.0,0.0,,0.0,0,6,0.24,0.06,0.0
gold,0.0,0.0,0.0,,0.0,0,6,0.24,0.08,0.0
gold,0.0,0.0,0.0,,0.0,0,6,0.24,0.1,0.0
gold,0.0,0.0,0.0,,0.0,0,6,0.24,0.12000000000000001,0.0
gold,0.0,0.0,0.0,,0.0,0,6,0.24,0.13999999999999999,0.0
gold,0.0,0.0,0.0,,0.0,0,6,0.24,0.16,0.0
gold,0.0,0.0,0.0,,0.0,0,6,0.24,0.18,0.0
gold,0.0,0.0,0.0,,0.0,0,6,0.24,0.19999999999999998,0.0
gold,0.0,0.0,0.0,,0.0,0,6,0.24,0.22,0.0
gold,0.0,0.0,0.0,,0.0,0,6,0.24,0.24,0.0
gold,0.0,0.0,0.0,,0.0,0,6,0.24,0.26,0.0
gold,0.0,0.0,0.0,,0.0,0,6,0.24,0.28,0.0
gold,0.0,0.0,0.0,,0.0,0,6,0.24,0.30000000000000004,0.0
gold,0.0,0.0,0.0,,0.0,0,6,0.24,0.32,0.0
gold,0.0,0.0,0.0,,0.0,0,6,0.24,0.34,0.0
gold,0.0,0.0,0.0,,0.0,0,6,0.24,0.36000000000000004,0.0
gold,0.0,0.0,0.0,,0.0,0,6,0.24,0.38,0.0
gold,0.0,0.0,0.0,,0.0,0,6,0.24,0.4,0.0
gold,0.0,0.0,0.0,,0.0,0,6,0.26,0.02,0.0
gold,0.0,0.0,0.0,,0.0,0,6,0.26,0.04,0.0
gold,0.0,0.0,0.0,,0.0,0,6,0.26,0.06,0.0
gold,0.0,0.0,0.0,,0.0,0,6,0.26,0.08,0.0
gold,0.0,0.0,0.0,,0.0,0,6,0.26,0.1,0.0
gold,0.0,0.0,0.0,,0.0,0,6,0.26,0.12000000000000001,0.0
gold,0.0,0.0,0.0,,0.0,0,6,0.26,0.13999999999999999,0.0
gold,0.0,0.0,0.0,,0.0,0,6,0.26,0.16,0.0
gold,0.0,0.0,0.0,,0.0,0,6,0.26,0.18,0.0
gold,0.0,0.0,0.0,,0.0,0,6,0.26,0.19999999999999998,0.0
gold,0.0,0.0,0.0,,0.0,0,6,0.26,0.22,0.0
gold,0.0,0.0,0.0,,0.0,0,6,0.26,0.24,0.0
gold,0.0,0.0,0.0,,0.0,0,6,0.26,0.26,0.0
gold,0.0,0.0,0.0,,0.0,0,6,0.26,0.28,0.0
gold,0.0,0.0,0.0,,0.0,0,6,0.26,0.30000000000000004,0.0
gold,0.0,0.0,0.0,,0.0,0,6,0.26,0.32,0.0
gold,0.0,0.0,0.0,,0.0,0,6,0.26,0.34,0.0
gold,0.0,0.0,0.0,,0.0,0,6,0.26,0.36000000000000004,0.0
gold,0.0,0.0,0.0,,0.0,0,6,0.26,0.38,0.0
gold,0.0,0.0,0.0,,0.0,0,6,0.26,0.4,0.0
gold,0.0,0.0,0.0,,0.0,0,6,0.28,0.02,0.0
gold,0.0,0.0,0.0,,0.0,0,6,0.28,0.04,0.0
gold,0.0,0.0,0.0,,0.0,0,6,0.28,0.06,0.0
gold,0.0,0.0,0.0,,0.0,0,6,0.28,0.08,0.0
gold,0.0,0.0,0.0,,0.0,0,6,0.28,0.1,0.0
gold,0.0,0.0,0.0,,0.0,0,6,0.28,0.12000000000000001,0.0
gold,0.0,0.0,0.0,,0.0,0,6,0.28,0.13999999999999999,0.0
gold,0.0,0.0,0.0,,0.0,0,6,0.28,0.16,0.0
gold,0.0,0.0,0.0,,0.0,0,6,0.28,0.18,0.0
gold,0.0,0.0,0.0,,0.0,0,6,0.28,0.19999999999999998,0.0
gold,0.0,0.0,0.0,,0.0,0,6,0.28,0.22,0.0
gold,0.0,0.0,0.0,,0.0,0,6,0.28,0.24,0.0
gold,0.0,0.0,0.0,,0.0,0,6,0.28,0.26,0.0
gold,0.0,0.0,0.0,,0.0,0,6,0.28,0.28,0.0
gold,0.0,0.0,0.0,,0.0,0,6,0.28,0.30000000000000004,0.0
gold,0.0,0.0,0.0,,0.0,0,6,0.28,0.32,0.0
gold,0.0,0.0,0.0,,0.0,0,6,0.28,0.34,0.0
gold,0.0,0.0,0.0,,0.0,0,6,0.28,0.36000000000000004,0.0
gold,0.0,0.0,0.0,,0.0,0,6,0.28,0.38,0.0
gold,0.0,0.0,0.0,,0.0,0,6,0.28,0.4,0.0
gold,0.0,0.0,0.0,,0.0,0,6,0.30000000000000004,0.02,0.0
gold,0.0,0.0,0.0,,0.0,0,6,0.30000000000000004,0.04,0.0
gold,0.0,0.0,0.0,,0.0,0,6,0.30000000000000004,0.06,0.0
gold,0.0,0.0,0.0,,0.0,0,6,0.30000000000000004,0.08,0.0
gold,0.0,0.0,0.0,,0.0,0,6,0.30000000000000004,0.1,0.0
gold,0.0,0.0,0.0,,0.0,0,6,0.30000000000000004,0.12000000000000001,0.0
gold,0.0,0.0,0.0,,0.0,0,6,0.30000000000000004,0.13999999999999999,0.0
gold,0.0,0.0,0.0,,0.0,0,6,0.30000000000000004,0.16,0.0
gold,0.0,0.0,0.0,,0.0,0,6,0.30000000000000004,0.18,0.0
gold,0.0,0.0,0.0,,0.0,0,6,0.30000000000000004,0.19999999999999998,0.0
gold,0.0,0.0,0.0,,0.0,0,6,0.30000000000000004,0.22,0.0
gold,0.0,0.0,0.0,,0.0,0,6,0.30000000000000004,0.24,0.0
gold,0.0,0.0,0.0,,0.0,0,6,0.30000000000000004,0.26,0.0
gold,0.0,0.0,0.0,,0.0,0,6,0.30000000000000004,0.28,0.0
gold,0.0,0.0,0.0,,0.0,0,6,0.30000000000000004,0.30000000000000004,0.0
gold,0.0,0.0,0.0,,0.0,0,6,0.30000000000000004,0.32,0.0
gold,0.0,0.0,0.0,,0.0,0,6,0.30000000000000004,0.34,0.0
gold,0.0,0.0,0.0,,0.0,0,6,0.30000000000000004,0.36000000000000004,0.0
gold,0.0,0.0,0.0,,0.0,0,6,0.30000000000000004,0.38,0.0
gold,0.0,0.0,0.0,,0.0,0,6,0.30000000000000004,0.4,0.0
gold,0.0,0.0,0.0,,0.0,0,6,0.32,0.02,0.0
gold,0.0,0.0,0.0,,0.0,0,6,0.32,0.04,0.0
gold,0.0,0.0,0.0,,0.0,0,6,0.32,0.06,0.0
gold,0.0,0.0,0.0,,0.0,0,6,0.32,0.08,0.0
gold,0.0,0.0,0.0,,0.0,0,6,0.32,0.1,0.0
gold,0.0,0.0,0.0,,0.0,0,6,0.32,0.12000000000000001,0.0
gold,0.0,0.0,0.0,,0.0,0,6,0.32,0.13999999999999999,0.0
gold,0.0,0.0,0.0,,0.0,0,6,0.32,0.16,0.0
gold,0.0,0.0,0.0,,0.0,0,6,0.32,0.18,0.0
gold,0.0,0.0,0.0,,0.0,0,6,0.32,0.19999999999999998,0.0
gold,0.0,0.0,0.0,,0.0,0,6,0.32,0.22,0.0
gold,0.0,0.0,0.0,,0.0,0,6,0.32,0.24,0.0
gold,0.0,0.0,0.0,,0.0,0,6,0.32,0.26,0.0
gold,0.0,0.0,0.0,,0.0,0,6,0.32,0.28,0.0
gold,0.0,0.0,0.0,,0.0,0,6,0.32,0.30000000000000004,0.0
gold,0.0,0.0,0.0,,0.0,0,6,0.32,0.32,0.0
gold,0.0,0.0,0.0,,0.0,0,6,0.32,0.34,0.0
gold,0.0,0.0,0.0,,0.0,0,6,0.32,0.36000000000000004,0.0
gold,0.0,0.0,0.0,,0.0,0,6,0.32,0.38,0.0
gold,0.0,0.0,0.0,,0.0,0,6,0.32,0.4,0.0
gold,0.0,0.0,0.0,,0.0,0,6,0.34,0.02,0.0
gold,0.0,0.0,0.0,,0.0,0,6,0.34,0.04,0.0
gold,0.0,0.0,0.0,,0.0,0,6,0.34,0.06,0.0
gold,0.0,0.0,0.0,,0.0,0,6,0.34,0.08,0.0
gold,0.0,0.0,0.0,,0.0,0,6,0.34,0.1,0.0
gold,0.0,0.0,0.0,,0.0,0,6,0.34,0.12000000000000001,0.0
gold,0.0,0.0,0.0,,0.0,0,6,0.34,0.13999999999999999,0.0
gold,0.0,0.0,0.0,,0.0,0,6,0.34,0.16,0.0
gold,0.0,0.0,0.0,,0.0,0,6,0.34,0.18,0.0
gold,0.0,0.0,0.0,,0.0,0,6,0.34,0.19999999999999998,0.0
gold,0.0,0.0,0.0,,0.0,0,6,0.34,0.22,0.0
gold,0.0,0.0,0.0,,0.0,0,6,0.34,0.24,0.0
gold,0.0,0.0,0.0,,0.0,0,6,0.34,0.26,0.0
gold,0.0,0.0,0.0,,0.0,0,6,0.34,0.28,0.0
gold,0.0,0.0,0.0,,0.0,0,6,0.34,0.30000000000000004,0.0
gold,0.0,0.0,0.0,,0.0,0,6,0.34,0.32,0.0
gold,0.0,0.0,0.0,,0.0,0,6,0.34,0.34,0.0
gold,0.0,0.0,0.0,,0.0,0,6,0.34,0.36000000000000004,0.0
gold,0.0,0.0,0.0,,0.0,0,6,0.34,0.38,0.0
gold,0.0,0.0,0.0,,0.0,0,6,0.34,0.4,0.0
gold,0.0,0.0,0.0,,0.0,0,6,0.36000000000000004,0.02,0.0
gold,0.0,0.0,0.0,,0.0,0,6,0.36000000000000004,0.04,0.0
gold,0.0,0.0,0.0,,0.0,0,6,0.36000000000000004,0.06,0.0
gold,0.0,0.0,0.0,,0.0,0,6,0.36000000000000004,0.08,0.0
gold,0.0,0.0,0.0,,0.0,0,6,0.36000000000000004,0.1,0.0
gold,0.0,0.0,0.0,,0.0,0,6,0.36000000000000004,0.12000000000000001,0.0
gold,0.0,0.0,0.0,,0.0,0,6,0.36000000000000004,0.13999999999999999,0.0
gold,0.0,0.0,0.0,,0.0,0,6,0.36000000000000004,0.16,0.0
gold,0.0,0.0,0.0,,0.0,0,6,0.36000000000000004,0.18,0.0
gold,0.0,0.0,0.0,,0.0,0,6,0.36000000000000004,0.19999999999999998,0.0
gold,0.0,0.0,0.0,,0.0,0,6,0.36000000000000004,0.22,0.0
gold,0.0,0.0,0.0,,0.0,0,6,0.36000000000000004,0.24,0.0
gold,0.0,0.0,0.0,,0.0,0,6,0.36000000000000004,0.26,0.0
gold,0.0,0.0,0.0,,0.0,0,6,0.36000000000000004,0.28,0.0
gold,0.0,0.0,0.0,,0.0,0,6,0.36000000000000004,0.30000000000000004,0.0
gold,0.0,0.0,0.0,,0.0,0,6,0.36000000000000004,0.32,0.0
gold,0.0,0.0,0.0,,0.0,0,6,0.36000000000000004,0.34,0.0
gold,0.0,0.0,0.0,,0.0,0,6,0.36000000000000004,0.36000000000000004,0.0
gold,0.0,0.0,0.0,,0.0,0,6,0.36000000000000004,0.38,0.0
gold,0.0,0.0,0.0,,0.0,0,6,0.36000000000000004,0.4,0.0
gold,0.0,0.0,0.0,,0.0,0,6,0.38,0.02,0.0
gold,0.0,0.0,0.0,,0.0,0,6,0.38,0.04,0.0
gold,0.0,0.0,0.0,,0.0,0,6,0.38,0.06,0.0
gold,0.0,0.0,0.0,,0.0,0,6,0.38,0.08,0.0
gold,0.0,0.0,0.0,,0.0,0,6,0.38,0.1,0.0
gold,0.0,0.0,0.0,,0.0,0,6,0.38,0.12000000000000001,0.0
gold,0.0,0.0,0.0,,0.0,0,6,0.38,0.13999999999999999,0.0
gold,0.0,0.0,0.0,,0.0,0,6,0.38,0.16,0.0
gold,0.0,0.0,0.0,,0.0,0,6,0.38,0.18,0.0
gold,0.0,0.0,0.0,,0.0,0,6,0.38,0.19999999999999998,0.0
gold,0.0,0.0,0.0,,0.0,0,6,0.38,0.22,0.0
gold,0.0,0.0,0.0,,0.0,0,6,0.38,0.24,0.0
gold,0.0,0.0,0.0,,0.0,0,6,0.38,0.26,0.0
gold,0.0,0.0,0.0,,0.0,0,6,0.38,0.28,0.0
gold,0.0,0.0,0.0,,0.0,0,6,0.38,0.30000000000000004,0.0
gold,0.0,0.0,0.0,,0.0,0,6,0.38,0.32,0.0
gold,0.0,0.0,0.0,,0.0,0,6,0.38,0.34,0.0
gold,0.0,0.0,0.0,,0.0,0,6,0.38,0.36000000000000004,0.0
gold,0.0,0.0,0.0,,0.0,0,6,0.38,0.38,0.0
gold,0.0,0.0,0.0,,0.0,0,6,0.38,0.4,0.0
gold,0.0,0.0,0.0,,0.0,0,6,0.4,0.02,0.0
gold,0.0,0.0,0.0,,0.0,0,6,0.4,0.04,0.0
gold,0.0,0.0,0.0,,0.0,0,6,0.4,0.06,0.0
gold,0.0,0.0,0.0,,0.0,0,6,0.4,0.08,0.0
gold,0.0,0.0,0.0,,0.0,0,6,0.4,0.1,0.0
gold,0.0,0.0,0.0,,0.0,0,6,0.4,0.12000000000000001,0.0
gold,0.0,0.0,0.0,,0.0,0,6,0.4,0.13999999999999999,0.0
gold,0.0,0.0,0.0,,0.0,0,6,0.4,0.16,0.0
gold,0.0,0.0,0.0,,0.0,0,6,0.4,0.18,0.0
gold,0.0,0.0,0.0,,0.0,0,6,0.4,0.19999999999999998,0.0
gold,0.0,0.0,0.0,,0.0,0,6,0.4,0.22,0.0
gold,0.0,0.0,0.0,,0.0,0,6,0.4,0.24,0.0
gold,0.0,0.0,0.0,,0.0,0,6,0.4,0.26,0.0
gold,0.0,0.0,0.0,,0.0,0,6,0.4,0.28,0.0
gold,0.0,0.0,0.0,,0.0,0,6,0.4,0.30000000000000004,0.0
gold,0.0,0.0,0.0,,0.0,0,6,0.4,0.32,0.0
gold,0.0,0.0,0.0,,0.0,0,6,0.4,0.34,0.0
gold,0.0,0.0,0.0,,0.0,0,6,0.4,0.36000000000000004,0.0
gold,0.0,0.0,0.0,,0.0,0,6,0.4,0.38,0.0
gold,0.0,0.0,0.0,,0.0,0,6,0.4,0.4,0.0
gold,0.22182436226173508,0.011916279906340144,-0.2988213541153073,0.03987760493763764,0.19528169224805939,85,9,0.02,0.02,11.69047619047619
gold,0.6229743695168868,0.029046816456091085,-0.2803254866935371,0.10361817899150289,0.39222917989590644,47,9,0.02,0.04,25.847826086956523
gold,0.33036268749608944,0.01702118275898723,-0.26417194993410453,0.06443221077496313,0.24014080694144294,24,9,0.02,0.06,63.91304347826087
gold,0.29069043257401583,0.015202308492616945,-0.3119412836857449,0.048734519243474085,0.21698035890883424,17,9,0.02,0.08,95.5
gold,0.3620467213503358,0.018437526735999077,-0.2945897363588209,0.06258713207014621,0.24985266283883667,14,9,0.02,0.1,126.84615384615384
gold,0.4149100671689594,0.020733032874189483,-0.2681399693206752,0.07732167989246817,0.2697670604998078,11,9,0.02,0.12000000000000001,183.5
gold,0.6588053582928168,0.03037634985483928,-0.27901345032897684,0.1088705573836078,0.36760611941437,11,9,0.02,0.13999999999999999,187.3
gold,0.6051325018669385,0.028374448301512478,-0.3081371544818434,0.09208382659736804,0.3392671945008423,9,9,0.02,0.16,250.5
gold,0.2340779024180757,0.012513513056140013,-0.4031137134726934,0.031042141802470998,0.1739560471450415,5,9,0.02,0.18,547.5
gold,0.3162903340656238,0.016381912677524424,-0.4031137134726934,0.0406384405442315,0.21123661263671706,5,9,0.02,0.19999999999999998,558.0
gold,0.3990129540993128,0.02005133040299656,-0.4031137134726934,0.049741126964550214,0.24553382480994893,5,9,0.02,0.22,569.25
gold,0.5120611914158915,0.024748823890424765,-0.4031137134726934,0.06139415024416238,0.2858967688683035,5,9,0.02,0.24,588.25
gold,0.5764369948833012,0.027278169428979426,-0.4031137134726934,0.06766867143761217,0.307390440147141,5,9,0.02,0.26,600.5
gold,0.7045653868325217,0.03203555754754195,-0.4031137134726934,0.07947027470627592,0.3497005077837595,5,9,0.02,0.28,604.5
gold,0.7761811684550477,0.03454997796344217,-0.4031137134726934,0.0857077713030533,0.369300423815932,5,9,0.02,0.30000000000000004,628.0
gold,0.951392625976349,0.040320743362087574,-0.4031137134726934,0.100023249059769,0.4192460323724115,5,9,0.02,0.32,633.25
gold,1.0413843607748343,0.04309767035439771,-0.4031137134726934,0.1069119429927732,0.44074426736017436,5,9,0.02,0.34,642.5
gold,0.6622036789893608,0.030501040451802908,-0.4031137134726934,0.07566361409302197,0.3271725309950536,4,9,0.02,0.36000000000000004,837.6666666666666
gold,0.28789042684850985,0.015071955759998312,-0.4031137134726934,0.03738884403152232,0.19069204684263605,3,9,0.02,0.38,1284.0
gold,0.33224948661975606,0.017106410918796167,-0.4031137134726934,0.042435695802630985,0.20832272886527203,3,9,0.02,0.4,1329.0
gold,0.06961995968594592,0.003987388605803277,-0.3112187920837032,0.012812171717223481,0.09404859176969825,56,9,0.04,0.02,9.127272727272727
gold,0.3424421425582662,0.017564866316839733,-0.27115979026880677,0.06477681037969268,0.28447698585377484,34,9,0.04,0.04,19.757575757575758
gold,0.2523020680422339,0.013391512179742326,-0.2819714499260322,0.04749244004403722,0.21506358430341518,18,9,0.04,0.06,50.64705882352941
gold,0.33355957327947916,0.017165521757584568,-0.280651920326107,0.06116302976882851,0.25698935662294903,14,9,0.04,0.08,71.61538461538461
gold,0.4404492068732393,0.0218132624114582,-0.2805333078694213,0.07775640823945058,0.3010259524929264,12,9,0.04,0.1,129.0909090909091
gold,0.3458936855612784,0.017719371186142086,-0.26441475291287697,0.06701354970151953,0.24804597111211493,9,9,0.04,0.12000000000000001,197.5
gold,0.530251908982029,0.02547365891066722,-0.2753435806653156,0.09251589904189866,0.3322384495089759,9,9,0.04,0.13999999999999999,200.75
gold,0.3788528297325129,0.019176261318321064,-0.30461552641632694,0.06295234370986168,0.2546172938913399,7,9,0.04,0.16,295.0
gold,0.12159079274810258,0.006807794607982087,-0.4031137134726934,0.016888025339885246,0.11847920030592377,4,9,0.04,0.18,707.3333333333334
gold,0.19630950070377295,0.010654395015035067,-0.4031137134726934,0.026430246997183306,0.15739226748624133,4,9,0.04,0.19999999999999998,721.3333333333334
gold,0.2596228769577158,0.013740831684897925,-0.4031137134726934,0.03408673837098007,0.18817251603654866,4,9,0.04,0.22,724.3333333333334
gold,0.3309072316714292,0.017045791904939156,-0.4031137134726934,0.04228531884488674,0.21833647753856492,4,9,0.04,0.24,746.6666666666666
gold,0.3671727480896694,0.018663752796313604,-0.4031137134726934,0.04629897761485574,0.2327277743708029,4,9,0.04,0.26,762.3333333333334
gold,0.44508734236781367,0.022007506194684945,-0.4031137134726934,0.05459379192312125,0.26419635700687977,4,9,0.04,0.28,767.3333333333334
gold,0.5011937146714651,0.024311868962815675,-0.4031137134726934,0.060310200695919865,0.28378858048707756,4,9,0.04,0.30000000000000004,798.0
gold,0.6021843571131964,0.028262671462523814,-0.4031137134726934,0.07011091540163716,0.32021067144571236,4,9,0.04,0.32,803.3333333333334
gold,0.6760717685158466,0.031007411857049805,-0.4031137134726934,0.0769197643759897,0.34342150702363106,4,9,0.04,0.34,815.6666666666666
gold,0.7180682124772364,0.032517149882338225,-0.4031137134726934,0.08066495580667193,0.3561694305658776,4,9,0.04,0.36000000000000004,843.3333333333334
gold,0.3030136892909745,0.015772866796596396,-0.4031137134726934,0.039127586756397555,0.2013056426314014,3,9,0.04,0.38,1294.0
gold,0.3380688694821363,0.017368563429956962,-0.4031137134726934,0.04308601481287362,0.21609570852265755,3,9,0.04,0.4,1297.5
gold,-0.05331948159211586,-0.003234548326683795,-0.2746149041585487,-0.01177848790325062,-0.02593646788068591,39,9,0.06,0.02,8.421052631578947
gold,0.128254850833043,0.007160512137120767,-0.2533171446972453,0.028266985820003337,0.1465522255412435,24,9,0.06,0.04,15.958333333333334
gold,0.09641839571863176,0.005457426630828266,-0.24727569186283116,0.02207021074216875,0.1170694725357972,12,9,0.06,0.06,36.916666666666664
gold,0.13448812181335712,0.007488659110024498,-0.2630416503974784,0.028469480398668784,0.1429884812318007,10,9,0.06,0.08,59.44444444444444
gold,0.22471966332824778,0.012057902636025686,-0.26292013420414806,0.04586146539337743,0.2073997193398421,9,9,0.06,0.1,71.125
gold,0.27872270469639426,0.01464328379756763,-0.246406982929542,0.05942722735968385,0.22659013078016801,8,9,0.06,0.12000000000000001,124.28571428571429
gold,0.42978516610962814,0.021364414036596946,-0.2576033579406196,0.08293530879174982,0.30696980766375714,8,9,0.06,0.13999999999999999,127.71428571428571
gold,0.20734506029698596,0.011203256831983976,-0.28759190651657374,0.03895539679013304,0.17512566631571033,6,9,0.06,0.16,216.6
gold,-0.05839859709731543,-0.003551551274325715,-0.4031137134726934,-0.00881029633978526,0.006033584395382856,3,9,0.06,0.18,733.0
gold,-0.028596791616034234,-0.0017140241827936498,-0.4031137134726934,-0.004251961978737685,0.02673161642111849,3,9,0.06,0.19999999999999998,752.5
gold,0.022813664282309798,0.0013346405813132733,-0.4031137134726934,0.0033108290209622965,0.06038842255908403,3,9,0.06,0.22,757.0
gold,0.041222009196277165,0.0023912985551537425,-0.4031137134726934,0.005932069476261385,0.07215186693555399,3,9,0.06,0.24,776.0
gold,0.06959397455265992,0.003985946438096022,-0.4031137134726934,0.009887895908473048,0.08934724523079414,3,9,0.06,0.26,799.5
gold,0.10475012704295494,0.005907581565887998,-0.4031137134726934,0.014654876201050333,0.10965236338635649,3,9,0.06,0.28,806.0
gold,0.13914411695603612,0.007732666371364383,-0.4031137134726934,0.019182345112375314,0.12834688425371005,3,9,0.06,0.30000000000000004,851.5
gold,0.1883431457399587,0.010255213777518923,-0.4031137134726934,0.025440002249423853,0.15433215683887924,3,9,0.06,0.32,858.0
gold,0.22249877725904654,0.011949296888140948,-0.4031137134726934,0.029642496617645786,0.1714013464314983,3,9,0.06,0.34,872.0
gold,0.2531302826375361,0.013431127489556438,-0.4031137134726934,0.033318458391930275,0.18606939980125664,3,9,0.06,0.36000000000000004,913.5
gold,0.2931239066259834,0.015315381623233204,-0.4031137134726934,0.03799270804085571,0.19816551405151697,3,9,0.06,0.38,1268.5
gold,0.32791302045405035,0.016910359584560997,-0.4031137134726934,0.04194935329508826,0.2131393026754725,3,9,0.06,0.4,1272.0
gold,0.043889237654528124,0.002542940187011844,-0.20755578212042536,0.012251839775470152,0.07455903666028775,31,9,0.08,0.02,8.0
gold,0.18991330600260015,0.010334090799735796,-0.200062943128133,0.051654197614783605,0.2137938174761536,19,9,0.08,0.04,14.263157894736842
gold,0.06551029579694623,0.003758892717404816,-0.19317173268730825,0.019458813487423784,0.09406679851570275,9,9,0.08,0.06,36.44444444444444
gold,0.18078869755938132,0.009874339800425291,-0.1949126246064501,0.050660339833618596,0.19368256960938313,8,9,0.08,0.08,51.42857142857143
gold,0.2259788464862571,0.012119396913493397,-0.21035082788237525,0.05761516146858412,0.22814884689473275,7,9,0.08,0.1,64.0
gold,0.40309981830683594,0.020227277245059128,-0.19265994140161857,0.10498953284166833,0.3166062088654815,7,9,0.08,0.12000000000000001,121.5
gold,0.5668239624840474,0.026906712946978217,-0.1889715824796102,0.14238496917853463,0.40330061335921363,7,9,0.08,0.13999999999999999,121.33333333333333
gold,0.4362268394015427,0.02163591848571844,-0.21699457295685642,0.09970718710103485,0.3196673244374467,6,9,0.08,0.16,178.2
gold,-0.025384572524349336,-0.0015191416088289333,-0.40311371347269354,-0.003768518802652538,0.026035067847636376,3,9,0.08,0.18,686.5
gold,0.005462131079901011,0.00032213340145026415,-0.40311371347269354,0.0007991129814840325,0.047459437945014595,3,9,0.08,0.19999999999999998,706.0
gold,0.05867511833504113,0.003377016385618159,-0.40311371347269354,0.008377329455071775,0.08234544766880884,3,9,0.08,0.22,710.5
gold,0.07772888874377082,0.004435829575698547,-0.40311371347269354,0.011003916332901001,0.09425418764566554,3,9,0.08,0.24,729.5
gold,0.10709561978186488,0.006033729987935832,-0.40311371347269354,0.014967811280735677,0.11177675673278115,3,9,0.08,0.26,753.0
gold,0.14348440221369096,0.007959284585733695,-0.40311371347269354,0.01974451456182685,0.13273570029694054,3,9,0.08,0.28,759.5
gold,0.17908429945088233,0.009788091932003695,-0.40311371347269354,0.024281217941415256,0.1516694791141164,3,9,0.08,0.30000000000000004,805.0
gold,0.23000832348250877,0.012315784461055745,-0.40311371347269354,0.030551638531369395,0.17853929113740197,3,9,0.08,0.32,811.5
gold,0.26536150510591927,0.014013322914393056,-0.40311371347269354,0.03476270453235847,0.1960608724885271,3,9,0.08,0.34,825.5
gold,0.297066999189348,0.015498175936928815,-0.40311371347269354,0.0384461639953081,0.21106952060527565,3,9,0.08,0.36000000000000004,867.0
gold,0.3384628624703945,0.017386273296332577,-0.40311371347269354,0.043129947494357085,0.22131304329567447,3,9,0.08,0.38,1222.0
gold,0.3744717372878257,0.018984504460200835,-0.40311371347269354,0.04709466293432566,0.23671496669454642,3,9,0.08,0.4,1225.5
gold,0.0603696646120182,0.003471905231786865,-0.20503729945217475,0.016933042139470295,0.10128432899053451,22,9,0.1,0.02,7.136363636363637
gold,0.1452123136676453,0.008049278426511375,-0.200062943128133,0.0402337299484598,0.19375468800263454,14,9,0.1,0.04,14.928571428571429
gold,0.03296704612708545,0.0019196469955362616,-0.18305662904105746,0.010486629222838509,0.06301628762253299,7,9,0.1,0.06,40.57142857142857
gold,0.15779581805596732,0.008700831240757712,-0.1844244471949955,0.04717829644113373,0.19261150205784233,6,9,0.1,0.08,51.8
gold,0.12746478739732914,0.007118797963206358,-0.20045109637352587,0.035513888883605814,0.16010355368085594,5,9,0.1,0.1,71.25
gold,0.22455113048415543,0.012049667544482556,-0.19265994140161857,0.0625437102119939,0.22773448431478094,5,9,0.1,0.12000000000000001,127.5
gold,0.3469322639282342,0.017765789145705035,-0.1844244471949955,0.09633098765328506,0.32225542890611053,5,9,0.1,0.13999999999999999,125.25
gold,0.19271521314711837,0.010474601662044059,-0.1844244471949955,0.05679616678459695,0.19394742610818994,4,9,0.1,0.16,220.33333333333334
gold,0.10111868592743423,0.005711772580273555,-0.270230488743184,0.021136669688303713,0.11178563312098169,3,9,0.1,0.18,573.5
gold,0.13596923392858784,0.007566381948929113,-0.270230488743184,0.02799973453817009,0.13482452222327104,3,9,0.1,0.19999999999999998,593.0
gold,0.1960891673390579,0.010643388138094512,-0.270230488743184,0.03938633345036634,0.17265674479787993,3,9,0.1,0.22,597.5
gold,0.21761608148689282,0.01170986916402339,-0.270230488743184,0.04333289414708483,0.1842078427287666,3,9,0.1,0.24,616.5
gold,0.25079455925263483,0.013319341436318188,-0.270230488743184,0.049288818216867994,0.20184895030116135,3,9,0.1,0.26,640.0
gold,0.291906537540946,0.015258840738159307,-0.270230488743184,0.05646602205815749,0.22427974959089286,3,9,0.1,0.28,646.5
gold,0.33212723481279083,0.01710089215303423,-0.270230488743184,0.06328261563885272,0.24292889275024623,3,9,0.1,0.30000000000000004,692.0
gold,0.38966110185722824,0.019646890018258256,-0.270230488743184,0.0727041945179245,0.27198399474248813,3,9,0.1,0.32,698.5
gold,0.42960306029036244,0.021356721901945708,-0.270230488743184,0.07903150381466491,0.2903818678666175,3,9,0.1,0.34,712.5
gold,0.46542386816762904,0.02285232810487492,-0.270230488743184,0.08456606140616811,0.3059500333196835,3,9,0.1,0.36000000000000004,754.0
gold,0.5121928370284219,0.024754098906159427,-0.270230488743184,0.09160364924508836,0.3076826575135911,3,9,0.1,0.38,1109.0
gold,0.552875596405003,0.026363904325360954,-0.270230488743184,0.09756080613988798,0.32411728265933437,3,9,0.1,0.4,1112.5
gold,0.011025569753142506,0.0006485533166449287,-0.18032795509420285,0.003596521217723154,0.0361647788524242,13,9,0.12000000000000001,0.02,5.923076923076923
gold,0.11257352195509074,0.006327373166184369,-0.18167476490667367,0.03482802451641944,0.20575752862094485,9,9,0.12000000000000001,0.04,9.555555555555555
gold,0.0672868108685889,0.00385776790944381,-0.1747063403405439,0.022081441932354087,0.11651346189930133,5,9,0.12000000000000001,0.06,37.0
gold,0.10279540108848795,0.0058022572228795255,-0.17676852946142152,0.032824039666776925,0.16173202693003716,4,9,0.12000000000000001,0.08,56.666666666666664
gold,0.09146222756429556,0.005188120796048246,-0.17676852946142152,0.029349798925495482,0.14747561148285251,3,9,0.12000000000000001,0.1,85.5
gold,0.13081912643274518,0.007295712968662604,-0.17676852946142152,0.04127269141679906,0.19569157754171862,3,9,0.12000000000000001,0.12000000000000001,92.0
gold,0.15963237307505618,0.008795367316107416,-0.17676852946142152,0.049756409372783424,0.22951323746919414,3,9,0.12000000000000001,0.13999999999999999,95.5
gold,0.13800672052768737,0.007673145442631091,-0.17676852946142152,0.043407870541264534,0.17003867712523568,3,9,0.12000000000000001,0.16,201.0
gold,0.0053378696101091805,0.00031482330692900184,-0.2633800438966739,0.0011953195172695376,0.037651281697255914,2,9,0.12000000000000001,0.18,688.0
gold,0.02034000448607398,0.0011912883709488398,-0.2633800438966739,0.004523077577647423,0.05094484657722598,2,9,0.12000000000000001,0.19999999999999998,693.0
gold,0.039238797771380174,0.0022783086850031165,-0.2633800438966739,0.008650270731585552,0.06734862162546705,2,9,0.12000000000000001,0.22,700.0
gold,0.0579427581362193,0.0033359624642277375,-0.2633800438966739,0.01266596517668006,0.08285859495386015,2,9,0.12000000000000001,0.24,738.0
gold,0.07236039425078289,0.0041392972166975905,-0.2633800438966739,0.015716062445192202,0.09421516676860966,2,9,0.12000000000000001,0.26,767.0
gold,0.09086952169515494,0.005155837643972427,-0.2633800438966739,0.019575657926441472,0.10879172287267436,2,9,0.12000000000000001,0.28,768.0
gold,0.10918381621906015,0.006145828743105319,-0.2633800438966739,0.023334451054751806,0.1220440041827942,2,9,0.12000000000000001,0.30000000000000004,775.0
gold,0.13840875428912147,0.007694190606480689,-0.2633800438966739,0.029213263437298163,0.14362101966306223,2,9,0.12000000000000001,0.32,780.0
gold,0.15613855005162547,0.008615402724773347,-0.2633800438966739,0.032710916883867014,0.1563269011483224,2,9,0.12000000000000001,0.34,782.0
gold,0.15613855005162547,0.008615402724773347,-0.2633800438966739,0.032710916883867014,0.1563269011483224,2,9,0.12000000000000001,0.36000000000000004,782.0
gold,0.1756218420983331,0.009612518981729101,-0.2633800438966739,0.03649676277485992,0.15933371074141645,2,9,0.12000000000000001,0.38,1491.0
gold,0.19919662547484918,0.010798446979845666,-0.2633800438966739,0.040999488116426855,0.17383041793637444,2,9,0.12000000000000001,0.4,1497.0
gold,-0.028236270975264377,-0.0016921215232652553,-0.15215718592137273,-0.011120878143340923,-0.04559373793987916,10,9,0.13999999999999999,0.02,6.0
gold,-0.0011126838240658188,-6.58243083101473e-05,-0.15355028335409682,-0.00042868242814213644,0.011983782997445229,6,9,0.13999999999999999,0.04,10.833333333333334
gold,0.03085405021203047,0.0017983498849980517,-0.14847542873109576,0.012112104341891129,0.07447938028280975,3,9,0.13999999999999999,0.06,24.333333333333332
gold,0.0004686746744932968,2.7705299309621623e-05,-0.17676852946142152,0.00015673208004860452,0.016863080549134834,2,9,0.13999999999999999,0.08,43.5
gold,-0.016028656197988322,-0.0009549503928120151,-0.17676852946142152,-0.005402264734121841,-0.014483427419006453,1,9,0.13999999999999999,0.1,82.0
gold,-0.006440408133728814,-0.00038196169722470863,-0.17676852946142152,-0.002160801463860506,0.003741896903153435,1,9,0.13999999999999999,0.12000000000000001,83.0
gold,0.007851508792242612,0.00046253143376540073,-0.17676852946142152,0.0026165937747779076,0.030414880165329557,1,9,0.13999999999999999,0.13999999999999999,88.0
gold,0.028475287647441894,0.0016615161368183085,-0.17676852946142152,0.009399388804560501,0.06735731064878758,1,9,0.13999999999999999,0.16,90.0
gold,-0.06650264129097616,-0.0040606960679763215,-0.2633800438966739,-0.015417630006810103,-0.031264234479017,1,9,0.13999999999999999,0.18,688.0
gold,-0.052572545046674746,-0.0031880647868614,-0.2633800438966739,-0.012104428033705178,-0.01748884094506612,1,9,0.13999999999999999,0.19999999999999998,693.0
gold,-0.03502424198567189,-0.0021057992543361825,-0.2633800438966739,-0.007995287809893085,-0.00031624920475937097,1,9,0.13999999999999999,0.22,700.0
gold,-0.017656849265504038,-0.0010527718032385947,-0.2633800438966739,-0.003997158583706537,0.01715684128998136,1,9,0.13999999999999999,0.24,738.0
gold,-0.004269484043707972,-0.00025295095128496925,-0.2633800438966739,-0.0009604028746544059,0.029839366971740198,1,9,0.13999999999999999,0.26,767.0
gold,0.012916998335624763,0.000759142983514316,-0.2633800438966739,0.0028823101867662144,0.044890291790514035,1,9,0.13999999999999999,0.28,768.0
gold,0.029922570374122603,0.0017448037207110634,-0.2633800438966739,0.006624661819084379,0.05960534723102763,1,9,0.13999999999999999,0.30000000000000004,775.0
gold,0.057059121499384746,0.0032863928289750266,-0.2633800438966739,0.012477759439755825,0.08189491325490543,1,9,0.13999999999999999,0.32,780.0
gold,0.07352196251537735,0.0042035754343803244,-0.2633800438966739,0.01596011365245812,0.09505033233205434,1,9,0.13999999999999999,0.34,782.0
gold,0.07352196251537735,0.0042035754343803244,-0.2633800438966739,0.01596011365245812,0.09505033233205434,1,9,0.13999999999999999,0.36000000000000004,782.0
gold,0.09161299659888567,0.005196330162945406,-0.2633800438966739,0.019729399714824136,0.10508736039586375,1,9,0.13999999999999999,0.38,1491.0
gold,0.11350314783993065,0.006377070743249114,-0.2633800438966739,0.024212429495041352,0.11993072117097132,1,9,0.13999999999999999,0.4,1497.0
gold,0.10676128612012037,0.006015763784348982,-0.0873104087148977,0.06890087760318224,0.25213355768317725,10,9,0.16,0.02,3.7
gold,0.11820372712894134,0.0066277663857505775,-0.08668614669963282,0.07645704230822215,0.2696270830198572,6,9,0.16,0.04,7.5
gold,0.0577204383924792,0.003323494593947096,-0.140247557922206,0.0236973437768564,0.12610013095664116,3,9,0.16,0.06,23.333333333333332
gold,0.035880051335472896,0.0020864866549421546,-0.17676852946142152,0.011803496138703328,0.08263065154835686,2,9,0.16,0.08,39.5
gold,-0.016028656197988322,-0.0009549503928120151,-0.17676852946142152,-0.005402264734121841,-0.014483427419006453,1,9,0.16,0.1,82.0
gold,-0.006440408133728814,-0.00038196169722470863,-0.17676852946142152,-0.002160801463860506,0.003741896903153435,1,9,0.16,0.12000000000000001,83.0
gold,0.007851508792242612,0.00046253143376540073,-0.17676852946142152,0.0026165937747779076,0.030414880165329557,1,9,0.16,0.13999999999999999,88.0
gold,0.028475287647441894,0.0016615161368183085,-0.17676852946142152,0.009399388804560501,0.06735731064878758,1,9,0.16,0.16,90.0
gold,-0.06650264129097616,-0.0040606960679763215,-0.2633800438966739,-0.015417630006810103,-0.031264234479017,1,9,0.16,0.18,688.0
gold,-0.052572545046674746,-0.0031880647868614,-0.2633800438966739,-0.012104428033705178,-0.01748884094506612,1,9,0.16,0.19999999999999998,693.0
gold,-0.03502424198567189,-0.0021057992543361825,-0.2633800438966739,-0.007995287809893085,-0.00031624920475937097,1,9,0.16,0.22,700.0
gold,-0.017656849265504038,-0.0010527718032385947,-0.2633800438966739,-0.003997158583706537,0.01715684128998136,1,9,0.16,0.24,738.0
gold,-0.004269484043707972,-0.00025295095128496925,-0.2633800438966739,-0.0009604028746544059,0.029839366971740198,1,9,0.16,0.26,767.0
gold,0.012916998335624763,0.000759142983514316,-0.2633800438966739,0.0028823101867662144,0.044890291790514035,1,9,0.16,0.28,768.0
gold,0.029922570374122603,0.0017448037207110634,-0.2633800438966739,0.006624661819084379,0.05960534723102763,1,9,0.16,0.30000000000000004,775.0
gold,0.057059121499384746,0.0032863928289750266,-0.2633800438966739,0.012477759439755825,0.08189491325490543,1,9,0.16,0.32,780.0
gold,0.07352196251537735,0.0042035754343803244,-0.2633800438966739,0.01596011365245812,0.09505033233205434,1,9,0.16,0.34,782.0
gold,0.07352196251537735,0.0042035754343803244,-0.2633800438966739,0.01596011365245812,0.09505033233205434,1,9,0.16,0.36000000000000004,782.0
gold,0.09161299659888567,0.005196330162945406,-0.2633800438966739,0.019729399714824136,0.10508736039586375,1,9,0.16,0.38,1491.0
gold,0.11350314783993065,0.006377070743249114,-0.2633800438966739,0.024212429495041352,0.11993072117097132,1,9,0.16,0.4,1497.0
gold,0.055497926775397444,0.0031987186424515812,-0.08731040871489781,0.036636166174603906,0.15257356252426935,6,9,0.18,0.02,3.8333333333333335
gold,0.10872259356451375,0.006121086441111867,-0.08668614669963282,0.07061204903156451,0.2714709650230014,5,9,0.18,0.04,7.2
gold,0.09178727848615909,0.005205818474346868,-0.140247557922206,0.03711878161354144,0.19186934414328488,3,9,0.18,0.06,22.666666666666668
gold,-0.04388884868659093,-0.0026501748472961273,-0.17676852946142152,-0.014992345387330436,-0.07903202888262878,1,9,0.18,0.08,63.0
gold,-0.016028656197988322,-0.0009549503928120151,-0.17676852946142152,-0.005402264734121841,-0.014483427419006453,1,9,0.18,0.1,82.0
gold,-0.006440408133728814,-0.00038196169722470863,-0.17676852946142152,-0.002160801463860506,0.003741896903153435,1,9,0.18,0.12000000000000001,83.0
gold,0.007851508792242612,0.00046253143376540073,-0.17676852946142152,0.0026165937747779076,0.030414880165329557,1,9,0.18,0.13999999999999999,88.0
gold,0.028475287647441894,0.0016615161368183085,-0.17676852946142152,0.009399388804560501,0.06735731064878758,1,9,0.18,0.16,90.0
gold,-0.06650264129097616,-0.0040606960679763215,-0.2633800438966739,-0.015417630006810103,-0.031264234479017,1,9,0.18,0.18,688.0
gold,-0.052572545046674746,-0.0031880647868614,-0.2633800438966739,-0.012104428033705178,-0.01748884094506612,1,9,0.18,0.19999999999999998,693.0
gold,-0.03502424198567189,-0.0021057992543361825,-0.2633800438966739,-0.007995287809893085,-0.00031624920475937097,1,9,0.18,0.22,700.0
gold,-0.017656849265504038,-0.0010527718032385947,-0.2633800438966739,-0.003997158583706537,0.01715684128998136,1,9,0.18,0.24,738.0
gold,-0.004269484043707972,-0.00025295095128496925,-0.2633800438966739,-0.0009604028746544059,0.029839366971740198,1,9,0.18,0.26,767.0
gold,0.012916998335624763,0.000759142983514316,-0.2633800438966739,0.0028823101867662144,0.044890291790514035,1,9,0.18,0.28,768.0
gold,0.029922570374122603,0.0017448037207110634,-0.2633800438966739,0.006624661819084379,0.05960534723102763,1,9,0.18,0.30000000000000004,775.0
gold,0.057059121499384746,0.0032863928289750266,-0.2633800438966739,0.012477759439755825,0.08189491325490543,1,9,0.18,0.32,780.0
gold,0.07352196251537735,0.0042035754343803244,-0.2633800438966739,0.01596011365245812,0.09505033233205434,1,9,0.18,0.34,782.0
gold,0.07352196251537735,0.0042035754343803244,-0.2633800438966739,0.01596011365245812,0.09505033233205434,1,9,0.18,0.36000000000000004,782.0
gold,0.09161299659888567,0.005196330162945406,-0.2633800438966739,0.019729399714824136,0.10508736039586375,1,9,0.18,0.38,1491.0
gold,0.11350314783993065,0.006377070743249114,-0.2633800438966739,0.024212429495041352,0.11993072117097132,1,9,0.18,0.4,1497.0
gold,0.007353593855079055,0.0004333001772143241,-0.05531849748877382,0.007832826213370253,0.03341894948032735,3,9,0.19999999999999998,0.02,3.6666666666666665
gold,0.020320702022244452,0.001190168479688447,-0.0546723536254361,0.021769109993734125,0.07633675749433266,2,9,0.19999999999999998,0.04,6.0
gold,0.01050992604126133,0.0006183704505533516,-0.0546723536254361,0.011310477957284378,0.043644311023679744,1,9,0.19999999999999998,0.06,13.0
gold,0.028610354223433276,0.0016692935520041807,-0.0546723536254361,0.030532681351906323,0.09686810793639992,1,9,0.19999999999999998,0.08,20.0
gold,0.058583106267030116,0.003371859932336241,-0.0546723536254361,0.061673948691455205,0.15496102163892264,1,9,0.19999999999999998,0.1,39.0
gold,0.06889840404826808,0.003947330211116595,-0.0546723536254361,0.07219974903879235,0.1785789103276073,1,9,0.19999999999999998,0.12000000000000001,40.0
gold,0.08427403659011312,0.004795480796392804,-0.0546723536254361,0.08771308492125579,0.20961457405515868,1,9,0.19999999999999998,0.13999999999999999,45.0
gold,0.10646165823277554,0.005999658237646033,-0.0546723536254361,0.1097384297509869,0.2553063577240711,1,9,0.19999999999999998,0.16,47.0
gold,0.004281821720513834,0.0002526634398540839,-0.23254177660510122,0.0010865292402197175,0.03440378134892393,1,9,0.19999999999999998,0.18,645.0
gold,0.019268197742312365,0.0011290740400684562,-0.23254177660510122,0.004855359998327664,0.04885262510411491,1,9,0.19999999999999998,0.19999999999999998,650.0
gold,0.038147138964577776,0.0022160268063500244,-0.23254177660510122,0.009529585774659519,0.0666552247742483,1,9,0.19999999999999998,0.22,657.0
gold,0.05683145192681982,0.0032736148626475448,-0.23254177660510122,0.014077534413125026,0.08331115335328602,1,9,0.19999999999999998,0.24,695.0
gold,0.07123394316854803,0.004076899695651726,-0.23254177660510122,0.01753190224642969,0.09544152495088519,1,9,0.19999999999999998,0.26,724.0
gold,0.08972362787076693,0.005093376954795392,-0.23254177660510122,0.021903062018163232,0.11114410534956647,1,9,0.19999999999999998,0.28,725.0
gold,0.10801868431296224,0.006083306535580757,-0.23254177660510122,0.026160058740375636,0.12518464816277786,1,9,0.19999999999999998,0.30000000000000004,732.0
gold,0.13721292331646562,0.007631572183279367,-0.23254177660510122,0.03281806948709772,0.14832926879312772,1,9,0.19999999999999998,0.32,737.0
gold,0.15492409497859105,0.00855272705717125,-0.23254177660510122,0.03677931416037711,0.16193653579271036,1,9,0.19999999999999998,0.34,739.0
gold,0.15492409497859105,0.00855272705717125,-0.23254177660510122,0.03677931416037711,0.16193653579271036,1,9,0.19999999999999998,0.36000000000000004,739.0
gold,0.17438692098092656,0.009549781353019648,-0.23254177660510122,0.04106694931309885,0.1631458353626247,1,9,0.19999999999999998,0.38,1448.0
gold,0.19793694044375254,0.01073563565721014,-0.23254177660510122,0.046166481627261446,0.1784395989613342,1,9,0.19999999999999998,0.4,1454.0
gold,0.03562662351767609,0.0020719893556688795,-0.028878709420434134,0.07174799003319628,0.16534629675386042,2,9,0.22,0.02,2.0
gold,0.07126535313221383,0.004078640424750368,-0.028878709420434134,0.14123347291497676,0.27319192873848414,2,9,0.22,0.04,3.5
gold,0.034056960764788036,0.0019821226089482558,-0.034733124018838324,0.05706721364519947,0.1281270290555215,1,9,0.22,0.06,11.0
gold,0.05257916749651459,0.003034478023346887,-0.034733124018838324,0.08736553676257473,0.17781878925222452,1,9,0.22,0.08,18.0
gold,0.08325034853614799,0.00473936484736126,-0.043510737628384644,0.10892402900265911,0.22069921205731574,1,9,0.22,0.1,37.0
gold,0.09380601473810013,0.005315619439979935,-0.043510737628384644,0.12216799185018275,0.24488585765771523,1,9,0.22,0.12000000000000001,38.0
gold,0.1095399322844055,0.006164925977640623,-0.043510737628384644,0.14168746184663333,0.2751615291568561,1,9,0.22,0.13999999999999999,43.0
gold,0.13224457279426405,0.007370744603618196,-0.043510737628384644,0.16940058949517373,0.32129304579988543,1,9,0.22,0.16,45.0
gold,0.027683728340967884,0.0016159171727352373,-0.2325417766051011,0.006948932773827402,0.056807944728008375,1,9,0.22,0.18,643.0
gold,0.043019318860784805,0.002493522241173496,-0.2325417766051011,0.010722900106710533,0.07129329401278764,1,9,0.22,0.19999999999999998,648.0
gold,0.062338179645488934,0.00358195642557102,-0.2325417766051011,0.015403496429176438,0.08907020107261433,1,9,0.22,0.22,655.0
gold,0.08145787691694872,0.004640985878545889,-0.2325417766051011,0.01995764350948062,0.1052053447767014,1,9,0.22,0.24,693.0
gold,0.09619597689703241,0.005445365515980072,-0.2325417766051011,0.02341671933309131,0.1169870508152726,1,9,0.22,0.26,722.0
gold,0.11511651065524786,0.0064632281415104575,-0.2325417766051011,0.027793836599460633,0.13272428900571034,1,9,0.22,0.28,723.0
gold,0.13383788090021898,0.007454506906602543,-0.2325417766051011,0.03205663522241714,0.1463711439009275,1,9,0.22,0.30000000000000004,730.0
gold,0.16371240788687502,0.009004882700068162,-0.2325417766051011,0.0387237202344081,0.16954530205492502,1,9,0.22,0.32,735.0
gold,0.18183628759211312,0.009927293024573736,-0.2325417766051011,0.04269036372519039,0.1831549568079193,1,9,0.22,0.34,737.0
gold,0.18183628759211312,0.009927293024573736,-0.2325417766051011,0.04269036372519039,0.1831549568079193,1,9,0.22,0.36000000000000004,737.0
gold,0.2017526389165505,0.010925706215070052,-0.2325417766051011,0.046983842536061464,0.18149806632429444,1,9,0.22,0.38,1446.0
gold,0.22585142401911962,0.012113176731209707,-0.2325417766051011,0.05209032505062571,0.1968140091601948,1,9,0.22,0.4,1452.0
gold,0.035274815422477346,0.0020518586938009786,0.0,,0.24318932275626745,1,9,0.24,0.02,1.0
gold,0.0451189499589828,0.00261273105774662,0.0,,0.2981206268149395,1,9,0.24,0.04,2.0
gold,0.06480721903199349,0.003719718850298648,-0.034733124018838324,0.10709427831142315,0.2523495094139477,1,9,0.24,0.06,9.0
gold,0.08388022969647246,0.00477389921623228,-0.034733124018838324,0.1374451435362694,0.29334989541415013,1,9,0.24,0.08,16.0
gold,0.1154634946677604,0.006481742584949934,-0.043510737628384644,0.14896880490303405,0.3097563753436243,1,9,0.24,0.1,35.0
gold,0.12633305988515175,0.007058996494613723,-0.043510737628384644,0.16223573488693788,0.334430087992152,1,9,0.24,0.12000000000000001,36.0
gold,0.14253486464315013,0.007909775864787472,-0.043510737628384644,0.18178905474651053,0.3630762101065087,1,9,0.24,0.13999999999999999,41.0
gold,0.16591468416735022,0.009117685571898182,-0.043510737628384644,0.20955024136272452,0.4092240356817673,1,9,0.24,0.16,43.0
gold,0.05824446267432326,0.003352878355660005,-0.2325417766051011,0.014418391415981188,0.08565472786762107,1,9,0.24,0.18,641.0
gold,0.07403609515996723,0.004232005330760957,-0.2325417766051011,0.018198903408000035,0.10016335153687585,1,9,0.24,0.19999999999999998,646.0
gold,0.09392945036915501,0.005322327033014274,-0.2325417766051011,0.022887616628355634,0.11787682826090327,1,9,0.24,0.22,653.0
gold,0.1136177194421657,0.006383193011367583,-0.2325417766051011,0.027449661323468013,0.13330561870122257,1,9,0.24,0.24,691.0
gold,0.12879409351927795,0.007188967570929794,-0.2325417766051011,0.030914735734293406,0.14461507889037534,1,9,0.24,0.26,720.0
gold,0.14827727645611155,0.008208595332017454,-0.2325417766051011,0.03529944361763936,0.16037416220926706,1,9,0.24,0.28,721.0
gold,0.16755537325676761,0.00920159313202773,-0.2325417766051011,0.03956963461087568,0.17349043677509765,1,9,0.24,0.30000000000000004,728.0
gold,0.19831829368334675,0.01075465752351401,-0.2325417766051011,0.04624828140784959,0.1966707993457533,1,9,0.24,0.32,733.0
gold,0.21698113207547154,0.011678667454116942,-0.2325417766051011,0.050221803688846316,0.2102650006879103,1,9,0.24,0.34,735.0
gold,0.21698113207547154,0.011678667454116942,-0.2325417766051011,0.050221803688846316,0.2102650006879103,1,9,0.24,0.36000000000000004,735.0
gold,0.23748974569319103,0.012678812051759136,-0.2325417766051011,0.054522728074319744,0.20491680867454476,1,9,0.24,0.38,1444.0
gold,0.26230516817063165,0.013868341830493458,-0.2325417766051011,0.059638066041115975,0.2202457827423719,1,9,0.24,0.4,1450.0
gold,0.0,0.0,0.0,,0.0,0,9,0.26,0.02,0.0
gold,0.0,0.0,0.0,,0.0,0,9,0.26,0.04,0.0
gold,0.0,0.0,0.0,,0.0,0,9,0.26,0.06,0.0
gold,0.0,0.0,0.0,,0.0,0,9,0.26,0.08,0.0
gold,0.0,0.0,0.0,,0.0,0,9,0.26,0.1,0.0
gold,0.0,0.0,0.0,,0.0,0,9,0.26,0.12000000000000001,0.0
gold,0.0,0.0,0.0,,0.0,0,9,0.26,0.13999999999999999,0.0
gold,0.0,0.0,0.0,,0.0,0,9,0.26,0.16,0.0
gold,0.0,0.0,0.0,,0.0,0,9,0.26,0.18,0.0
gold,0.0,0.0,0.0,,0.0,0,9,0.26,0.19999999999999998,0.0
gold,0.0,0.0,0.0,,0.0,0,9,0.26,0.22,0.0
gold,0.0,0.0,0.0,,0.0,0,9,0.26,0.24,0.0
gold,0.0,0.0,0.0,,0.0,0,9,0.26,0.26,0.0
gold,0.0,0.0,0.0,,0.0,0,9,0.26,0.28,0.0
gold,0.0,0.0,0.0,,0.0,0,9,0.26,0.30000000000000004,0.0
gold,0.0,0.0,0.0,,0.0,0,9,0.26,0.32,0.0
gold,0.0,0.0,0.0,,0.0,0,9,0.26,0.34,0.0
gold,0.0,0.0,0.0,,0.0,0,9,0.26,0.36000000000000004,0.0
gold,0.0,0.0,0.0,,0.0,0,9,0.26,0.38,0.0
gold,0.0,0.0,0.0,,0.0,0,9,0.26,0.4,0.0
gold,0.0,0.0,0.0,,0.0,0,9,0.28,0.02,0.0
gold,0.0,0.0,0.0,,0.0,0,9,0.28,0.04,0.0
gold,0.0,0.0,0.0,,0.0,0,9,0.28,0.06,0.0
gold,0.0,0.0,0.0,,0.0,0,9,0.28,0.08,0.0
gold,0.0,0.0,0.0,,0.0,0,9,0.28,0.1,0.0
gold,0.0,0.0,0.0,,0.0,0,9,0.28,0.12000000000000001,0.0
gold,0.0,0.0,0.0,,0.0,0,9,0.28,0.13999999999999999,0.0
gold,0.0,0.0,0.0,,0.0,0,9,0.28,0.16,0.0
gold,0.0,0.0,0.0,,0.0,0,9,0.28,0.18,0.0
gold,0.0,0.0,0.0,,0.0,0,9,0.28,0.19999999999999998,0.0
gold,0.0,0.0,0.0,,0.0,0,9,0.28,0.22,0.0
gold,0.0,0.0,0.0,,0.0,0,9,0.28,0.24,0.0
gold,0.0,0.0,0.0,,0.0,0,9,0.28,0.26,0.0
gold,0.0,0.0,0.0,,0.0,0,9,0.28,0.28,0.0
gold,0.0,0.0,0.0,,0.0,0,9,0.28,0.30000000000000004,0.0
gold,0.0,0.0,0.0,,0.0,0,9,0.28,0.32,0.0
gold,0.0,0.0,0.0,,0.0,0,9,0.28,0.34,0.0
gold,0.0,0.0,0.0,,0.0,0,9,0.28,0.36000000000000004,0.0
gold,0.0,0.0,0.0,,0.0,0,9,0.28,0.38,0.0
gold,0.0,0.0,0.0,,0.0,0,9,0.28,0.4,0.0
gold,0.0,0.0,0.0,,0.0,0,9,0.30000000000000004,0.02,0.0
gold,0.0,0.0,0.0,,0.0,0,9,0.30000000000000004,0.04,0.0
gold,0.0,0.0,0.0,,0.0,0,9,0.30000000000000004,0.06,0.0
gold,0.0,0.0,0.0,,0.0,0,9,0.30000000000000004,0.08,0.0
gold,0.0,0.0,0.0,,0.0,0,9,0.30000000000000004,0.1,0.0
gold,0.0,0.0,0.0,,0.0,0,9,0.30000000000000004,0.12000000000000001,0.0
gold,0.0,0.0,0.0,,0.0,0,9,0.30000000000000004,0.13999999999999999,0.0
gold,0.0,0.0,0.0,,0.0,0,9,0.30000000000000004,0.16,0.0
gold,0.0,0.0,0.0,,0.0,0,9,0.30000000000000004,0.18,0.0
gold,0.0,0.0,0.0,,0.0,0,9,0.30000000000000004,0.19999999999999998,0.0
gold,0.0,0.0,0.0,,0.0,0,9,0.30000000000000004,0.22,0.0
gold,0.0,0.0,0.0,,0.0,0,9,0.30000000000000004,0.24,0.0
gold,0.0,0.0,0.0,,0.0,0,9,0.30000000000000004,0.26,0.0
gold,0.0,0.0,0.0,,0.0,0,9,0.30000000000000004,0.28,0.0
gold,0.0,0.0,0.0,,0.0,0,9,0.30000000000000004,0.30000000000000004,0.0
gold,0.0,0.0,0.0,,0.0,0,9,0.30000000000000004,0.32,0.0
gold,0.0,0.0,0.0,,0.0,0,9,0.30000000000000004,0.34,0.0
gold,0.0,0.0,0.0,,0.0,0,9,0.30000000000000004,0.36000000000000004,0.0
gold,0.0,0.0,0.0,,0.0,0,9,0.30000000000000004,0.38,0.0
gold,0.0,0.0,0.0,,0.0,0,9,0.30000000000000004,0.4,0.0
gold,0.0,0.0,0.0,,0.0,0,9,0.32,0.02,0.0
gold,0.0,0.0,0.0,,0.0,0,9,0.32,0.04,0.0
gold,0.0,0.0,0.0,,0.0,0,9,0.32,0.06,0.0
gold,0.0,0.0,0.0,,0.0,0,9,0.32,0.08,0.0
gold,0.0,0.0,0.0,,0.0,0,9,0.32,0.1,0.0
gold,0.0,0.0,0.0,,0.0,0,9,0.32,0.12000000000000001,0.0
gold,0.0,0.0,0.0,,0.0,0,9,0.32,0.13999999999999999,0.0
gold,0.0,0.0,0.0,,0.0,0,9,0.32,0.16,0.0
gold,0.0,0.0,0.0,,0.0,0,9,0.32,0.18,0.0
gold,0.0,0.0,0.0,,0.0,0,9,0.32,0.19999999999999998,0.0
gold,0.0,0.0,0.0,,0.0,0,9,0.32,0.22,0.0
gold,0.0,0.0,0.0,,0.0,0,9,0.32,0.24,0.0
gold,0.0,0.0,0.0,,0.0,0,9,0.32,0.26,0.0
gold,0.0,0.0,0.0,,0.0,0,9,0.32,0.28,0.0
gold,0.0,0.0,0.0,,0.0,0,9,0.32,0.30000000000000004,0.0
gold,0.0,0.0,0.0,,0.0,0,9,0.32,0.32,0.0
gold,0.0,0.0,0.0,,0.0,0,9,0.32,0.34,0.0
gold,0.0,0.0,0.0,,0.0,0,9,0.32,0.36000000000000004,0.0
gold,0.0,0.0,0.0,,0.0,0,9,0.32,0.38,0.0
gold,0.0,0.0,0.0,,0.0,0,9,0.32,0.4,0.0
gold,0.0,0.0,0.0,,0.0,0,9,0.34,0.02,0.0
gold,0.0,0.0,0.0,,0.0,0,9,0.34,0.04,0.0
gold,0.0,0.0,0.0,,0.0,0,9,0.34,0.06,0.0
gold,0.0,0.0,0.0,,0.0,0,9,0.34,0.08,0.0
gold,0.0,0.0,0.0,,0.0,0,9,0.34,0.1,0.0
gold,0.0,0.0,0.0,,0.0,0,9,0.34,0.12000000000000001,0.0
gold,0.0,0.0,0.0,,0.0,0,9,0.34,0.13999999999999999,0.0
gold,0.0,0.0,0.0,,0.0,0,9,0.34,0.16,0.0
gold,0.0,0.0,0.0,,0.0,0,9,0.34,0.18,0.0
gold,0.0,0.0,0.0,,0.0,0,9,0.34,0.19999999999999998,0.0
gold,0.0,0.0,0.0,,0.0,0,9,0.34,0.22,0.0
gold,0.0,0.0,0.0,,0.0,0,9,0.34,0.24,0.0
gold,0.0,0.0,0.0,,0.0,0,9,0.34,0.26,0.0
gold,0.0,0.0,0.0,,0.0,0,9,0.34,0.28,0.0
gold,0.0,0.0,0.0,,0.0,0,9,0.34,0.30000000000000004,0.0
gold,0.0,0.0,0.0,,0.0,0,9,0.34,0.32,0.0
gold,0.0,0.0,0.0,,0.0,0,9,0.34,0.34,0.0
gold,0.0,0.0,0.0,,0.0,0,9,0.34,0.36000000000000004,0.0
gold,0.0,0.0,0.0,,0.0,0,9,0.34,0.38,0.0
gold,0.0,0.0,0.0,,0.0,0,9,0.34,0.4,0.0
gold,0.0,0.0,0.0,,0.0,0,9,0.36000000000000004,0.02,0.0
gold,0.0,0.0,0.0,,0.0,0,9,0.36000000000000004,0.04,0.0
gold,0.0,0.0,0.0,,0.0,0,9,0.36000000000000004,0.06,0.0
gold,0.0,0.0,0.0,,0.0,0,9,0.36000000000000004,0.08,0.0
gold,0.0,0.0,0.0,,0.0,0,9,0.36000000000000004,0.1,0.0
gold,0.0,0.0,0.0,,0.0,0,9,0.36000000000000004,0.12000000000000001,0.0
gold,0.0,0.0,0.0,,0.0,0,9,0.36000000000000004,0.13999999999999999,0.0
gold,0.0,0.0,0.0,,0.0,0,9,0.36000000000000004,0.16,0.0
gold,0.0,0.0,0.0,,0.0,0,9,0.36000000000000004,0.18,0.0
gold,0.0,0.0,0.0,,0.0,0,9,0.36000000000000004,0.19999999999999998,0.0
gold,0.0,0.0,0.0,,0.0,0,9,0.36000000000000004,0.22,0.0
gold,0.0,0.0,0.0,,0.0,0,9,0.36000000000000004,0.24,0.0
gold,0.0,0.0,0.0,,0.0,0,9,0.36000000000000004,0.26,0.0
gold,0.0,0.0,0.0,,0.0,0,9,0.36000000000000004,0.28,0.0
gold,0.0,0.0,0.0,,0.0,0,9,0.36000000000000004,0.30000000000000004,0.0
gold,0.0,0.0,0.0,,0.0,0,9,0.36000000000000004,0.32,0.0
gold,0.0,0.0,0.0,,0.0,0,9,0.36000000000000004,0.34,0.0
gold,0.0,0.0,0.0,,0.0,0,9,0.36000000000000004,0.36000000000000004,0.0
gold,0.0,0.0,0.0,,0.0,0,9,0.36000000000000004,0.38,0.0
gold,0.0,0.0,0.0,,0.0,0,9,0.36000000000000004,0.4,0.0
gold,0.0,0.0,0.0,,0.0,0,9,0.38,0.02,0.0
gold,0.0,0.0,0.0,,0.0,0,9,0.38,0.04,0.0
gold,0.0,0.0,0.0,,0.0,0,9,0.38,0.06,0.0
gold,0.0,0.0,0.0,,0.0,0,9,0.38,0.08,0.0
gold,0.0,0.0,0.0,,0.0,0,9,0.38,0.1,0.0
gold,0.0,0.0,0.0,,0.0,0,9,0.38,0.12000000000000001,0.0
gold,0.0,0.0,0.0,,0.0,0,9,0.38,0.13999999999999999,0.0
gold,0.0,0.0,0.0,,0.0,0,9,0.38,0.16,0.0
gold,0.0,0.0,0.0,,0.0,0,9,0.38,0.18,0.0
gold,0.0,0.0,0.0,,0.0,0,9,0.38,0.19999999999999998,0.0
gold,0.0,0.0,0.0,,0.0,0,9,0.38,0.22,0.0
gold,0.0,0.0,0.0,,0.0,0,9,0.38,0.24,0.0
gold,0.0,0.0,0.0,,0.0,0,9,0.38,0.26,0.0
gold,0.0,0.0,0.0,,0.0,0,9,0.38,0.28,0.0
gold,0.0,0.0,0.0,,0.0,0,9,0.38,0.30000000000000004,0.0
gold,0.0,0.0,0.0,,0.0,0,9,0.38,0.32,0.0
gold,0.0,0.0,0.0,,0.0,0,9,0.38,0.34,0.0
gold,0.0,0.0,0.0,,0.0,0,9,0.38,0.36000000000000004,0.0
gold,0.0,0.0,0.0,,0.0,0,9,0.38,0.38,0.0
gold,0.0,0.0,0.0,,0.0,0,9,0.38,0.4,0.0
gold,0.0,0.0,0.0,,0.0,0,9,0.4,0.02,0.0
gold,0.0,0.0,0.0,,0.0,0,9,0.4,0.04,0.0
gold,0.0,0.0,0.0,,0.0,0,9,0.4,0.06,0.0
gold,0.0,0.0,0.0,,0.0,0,9,0.4,0.08,0.0
gold,0.0,0.0,0.0,,0.0,0,9,0.4,0.1,0.0
gold,0.0,0.0,0.0,,0.0,0,9,0.4,0.12000000000000001,0.0
gold,0.0,0.0,0.0,,0.0,0,9,0.4,0.13999999999999999,0.0
gold,0.0,0.0,0.0,,0.0,0,9,0.4,0.16,0.0
gold,0.0,0.0,0.0,,0.0,0,9,0.4,0.18,0.0
gold,0.0,0.0,0.0,,0.0,0,9,0.4,0.19999999999999998,0.0
gold,0.0,0.0,0.0,,0.0,0,9,0.4,0.22,0.0
gold,0.0,0.0,0.0,,0.0,0,9,0.4,0.24,0.0
gold,0.0,0.0,0.0,,0.0,0,9,0.4,0.26,0.0
gold,0.0,0.0,0.0,,0.0,0,9,0.4,0.28,0.0
gold,0.0,0.0,0.0,,0.0,0,9,0.4,0.30000000000000004,0.0
gold,0.0,0.0,0.0,,0.0,0,9,0.4,0.32,0.0
gold,0.0,0.0,0.0,,0.0,0,9,0.4,0.34,0.0
gold,0.0,0.0,0.0,,0.0,0,9,0.4,0.36000000000000004,0.0
gold,0.0,0.0,0.0,,0.0,0,9,0.4,0.38,0.0
gold,0.0,0.0,0.0,,0.0,0,9,0.4,0.4,0.0
gold,0.09265070962397304,0.005252804665739186,-0.2966900123171483,0.01770468990416898,0.107962806082156,77,12,0.02,0.02,12.896103896103897
gold,0.30454416353955427,0.015843371955303942,-0.2748508478569044,0.057643525857167734,0.2403057622309577,42,12,0.02,0.04,26.476190476190474
gold,0.1429533256200166,0.007931599115303278,-0.26417194993410464,0.03002438039800117,0.13748280447747088,20,12,0.02,0.06,69.2
gold,0.1687903333806804,0.009264677892991235,-0.3173921831946702,0.029190000206491575,0.15167811337585865,15,12,0.02,0.08,104.28571428571429
gold,0.2525568740649531,0.013403702732041722,-0.3282630942269753,0.040832195174440845,0.19810429924453002,13,12,0.02,0.1,127.66666666666667
gold,0.31172170980873903,0.01617298888220109,-0.2870448825038333,0.05634306642615414,0.2275013670327513,10,12,0.02,0.12000000000000001,187.0
gold,0.5226796645963485,0.025172922264140363,-0.2873000084989056,0.08761894020005312,0.3242629482931348,10,12,0.02,0.13999999999999999,190.66666666666666
gold,0.479715620523,0.023439462696293045,-0.30813715448184353,0.07606827789303214,0.29928994155886696,8,12,0.02,0.16,259.57142857142856
gold,0.11276412600463392,0.006337565996295869,-0.4031137134726934,0.01572153410932067,0.11393352476153369,4,12,0.02,0.18,665.0
gold,0.18689481456954993,0.010182369852330009,-0.4031137134726934,0.025259299081175402,0.15346083071931665,4,12,0.02,0.19999999999999998,679.0
gold,0.24970992882258258,0.01326736500491621,-0.4031137134726934,0.032912214498043685,0.1847161702603653,4,12,0.02,0.22,682.0
gold,0.3204332917314865,0.016570781646466637,-0.4031137134726934,0.041106965832828524,0.21533330515588725,4,12,0.02,0.24,704.3333333333334
gold,0.3564134067094036,0.018187986870763728,-0.4031137134726934,0.04511875002733135,0.22992700075895536,4,12,0.02,0.26,720.0
gold,0.4337148306917573,0.021530178572327863,-0.4031137134726934,0.05340969025055581,0.2618335708649411,4,12,0.02,0.28,725.0
gold,0.4893796584911998,0.023833465090045136,-0.4031137134726934,0.059123429180137764,0.28167544743867184,4,12,0.02,0.30000000000000004,755.6666666666666
gold,0.5895755273392047,0.027782422371247284,-0.4031137134726934,0.0689195664714821,0.3185834049831446,4,12,0.02,0.32,761.0
gold,0.6628814614676075,0.030525880837413144,-0.4031137134726934,0.075725235379473,0.342074223813481,4,12,0.02,0.34,773.3333333333334
gold,0.7045474028806042,0.03203491374100964,-0.4031137134726934,0.07946867762210143,0.3549739617916869,4,12,0.02,0.36000000000000004,801.0
gold,0.3384207204904792,0.01738437926127978,-0.4031137134726934,0.04312524898128375,0.21656807562181768,3,12,0.02,0.38,1294.0
gold,0.37442846155566234,0.01898260744977298,-0.4031137134726934,0.047089957040270344,0.23136943612069633,3,12,0.02,0.4,1297.5
gold,0.19749493846102206,0.010713581506993197,-0.2893276525231746,0.037029234549694694,0.20015117187167333,56,12,0.04,0.02,9.821428571428571
gold,0.35859920920217947,0.01828492728965414,-0.27115979026880654,0.06743229618052107,0.2994163809357005,32,12,0.04,0.04,21.4375
gold,0.2137300992753044,0.011518669812295768,-0.26042653604276367,0.04423001583219741,0.19438563500644845,16,12,0.04,0.06,53.1875
gold,0.10899521353663766,0.006135712317088204,-0.31391766384307496,0.019545610278736657,0.11830789642145811,12,12,0.04,0.08,93.81818181818181
gold,0.3314269750953691,0.017069271415938392,-0.2805333078694213,0.06084579241436655,0.263803970925027,11,12,0.04,0.1,93.9
gold,0.26516724695348715,0.014004117851512232,-0.26441475291287686,0.052962694771144285,0.21857578360378396,8,12,0.04,0.12000000000000001,155.57142857142858
gold,0.4088245275475344,0.02047292720805638,-0.2753435806653157,0.07435411117479994,0.2969458537419466,8,12,0.04,0.13999999999999999,156.85714285714286
gold,0.38111230679891617,0.019274932845798842,-0.30461552641632694,0.0632762652401875,0.27538435635682595,7,12,0.04,0.16,205.83333333333334
gold,0.1347812463587279,0.007504048688063536,-0.40311371347269354,0.018615215601123062,0.1288779152037325,4,12,0.04,0.18,528.6666666666666
gold,0.2103786826861962,0.011353309196917571,-0.40311371347269354,0.028164036145316183,0.1714670341635722,4,12,0.04,0.19999999999999998,542.6666666666666
gold,0.27443665506005144,0.014441880280256392,-0.40311371347269354,0.035825822336442714,0.20508303867582722,4,12,0.04,0.22,545.6666666666666
gold,0.34655934847990766,0.017749126032898577,-0.40311371347269354,0.04403007250732214,0.23704903654008241,4,12,0.04,0.24,568.0
gold,0.3832513650219662,0.019368205818940165,-0.40311371347269354,0.048046506907664766,0.25226957676902456,4,12,0.04,0.26,583.6666666666666
gold,0.4620822728505263,0.02271427157718664,-0.40311371347269354,0.05634705746304331,0.2863221067098744,4,12,0.04,0.28,588.6666666666666
gold,0.5188484833999238,0.025020227918577165,-0.40311371347269354,0.062067419396467656,0.3069213363822082,4,12,0.04,0.30000000000000004,619.3333333333334
gold,0.6210268249497857,0.028973762580645213,-0.40311371347269354,0.07187491174895955,0.34627104883176785,4,12,0.04,0.32,624.6666666666666
gold,0.695783188272171,0.0317204010898946,-0.40311371347269354,0.07868846935678189,0.37081515629147205,4,12,0.04,0.34,637.0
gold,0.7382735308545783,0.03323118316874063,-0.40311371347269354,0.08243625076027505,0.38431874619239487,4,12,0.04,0.36000000000000004,664.6666666666666
gold,0.32184265028016856,0.016634904342744283,-0.40311371347269354,0.041266034339144636,0.21466918558334686,3,12,0.04,0.38,1227.5
gold,0.3574043889409102,0.01823195516704157,-0.40311371347269354,0.045227821723005164,0.2301694152228843,3,12,0.04,0.4,1231.0
gold,0.09580657995818354,0.005424244126390532,-0.2746149041585487,0.019752184037538065,0.12427326549778499,39,12,0.06,0.02,8.025641025641026
gold,0.27570502541706743,0.014501547917833202,-0.2533171446972453,0.05724661050938688,0.27105711756191164,24,12,0.06,0.04,16.125
gold,0.22615816754389373,0.012128149517426579,-0.24232113102348252,0.050049904711988495,0.21585767763701952,13,12,0.06,0.06,45.69230769230769
gold,0.16404723852844283,0.009022046012788332,-0.2630416503974783,0.03429892566122229,0.16417058285837566,10,12,0.06,0.08,75.33333333333333
gold,0.2796656506440407,0.014687508028470964,-0.26292013420414806,0.05586300217337726,0.24216456349402868,9,12,0.06,0.1,89.875
gold,0.2331150155772621,0.012466784747558135,-0.246406982929542,0.05059428348718067,0.20385457661334958,7,12,0.06,0.12000000000000001,141.16666666666666
gold,0.3503762345290784,0.017919472481180865,-0.2576033579406195,0.06956226279205377,0.2724592897083577,7,12,0.06,0.13999999999999999,142.33333333333334
gold,0.27170157327369426,0.014313024120390816,-0.28759190651657374,0.04976852197878512,0.22042310933392972,6,12,0.06,0.16,198.2
gold,0.002829099803070889,0.00016705444215903142,-0.40311371347269354,0.00041441021869465005,0.044885280363139615,3,12,0.06,0.18,686.5
gold,0.03456876976444678,0.0020114389268210964,-0.40311371347269354,0.004989755643620268,0.06647872473858772,3,12,0.06,0.19999999999999998,706.0
gold,0.08932219414345677,0.005071480879817347,-0.40311371347269354,0.012580769917570378,0.1017034857187492,3,12,0.06,0.22,710.5
gold,0.10892754296943585,0.006132082152868978,-0.40311371347269354,0.015211792474245258,0.11349073648691792,3,12,0.06,0.24,729.5
gold,0.13914439735206008,0.007732681037833311,-0.40311371347269354,0.019182381495332367,0.13095172911193848,3,12,0.06,0.26,753.0
gold,0.1765865811101759,0.009661487438138439,-0.40311371347269354,0.02396715148911176,0.15207344497713676,3,12,0.06,0.28,759.5
gold,0.21321704261633379,0.01149338320388038,-0.40311371347269354,0.028511516278790474,0.17087815319490504,3,12,0.06,0.30000000000000004,805.0
gold,0.2656152416785602,0.014025344402806894,-0.40311371347269354,0.03479252611374372,0.19801634792170483,3,12,0.06,0.32,811.5
gold,0.30199184551953007,0.01572574959376105,-0.40311371347269354,0.039010703600948805,0.21562075785785345,3,12,0.06,0.34,825.5
gold,0.33461516667180113,0.01721311017894256,-0.40311371347269354,0.04270038354849606,0.23066950863134433,3,12,0.06,0.36000000000000004,867.0
gold,0.3772093788496502,0.019104396084510533,-0.40311371347269354,0.04739207684088039,0.23941291257242608,3,12,0.06,0.38,1222.0
gold,0.41426065723092553,0.02070532627966659,-0.40311371347269354,0.05136348773971726,0.25494460080748144,3,12,0.06,0.4,1225.5
gold,-0.058429505894969314,-0.0035534853063099447,-0.22287968105166867,-0.015943513960279602,-0.05031556831100184,25,12,0.08,0.02,8.4
gold,0.04552002923244558,0.0026354771299721413,-0.200062943128133,0.01317323982524947,0.0776443625167228,15,12,0.08,0.04,16.133333333333333
gold,-0.01265337333420935,-0.000752648452219784,-0.19317173268730814,-0.003896265989590282,0.011279959046702693,7,12,0.08,0.06,39.0
gold,0.049676459568610776,0.002870715097640586,-0.2104810107376056,0.013638831776702835,0.08066013480386977,6,12,0.08,0.08,49.333333333333336
gold,0.09055732454371213,0.005138826438087385,-0.21035082788237525,0.024429789460875966,0.12289229985609153,5,12,0.08,0.1,62.2
gold,0.22471582449280114,0.012057715069254904,-0.19265994140161857,0.06258548082976634,0.217885306460372,5,12,0.08,0.12000000000000001,129.2
gold,0.3201001616797241,0.01655561555694951,-0.20465485357937785,0.08089529892594614,0.2822897873848085,5,12,0.08,0.13999999999999999,130.2
gold,0.17982322037038823,0.009825498032912439,-0.23678221677962308,0.041495928902706335,0.17562350395779422,4,12,0.08,0.16,202.0
gold,0.014357732715260418,0.0008432507872335737,-0.270230488743184,0.0031204872224279796,0.04947625291582376,2,12,0.08,0.18,574.0
gold,0.04646228539076036,0.0026888822296333714,-0.270230488743184,0.00995032885496786,0.07343038833918535,2,12,0.08,0.19999999999999998,593.5
gold,0.10184516111943176,0.005750993026204521,-0.270230488743184,0.021281806701204723,0.11245770572800216,2,12,0.08,0.22,598.0
gold,0.12167589517782429,0.006812311354173373,-0.270230488743184,0.02520926260340488,0.1251686778329037,2,12,0.08,0.24,617.0
gold,0.15224012582027835,0.00841399237747753,-0.270230488743184,0.03113635480811288,0.14406846330116443,2,12,0.08,0.26,640.5
gold,0.19011274901424957,0.010344102811776335,-0.270230488743184,0.038278814725480316,0.16721839933317706,2,12,0.08,0.28,647.0
gold,0.22716431830855544,0.012177237091840265,-0.270230488743184,0.04506241005030714,0.1872853341861725,2,12,0.08,0.30000000000000004,692.5
gold,0.28016489279284196,0.014710910107708752,-0.270230488743184,0.05443838027355011,0.2169983370080549,2,12,0.08,0.32,699.0
gold,0.3169596860465014,0.016412464914389746,-0.270230488743184,0.06073505987693151,0.23605882000180628,2,12,0.08,0.34,713.0
gold,0.3499580484635456,0.017900831079376234,-0.270230488743184,0.06624282538447558,0.25225582595413254,2,12,0.08,0.36000000000000004,754.5
gold,0.39304192835893326,0.019793395651954038,-0.270230488743184,0.07324634516264696,0.25823775587100134,2,12,0.08,0.38,1109.5
gold,0.4305191522851364,0.02139540820944341,-0.270230488743184,0.07917466422442336,0.2749656477951803,2,12,0.08,0.4,1113.0
gold,-0.07261134405189817,-0.004447237856796127,-0.22287968105166867,-0.019953536526127538,-0.07603928776112069,22,12,0.1,0.02,8.818181818181818
gold,0.026455229959478466,0.001545082193267655,-0.200062943128133,0.007722980423606417,0.05646957529975391,13,12,0.1,0.04,16.0
gold,-0.01518979425339062,-0.0009046112179066368,-0.19317173268730814,-0.0046829378466618264,0.0063782343302443605,6,12,0.1,0.06,37.5
gold,0.028327293481045013,0.0016529932205699982,-0.2104810107376056,0.007853407843193458,0.057995169294962956,5,12,0.1,0.08,48.4
gold,0.051810605535018484,0.0029911592353375482,-0.21035082788237525,0.014219859581490003,0.08421010579240376,4,12,0.1,0.1,62.5
gold,0.15220700043822055,0.008412278223885572,-0.19265994140161857,0.04366386786316597,0.17548497438520408,4,12,0.1,0.12000000000000001,99.25
gold,0.2151287571439644,0.011587553286642516,-0.20465485357937785,0.05661997789926904,0.2271116244180296,4,12,0.1,0.13999999999999999,100.25
gold,0.045481191936591614,0.002633274942038355,-0.2302062961918332,0.011438761604695733,0.07335338525792832,3,12,0.1,0.16,186.0
gold,-0.13692168735155386,-0.008668675281335303,-0.270230488743184,-0.032078820275434045,-0.09678588049744334,1,12,0.1,0.18,689.0
gold,-0.12404241795738125,-0.007800081461929453,-0.270230488743184,-0.02886455002989071,-0.08342637054703464,1,12,0.1,0.19999999999999998,694.0
gold,-0.10781788378550172,-0.006722823319972759,-0.270230488743184,-0.02487810813368974,-0.06660296838536335,1,12,0.1,0.22,701.0
gold,-0.09176061285250725,-0.005674667981650061,-0.270230488743184,-0.020999362462919693,-0.04829650482293139,1,12,0.1,0.24,739.0
gold,-0.0793831331749909,-0.004878547714506798,-0.270230488743184,-0.018053283836314896,-0.03504616570481014,1,12,0.1,0.26,768.0
gold,-0.06349312548088182,-0.003871136502635597,-0.270230488743184,-0.014325313626304272,-0.020402620091883428,1,12,0.1,0.28,769.0
gold,-0.047770381025658226,-0.002890036188117673,-0.270230488743184,-0.010694708067764496,-0.005011410654038489,1,12,0.1,0.30000000000000004,776.0
gold,-0.022680895192854655,-0.001355579653634642,-0.270230488743184,-0.005016383088153053,0.01675189567521885,1,12,0.1,0.32,781.0
gold,-0.007459940454286995,-0.0004426406385403814,-0.270230488743184,-0.0016380114642099062,0.029638116264733425,1,12,0.1,0.34,783.0
gold,-0.007459940454286995,-0.0004426406385403814,-0.270230488743184,-0.0016380114642099062,0.029638116264733425,1,12,0.1,0.36000000000000004,783.0
gold,0.009266383434248793,0.000545520845099956,-0.270230488743184,0.0020187242662259206,0.04715818930609275,1,12,0.1,0.38,1492.0
gold,0.02950523533937699,0.0017207984137230792,-0.270230488743184,0.006367891431223571,0.06171322928750293,1,12,0.1,0.4,1498.0
gold,-0.07558718445098123,-0.004636409350116111,-0.17827468230983434,-0.02600711043230589,-0.10583453362482913,17,12,0.12000000000000001,0.02,9.411764705882353
gold,0.0016465260472879883,9.72790969457904e-05,-0.18167476490667367,0.000535457398256509,0.021458167470229814,10,12,0.12000000000000001,0.04,15.9
gold,-0.06919697313789686,-0.004230891676295978,-0.19317173268730814,-0.021902229779885173,-0.08740718427121849,4,12,0.12000000000000001,0.06,48.0
gold,-0.026913357568506324,-0.001611816197688798,-0.17676852946142152,-0.009118230505167864,-0.02157741938687564,3,12,0.12000000000000001,0.08,61.666666666666664
gold,-0.058132309838460405,-0.0035348915638788725,-0.2029382845817269,-0.01741855446922982,-0.06764761378140222,2,12,0.12000000000000001,0.1,102.0
gold,-0.011935759858652917,-0.000709721249302131,-0.18508133136311256,-0.0038346452560886497,0.0032379855259746346,2,12,0.12000000000000001,0.12000000000000001,108.0
gold,0.023238554728001848,0.0013592307734615616,-0.17676852946142152,0.007689325569448741,0.053815877149736444,2,12,0.12000000000000001,0.13999999999999999,103.0
gold,0.004156471499382697,0.0002452811376982833,-0.19404623972017487,0.0012640344798847528,0.030608727567830084,2,12,0.12000000000000001,0.16,208.5
gold,-0.06650264129097616,-0.0040606960679763215,-0.2633800438966739,-0.015417630006810103,-0.031264234479017,1,12,0.12000000000000001,0.18,688.0
gold,-0.052572545046674746,-0.0031880647868614,-0.2633800438966739,-0.012104428033705178,-0.01748884094506612,1,12,0.12000000000000001,0.19999999999999998,693.0
gold,-0.03502424198567189,-0.0021057992543361825,-0.2633800438966739,-0.007995287809893085,-0.00031624920475937097,1,12,0.12000000000000001,0.22,700.0
gold,-0.017656849265504038,-0.0010527718032385947,-0.2633800438966739,-0.003997158583706537,0.01715684128998136,1,12,0.12000000000000001,0.24,738.0
gold,-0.004269484043707972,-0.00025295095128496925,-0.2633800438966739,-0.0009604028746544059,0.029839366971740198,1,12,0.12000000000000001,0.26,767.0
gold,0.012916998335624763,0.000759142983514316,-0.2633800438966739,0.0028823101867662144,0.044890291790514035,1,12,0.12000000000000001,0.28,768.0
gold,0.029922570374122603,0.0017448037207110634,-0.2633800438966739,0.006624661819084379,0.05960534723102763,1,12,0.12000000000000001,0.30000000000000004,775.0
gold,0.057059121499384746,0.0032863928289750266,-0.2633800438966739,0.012477759439755825,0.08189491325490543,1,12,0.12000000000000001,0.32,780.0
gold,0.07352196251537735,0.0042035754343803244,-0.2633800438966739,0.01596011365245812,0.09505033233205434,1,12,0.12000000000000001,0.34,782.0
gold,0.07352196251537735,0.0042035754343803244,-0.2633800438966739,0.01596011365245812,0.09505033233205434,1,12,0.12000000000000001,0.36000000000000004,782.0
gold,0.09161299659888567,0.005196330162945406,-0.2633800438966739,0.019729399714824136,0.10508736039586375,1,12,0.12000000000000001,0.38,1491.0
gold,0.11350314783993065,0.006377070743249114,-0.2633800438966739,0.024212429495041352,0.11993072117097132,1,12,0.12000000000000001,0.4,1497.0
gold,0.00967461132101044,0.0005694450869244694,-0.15215718592137273,0.003742479091449091,0.033688110066850865,15,12,0.13999999999999999,0.02,7.4
gold,0.02671824694322833,0.001560254409843198,-0.15355028335409682,0.010161195249930937,0.06182597852712268,9,12,0.13999999999999999,0.04,15.0
gold,-0.008386682571069226,-0.0004978479388133561,-0.14847542873109576,-0.0033530661811727097,0.004969863780848665,4,12,0.13999999999999999,0.06,41.5
gold,-0.005243936714968922,-0.0003108266413683891,-0.17676852946142152,-0.001758382231924517,0.01137772194718805,3,12,0.13999999999999999,0.08,61.333333333333336
gold,-0.01546681492821167,-0.0009212304582812969,-0.17676852946142152,-0.005211507167526383,-0.0046431273151196694,2,12,0.13999999999999999,0.1,92.5
gold,0.020034343077020678,0.0011735521510116698,-0.17676852946142152,0.0066389201436887505,0.04940281189465884,2,12,0.13999999999999999,0.12000000000000001,99.0
gold,0.04602479585917374,0.0026640918710756356,-0.17676852946142152,0.01507107559921776,0.08652705531775039,2,12,0.13999999999999999,0.13999999999999999,102.5
gold,0.026517778535056102,0.0015486906587955929,-0.17676852946142152,0.008761122036338395,0.05569353700830907,2,12,0.13999999999999999,0.16,208.0
gold,-0.06650264129097616,-0.0040606960679763215,-0.2633800438966739,-0.015417630006810103,-0.031264234479017,1,12,0.13999999999999999,0.18,688.0
gold,-0.052572545046674746,-0.0031880647868614,-0.2633800438966739,-0.012104428033705178,-0.01748884094506612,1,12,0.13999999999999999,0.19999999999999998,693.0
gold,-0.03502424198567189,-0.0021057992543361825,-0.2633800438966739,-0.007995287809893085,-0.00031624920475937097,1,12,0.13999999999999999,0.22,700.0
gold,-0.017656849265504038,-0.0010527718032385947,-0.2633800438966739,-0.003997158583706537,0.01715684128998136,1,12,0.13999999999999999,0.24,738.0
gold,-0.004269484043707972,-0.00025295095128496925,-0.2633800438966739,-0.0009604028746544059,0.029839366971740198,1,12,0.13999999999999999,0.26,767.0
gold,0.012916998335624763,0.000759142983514316,-0.2633800438966739,0.0028823101867662144,0.044890291790514035,1,12,0.13999999999999999,0.28,768.0
gold,0.029922570374122603,0.0017448037207110634,-0.2633800438966739,0.006624661819084379,0.05960534723102763,1,12,0.13999999999999999,0.30000000000000004,775.0
gold,0.057059121499384746,0.0032863928289750266,-0.2633800438966739,0.012477759439755825,0.08189491325490543,1,12,0.13999999999999999,0.32,780.0
gold,0.07352196251537735,0.0042035754343803244,-0.2633800438966739,0.01596011365245812,0.09505033233205434,1,12,0.13999999999999999,0.34,782.0
gold,0.07352196251537735,0.0042035754343803244,-0.2633800438966739,0.01596011365245812,0.09505033233205434,1,12,0.13999999999999999,0.36000000000000004,782.0
gold,0.09161299659888567,0.005196330162945406,-0.2633800438966739,0.019729399714824136,0.10508736039586375,1,12,0.13999999999999999,0.38,1491.0
gold,0.11350314783993065,0.006377070743249114,-0.2633800438966739,0.024212429495041352,0.11993072117097132,1,12,0.13999999999999999,0.4,1497.0
gold,0.10819813838059567,0.006092940259005308,-0.11238210617296285,0.05421628466037027,0.2222708440125312,12,12,0.16,0.02,4.583333333333333
gold,0.19577872910334415,0.010627876783837698,-0.11177499271349467,0.09508277769321283,0.3599929967012769,9,12,0.16,0.04,8.88888888888889
gold,0.05127219186540599,0.0029607946511645,-0.140247557922206,0.021111202897428166,0.10039223528157688,4,12,0.16,0.06,37.0
gold,0.02781678593894843,0.0016235844657515042,-0.17676852946142152,0.009184804957637214,0.061596381848076844,3,12,0.16,0.08,56.333333333333336
gold,0.01725415031802857,0.0010119995097859213,-0.17676852946142152,0.005724998181912144,0.04561344943303557,2,12,0.16,0.1,85.0
gold,0.053935189484103585,0.0031108355497393436,-0.17676852946142152,0.017598356218821526,0.09951483643713364,2,12,0.16,0.12000000000000001,91.5
gold,0.08078943509225134,0.004604259482883677,-0.17676852946142152,0.02604682800106975,0.13673147019712784,2,12,0.16,0.13999999999999999,95.0
gold,0.06063410195146224,0.003486699955247863,-0.17676852946142152,0.01972466459878997,0.09357175665844611,2,12,0.16,0.16,200.5
gold,-0.06650264129097616,-0.0040606960679763215,-0.2633800438966739,-0.015417630006810103,-0.031264234479017,1,12,0.16,0.18,688.0
gold,-0.052572545046674746,-0.0031880647868614,-0.2633800438966739,-0.012104428033705178,-0.01748884094506612,1,12,0.16,0.19999999999999998,693.0
gold,-0.03502424198567189,-0.0021057992543361825,-0.2633800438966739,-0.007995287809893085,-0.00031624920475937097,1,12,0.16,0.22,700.0
gold,-0.017656849265504038,-0.0010527718032385947,-0.2633800438966739,-0.003997158583706537,0.01715684128998136,1,12,0.16,0.24,738.0
gold,-0.004269484043707972,-0.00025295095128496925,-0.2633800438966739,-0.0009604028746544059,0.029839366971740198,1,12,0.16,0.26,767.0
gold,0.012916998335624763,0.000759142983514316,-0.2633800438966739,0.0028823101867662144,0.044890291790514035,1,12,0.16,0.28,768.0
gold,0.029922570374122603,0.0017448037207110634,-0.2633800438966739,0.006624661819084379,0.05960534723102763,1,12,0.16,0.30000000000000004,775.0
gold,0.057059121499384746,0.0032863928289750266,-0.2633800438966739,0.012477759439755825,0.08189491325490543,1,12,0.16,0.32,780.0
gold,0.07352196251537735,0.0042035754343803244,-0.2633800438966739,0.01596011365245812,0.09505033233205434,1,12,0.16,0.34,782.0
gold,0.07352196251537735,0.0042035754343803244,-0.2633800438966739,0.01596011365245812,0.09505033233205434,1,12,0.16,0.36000000000000004,782.0
gold,0.09161299659888567,0.005196330162945406,-0.2633800438966739,0.019729399714824136,0.10508736039586375,1,12,0.16,0.38,1491.0
gold,0.11350314783993065,0.006377070743249114,-0.2633800438966739,0.024212429495041352,0.11993072117097132,1,12,0.16,0.4,1497.0
gold,0.09549873926054042,0.005407541453284814,-0.08731040871489792,0.061934671167815945,0.24087334373774125,8,12,0.18,0.02,3.25
gold,0.15963116355958662,0.008795305103058704,-0.08668614669963282,0.10146148419232895,0.36181125835233313,6,12,0.18,0.04,7.0
gold,0.09690707778546903,0.005483918330643434,-0.140247557922206,0.03910170281671009,0.2014452014053878,3,12,0.18,0.06,22.333333333333332
gold,0.04073768071575867,0.0023637235180935523,-0.1767685294614214,0.013371857113341093,0.09158595113468711,2,12,0.18,0.08,39.0
gold,-0.01141444618124976,-0.0006785549724680484,-0.1767685294614214,-0.0038386638986898326,-0.005752359187895834,1,12,0.18,0.1,81.0
gold,-0.0017812352321057157,-0.00010540775404799252,-0.1767685294614214,-0.0005963038464434195,0.012460212449437763,1,12,0.18,0.12000000000000001,82.0
gold,0.012577701843033307,0.000739319014087858,-0.1767685294614214,0.004182413104529501,0.03902747573657399,1,12,0.18,0.13999999999999999,87.0
gold,0.03329819331855033,0.0019386354277890483,-0.1767685294614214,0.010967084659784665,0.07591297938829228,1,12,0.18,0.16,89.0
gold,-0.06212512268712045,-0.003785159882039979,-0.2633800438966738,-0.014371475629053084,-0.026975449139278226,1,12,0.18,0.18,687.0
gold,-0.048129703006288715,-0.0029122871790894234,-0.2633800438966738,-0.011057357026760684,-0.013205887833681354,1,12,0.18,0.19999999999999998,692.0
gold,-0.03049910938238387,-0.0018297222273969682,-0.2633800438966738,-0.006947079969789904,0.0039480043832400705,1,12,0.18,0.22,699.0
gold,-0.01305027445563256,-0.0007764034461286151,-0.2633800438966738,-0.002947844622704994,0.021322034807557712,1,12,0.18,0.24,737.0
gold,0.0003998691337381288,2.363868395538482e-05,-0.2633800438966738,8.975123401778486e-05,0.03393772985621333,1,12,0.18,0.26,766.0
gold,0.017666945363335795,0.0010360126242745515,-0.2633800438966738,0.003933527418960367,0.04898287946066039,1,12,0.18,0.28,767.0
gold,0.034752262895779484,0.0020219460539929734,-0.2633800438966738,0.007676914408846404,0.06362295521283541,1,12,0.18,0.30000000000000004,774.0
gold,0.06201606746882837,0.0035639616577083366,-0.2633800438966738,0.013531631345260572,0.08590133357252557,1,12,0.18,0.32,779.0
gold,0.07855610890981146,0.004481398010501625,-0.2633800438966738,0.017014948984744323,0.09904784092830102,1,12,0.18,0.34,781.0
gold,0.07855610890981146,0.004481398010501625,-0.2633800438966738,0.017014948984744323,0.09904784092830102,1,12,0.18,0.36000000000000004,781.0
gold,0.09673197862517724,0.005474427394209114,-0.2633800438966738,0.02078527785634654,0.10860487500419945,1,12,0.18,0.38,1490.0
gold,0.1187247809807701,0.00665549463774906,-0.2633800438966738,0.025269547909863917,0.12344380807291429,1,12,0.18,0.4,1496.0
gold,-0.009609114958401332,-0.0005707442108466854,-0.06761056449427794,-0.008441642443245523,-0.022753957251585646,3,12,0.19999999999999998,0.02,4.0
gold,0.0031396415978359737,0.00018536449139094913,-0.06697282816685801,0.0027677566628831435,0.019242363888145955,2,12,0.19999999999999998,0.04,6.5
gold,-0.006505931879066118,-0.00038585967579640723,-0.06697282816685801,-0.005761436187748641,-0.012124102774614107,1,12,0.19999999999999998,0.06,14.0
gold,0.011289705319555976,0.0006640087092208979,-0.06697282816685801,0.009914598612538322,0.04370921221695567,1,12,0.19999999999999998,0.08,21.0
gold,0.04075774971297341,0.0023648663777187107,-0.06697282816685801,0.03531083339987995,0.11091415013512487,1,12,0.19999999999999998,0.1,40.0
gold,0.05089934940681218,0.002939759109046536,-0.06697282816685801,0.04389480315393485,0.1344102439027398,1,12,0.19999999999999998,0.12000000000000001,41.0
gold,0.06601607347876004,0.00378705848231764,-0.06697282816685801,0.05654619322454854,0.16613699664942935,1,12,0.19999999999999998,0.13999999999999999,46.0
gold,0.0878300803673937,0.004990027399622399,-0.06697282816685801,0.0745082376869333,0.21193049892909016,1,12,0.19999999999999998,0.16,48.0
gold,-0.012629161882893314,-0.0007511996594568027,-0.2325417766051011,-0.003230385827543059,0.017964887398365378,1,12,0.19999999999999998,0.18,646.0
gold,0.0021048603138156263,0.00012433136673251077,-0.2325417766051011,0.0005346624961227866,0.032415238569872655,1,12,0.19999999999999998,0.19999999999999998,651.0
gold,0.02066590126291601,0.001210193256865777,-0.2325417766051011,0.00520419717494852,0.050269826807463336,1,12,0.19999999999999998,0.22,658.0
gold,0.03903559127439715,0.0022667199077175404,-0.2325417766051011,0.009747581448845855,0.06732736735508277,1,12,0.19999999999999998,0.24,696.0
gold,0.05319556065824704,0.0030691985564128554,-0.2325417766051011,0.01319848244569371,0.07972687104233632,1,12,0.19999999999999998,0.26,725.0
gold,0.0713738997321085,0.004084655669298609,-0.2325417766051011,0.01756525527985068,0.09543122924679992,1,12,0.19999999999999998,0.28,726.0
gold,0.0893608878683505,0.005073591747328798,-0.2325417766051011,0.02181797963960985,0.10977361017991186,1,12,0.19999999999999998,0.30000000000000004,733.0
gold,0.11806352851128965,0.006620303540877837,-0.2325417766051011,0.028469308343336237,0.1329339579513137,1,12,0.19999999999999998,0.32,738.0
gold,0.1354764638346726,0.007540533934965232,-0.2325417766051011,0.03242657747373476,0.14656073743667625,1,12,0.19999999999999998,0.34,740.0
gold,0.1354764638346726,0.007540533934965232,-0.2325417766051011,0.03242657747373476,0.14656073743667625,1,12,0.19999999999999998,0.36000000000000004,740.0
gold,0.15461155759663203,0.008536587577626431,-0.2325417766051011,0.03670990951498205,0.1497956672709952,1,12,0.19999999999999998,0.38,1449.0
gold,0.17776502104860303,0.009721251747143445,-0.2325417766051011,0.04180432388994742,0.16509183319171403,1,12,0.19999999999999998,0.4,1455.0
gold,0.009361474357727051,0.0005510944727988853,-0.029591635431051255,0.01862331921745048,0.04582714868058388,2,12,0.22,0.02,3.5
gold,0.04409634873337809,0.0025546999469781007,-0.029591635431051366,0.08633182687488031,0.16422661284706613,2,12,0.22,0.04,5.0
gold,0.034056960764788036,0.0019821226089482558,-0.034733124018838324,0.05706721364519947,0.1281270290555215,1,12,0.22,0.06,11.0
gold,0.05257916749651459,0.003034478023346887,-0.034733124018838324,0.08736553676257473,0.17781878925222452,1,12,0.22,0.08,18.0
gold,0.08325034853614799,0.00473936484736126,-0.043510737628384644,0.10892402900265911,0.22069921205731574,1,12,0.22,0.1,37.0
gold,0.09380601473810013,0.005315619439979935,-0.043510737628384644,0.12216799185018275,0.24488585765771523,1,12,0.22,0.12000000000000001,38.0
gold,0.1095399322844055,0.006164925977640623,-0.043510737628384644,0.14168746184663333,0.2751615291568561,1,12,0.22,0.13999999999999999,43.0
gold,0.13224457279426405,0.007370744603618196,-0.043510737628384644,0.16940058949517373,0.32129304579988543,1,12,0.22,0.16,45.0
gold,0.027683728340967884,0.0016159171727352373,-0.2325417766051011,0.006948932773827402,0.056807944728008375,1,12,0.22,0.18,643.0
gold,0.043019318860784805,0.002493522241173496,-0.2325417766051011,0.010722900106710533,0.07129329401278764,1,12,0.22,0.19999999999999998,648.0
gold,0.062338179645488934,0.00358195642557102,-0.2325417766051011,0.015403496429176438,0.08907020107261433,1,12,0.22,0.22,655.0
gold,0.08145787691694872,0.004640985878545889,-0.2325417766051011,0.01995764350948062,0.1052053447767014,1,12,0.22,0.24,693.0
gold,0.09619597689703241,0.005445365515980072,-0.2325417766051011,0.02341671933309131,0.1169870508152726,1,12,0.22,0.26,722.0
gold,0.11511651065524786,0.0064632281415104575,-0.2325417766051011,0.027793836599460633,0.13272428900571034,1,12,0.22,0.28,723.0
gold,0.13383788090021898,0.007454506906602543,-0.2325417766051011,0.03205663522241714,0.1463711439009275,1,12,0.22,0.30000000000000004,730.0
gold,0.16371240788687502,0.009004882700068162,-0.2325417766051011,0.0387237202344081,0.16954530205492502,1,12,0.22,0.32,735.0
gold,0.18183628759211312,0.009927293024573736,-0.2325417766051011,0.04269036372519039,0.1831549568079193,1,12,0.22,0.34,737.0
gold,0.18183628759211312,0.009927293024573736,-0.2325417766051011,0.04269036372519039,0.1831549568079193,1,12,0.22,0.36000000000000004,737.0
gold,0.2017526389165505,0.010925706215070052,-0.2325417766051011,0.046983842536061464,0.18149806632429444,1,12,0.22,0.38,1446.0
gold,0.22585142401911962,0.012113176731209707,-0.2325417766051011,0.05209032505062571,0.1968140091601948,1,12,0.22,0.4,1452.0
gold,0.035274815422477346,0.0020518586938009786,0.0,,0.24318932275626745,1,12,0.24,0.02,1.0
gold,0.0451189499589828,0.00261273105774662,0.0,,0.2981206268149395,1,12,0.24,0.04,2.0
gold,0.06480721903199349,0.003719718850298648,-0.034733124018838324,0.10709427831142315,0.2523495094139477,1,12,0.24,0.06,9.0
gold,0.08388022969647246,0.00477389921623228,-0.034733124018838324,0.1374451435362694,0.29334989541415013,1,12,0.24,0.08,16.0
gold,0.1154634946677604,0.006481742584949934,-0.043510737628384644,0.14896880490303405,0.3097563753436243,1,12,0.24,0.1,35.0
gold,0.12633305988515175,0.007058996494613723,-0.043510737628384644,0.16223573488693788,0.334430087992152,1,12,0.24,0.12000000000000001,36.0
gold,0.14253486464315013,0.007909775864787472,-0.043510737628384644,0.18178905474651053,0.3630762101065087,1,12,0.24,0.13999999999999999,41.0
gold,0.16591468416735022,0.009117685571898182,-0.043510737628384644,0.20955024136272452,0.4092240356817673,1,12,0.24,0.16,43.0
gold,0.05824446267432326,0.003352878355660005,-0.2325417766051011,0.014418391415981188,0.08565472786762107,1,12,0.24,0.18,641.0
gold,0.07403609515996723,0.004232005330760957,-0.2325417766051011,0.018198903408000035,0.10016335153687585,1,12,0.24,0.19999999999999998,646.0
gold,0.09392945036915501,0.005322327033014274,-0.2325417766051011,0.022887616628355634,0.11787682826090327,1,12,0.24,0.22,653.0
gold,0.1136177194421657,0.006383193011367583,-0.2325417766051011,0.027449661323468013,0.13330561870122257,1,12,0.24,0.24,691.0
gold,0.12879409351927795,0.007188967570929794,-0.2325417766051011,0.030914735734293406,0.14461507889037534,1,12,0.24,0.26,720.0
gold,0.14827727645611155,0.008208595332017454,-0.2325417766051011,0.03529944361763936,0.16037416220926706,1,12,0.24,0.28,721.0
gold,0.16755537325676761,0.00920159313202773,-0.2325417766051011,0.03956963461087568,0.17349043677509765,1,12,0.24,0.30000000000000004,728.0
gold,0.19831829368334675,0.01075465752351401,-0.2325417766051011,0.04624828140784959,0.1966707993457533,1,12,0.24,0.32,733.0
gold,0.21698113207547154,0.011678667454116942,-0.2325417766051011,0.050221803688846316,0.2102650006879103,1,12,0.24,0.34,735.0
gold,0.21698113207547154,0.011678667454116942,-0.2325417766051011,0.050221803688846316,0.2102650006879103,1,12,0.24,0.36000000000000004,735.0
gold,0.23748974569319103,0.012678812051759136,-0.2325417766051011,0.054522728074319744,0.20491680867454476,1,12,0.24,0.38,1444.0
gold,0.26230516817063165,0.013868341830493458,-0.2325417766051011,0.059638066041115975,0.2202457827423719,1,12,0.24,0.4,1450.0
gold,0.0,0.0,0.0,,0.0,0,12,0.26,0.02,0.0
gold,0.0,0.0,0.0,,0.0,0,12,0.26,0.04,0.0
gold,0.0,0.0,0.0,,0.0,0,12,0.26,0.06,0.0
gold,0.0,0.0,0.0,,0.0,0,12,0.26,0.08,0.0
gold,0.0,0.0,0.0,,0.0,0,12,0.26,0.1,0.0
gold,0.0,0.0,0.0,,0.0,0,12,0.26,0.12000000000000001,0.0
gold,0.0,0.0,0.0,,0.0,0,12,0.26,0.13999999999999999,0.0
gold,0.0,0.0,0.0,,0.0,0,12,0.26,0.16,0.0
gold,0.0,0.0,0.0,,0.0,0,12,0.26,0.18,0.0
gold,0.0,0.0,0.0,,0.0,0,12,0.26,0.19999999999999998,0.0
gold,0.0,0.0,0.0,,0.0,0,12,0.26,0.22,0.0
gold,0.0,0.0,0.0,,0.0,0,12,0.26,0.24,0.0
gold,0.0,0.0,0.0,,0.0,0,12,0.26,0.26,0.0
gold,0.0,0.0,0.0,,0.0,0,12,0.26,0.28,0.0
gold,0.0,0.0,0.0,,0.0,0,12,0.26,0.30000000000000004,0.0
gold,0.0,0.0,0.0,,0.0,0,12,0.26,0.32,0.0
gold,0.0,0.0,0.0,,0.0,0,12,0.26,0.34,0.0
gold,0.0,0.0,0.0,,0.0,0,12,0.26,0.36000000000000004,0.0
gold,0.0,0.0,0.0,,0.0,0,12,0.26,0.38,0.0
gold,0.0,0.0,0.0,,0.0,0,12,0.26,0.4,0.0
gold,0.0,0.0,0.0,,0.0,0,12,0.28,0.02,0.0
gold,0.0,0.0,0.0,,0.0,0,12,0.28,0.04,0.0
gold,0.0,0.0,0.0,,0.0,0,12,0.28,0.06,0.0
gold,0.0,0.0,0.0,,0.0,0,12,0.28,0.08,0.0
gold,0.0,0.0,0.0,,0.0,0,12,0.28,0.1,0.0
gold,0.0,0.0,0.0,,0.0,0,12,0.28,0.12000000000000001,0.0
gold,0.0,0.0,0.0,,0.0,0,12,0.28,0.13999999999999999,0.0
gold,0.0,0.0,0.0,,0.0,0,12,0.28,0.16,0.0
gold,0.0,0.0,0.0,,0.0,0,12,0.28,0.18,0.0
gold,0.0,0.0,0.0,,0.0,0,12,0.28,0.19999999999999998,0.0
gold,0.0,0.0,0.0,,0.0,0,12,0.28,0.22,0.0
gold,0.0,0.0,0.0,,0.0,0,12,0.28,0.24,0.0
gold,0.0,0.0,0.0,,0.0,0,12,0.28,0.26,0.0
gold,0.0,0.0,0.0,,0.0,0,12,0.28,0.28,0.0
gold,0.0,0.0,0.0,,0.0,0,12,0.28,0.30000000000000004,0.0
gold,0.0,0.0,0.0,,0.0,0,12,0.28,0.32,0.0
gold,0.0,0.0,0.0,,0.0,0,12,0.28,0.34,0.0
gold,0.0,0.0,0.0,,0.0,0,12,0.28,0.36000000000000004,0.0
gold,0.0,0.0,0.0,,0.0,0,12,0.28,0.38,0.0
gold,0.0,0.0,0.0,,0.0,0,12,0.28,0.4,0.0
gold,0.0,0.0,0.0,,0.0,0,12,0.30000000000000004,0.02,0.0
gold,0.0,0.0,0.0,,0.0,0,12,0.30000000000000004,0.04,0.0
gold,0.0,0.0,0.0,,0.0,0,12,0.30000000000000004,0.06,0.0
gold,0.0,0.0,0.0,,0.0,0,12,0.30000000000000004,0.08,0.0
gold,0.0,0.0,0.0,,0.0,0,12,0.30000000000000004,0.1,0.0
gold,0.0,0.0,0.0,,0.0,0,12,0.30000000000000004,0.12000000000000001,0.0
gold,0.0,0.0,0.0,,0.0,0,12,0.30000000000000004,0.13999999999999999,0.0
gold,0.0,0.0,0.0,,0.0,0,12,0.30000000000000004,0.16,0.0
gold,0.0,0.0,0.0,,0.0,0,12,0.30000000000000004,0.18,0.0
gold,0.0,0.0,0.0,,0.0,0,12,0.30000000000000004,0.19999999999999998,0.0
gold,0.0,0.0,0.0,,0.0,0,12,0.30000000000000004,0.22,0.0
gold,0.0,0.0,0.0,,0.0,0,12,0.30000000000000004,0.24,0.0
gold,0.0,0.0,0.0,,0.0,0,12,0.30000000000000004,0.26,0.0
gold,0.0,0.0,0.0,,0.0,0,12,0.30000000000000004,0.28,0.0
gold,0.0,0.0,0.0,,0.0,0,12,0.30000000000000004,0.30000000000000004,0.0
gold,0.0,0.0,0.0,,0.0,0,12,0.30000000000000004,0.32,0.0
gold,0.0,0.0,0.0,,0.0,0,12,0.30000000000000004,0.34,0.0
gold,0.0,0.0,0.0,,0.0,0,12,0.30000000000000004,0.36000000000000004,0.0
gold,0.0,0.0,0.0,,0.0,0,12,0.30000000000000004,0.38,0.0
gold,0.0,0.0,0.0,,0.0,0,12,0.30000000000000004,0.4,0.0
gold,0.0,0.0,0.0,,0.0,0,12,0.32,0.02,0.0
gold,0.0,0.0,0.0,,0.0,0,12,0.32,0.04,0.0
gold,0.0,0.0,0.0,,0.0,0,12,0.32,0.06,0.0
gold,0.0,0.0,0.0,,0.0,0,12,0.32,0.08,0.0
gold,0.0,0.0,0.0,,0.0,0,12,0.32,0.1,0.0
gold,0.0,0.0,0.0,,0.0,0,12,0.32,0.12000000000000001,0.0
gold,0.0,0.0,0.0,,0.0,0,12,0.32,0.13999999999999999,0.0
gold,0.0,0.0,0.0,,0.0,0,12,0.32,0.16,0.0
gold,0.0,0.0,0.0,,0.0,0,12,0.32,0.18,0.0
gold,0.0,0.0,0.0,,0.0,0,12,0.32,0.19999999999999998,0.0
gold,0.0,0.0,0.0,,0.0,0,12,0.32,0.22,0.0
gold,0.0,0.0,0.0,,0.0,0,12,0.32,0.24,0.0
gold,0.0,0.0,0.0,,0.0,0,12,0.32,0.26,0.0
gold,0.0,0.0,0.0,,0.0,0,12,0.32,0.28,0.0
gold,0.0,0.0,0.0,,0.0,0,12,0.32,0.30000000000000004,0.0
gold,0.0,0.0,0.0,,0.0,0,12,0.32,0.32,0.0
gold,0.0,0.0,0.0,,0.0,0,12,0.32,0.34,0.0
gold,0.0,0.0,0.0,,0.0,0,12,0.32,0.36000000000000004,0.0
gold,0.0,0.0,0.0,,0.0,0,12,0.32,0.38,0.0
gold,0.0,0.0,0.0,,0.0,0,12,0.32,0.4,0.0
gold,0.0,0.0,0.0,,0.0,0,12,0.34,0.02,0.0
gold,0.0,0.0,0.0,,0.0,0,12,0.34,0.04,0.0
gold,0.0,0.0,0.0,,0.0,0,12,0.34,0.06,0.0
gold,0.0,0.0,0.0,,0.0,0,12,0.34,0.08,0.0
gold,0.0,0.0,0.0,,0.0,0,12,0.34,0.1,0.0
gold,0.0,0.0,0.0,,0.0,0,12,0.34,0.12000000000000001,0.0
gold,0.0,0.0,0.0,,0.0,0,12,0.34,0.13999999999999999,0.0
gold,0.0,0.0,0.0,,0.0,0,12,0.34,0.16,0.0
gold,0.0,0.0,0.0,,0.0,0,12,0.34,0.18,0.0
gold,0.0,0.0,0.0,,0.0,0,12,0.34,0.19999999999999998,0.0
gold,0.0,0.0,0.0,,0.0,0,12,0.34,0.22,0.0
gold,0.0,0.0,0.0,,0.0,0,12,0.34,0.24,0.0
gold,0.0,0.0,0.0,,0.0,0,12,0.34,0.26,0.0
gold,0.0,0.0,0.0,,0.0,0,12,0.34,0.28,0.0
gold,0.0,0.0,0.0,,0.0,0,12,0.34,0.30000000000000004,0.0
gold,0.0,0.0,0.0,,0.0,0,12,0.34,0.32,0.0
gold,0.0,0.0,0.0,,0.0,0,12,0.34,0.34,0.0
gold,0.0,0.0,0.0,,0.0,0,12,0.34,0.36000000000000004,0.0
gold,0.0,0.0,0.0,,0.0,0,12,0.34,0.38,0.0
gold,0.0,0.0,0.0,,0.0,0,12,0.34,0.4,0.0
gold,0.0,0.0,0.0,,0.0,0,12,0.36000000000000004,0.02,0.0
gold,0.0,0.0,0.0,,0.0,0,12,0.36000000000000004,0.04,0.0
gold,0.0,0.0,0.0,,0.0,0,12,0.36000000000000004,0.06,0.0
gold,0.0,0.0,0.0,,0.0,0,12,0.36000000000000004,0.08,0.0
gold,0.0,0.0,0.0,,0.0,0,12,0.36000000000000004,0.1,0.0
gold,0.0,0.0,0.0,,0.0,0,12,0.36000000000000004,0.12000000000000001,0.0
gold,0.0,0.0,0.0,,0.0,0,12,0.36000000000000004,0.13999999999999999,0.0
gold,0.0,0.0,0.0,,0.0,0,12,0.36000000000000004,0.16,0.0
gold,0.0,0.0,0.0,,0.0,0,12,0.36000000000000004,0.18,0.0
gold,0.0,0.0,0.0,,0.0,0,12,0.36000000000000004,0.19999999999999998,0.0
gold,0.0,0.0,0.0,,0.0,0,12,0.36000000000000004,0.22,0.0
gold,0.0,0.0,0.0,,0.0,0,12,0.36000000000000004,0.24,0.0
gold,0.0,0.0,0.0,,0.0,0,12,0.36000000000000004,0.26,0.0
gold,0.0,0.0,0.0,,0.0,0,12,0.36000000000000004,0.28,0.0
gold,0.0,0.0,0.0,,0.0,0,12,0.36000000000000004,0.30000000000000004,0.0
gold,0.0,0.0,0.0,,0.0,0,12,0.36000000000000004,0.32,0.0
gold,0.0,0.0,0.0,,0.0,0,12,0.36000000000000004,0.34,0.0
gold,0.0,0.0,0.0,,0.0,0,12,0.36000000000000004,0.36000000000000004,0.0
gold,0.0,0.0,0.0,,0.0,0,12,0.36000000000000004,0.38,0.0
gold,0.0,0.0,0.0,,0.0,0,12,0.36000000000000004,0.4,0.0
gold,0.0,0.0,0.0,,0.0,0,12,0.38,0.02,0.0
gold,0.0,0.0,0.0,,0.0,0,12,0.38,0.04,0.0
gold,0.0,0.0,0.0,,0.0,0,12,0.38,0.06,0.0
gold,0.0,0.0,0.0,,0.0,0,12,0.38,0.08,0.0
gold,0.0,0.0,0.0,,0.0,0,12,0.38,0.1,0.0
gold,0.0,0.0,0.0,,0.0,0,12,0.38,0.12000000000000001,0.0
gold,0.0,0.0,0.0,,0.0,0,12,0.38,0.13999999999999999,0.0
gold,0.0,0.0,0.0,,0.0,0,12,0.38,0.16,0.0
gold,0.0,0.0,0.0,,0.0,0,12,0.38,0.18,0.0
gold,0.0,0.0,0.0,,0.0,0,12,0.38,0.19999999999999998,0.0
gold,0.0,0.0,0.0,,0.0,0,12,0.38,0.22,0.0
gold,0.0,0.0,0.0,,0.0,0,12,0.38,0.24,0.0
gold,0.0,0.0,0.0,,0.0,0,12,0.38,0.26,0.0
gold,0.0,0.0,0.0,,0.0,0,12,0.38,0.28,0.0
gold,0.0,0.0,0.0,,0.0,0,12,0.38,0.30000000000000004,0.0
gold,0.0,0.0,0.0,,0.0,0,12,0.38,0.32,0.0
gold,0.0,0.0,0.0,,0.0,0,12,0.38,0.34,0.0
gold,0.0,0.0,0.0,,0.0,0,12,0.38,0.36000000000000004,0.0
gold,0.0,0.0,0.0,,0.0,0,12,0.38,0.38,0.0
gold,0.0,0.0,0.0,,0.0,0,12,0.38,0.4,0.0
gold,0.0,0.0,0.0,,0.0,0,12,0.4,0.02,0.0
gold,0.0,0.0,0.0,,0.0,0,12,0.4,0.04,0.0
gold,0.0,0.0,0.0,,0.0,0,12,0.4,0.06,0.0
gold,0.0,0.0,0.0,,0.0,0,12,0.4,0.08,0.0
gold,0.0,0.0,0.0,,0.0,0,12,0.4,0.1,0.0
gold,0.0,0.0,0.0,,0.0,0,12,0.4,0.12000000000000001,0.0
gold,0.0,0.0,0.0,,0.0,0,12,0.4,0.13999999999999999,0.0
gold,0.0,0.0,0.0,,0.0,0,12,0.4,0.16,0.0
gold,0.0,0.0,0.0,,0.0,0,12,0.4,0.18,0.0
gold,0.0,0.0,0.0,,0.0,0,12,0.4,0.19999999999999998,0.0
gold,0.0,0.0,0.0,,0.0,0,12,0.4,0.22,0.0
gold,0.0,0.0,0.0,,0.0,0,12,0.4,0.24,0.0
gold,0.0,0.0,0.0,,0.0,0,12,0.4,0.26,0.0
gold,0.0,0.0,0.0,,0.0,0,12,0.4,0.28,0.0
gold,0.0,0.0,0.0,,0.0,0,12,0.4,0.30000000000000004,0.0
gold,0.0,0.0,0.0,,0.0,0,12,0.4,0.32,0.0
gold,0.0,0.0,0.0,,0.0,0,12,0.4,0.34,0.0
gold,0.0,0.0,0.0,,0.0,0,12,0.4,0.36000000000000004,0.0
gold,0.0,0.0,0.0,,0.0,0,12,0.4,0.38,0.0
gold,0.0,0.0,0.0,,0.0,0,12,0.4,0.4,0.0
gold,0.018602629107190793,0.0010904093093944134,-0.30085299283258404,0.0036243924287673434,0.05096775974651321,70,18,0.02,0.02,14.385714285714286
gold,0.03986470004466036,0.0023139902246620547,-0.32615748504384756,0.00709470219379135,0.06834413249640729,35,18,0.02,0.04,31.942857142857143
gold,0.03812958244913767,0.0022150246596395196,-0.3258162599173652,0.006798385876141673,0.06721444296659294,17,18,0.02,0.06,71.52941176470588
gold,0.09071892918267954,0.005147632631005816,-0.34848985913248764,0.014771255163120276,0.10451601319892548,13,18,0.02,0.08,103.46153846153847
gold,0.1304864194852926,0.007278187367518951,-0.3588655222931618,0.020281099507723974,0.13117966420389132,11,18,0.02,0.1,125.0
gold,0.13246648063848032,0.007382417235713534,-0.3452339790100215,0.021383808328725478,0.13116501548967494,8,18,0.02,0.12000000000000001,192.25
gold,0.2918192395223198,0.015254784242904496,-0.3391422777152717,0.04498048531628873,0.22471278888020682,8,18,0.02,0.13999999999999999,194.0
gold,0.4041165975564611,0.02027097650896037,-0.33965646327621635,0.05968082077235654,0.2819810686372865,7,18,0.02,0.16,228.57142857142858
gold,0.08240659404674866,0.004693074870785852,-0.40311371347269354,0.011642062063224141,0.0973115111432629,3,18,0.02,0.18,580.6666666666666
gold,0.15451490905146614,0.008531595799466052,-0.40311371347269354,0.021164241042481855,0.14051569521963403,3,18,0.02,0.19999999999999998,594.6666666666666
gold,0.21561635210158014,0.011611549654457765,-0.40311371347269354,0.028804650564794834,0.1746045165890445,3,18,0.02,0.22,597.6666666666666
gold,0.28441029735628187,0.014909568068281809,-0.40311371347269354,0.03698601057215526,0.2076950844561146,3,18,0.02,0.24,620.0
gold,0.31940883190330194,0.016524130561422545,-0.40311371347269354,0.04099123897094081,0.22338941684501362,3,18,0.02,0.26,635.6666666666666
gold,0.3946013808832234,0.019860860671589542,-0.40311371347269354,0.049268630681141276,0.25786649111682475,3,18,0.02,0.28,640.6666666666666
gold,0.4487476058185358,0.022160383308909237,-0.40311371347269354,0.054973032591733834,0.27904441329590296,3,18,0.02,0.30000000000000004,671.3333333333334
gold,0.5462100119141764,0.02610288746203282,-0.40311371347269354,0.06475316167531224,0.31880446909933075,3,18,0.02,0.32,676.6666666666666
gold,0.6175160727666529,0.028841862747551072,-0.40311371347269354,0.0715477092036582,0.34383300837387143,3,18,0.02,0.34,689.0
gold,0.6580453176251497,0.030348429688132672,-0.40311371347269354,0.07528503415746098,0.357573433042184,3,18,0.02,0.36000000000000004,716.6666666666666
gold,0.3007130356708261,0.015666734647323377,-0.40311371347269354,0.03886430583658282,0.2069005897190134,2,18,0.02,0.38,1221.5
gold,0.33570632101938225,0.017262264555701456,-0.40311371347269354,0.04282232030012738,0.222658340586981,2,18,0.02,0.4,1225.0
gold,0.017790995823825817,0.001043227097168975,-0.29188688913068495,0.003574080015296256,0.048474551432850885,56,18,0.04,0.02,11.982142857142858
gold,0.015744149915557504,0.0009240815847919581,-0.2905238737615232,0.003180742335655662,0.0476201642018546,28,18,0.04,0.04,27.607142857142858
gold,-0.0033113742540243907,-0.00019609784791208007,-0.28195416660745254,-0.0006954954781182398,0.03226449003792988,14,18,0.04,0.06,61.714285714285715
gold,-0.010950413213512866,-0.0006508261774237356,-0.3173921831946702,-0.0020505425523493627,0.02649033397750166,10,18,0.04,0.08,92.5
gold,0.08277426849116254,0.004713250362569532,-0.3282630942269753,0.014358148830799075,0.10130697845234732,9,18,0.04,0.1,107.55555555555556
gold,0.015450365475825123,0.0009069620565502756,-0.30708239373218327,0.0029534811342563235,0.04953679983120879,6,18,0.04,0.12000000000000001,186.83333333333334
gold,0.11671096411731496,0.0065482605833606655,-0.3075984259783672,0.0212883423006241,0.12416553469077364,6,18,0.04,0.13999999999999999,187.66666666666666
gold,0.1713473969668562,0.009395099788010786,-0.30813715448184353,0.030489993340171433,0.1611076344958993,5,18,0.04,0.16,227.2
gold,0.09546685179085035,0.005405811065830823,-0.33845827268316353,0.015971868623495852,0.10713715081924684,3,18,0.04,0.18,462.3333333333333
gold,0.16844522171266996,0.009247055067725718,-0.33845827268316353,0.027321108136665464,0.15360361596338246,3,18,0.04,0.19999999999999998,476.3333333333333
gold,0.23028391137524928,0.012329193863219734,-0.33845827268316353,0.03642751517189624,0.19018975297191767,3,18,0.04,0.22,479.3333333333333
gold,0.29990792054604487,0.01562955191404769,-0.33845827268316353,0.04617866713714153,0.22473301928191022,3,18,0.04,0.24,501.6666666666667
gold,0.33532874546376634,0.01724525978895408,-0.33845827268316353,0.050952395556003026,0.2410850713619247,3,18,0.04,0.26,517.3333333333334
gold,0.4114285635563437,0.020584356998469167,-0.33845827268316353,0.06081800523085021,0.27776531302420754,3,18,0.04,0.28,522.3333333333334
gold,0.46622811382930185,0.02288551093300395,-0.33845827268316353,0.06761693473046665,0.2997078421836811,3,18,0.04,0.30000000000000004,553.0
gold,0.5648664958945733,0.026830811925758535,-0.33845827268316353,0.0792736183194887,0.3419442070527768,3,18,0.04,0.32,558.3333333333334
gold,0.6370329317101846,0.029571730259230655,-0.33845827268316353,0.08737186426201864,0.368014177036322,3,18,0.04,0.34,570.6666666666666
gold,0.6780512001823005,0.031079365968788242,-0.33845827268316353,0.09182628547502562,0.382350023186998,3,18,0.04,0.36000000000000004,598.3333333333334
gold,0.2760475301400389,0.014517650712702057,-0.33845827268316353,0.04289347279832121,0.20045329747539206,2,18,0.04,0.38,1128.0
gold,0.31037723555233354,0.016111375503591985,-0.33845827268316353,0.047602250569523274,0.217001479505816,2,18,0.04,0.4,1131.5
gold,-0.04217679673162211,-0.002544668741183753,-0.2893276525231744,-0.00879511072997052,-0.014184909629706914,41,18,0.06,0.02,10.658536585365853
gold,-0.007958880046056604,-0.0004723571253582026,-0.27115979026880654,-0.0017419880908225546,0.02317480809788138,22,18,0.06,0.04,23.0
gold,0.0007918898269405616,4.6804770766906145e-05,-0.26042653604276356,0.00017972350851074766,0.03390668885102114,12,18,0.06,0.06,55.416666666666664
gold,-0.06377202882931055,-0.003888679598280431,-0.31391766384307496,-0.012387578165159742,-0.023600257213181357,8,18,0.06,0.08,92.0
gold,-0.01142512756569558,-0.0006791933943982587,-0.3248439085381676,-0.0020908300157287904,0.02450283475036392,7,18,0.06,0.1,109.28571428571429
gold,-0.057592032033650264,-0.003501103815521489,-0.30355539686404565,-0.011533656959126773,-0.015898710086122963,5,18,0.06,0.12000000000000001,157.2
gold,0.00920215994021989,0.000541756191077658,-0.30407405574880786,0.0017816587138404097,0.04285337869469336,5,18,0.06,0.13999999999999999,157.8
gold,0.04101369063838267,0.002379439505599823,-0.30461552641632694,0.0078112876700440195,0.0691831245949878,4,18,0.06,0.16,251.5
gold,-0.04579686108297809,-0.002767966759337659,-0.33509098113322555,-0.008260343951892785,0.0014965389419634365,2,18,0.06,0.18,537.0
gold,0.0011525629642501478,6.811086399949318e-05,-0.33509098113322555,0.00020326080925590068,0.03911592602584165,2,18,0.06,0.19999999999999998,540.5
gold,0.019695965409835647,0.0011539117140206834,-0.33509098113322555,0.0034435773535841925,0.053411026922959175,2,18,0.06,0.22,544.0
gold,0.05199707347956917,0.0030016719438008543,-0.33509098113322555,0.008957781954171571,0.07747760100254766,2,18,0.06,0.24,572.0
gold,0.08269516539152,0.004708910262663624,-0.33509098113322555,0.014052632054550743,0.09883157755481685,2,18,0.06,0.26,592.5
gold,0.11692017293295232,0.00655940924220344,-0.33509098113322555,0.019575009807845437,0.12152263831086968,2,18,0.06,0.28,635.0
gold,0.15430703538225132,0.008520858048455704,-0.33509098113322555,0.02542849115078982,0.14479912752121885,2,18,0.06,0.30000000000000004,642.5
gold,0.2021402996938979,0.010944984891599452,-0.33509098113322555,0.03266272596948213,0.17350097820686705,2,18,0.06,0.32,658.5
gold,0.24931054204775438,0.013248215351768122,-0.33509098113322555,0.03953617404731312,0.20004265183501976,2,18,0.06,0.34,700.5
gold,0.2678169581572558,0.01412956185063896,-0.33509098113322555,0.04216634480240256,0.21039535727304068,2,18,0.06,0.36000000000000004,701.0
gold,0.297839707924205,0.015533935974892277,-0.33509098113322555,0.0463573681462835,0.21472215987463306,2,18,0.06,0.38,1056.0
gold,0.34395995072447505,0.017632855467704323,-0.33509098113322555,0.05262109832999011,0.237128664789925,2,18,0.06,0.4,1060.5
gold,-0.06073037133861714,-0.0036976235507648614,-0.22287968105166867,-0.01659022273056675,-0.04471702866737223,32,18,0.08,0.02,9.8125
gold,-0.004581129737107448,-0.00027145473280643095,-0.200062943128133,-0.001356846643171565,0.022497310563950917,17,18,0.08,0.04,20.88235294117647
gold,0.024503769760758853,0.0014323972185115164,-0.19317173268730814,0.007415149196959232,0.053604278180008645,9,18,0.08,0.06,43.111111111111114
gold,-0.07679974098793751,-0.004713654820506452,-0.24699175837244325,-0.019084259537918057,-0.05249706721936891,6,18,0.08,0.08,76.16666666666667
gold,-0.05861093114404514,-0.0035648386907838336,-0.2589838355209828,-0.013764715020196739,-0.03181272630997734,5,18,0.08,0.1,95.4
gold,-0.04640850539326524,-0.0028057737762173796,-0.2220514825807356,-0.012635690352561504,-0.01519588439958167,4,18,0.08,0.12000000000000001,138.75
gold,0.005666904665422745,0.0003341780347925205,-0.22522687738505798,0.0014837395903739975,0.036553539871248784,4,18,0.08,0.13999999999999999,139.75
gold,0.007380742640443971,0.000434894360282545,-0.23678221677962308,0.0018366850610546822,0.03826480491812937,3,18,0.08,0.16,188.0
gold,-0.13692168735155386,-0.008668675281335303,-0.270230488743184,-0.032078820275434045,-0.09678588049744334,1,18,0.08,0.18,689.0
gold,-0.12404241795738125,-0.007800081461929453,-0.270230488743184,-0.02886455002989071,-0.08342637054703464,1,18,0.08,0.19999999999999998,694.0
gold,-0.10781788378550172,-0.006722823319972759,-0.270230488743184,-0.02487810813368974,-0.06660296838536335,1,18,0.08,0.22,701.0
gold,-0.09176061285250725,-0.005674667981650061,-0.270230488743184,-0.020999362462919693,-0.04829650482293139,1,18,0.08,0.24,739.0
gold,-0.0793831331749909,-0.004878547714506798,-0.270230488743184,-0.018053283836314896,-0.03504616570481014,1,18,0.08,0.26,768.0
gold,-0.06349312548088182,-0.003871136502635597,-0.270230488743184,-0.014325313626304272,-0.020402620091883428,1,18,0.08,0.28,769.0
gold,-0.047770381025658226,-0.002890036188117673,-0.270230488743184,-0.010694708067764496,-0.005011410654038489,1,18,0.08,0.30000000000000004,776.0
gold,-0.022680895192854655,-0.001355579653634642,-0.270230488743184,-0.005016383088153053,0.01675189567521885,1,18,0.08,0.32,781.0
gold,-0.007459940454286995,-0.0004426406385403814,-0.270230488743184,-0.0016380114642099062,0.029638116264733425,1,18,0.08,0.34,783.0
gold,-0.007459940454286995,-0.0004426406385403814,-0.270230488743184,-0.0016380114642099062,0.029638116264733425,1,18,0.08,0.36000000000000004,783.0
gold,0.009266383434248793,0.000545520845099956,-0.270230488743184,0.0020187242662259206,0.04715818930609275,1,18,0.08,0.38,1492.0
gold,0.02950523533937699,0.0017207984137230792,-0.270230488743184,0.006367891431223571,0.06171322928750293,1,18,0.08,0.4,1498.0
gold,0.009586112706630567,0.0005642593882768665,-0.22287968105166867,0.0025316771166145834,0.03599108354596909,28,18,0.1,0.02,8.392857142857142
gold,0.06699311048138301,0.003841432166738379,-0.200062943128133,0.019201117941557433,0.10015626035847217,16,18,0.1,0.04,18.25
gold,0.031597803313827555,0.0018410718925991887,-0.19317173268730814,0.009530752077372404,0.06127667372221417,8,18,0.1,0.06,40.5
gold,-0.12007248088314493,-0.007534765971929702,-0.24699175837244325,-0.03050614328826266,-0.10643947084158945,5,18,0.1,0.08,84.2
gold,-0.10943029457284792,-0.00682905382526644,-0.25006956812320214,-0.02730861606439837,-0.09366965724537617,4,18,0.1,0.1,105.5
gold,-0.014830533834761739,-0.0008830647364338473,-0.20555045348005696,-0.00429609724271187,0.016135691298903215,4,18,0.1,0.12000000000000001,137.25
gold,0.03896934191707824,0.002262941275024577,-0.20879320143294766,0.010838194249113534,0.06745638094731639,4,18,0.1,0.13999999999999999,138.25
gold,0.01912335609422189,0.0011206618091084142,-0.23678221677962308,0.004732879961806556,0.04919586620189819,3,18,0.1,0.16,187.66666666666666
gold,-0.13692168735155386,-0.008668675281335303,-0.270230488743184,-0.032078820275434045,-0.09678588049744334,1,18,0.1,0.18,689.0
gold,-0.12404241795738125,-0.007800081461929453,-0.270230488743184,-0.02886455002989071,-0.08342637054703464,1,18,0.1,0.19999999999999998,694.0
gold,-0.10781788378550172,-0.006722823319972759,-0.270230488743184,-0.02487810813368974,-0.06660296838536335,1,18,0.1,0.22,701.0
gold,-0.09176061285250725,-0.005674667981650061,-0.270230488743184,-0.020999362462919693,-0.04829650482293139,1,18,0.1,0.24,739.0
gold,-0.0793831331749909,-0.004878547714506798,-0.270230488743184,-0.018053283836314896,-0.03504616570481014,1,18,0.1,0.26,768.0
gold,-0.06349312548088182,-0.003871136502635597,-0.270230488743184,-0.014325313626304272,-0.020402620091883428,1,18,0.1,0.28,769.0
gold,-0.047770381025658226,-0.002890036188117673,-0.270230488743184,-0.010694708067764496,-0.005011410654038489,1,18,0.1,0.30000000000000004,776.0
gold,-0.022680895192854655,-0.001355579653634642,-0.270230488743184,-0.005016383088153053,0.01675189567521885,1,18,0.1,0.32,781.0
gold,-0.007459940454286995,-0.0004426406385403814,-0.270230488743184,-0.0016380114642099062,0.029638116264733425,1,18,0.1,0.34,783.0
gold,-0.007459940454286995,-0.0004426406385403814,-0.270230488743184,-0.0016380114642099062,0.029638116264733425,1,18,0.1,0.36000000000000004,783.0
gold,0.009266383434248793,0.000545520845099956,-0.270230488743184,0.0020187242662259206,0.04715818930609275,1,18,0.1,0.38,1492.0
gold,0.02950523533937699,0.0017207984137230792,-0.270230488743184,0.006367891431223571,0.06171322928750293,1,18,0.1,0.4,1498.0
gold,-0.0931640336125702,-0.005765579531950449,-0.22287968105166867,-0.0258685740429333,-0.10834907968534425,21,18,0.12000000000000001,0.02,9.142857142857142
gold,0.025973071777150913,0.0015172592470664714,-0.200062943128133,0.007583909460407779,0.05595723421289396,13,18,0.12000000000000001,0.04,15.692307692307692
gold,0.054932704354184514,0.0031669465737957925,-0.19317173268730814,0.016394461703784616,0.08833297206119468,7,18,0.12000000000000001,0.06,34.42857142857143
gold,0.03374822580973258,0.0019644317297824454,-0.2104810107376056,0.009333059181435554,0.06424278367598096,5,18,0.12000000000000001,0.08,47.4
gold,0.05735533254104763,0.003303013813219957,-0.21035082788237525,0.015702404627886458,0.09062483034667372,4,18,0.12000000000000001,0.1,61.25
gold,0.15828097729132162,0.008725818360766358,-0.19265994140161857,0.04529129562318579,0.1816865052853342,4,18,0.12000000000000001,0.12000000000000001,98.0
gold,0.22153443246239468,0.011902080694503159,-0.20465485357937785,0.058156845470986075,0.23346360033421634,4,18,0.12000000000000001,0.13999999999999999,99.0
gold,0.04499009666380327,0.0026054217658166845,-0.23460276210685382,0.01110567387365201,0.07296061271997181,3,18,0.12000000000000001,0.16,184.66666666666666
gold,-0.13692168735155386,-0.008668675281335303,-0.270230488743184,-0.032078820275434045,-0.09678588049744334,1,18,0.12000000000000001,0.18,689.0
gold,-0.12404241795738125,-0.007800081461929453,-0.270230488743184,-0.02886455002989071,-0.08342637054703464,1,18,0.12000000000000001,0.19999999999999998,694.0
gold,-0.10781788378550172,-0.006722823319972759,-0.270230488743184,-0.02487810813368974,-0.06660296838536335,1,18,0.12000000000000001,0.22,701.0
gold,-0.09176061285250725,-0.005674667981650061,-0.270230488743184,-0.020999362462919693,-0.04829650482293139,1,18,0.12000000000000001,0.24,739.0
gold,-0.0793831331749909,-0.004878547714506798,-0.270230488743184,-0.018053283836314896,-0.03504616570481014,1,18,0.12000000000000001,0.26,768.0
gold,-0.06349312548088182,-0.003871136502635597,-0.270230488743184,-0.014325313626304272,-0.020402620091883428,1,18,0.12000000000000001,0.28,769.0
gold,-0.047770381025658226,-0.002890036188117673,-0.270230488743184,-0.010694708067764496,-0.005011410654038489,1,18,0.12000000000000001,0.30000000000000004,776.0
gold,-0.022680895192854655,-0.001355579653634642,-0.270230488743184,-0.005016383088153053,0.01675189567521885,1,18,0.12000000000000001,0.32,781.0
gold,-0.007459940454286995,-0.0004426406385403814,-0.270230488743184,-0.0016380114642099062,0.029638116264733425,1,18,0.12000000000000001,0.34,783.0
gold,-0.007459940454286995,-0.0004426406385403814,-0.270230488743184,-0.0016380114642099062,0.029638116264733425,1,18,0.12000000000000001,0.36000000000000004,783.0
gold,0.009266383434248793,0.000545520845099956,-0.270230488743184,0.0020187242662259206,0.04715818930609275,1,18,0.12000000000000001,0.38,1492.0
gold,0.02950523533937699,0.0017207984137230792,-0.270230488743184,0.006367891431223571,0.06171322928750293,1,18,0.12000000000000001,0.4,1498.0
gold,-0.057498008919761756,-0.003495225685131831,-0.17827468230983434,-0.019605844418543218,-0.07480468164971227,18,18,0.13999999999999999,0.02,9.166666666666666
gold,0.024838395182873674,0.0014517341421091956,-0.18167476490667367,0.007990840901073694,0.056865249921866416,11,18,0.13999999999999999,0.04,16.181818181818183
gold,-0.06919697313789686,-0.004230891676295978,-0.19317173268730814,-0.021902229779885173,-0.08740718427121849,4,18,0.13999999999999999,0.06,48.0
gold,-0.026913357568506324,-0.001611816197688798,-0.17676852946142152,-0.009118230505167864,-0.02157741938687564,3,18,0.13999999999999999,0.08,61.666666666666664
gold,-0.058132309838460405,-0.0035348915638788725,-0.2029382845817269,-0.01741855446922982,-0.06764761378140222,2,18,0.13999999999999999,0.1,102.0
gold,-0.011935759858652917,-0.000709721249302131,-0.18508133136311256,-0.0038346452560886497,0.0032379855259746346,2,18,0.13999999999999999,0.12000000000000001,108.0
gold,0.023238554728001848,0.0013592307734615616,-0.17676852946142152,0.007689325569448741,0.053815877149736444,2,18,0.13999999999999999,0.13999999999999999,103.0
gold,0.004156471499382697,0.0002452811376982833,-0.19404623972017487,0.0012640344798847528,0.030608727567830084,2,18,0.13999999999999999,0.16,208.5
gold,-0.06650264129097616,-0.0040606960679763215,-0.2633800438966739,-0.015417630006810103,-0.031264234479017,1,18,0.13999999999999999,0.18,688.0
gold,-0.052572545046674746,-0.0031880647868614,-0.2633800438966739,-0.012104428033705178,-0.01748884094506612,1,18,0.13999999999999999,0.19999999999999998,693.0
gold,-0.03502424198567189,-0.0021057992543361825,-0.2633800438966739,-0.007995287809893085,-0.00031624920475937097,1,18,0.13999999999999999,0.22,700.0
gold,-0.017656849265504038,-0.0010527718032385947,-0.2633800438966739,-0.003997158583706537,0.01715684128998136,1,18,0.13999999999999999,0.24,738.0
gold,-0.004269484043707972,-0.00025295095128496925,-0.2633800438966739,-0.0009604028746544059,0.029839366971740198,1,18,0.13999999999999999,0.26,767.0
gold,0.012916998335624763,0.000759142983514316,-0.2633800438966739,0.0028823101867662144,0.044890291790514035,1,18,0.13999999999999999,0.28,768.0
gold,0.029922570374122603,0.0017448037207110634,-0.2633800438966739,0.006624661819084379,0.05960534723102763,1,18,0.13999999999999999,0.30000000000000004,775.0
gold,0.057059121499384746,0.0032863928289750266,-0.2633800438966739,0.012477759439755825,0.08189491325490543,1,18,0.13999999999999999,0.32,780.0
gold,0.07352196251537735,0.0042035754343803244,-0.2633800438966739,0.01596011365245812,0.09505033233205434,1,18,0.13999999999999999,0.34,782.0
gold,0.07352196251537735,0.0042035754343803244,-0.2633800438966739,0.01596011365245812,0.09505033233205434,1,18,0.13999999999999999,0.36000000000000004,782.0
gold,0.09161299659888567,0.005196330162945406,-0.2633800438966739,0.019729399714824136,0.10508736039586375,1,18,0.13999999999999999,0.38,1491.0
gold,0.11350314783993065,0.006377070743249114,-0.2633800438966739,0.024212429495041352,0.11993072117097132,1,18,0.13999999999999999,0.4,1497.0
gold,0.026459554904288973,0.0015453317086331353,-0.1355001082334638,0.011404652946627626,0.06163087776749885,17,18,0.16,0.02,7.823529411764706
gold,0.08347657906109451,0.0047517705170703195,-0.13490880703995445,0.03522209277014095,0.1512150109089786,10,18,0.16,0.04,14.7
gold,0.004315482200481613,0.00025464567269373184,-0.14024755792220622,0.0018156870355987302,0.025257708215174726,4,18,0.16,0.06,41.0
gold,-0.005243936714968922,-0.0003108266413683891,-0.17676852946142152,-0.001758382231924517,0.01137772194718805,3,18,0.16,0.08,61.333333333333336
gold,-0.01546681492821167,-0.0009212304582812969,-0.17676852946142152,-0.005211507167526383,-0.0046431273151196694,2,18,0.16,0.1,92.5
gold,0.020034343077020678,0.0011735521510116698,-0.17676852946142152,0.0066389201436887505,0.04940281189465884,2,18,0.16,0.12000000000000001,99.0
gold,0.04602479585917374,0.0026640918710756356,-0.17676852946142152,0.01507107559921776,0.08652705531775039,2,18,0.16,0.13999999999999999,102.5
gold,0.026517778535056102,0.0015486906587955929,-0.17676852946142152,0.008761122036338395,0.05569353700830907,2,18,0.16,0.16,208.0
gold,-0.06650264129097616,-0.0040606960679763215,-0.2633800438966739,-0.015417630006810103,-0.031264234479017,1,18,0.16,0.18,688.0
gold,-0.052572545046674746,-0.0031880647868614,-0.2633800438966739,-0.012104428033705178,-0.01748884094506612,1,18,0.16,0.19999999999999998,693.0
gold,-0.03502424198567189,-0.0021057992543361825,-0.2633800438966739,-0.007995287809893085,-0.00031624920475937097,1,18,0.16,0.22,700.0
gold,-0.017656849265504038,-0.0010527718032385947,-0.2633800438966739,-0.003997158583706537,0.01715684128998136,1,18,0.16,0.24,738.0
gold,-0.004269484043707972,-0.00025295095128496925,-0.2633800438966739,-0.0009604028746544059,0.029839366971740198,1,18,0.16,0.26,767.0
gold,0.012916998335624763,0.000759142983514316,-0.2633800438966739,0.0028823101867662144,0.044890291790514035,1,18,0.16,0.28,768.0
gold,0.029922570374122603,0.0017448037207110634,-0.2633800438966739,0.006624661819084379,0.05960534723102763,1,18,0.16,0.30000000000000004,775.0
gold,0.057059121499384746,0.0032863928289750266,-0.2633800438966739,0.012477759439755825,0.08189491325490543,1,18,0.16,0.32,780.0
gold,0.07352196251537735,0.0042035754343803244,-0.2633800438966739,0.01596011365245812,0.09505033233205434,1,18,0.16,0.34,782.0
gold,0.07352196251537735,0.0042035754343803244,-0.2633800438966739,0.01596011365245812,0.09505033233205434,1,18,0.16,0.36000000000000004,782.0
gold,0.09161299659888567,0.005196330162945406,-0.2633800438966739,0.019729399714824136,0.10508736039586375,1,18,0.16,0.38,1491.0
gold,0.11350314783993065,0.006377070743249114,-0.2633800438966739,0.024212429495041352,0.11993072117097132,1,18,0.16,0.4,1497.0
gold,0.09779325696921903,0.005531930234367044,-0.0873104087148977,0.06335934415827715,0.19812575189604167,12,18,0.18,0.02,6.583333333333333
gold,0.140181566194314,0.007786908236890655,-0.08668614669963282,0.08982875042159001,0.26146131586571386,8,18,0.18,0.04,12.125
gold,0.05904641422421353,0.0033978199156865507,-0.140247557922206,0.024227301822761785,0.11274575546311788,4,18,0.18,0.06,37.0
gold,0.02399066545837636,0.0014027350312024733,-0.17676852946142152,0.00793543418320177,0.05580057354879869,3,18,0.18,0.08,56.666666666666664
gold,0.013467349993568911,0.0007912849244893216,-0.17676852946142152,0.004476390265282,0.03978016056476989,2,18,0.18,0.1,85.5
gold,0.05001184140412751,0.0028896581890451856,-0.17676852946142152,0.016347130328285234,0.09380624177941682,2,18,0.18,0.12000000000000001,92.0
gold,0.07676612018889095,0.004382752834984016,-0.17676852946142152,0.024793739294756766,0.13108182985038905,2,18,0.18,0.13999999999999999,95.5
gold,0.056685816697332525,0.0032654397196667517,-0.17676852946142152,0.018472969875440476,0.089250427171627,2,18,0.18,0.16,201.0
gold,-0.06650264129097616,-0.0040606960679763215,-0.2633800438966739,-0.015417630006810103,-0.031264234479017,1,18,0.18,0.18,688.0
gold,-0.052572545046674746,-0.0031880647868614,-0.2633800438966739,-0.012104428033705178,-0.01748884094506612,1,18,0.18,0.19999999999999998,693.0
gold,-0.03502424198567189,-0.0021057992543361825,-0.2633800438966739,-0.007995287809893085,-0.00031624920475937097,1,18,0.18,0.22,700.0
gold,-0.017656849265504038,-0.0010527718032385947,-0.2633800438966739,-0.003997158583706537,0.01715684128998136,1,18,0.18,0.24,738.0
gold,-0.004269484043707972,-0.00025295095128496925,-0.2633800438966739,-0.0009604028746544059,0.029839366971740198,1,18,0.18,0.26,767.0
gold,0.012916998335624763,0.000759142983514316,-0.2633800438966739,0.0028823101867662144,0.044890291790514035,1,18,0.18,0.28,768.0
gold,0.029922570374122603,0.0017448037207110634,-0.2633800438966739,0.006624661819084379,0.05960534723102763,1,18,0.18,0.30000000000000004,775.0
gold,0.057059121499384746,0.0032863928289750266,-0.2633800438966739,0.012477759439755825,0.08189491325490543,1,18,0.18,0.32,780.0
gold,0.07352196251537735,0.0042035754343803244,-0.2633800438966739,0.01596011365245812,0.09505033233205434,1,18,0.18,0.34,782.0
gold,0.07352196251537735,0.0042035754343803244,-0.2633800438966739,0.01596011365245812,0.09505033233205434,1,18,0.18,0.36000000000000004,782.0
gold,0.09161299659888567,0.005196330162945406,-0.2633800438966739,0.019729399714824136,0.10508736039586375,1,18,0.18,0.38,1491.0
gold,0.11350314783993065,0.006377070743249114,-0.2633800438966739,0.024212429495041352,0.11993072117097132,1,18,0.18,0.4,1497.0
gold,0.088388854360691,0.0050205427981611095,-0.06761056449427794,0.07425677977568153,0.2500557160317953,7,18,0.19999999999999998,0.02,4.0
gold,0.13159362334733649,0.007336491420782076,-0.06697282816685801,0.1095442976143061,0.3341481470812257,5,18,0.19999999999999998,0.04,9.4
gold,0.11414662891361016,0.006411448229586725,-0.06697282816685801,0.09573208127948636,0.2621715067973427,3,18,0.19999999999999998,0.06,23.0
gold,0.2007004924259823,0.010873352633197664,-0.06697282816685801,0.1623546881745457,0.43568208557841986,3,18,0.19999999999999998,0.08,23.666666666666668
gold,0.1477372540887565,0.008180554004411755,-0.06697282816685801,0.1221473577915881,0.32118801942828584,2,18,0.19999999999999998,0.1,40.0
gold,0.18912336704433508,0.010294420454125763,-0.06697282816685801,0.15371040369503214,0.3828323629490236,2,18,0.19999999999999998,0.12000000000000001,46.5
gold,0.219422204463956,0.011798539254917584,-0.06697282816685801,0.176169046131998,0.4270321268919277,2,18,0.19999999999999998,0.13999999999999999,50.0
gold,0.1966815484469504,0.010672976540128332,-0.1729323308270676,0.061717646949437766,0.26634175167037644,2,18,0.19999999999999998,0.16,155.5
gold,-0.012629161882893314,-0.0007511996594568027,-0.2325417766051011,-0.003230385827543059,0.017964887398365378,1,18,0.19999999999999998,0.18,646.0
gold,0.0021048603138156263,0.00012433136673251077,-0.2325417766051011,0.0005346624961227866,0.032415238569872655,1,18,0.19999999999999998,0.19999999999999998,651.0
gold,0.02066590126291601,0.001210193256865777,-0.2325417766051011,0.00520419717494852,0.050269826807463336,1,18,0.19999999999999998,0.22,658.0
gold,0.03903559127439715,0.0022667199077175404,-0.2325417766051011,0.009747581448845855,0.06732736735508277,1,18,0.19999999999999998,0.24,696.0
gold,0.05319556065824704,0.0030691985564128554,-0.2325417766051011,0.01319848244569371,0.07972687104233632,1,18,0.19999999999999998,0.26,725.0
gold,0.0713738997321085,0.004084655669298609,-0.2325417766051011,0.01756525527985068,0.09543122924679992,1,18,0.19999999999999998,0.28,726.0
gold,0.0893608878683505,0.005073591747328798,-0.2325417766051011,0.02181797963960985,0.10977361017991186,1,18,0.19999999999999998,0.30000000000000004,733.0
gold,0.11806352851128965,0.006620303540877837,-0.2325417766051011,0.028469308343336237,0.1329339579513137,1,18,0.19999999999999998,0.32,738.0
gold,0.1354764638346726,0.007540533934965232,-0.2325417766051011,0.03242657747373476,0.14656073743667625,1,18,0.19999999999999998,0.34,740.0
gold,0.1354764638346726,0.007540533934965232,-0.2325417766051011,0.03242657747373476,0.14656073743667625,1,18,0.19999999999999998,0.36000000000000004,740.0
gold,0.15461155759663203,0.008536587577626431,-0.2325417766051011,0.03670990951498205,0.1497956672709952,1,18,0.19999999999999998,0.38,1449.0
gold,0.17776502104860303,0.009721251747143445,-0.2325417766051011,0.04180432388994742,0.16509183319171403,1,18,0.19999999999999998,0.4,1455.0
gold,0.007353593855079055,0.0004333001772143241,-0.05531849748877382,0.007832826213370253,0.03341894948032735,3,18,0.22,0.02,3.6666666666666665
gold,0.020320702022244452,0.001190168479688447,-0.0546723536254361,0.021769109993734125,0.07633675749433266,2,18,0.22,0.04,6.0
gold,0.01050992604126133,0.0006183704505533516,-0.0546723536254361,0.011310477957284378,0.043644311023679744,1,18,0.22,0.06,13.0
gold,0.028610354223433276,0.0016692935520041807,-0.0546723536254361,0.030532681351906323,0.09686810793639992,1,18,0.22,0.08,20.0
gold,0.058583106267030116,0.003371859932336241,-0.0546723536254361,0.061673948691455205,0.15496102163892264,1,18,0.22,0.1,39.0
gold,0.06889840404826808,0.003947330211116595,-0.0546723536254361,0.07219974903879235,0.1785789103276073,1,18,0.22,0.12000000000000001,40.0
gold,0.08427403659011312,0.004795480796392804,-0.0546723536254361,0.08771308492125579,0.20961457405515868,1,18,0.22,0.13999999999999999,45.0
gold,0.10646165823277554,0.005999658237646033,-0.0546723536254361,0.1097384297509869,0.2553063577240711,1,18,0.22,0.16,47.0
gold,0.004281821720513834,0.0002526634398540839,-0.23254177660510122,0.0010865292402197175,0.03440378134892393,1,18,0.22,0.18,645.0
gold,0.019268197742312365,0.0011290740400684562,-0.23254177660510122,0.004855359998327664,0.04885262510411491,1,18,0.22,0.19999999999999998,650.0
gold,0.038147138964577776,0.0022160268063500244,-0.23254177660510122,0.009529585774659519,0.0666552247742483,1,18,0.22,0.22,657.0
gold,0.05683145192681982,0.0032736148626475448,-0.23254177660510122,0.014077534413125026,0.08331115335328602,1,18,0.22,0.24,695.0
gold,0.07123394316854803,0.004076899695651726,-0.23254177660510122,0.01753190224642969,0.09544152495088519,1,18,0.22,0.26,724.0
gold,0.08972362787076693,0.005093376954795392,-0.23254177660510122,0.021903062018163232,0.11114410534956647,1,18,0.22,0.28,725.0
gold,0.10801868431296224,0.006083306535580757,-0.23254177660510122,0.026160058740375636,0.12518464816277786,1,18,0.22,0.30000000000000004,732.0
gold,0.13721292331646562,0.007631572183279367,-0.23254177660510122,0.03281806948709772,0.14832926879312772,1,18,0.22,0.32,737.0
gold,0.15492409497859105,0.00855272705717125,-0.23254177660510122,0.03677931416037711,0.16193653579271036,1,18,0.22,0.34,739.0
gold,0.15492409497859105,0.00855272705717125,-0.23254177660510122,0.03677931416037711,0.16193653579271036,1,18,0.22,0.36000000000000004,739.0
gold,0.17438692098092656,0.009549781353019648,-0.23254177660510122,0.04106694931309885,0.1631458353626247,1,18,0.22,0.38,1448.0
gold,0.19793694044375254,0.01073563565721014,-0.23254177660510122,0.046166481627261446,0.1784395989613342,1,18,0.22,0.4,1454.0
gold,0.037900454427595154,0.002201944298334091,-0.026746506986027874,0.0823264248854763,0.17543911443958538,2,18,0.24,0.02,1.5
gold,0.07361743274986954,0.004208855602436223,-0.026746506986027874,0.15736094453884727,0.2818184195705326,2,18,0.24,0.04,3.0
gold,0.03632734530938131,0.0021120658971336415,-0.034733124018838324,0.060808405716344806,0.13604551206291243,1,18,0.24,0.06,10.0
gold,0.05489021956087825,0.0031645577875429876,-0.034733124018838324,0.0911106581091472,0.18512390915838922,1,18,0.24,0.08,17.0
gold,0.08562874251496999,0.004869665711909166,-0.04351073762838453,0.11191871196254796,0.22650248274027546,1,18,0.24,0.1,36.0
gold,0.09620758483033942,0.005445995036815976,-0.04351073762838453,0.125164392369741,0.25066412354412737,1,18,0.24,0.12000000000000001,37.0
gold,0.11197604790419158,0.006295411717843091,-0.04351073762838453,0.14468639377274625,0.2807915771931175,1,18,0.24,0.13999999999999999,42.0
gold,0.13473053892215558,0.007501386721897596,-0.04351073762838453,0.17240311543245396,0.3268369151888102,1,18,0.24,0.16,44.0
gold,0.029940119760478945,0.0017458129691168,-0.232541776605101,0.0075075240010809485,0.05895616125335248,1,18,0.24,0.18,642.0
gold,0.04530938123752515,0.0026235318508514016,-0.232541776605101,0.011281980765575059,0.07343756974813977,1,18,0.24,0.19999999999999998,647.0
gold,0.06467065868263466,0.003712107190179559,-0.232541776605101,0.015963184096952198,0.09120307934721274,1,18,0.24,0.22,654.0
gold,0.08383233532934131,0.004771273984695901,-0.232541776605101,0.020517921787440403,0.10728149416672221,1,18,0.24,0.24,692.0
gold,0.09860279441117759,0.00557575793909626,-0.232541776605101,0.02397744620556903,0.11902522954328171,1,18,0.24,0.26,721.0
gold,0.11756487025948092,0.00659375256739736,-0.232541776605101,0.02835513112379275,0.13475864370194982,1,18,0.24,0.28,722.0
gold,0.13632734530938118,0.0075851598876994775,-0.232541776605101,0.03261848257304959,0.14836324518714938,1,18,0.24,0.30000000000000004,729.0
gold,0.16626746506986012,0.009135736743563161,-0.232541776605101,0.03928643221418805,0.17153036987783107,1,18,0.24,0.32,734.0
gold,0.1844311377245509,0.01005826669199017,-0.232541776605101,0.043253590124027345,0.18513460779323396,1,18,0.24,0.34,736.0
gold,0.1844311377245509,0.01005826669199017,-0.232541776605101,0.043253590124027345,0.18513460779323396,1,18,0.24,0.36000000000000004,736.0
gold,0.2043912175648701,0.011056809362933295,-0.232541776605101,0.04754762573999684,0.18321758715948297,1,18,0.24,0.38,1445.0
gold,0.22854291417165662,0.012244433877652394,-0.232541776605101,0.05265477049504834,0.19853076800017408,1,18,0.24,0.4,1451.0
gold,0.035274815422477346,0.0020518586938009786,0.0,,0.24318932275626745,1,18,0.26,0.02,1.0
gold,0.0451189499589828,0.00261273105774662,0.0,,0.2981206268149395,1,18,0.26,0.04,2.0
gold,0.06480721903199349,0.003719718850298648,-0.034733124018838324,0.10709427831142315,0.2523495094139477,1,18,0.26,0.06,9.0
gold,0.08388022969647246,0.00477389921623228,-0.034733124018838324,0.1374451435362694,0.29334989541415013,1,18,0.26,0.08,16.0
gold,0.1154634946677604,0.006481742584949934,-0.043510737628384644,0.14896880490303405,0.3097563753436243,1,18,0.26,0.1,35.0
gold,0.12633305988515175,0.007058996494613723,-0.043510737628384644,0.16223573488693788,0.334430087992152,1,18,0.26,0.12000000000000001,36.0
gold,0.14253486464315013,0.007909775864787472,-0.043510737628384644,0.18178905474651053,0.3630762101065087,1,18,0.26,0.13999999999999999,41.0
gold,0.16591468416735022,0.009117685571898182,-0.043510737628384644,0.20955024136272452,0.4092240356817673,1,18,0.26,0.16,43.0
gold,0.05824446267432326,0.003352878355660005,-0.2325417766051011,0.014418391415981188,0.08565472786762107,1,18,0.26,0.18,641.0
gold,0.07403609515996723,0.004232005330760957,-0.2325417766051011,0.018198903408000035,0.10016335153687585,1,18,0.26,0.19999999999999998,646.0
gold,0.09392945036915501,0.005322327033014274,-0.2325417766051011,0.022887616628355634,0.11787682826090327,1,18,0.26,0.22,653.0
gold,0.1136177194421657,0.006383193011367583,-0.2325417766051011,0.027449661323468013,0.13330561870122257,1,18,0.26,0.24,691.0
gold,0.12879409351927795,0.007188967570929794,-0.2325417766051011,0.030914735734293406,0.14461507889037534,1,18,0.26,0.26,720.0
gold,0.14827727645611155,0.008208595332017454,-0.2325417766051011,0.03529944361763936,0.16037416220926706,1,18,0.26,0.28,721.0
gold,0.16755537325676761,0.00920159313202773,-0.2325417766051011,0.03956963461087568,0.17349043677509765,1,18,0.26,0.30000000000000004,728.0
gold,0.19831829368334675,0.01075465752351401,-0.2325417766051011,0.04624828140784959,0.1966707993457533,1,18,0.26,0.32,733.0
gold,0.21698113207547154,0.011678667454116942,-0.2325417766051011,0.050221803688846316,0.2102650006879103,1,18,0.26,0.34,735.0
gold,0.21698113207547154,0.011678667454116942,-0.2325417766051011,0.050221803688846316,0.2102650006879103,1,18,0.26,0.36000000000000004,735.0
gold,0.23748974569319103,0.012678812051759136,-0.2325417766051011,0.054522728074319744,0.20491680867454476,1,18,0.26,0.38,1444.0
gold,0.26230516817063165,0.013868341830493458,-0.2325417766051011,0.059638066041115975,0.2202457827423719,1,18,0.26,0.4,1450.0
gold,0.0,0.0,0.0,,0.0,0,18,0.28,0.02,0.0
gold,0.0,0.0,0.0,,0.0,0,18,0.28,0.04,0.0
gold,0.0,0.0,0.0,,0.0,0,18,0.28,0.06,0.0
gold,0.0,0.0,0.0,,0.0,0,18,0.28,0.08,0.0
gold,0.0,0.0,0.0,,0.0,0,18,0.28,0.1,0.0
gold,0.0,0.0,0.0,,0.0,0,18,0.28,0.12000000000000001,0.0
gold,0.0,0.0,0.0,,0.0,0,18,0.28,0.13999999999999999,0.0
gold,0.0,0.0,0.0,,0.0,0,18,0.28,0.16,0.0
gold,0.0,0.0,0.0,,0.0,0,18,0.28,0.18,0.0
gold,0.0,0.0,0.0,,0.0,0,18,0.28,0.19999999999999998,0.0
gold,0.0,0.0,0.0,,0.0,0,18,0.28,0.22,0.0
gold,0.0,0.0,0.0,,0.0,0,18,0.28,0.24,0.0
gold,0.0,0.0,0.0,,0.0,0,18,0.28,0.26,0.0
gold,0.0,0.0,0.0,,0.0,0,18,0.28,0.28,0.0
gold,0.0,0.0,0.0,,0.0,0,18,0.28,0.30000000000000004,0.0
gold,0.0,0.0,0.0,,0.0,0,18,0.28,0.32,0.0
gold,0.0,0.0,0.0,,0.0,0,18,0.28,0.34,0.0
gold,0.0,0.0,0.0,,0.0,0,18,0.28,0.36000000000000004,0.0
gold,0.0,0.0,0.0,,0.0,0,18,0.28,0.38,0.0
gold,0.0,0.0,0.0,,0.0,0,18,0.28,0.4,0.0
gold,0.0,0.0,0.0,,0.0,0,18,0.30000000000000004,0.02,0.0
gold,0.0,0.0,0.0,,0.0,0,18,0.30000000000000004,0.04,0.0
gold,0.0,0.0,0.0,,0.0,0,18,0.30000000000000004,0.06,0.0
gold,0.0,0.0,0.0,,0.0,0,18,0.30000000000000004,0.08,0.0
gold,0.0,0.0,0.0,,0.0,0,18,0.30000000000000004,0.1,0.0
gold,0.0,0.0,0.0,,0.0,0,18,0.30000000000000004,0.12000000000000001,0.0
gold,0.0,0.0,0.0,,0.0,0,18,0.30000000000000004,0.13999999999999999,0.0
gold,0.0,0.0,0.0,,0.0,0,18,0.30000000000000004,0.16,0.0
gold,0.0,0.0,0.0,,0.0,0,18,0.30000000000000004,0.18,0.0
gold,0.0,0.0,0.0,,0.0,0,18,0.30000000000000004,0.19999999999999998,0.0
gold,0.0,0.0,0.0,,0.0,0,18,0.30000000000000004,0.22,0.0
gold,0.0,0.0,0.0,,0.0,0,18,0.30000000000000004,0.24,0.0
gold,0.0,0.0,0.0,,0.0,0,18,0.30000000000000004,0.26,0.0
gold,0.0,0.0,0.0,,0.0,0,18,0.30000000000000004,0.28,0.0
gold,0.0,0.0,0.0,,0.0,0,18,0.30000000000000004,0.30000000000000004,0.0
gold,0.0,0.0,0.0,,0.0,0,18,0.30000000000000004,0.32,0.0
gold,0.0,0.0,0.0,,0.0,0,18,0.30000000000000004,0.34,0.0
gold,0.0,0.0,0.0,,0.0,0,18,0.30000000000000004,0.36000000000000004,0.0
gold,0.0,0.0,0.0,,0.0,0,18,0.30000000000000004,0.38,0.0
gold,0.0,0.0,0.0,,0.0,0,18,0.30000000000000004,0.4,0.0
gold,0.0,0.0,0.0,,0.0,0,18,0.32,0.02,0.0
gold,0.0,0.0,0.0,,0.0,0,18,0.32,0.04,0.0
gold,0.0,0.0,0.0,,0.0,0,18,0.32,0.06,0.0
gold,0.0,0.0,0.0,,0.0,0,18,0.32,0.08,0.0
gold,0.0,0.0,0.0,,0.0,0,18,0.32,0.1,0.0
gold,0.0,0.0,0.0,,0.0,0,18,0.32,0.12000000000000001,0.0
gold,0.0,0.0,0.0,,0.0,0,18,0.32,0.13999999999999999,0.0
gold,0.0,0.0,0.0,,0.0,0,18,0.32,0.16,0.0
gold,0.0,0.0,0.0,,0.0,0,18,0.32,0.18,0.0
gold,0.0,0.0,0.0,,0.0,0,18,0.32,0.19999999999999998,0.0
gold,0.0,0.0,0.0,,0.0,0,18,0.32,0.22,0.0
gold,0.0,0.0,0.0,,0.0,0,18,0.32,0.24,0.0
gold,0.0,0.0,0.0,,0.0,0,18,0.32,0.26,0.0
gold,0.0,0.0,0.0,,0.0,0,18,0.32,0.28,0.0
gold,0.0,0.0,0.0,,0.0,0,18,0.32,0.30000000000000004,0.0
gold,0.0,0.0,0.0,,0.0,0,18,0.32,0.32,0.0
gold,0.0,0.0,0.0,,0.0,0,18,0.32,0.34,0.0
gold,0.0,0.0,0.0,,0.0,0,18,0.32,0.36000000000000004,0.0
gold,0.0,0.0,0.0,,0.0,0,18,0.32,0.38,0.0
gold,0.0,0.0,0.0,,0.0,0,18,0.32,0.4,0.0
gold,0.0,0.0,0.0,,0.0,0,18,0.34,0.02,0.0
gold,0.0,0.0,0.0,,0.0,0,18,0.34,0.04,0.0
gold,0.0,0.0,0.0,,0.0,0,18,0.34,0.06,0.0
gold,0.0,0.0,0.0,,0.0,0,18,0.34,0.08,0.0
gold,0.0,0.0,0.0,,0.0,0,18,0.34,0.1,0.0
gold,0.0,0.0,0.0,,0.0,0,18,0.34,0.12000000000000001,0.0
gold,0.0,0.0,0.0,,0.0,0,18,0.34,0.13999999999999999,0.0
gold,0.0,0.0,0.0,,0.0,0,18,0.34,0.16,0.0
gold,0.0,0.0,0.0,,0.0,0,18,0.34,0.18,0.0
gold,0.0,0.0,0.0,,0.0,0,18,0.34,0.19999999999999998,0.0
gold,0.0,0.0,0.0,,0.0,0,18,0.34,0.22,0.0
gold,0.0,0.0,0.0,,0.0,0,18,0.34,0.24,0.0
gold,0.0,0.0,0.0,,0.0,0,18,0.34,0.26,0.0
gold,0.0,0.0,0.0,,0.0,0,18,0.34,0.28,0.0
gold,0.0,0.0,0.0,,0.0,0,18,0.34,0.30000000000000004,0.0
gold,0.0,0.0,0.0,,0.0,0,18,0.34,0.32,0.0
gold,0.0,0.0,0.0,,0.0,0,18,0.34,0.34,0.0
gold,0.0,0.0,0.0,,0.0,0,18,0.34,0.36000000000000004,0.0
gold,0.0,0.0,0.0,,0.0,0,18,0.34,0.38,0.0
gold,0.0,0.0,0.0,,0.0,0,18,0.34,0.4,0.0
gold,0.0,0.0,0.0,,0.0,0,18,0.36000000000000004,0.02,0.0
gold,0.0,0.0,0.0,,0.0,0,18,0.36000000000000004,0.04,0.0
gold,0.0,0.0,0.0,,0.0,0,18,0.36000000000000004,0.06,0.0
gold,0.0,0.0,0.0,,0.0,0,18,0.36000000000000004,0.08,0.0
gold,0.0,0.0,0.0,,0.0,0,18,0.36000000000000004,0.1,0.0
gold,0.0,0.0,0.0,,0.0,0,18,0.36000000000000004,0.12000000000000001,0.0
gold,0.0,0.0,0.0,,0.0,0,18,0.36000000000000004,0.13999999999999999,0.0
gold,0.0,0.0,0.0,,0.0,0,18,0.36000000000000004,0.16,0.0
gold,0.0,0.0,0.0,,0.0,0,18,0.36000000000000004,0.18,0.0
gold,0.0,0.0,0.0,,0.0,0,18,0.36000000000000004,0.19999999999999998,0.0
gold,0.0,0.0,0.0,,0.0,0,18,0.36000000000000004,0.22,0.0
gold,0.0,0.0,0.0,,0.0,0,18,0.36000000000000004,0.24,0.0
gold,0.0,0.0,0.0,,0.0,0,18,0.36000000000000004,0.26,0.0
gold,0.0,0.0,0.0,,0.0,0,18,0.36000000000000004,0.28,0.0
gold,0.0,0.0,0.0,,0.0,0,18,0.36000000000000004,0.30000000000000004,0.0
gold,0.0,0.0,0.0,,0.0,0,18,0.36000000000000004,0.32,0.0
gold,0.0,0.0,0.0,,0.0,0,18,0.36000000000000004,0.34,0.0
gold,0.0,0.0,0.0,,0.0,0,18,0.36000000000000004,0.36000000000000004,0.0
gold,0.0,0.0,0.0,,0.0,0,18,0.36000000000000004,0.38,0.0
gold,0.0,0.0,0.0,,0.0,0,18,0.36000000000000004,0.4,0.0
gold,0.0,0.0,0.0,,0.0,0,18,0.38,0.02,0.0
gold,0.0,0.0,0.0,,0.0,0,18,0.38,0.04,0.0
gold,0.0,0.0,0.0,,0.0,0,18,0.38,0.06,0.0
gold,0.0,0.0,0.0,,0.0,0,18,0.38,0.08,0.0
gold,0.0,0.0,0.0,,0.0,0,18,0.38,0.1,0.0
gold,0.0,0.0,0.0,,0.0,0,18,0.38,0.12000000000000001,0.0
gold,0.0,0.0,0.0,,0.0,0,18,0.38,0.13999999999999999,0.0
gold,0.0,0.0,0.0,,0.0,0,18,0.38,0.16,0.0
gold,0.0,0.0,0.0,,0.0,0,18,0.38,0.18,0.0
gold,0.0,0.0,0.0,,0.0,0,18,0.38,0.19999999999999998,0.0
gold,0.0,0.0,0.0,,0.0,0,18,0.38,0.22,0.0
gold,0.0,0.0,0.0,,0.0,0,18,0.38,0.24,0.0
gold,0.0,0.0,0.0,,0.0,0,18,0.38,0.26,0.0
gold,0.0,0.0,0.0,,0.0,0,18,0.38,0.28,0.0
gold,0.0,0.0,0.0,,0.0,0,18,0.38,0.30000000000000004,0.0
gold,0.0,0.0,0.0,,0.0,0,18,0.38,0.32,0.0
gold,0.0,0.0,0.0,,0.0,0,18,0.38,0.34,0.0
gold,0.0,0.0,0.0,,0.0,0,18,0.38,0.36000000000000004,0.0
gold,0.0,0.0,0.0,,0.0,0,18,0.38,0.38,0.0
gold,0.0,0.0,0.0,,0.0,0,18,0.38,0.4,0.0
gold,0.0,0.0,0.0,,0.0,0,18,0.4,0.02,0.0
gold,0.0,0.0,0.0,,0.0,0,18,0.4,0.04,0.0
gold,0.0,0.0,0.0,,0.0,0,18,0.4,0.06,0.0
gold,0.0,0.0,0.0,,0.0,0,18,0.4,0.08,0.0
gold,0.0,0.0,0.0,,0.0,0,18,0.4,0.1,0.0
gold,0.0,0.0,0.0,,0.0,0,18,0.4,0.12000000000000001,0.0
gold,0.0,0.0,0.0,,0.0,0,18,0.4,0.13999999999999999,0.0
gold,0.0,0.0,0.0,,0.0,0,18,0.4,0.16,0.0
gold,0.0,0.0,0.0,,0.0,0,18,0.4,0.18,0.0
gold,0.0,0.0,0.0,,0.0,0,18,0.4,0.19999999999999998,0.0
gold,0.0,0.0,0.0,,0.0,0,18,0.4,0.22,0.0
gold,0.0,0.0,0.0,,0.0,0,18,0.4,0.24,0.0
gold,0.0,0.0,0.0,,0.0,0,18,0.4,0.26,0.0
gold,0.0,0.0,0.0,,0.0,0,18,0.4,0.28,0.0
gold,0.0,0.0,0.0,,0.0,0,18,0.4,0.30000000000000004,0.0
gold,0.0,0.0,0.0,,0.0,0,18,0.4,0.32,0.0
gold,0.0,0.0,0.0,,0.0,0,18,0.4,0.34,0.0
gold,0.0,0.0,0.0,,0.0,0,18,0.4,0.36000000000000004,0.0
gold,0.0,0.0,0.0,,0.0,0,18,0.4,0.38,0.0
gold,0.0,0.0,0.0,,0.0,0,18,0.4,0.4,0.0
gold,-0.07291197749775624,-0.00446632289933846,-0.3189111491609379,-0.014004913001911196,-0.03179855675073918,62,24,0.02,0.02,14.03225806451613
gold,-0.08501613022686905,-0.005239605774725042,-0.30574849354224554,-0.017136979855637724,-0.03935075498559985,30,24,0.02,0.04,31.466666666666665
gold,-0.060754672566616263,-0.003699147678927872,-0.3180026019148623,-0.011632444692758306,-0.014728654570355068,15,24,0.02,0.06,69.86666666666666
gold,-0.029923222682913142,-0.001794674550594788,-0.33629810246695946,-0.005336558658611852,0.012592729384021168,11,24,0.02,0.08,101.0909090909091
gold,-0.02216792136237411,-0.0013245947904345634,-0.3317689907962743,-0.003992521384398889,0.018801676621599824,9,24,0.02,0.1,125.66666666666667
gold,0.04480929866931138,0.0025951644452395506,-0.3372297904742294,0.007695537341437423,0.07213151975602973,7,24,0.02,0.12000000000000001,181.71428571428572
gold,0.16248048467229403,0.008941694684673651,-0.32623462696397854,0.02740878479972316,0.15496957999431,7,24,0.02,0.13999999999999999,183.28571428571428
gold,0.08424580629219491,0.004793933952486729,-0.3191009136213744,0.015023253609906355,0.10026151730433472,5,24,0.02,0.16,274.0
gold,0.09633538626713056,0.005452925543065534,-0.33509098113322555,0.016272970178500743,0.10825375386708186,3,24,0.02,0.18,471.3333333333333
gold,0.18926745490574892,0.010301658324101792,-0.33509098113322555,0.030742869561165707,0.168206951483595,3,24,0.02,0.19999999999999998,474.6666666666667
gold,0.211295131653096,0.011398570011885045,-0.33509098113322555,0.034016343780238,0.18145011019633478,3,24,0.02,0.22,477.0
gold,0.2970425678749664,0.015497044957999861,-0.33509098113322555,0.04624727560733287,0.22573008018063545,3,24,0.02,0.24,505.3333333333333
gold,0.3348912776918491,0.017225552014707324,-0.33509098113322555,0.05140559723945177,0.24372374755061282,3,24,0.02,0.26,519.0
gold,0.4092479907938149,0.020491060890172497,-0.33509098113322555,0.06115073828867288,0.2795734684670664,3,24,0.02,0.28,548.0
gold,0.4672856189790935,0.022929117084477424,-0.33509098113322555,0.06842654197058577,0.3046430006505972,3,24,0.02,0.30000000000000004,553.3333333333334
gold,0.5633673242636128,0.026772620920656687,-0.33509098113322555,0.07989657265652406,0.34548246936171334,3,24,0.02,0.32,565.0
gold,0.652151369819455,0.03013150527643016,-0.33509098113322555,0.08992037080356534,0.3779803609975287,3,24,0.02,0.34,596.0
gold,0.6766251893356543,0.031027537247467762,-0.33509098113322555,0.09259436688668092,0.38750747875257024,3,24,0.02,0.36000000000000004,596.3333333333334
gold,0.2937741515738159,0.015345561828704612,-0.33509098113322555,0.04579520993614424,0.2120780709288015,2,24,0.02,0.38,1073.5
gold,0.33974992010283867,0.01744409198724295,-0.33509098113322555,0.05205777824353775,0.23437879476925516,2,24,0.02,0.4,1078.0
gold,-0.10525443615590901,-0.0065543069262777864,-0.2983261611904221,-0.021970272067739178,-0.07048127143853085,53,24,0.04,0.02,12.358490566037736
gold,-0.0555365114206714,-0.0033727225712888442,-0.29040022884772243,-0.011614049288705635,-0.017589308172111972,27,24,0.04,0.04,26.14814814814815
gold,-0.019633625313689507,-0.0011717412280153328,-0.29048158629225374,-0.0040337883133027335,0.017072290597716887,14,24,0.04,0.06,56.785714285714285
gold,-0.02092428116578693,-0.0012495393444004188,-0.31610583619459465,-0.003952914503075491,0.01662391258002789,10,24,0.04,0.08,85.3
gold,-0.05010185375723797,-0.0030345533904725386,-0.3248439085381676,-0.009341573939706471,-0.009571910368318347,8,24,0.04,0.1,108.75
gold,-0.013611867741952555,-0.0008100308187098948,-0.3202255428551314,-0.0025295634179823973,0.02375286270992243,6,24,0.04,0.12000000000000001,168.0
gold,0.08358957927126553,0.004757966130204405,-0.309484294499877,0.015373853260932747,0.10227276293056942,6,24,0.04,0.13999999999999999,169.83333333333334
gold,0.14160181209540745,0.007861088945058992,-0.30461552641632694,0.025806593109489146,0.14465996485639906,5,24,0.04,0.16,212.4
gold,0.1393023499078705,0.0077409424062502286,-0.33509098113322555,0.023101016864349993,0.14163593707736347,3,24,0.04,0.18,362.0
gold,0.19549714990271005,0.010613804122660664,-0.33509098113322555,0.03167439507552973,0.17990622534161008,3,24,0.04,0.19999999999999998,364.6666666666667
gold,0.24565836041737632,0.013072834210731132,-0.33509098113322555,0.03901279039656884,0.21073869270925144,3,24,0.04,0.22,376.6666666666667
gold,0.3370253907228282,0.01732163565811895,-0.33509098113322555,0.05169233621131752,0.2575121765982769,3,24,0.04,0.24,416.3333333333333
gold,0.36802285948689795,0.018701193446959863,-0.33509098113322555,0.0558093010552398,0.2720703406177768,3,24,0.04,0.26,438.3333333333333
gold,0.454152179560527,0.022385451359882902,-0.33509098113322555,0.06680409984231384,0.3152377491205085,3,24,0.04,0.28,447.3333333333333
gold,0.5050335681809732,0.0244665991947135,-0.33509098113322555,0.07301479470432558,0.33617002340781954,3,24,0.04,0.30000000000000004,460.3333333333333
gold,0.6081762129088559,0.02848964599662307,-0.33509098113322555,0.08502062902521434,0.38105049668604585,3,24,0.04,0.32,482.3333333333333
gold,0.6854077920300259,0.03134608657508564,-0.33509098113322555,0.0935450022232113,0.41069179161002645,3,24,0.04,0.34,486.3333333333333
gold,0.7142795838671172,0.03238238493556134,-0.33509098113322555,0.09663759026294635,0.4224840947856409,3,24,0.04,0.36000000000000004,487.0
gold,0.30950380938629785,0.016071317021824072,-0.33509098113322555,0.047961055136349476,0.22652667174382404,2,24,0.04,0.38,965.5
gold,0.3469011688344883,0.01776439987852818,-0.33509098113322555,0.053013661598565694,0.24534286947565065,2,24,0.04,0.4,971.0
gold,-0.07056893504125672,-0.004317733979524063,-0.2837997051363783,-0.015214018553857204,-0.03864701284185105,48,24,0.06,0.02,11.458333333333334
gold,-0.10110391271546104,-0.006282419821331042,-0.27302860603481427,-0.023010115725859003,-0.0652334260001025,24,24,0.06,0.04,24.875
gold,-0.16065837967581986,-0.010301951213026461,-0.2726604771317709,-0.03778307483870408,-0.12616495533043381,11,24,0.06,0.06,56.72727272727273
gold,-0.19476618855874883,-0.012726604113060258,-0.2971217684005447,-0.0428329576172411,-0.1630776815641279,7,24,0.06,0.08,90.57142857142857
gold,-0.16504938776434364,-0.010608843824087444,-0.30831549711877393,-0.03440905151777222,-0.12857010717630243,6,24,0.06,0.1,109.33333333333333
gold,-0.1885809364247849,-0.01227982226237434,-0.2891637643085819,-0.0424666703718447,-0.15385655810624768,4,24,0.06,0.12000000000000001,166.25
gold,-0.14140222741210595,-0.008973709803722918,-0.2870371801736966,-0.031263231468106674,-0.10112086609509381,4,24,0.06,0.13999999999999999,166.75
gold,-0.12759675699790674,-0.008038583700103241,-0.28759190651657374,-0.02795135578559817,-0.0866230076708932,3,24,0.06,0.16,223.33333333333334
gold,-0.18416392613205168,-0.011962723499721939,-0.31881342701014825,-0.03752264643277132,-0.14254403348878614,1,24,0.06,0.18,695.0
gold,-0.17198962813053376,-0.01109701588985268,-0.31881342701014825,-0.03480724131954281,-0.12935962581586752,1,24,0.06,0.19999999999999998,700.0
gold,-0.15665317480394647,-0.010023337318292636,-0.31881342701014825,-0.03143950809190223,-0.11264845617721815,1,24,0.06,0.22,707.0
gold,-0.14147482924361243,-0.008978664846029716,-0.31881342701014825,-0.02816275628737529,-0.0937082679075361,1,24,0.06,0.24,745.0
gold,-0.12977485454085513,-0.008185189969465934,-0.31881342701014825,-0.025673918586889968,-0.08002510008083835,1,24,0.06,0.26,774.0
gold,-0.11475461674677467,-0.007181126236913582,-0.31881342701014825,-0.022524541404226984,-0.06555399766271489,1,24,0.06,0.28,775.0
gold,-0.09989248671894768,-0.006203285974471728,-0.31881342701014825,-0.019457417564393453,-0.04965688245596574,1,24,0.06,0.30000000000000004,782.0
gold,-0.07617632178092593,-0.004673928213413281,-0.31881342701014825,-0.01466038697694029,-0.028107244454552923,1,24,0.06,0.32,787.0
gold,-0.06178851505185945,-0.0037640227604199827,-0.31881342701014825,-0.011806349549701271,-0.015322126852569803,1,24,0.06,0.34,789.0
gold,-0.06178851505185945,-0.0037640227604199827,-0.31881342701014825,-0.011806349549701271,-0.015322126852569803,1,24,0.06,0.36000000000000004,789.0
gold,-0.04597773842651154,-0.0027791447920823,-0.31881342701014825,-0.008717151025116129,0.006980215860756477,1,24,0.06,0.38,1498.0
gold,-0.02684669870984069,-0.0016077724979970398,-0.31881342701014825,-0.005042988662914321,0.02141258990954373,1,24,0.06,0.4,1504.0
gold,-0.07545813147468272,-0.004628193691353921,-0.23271955163391145,-0.019887429564295834,-0.05162284417118112,41,24,0.08,0.02,11.146341463414634
gold,-0.05140308657674886,-0.0031153559657861596,-0.2211802464879714,-0.014085145555507751,-0.021934725107679028,21,24,0.08,0.04,24.047619047619047
gold,-0.022126851117416302,-0.0013221147093422925,-0.22547914292961346,-0.0058635787424250125,0.009089677070151377,11,24,0.08,0.06,48.45454545454545
gold,-0.09387788032977007,-0.005811872284014252,-0.24699175837244325,-0.02353063244827152,-0.0619453889496186,7,24,0.08,0.08,82.85714285714286
gold,-0.060437840749900995,-0.0036792794830569076,-0.2589838355209828,-0.014206598939487917,-0.026791068868350545,6,24,0.08,0.1,100.33333333333333
gold,-0.11869411548688014,-0.007442911558817822,-0.23561867379361323,-0.03158880168104729,-0.08360178241637667,4,24,0.08,0.12000000000000001,162.75
gold,-0.06745194514224429,-0.004120608916854618,-0.23618792677424938,-0.01744631477625499,-0.030484948642490045,4,24,0.08,0.13999999999999999,163.25
gold,-0.05245742152223354,-0.003180903458108064,-0.23678221677962308,-0.013433878191403964,-0.015827008074625303,3,24,0.08,0.16,218.66666666666666
gold,-0.13692168735155386,-0.008668675281335303,-0.270230488743184,-0.032078820275434045,-0.09678588049744334,1,24,0.08,0.18,689.0
gold,-0.12404241795738125,-0.007800081461929453,-0.270230488743184,-0.02886455002989071,-0.08342637054703464,1,24,0.08,0.19999999999999998,694.0
gold,-0.10781788378550172,-0.006722823319972759,-0.270230488743184,-0.02487810813368974,-0.06660296838536335,1,24,0.08,0.22,701.0
gold,-0.09176061285250725,-0.005674667981650061,-0.270230488743184,-0.020999362462919693,-0.04829650482293139,1,24,0.08,0.24,739.0
gold,-0.0793831331749909,-0.004878547714506798,-0.270230488743184,-0.018053283836314896,-0.03504616570481014,1,24,0.08,0.26,768.0
gold,-0.06349312548088182,-0.003871136502635597,-0.270230488743184,-0.014325313626304272,-0.020402620091883428,1,24,0.08,0.28,769.0
gold,-0.047770381025658226,-0.002890036188117673,-0.270230488743184,-0.010694708067764496,-0.005011410654038489,1,24,0.08,0.30000000000000004,776.0
gold,-0.022680895192854655,-0.001355579653634642,-0.270230488743184,-0.005016383088153053,0.01675189567521885,1,24,0.08,0.32,781.0
gold,-0.007459940454286995,-0.0004426406385403814,-0.270230488743184,-0.0016380114642099062,0.029638116264733425,1,24,0.08,0.34,783.0
gold,-0.007459940454286995,-0.0004426406385403814,-0.270230488743184,-0.0016380114642099062,0.029638116264733425,1,24,0.08,0.36000000000000004,783.0
gold,0.009266383434248793,0.000545520845099956,-0.270230488743184,0.0020187242662259206,0.04715818930609275,1,24,0.08,0.38,1492.0
gold,0.02950523533937699,0.0017207984137230792,-0.270230488743184,0.006367891431223571,0.06171322928750293,1,24,0.08,0.4,1498.0
gold,0.005088851665512983,0.0003001714383930043,-0.22287968105166867,0.0013467869164951723,0.03279115830021855,37,24,0.1,0.02,9.945945945945946
gold,0.04236930623268198,0.002456571302967392,-0.200062943128133,0.012278992123963946,0.07170253541094934,20,24,0.1,0.04,20.65
gold,0.08853685753159612,0.005028622980990827,-0.20223748042204548,0.024864940813625103,0.11392011385234266,11,24,0.1,0.06,44.45454545454545
gold,-0.02726380020445418,-0.001633079246906366,-0.24699175837244325,-0.006611877488008393,0.004237867682699561,7,24,0.1,0.08,79.28571428571429
gold,0.00863460279863415,0.0005084773142278731,-0.2589838355209828,0.001963355408668648,0.0392905370417822,6,24,0.1,0.1,96.16666666666667
gold,-0.09511970171325723,-0.005892485867579622,-0.23561867379361323,-0.025008569026838085,-0.05967635745400029,4,24,0.1,0.12000000000000001,161.0
gold,-0.042506833467256144,-0.0025649936164441334,-0.23618792677424938,-0.010859969226520957,-0.0067634083776209886,4,24,0.1,0.13999999999999999,161.5
gold,-0.027111215164493108,-0.0016238202889953257,-0.23678221677962308,-0.006857864205683321,0.007860847591982216,3,24,0.1,0.16,216.33333333333334
gold,-0.13692168735155386,-0.008668675281335303,-0.270230488743184,-0.032078820275434045,-0.09678588049744334,1,24,0.1,0.18,689.0
gold,-0.12404241795738125,-0.007800081461929453,-0.270230488743184,-0.02886455002989071,-0.08342637054703464,1,24,0.1,0.19999999999999998,694.0
gold,-0.10781788378550172,-0.006722823319972759,-0.270230488743184,-0.02487810813368974,-0.06660296838536335,1,24,0.1,0.22,701.0
gold,-0.09176061285250725,-0.005674667981650061,-0.270230488743184,-0.020999362462919693,-0.04829650482293139,1,24,0.1,0.24,739.0
gold,-0.0793831331749909,-0.004878547714506798,-0.270230488743184,-0.018053283836314896,-0.03504616570481014,1,24,0.1,0.26,768.0
gold,-0.06349312548088182,-0.003871136502635597,-0.270230488743184,-0.014325313626304272,-0.020402620091883428,1,24,0.1,0.28,769.0
gold,-0.047770381025658226,-0.002890036188117673,-0.270230488743184,-0.010694708067764496,-0.005011410654038489,1,24,0.1,0.30000000000000004,776.0
gold,-0.022680895192854655,-0.001355579653634642,-0.270230488743184,-0.005016383088153053,0.01675189567521885,1,24,0.1,0.32,781.0
gold,-0.007459940454286995,-0.0004426406385403814,-0.270230488743184,-0.0016380114642099062,0.029638116264733425,1,24,0.1,0.34,783.0
gold,-0.007459940454286995,-0.0004426406385403814,-0.270230488743184,-0.0016380114642099062,0.029638116264733425,1,24,0.1,0.36000000000000004,783.0
gold,0.009266383434248793,0.000545520845099956,-0.270230488743184,0.0020187242662259206,0.04715818930609275,1,24,0.1,0.38,1492.0
gold,0.02950523533937699,0.0017207984137230792,-0.270230488743184,0.006367891431223571,0.06171322928750293,1,24,0.1,0.4,1498.0
gold,0.09483898392245282,0.0053717298851989614,-0.19872492063933878,0.027030982666476886,0.13516537435064413,32,24,0.12000000000000001,0.02,9.0
gold,0.09359112904568434,0.005303940676598673,-0.18167476490667367,0.029194702298490974,0.12968862186858693,17,24,0.12000000000000001,0.04,19.705882352941178
gold,0.11276810150639238,0.006337778574573738,-0.19317173268730814,0.032809037256154125,0.14652067043091344,9,24,0.12000000000000001,0.06,42.44444444444444
gold,-0.03792686932124811,-0.0022835296830437946,-0.23992316842908812,-0.009517753945962566,-0.01667297088821006,5,24,0.12000000000000001,0.08,83.8
gold,-0.03786545660321872,-0.002279764106942417,-0.2520278168235265,-0.009045684463230265,-0.016436766223282325,4,24,0.12000000000000001,0.1,105.25
gold,0.06057484594942886,0.003483385005946138,-0.21042519686582362,0.016554029925262694,0.08868187666569952,4,24,0.12000000000000001,0.12000000000000001,137.5
gold,0.11849259197916173,0.006643140035816231,-0.2136480473133232,0.03109384859517956,0.1409580260075547,4,24,0.12000000000000001,0.13999999999999999,138.5
gold,0.11426359153929067,0.006417694862355772,-0.2296177884920908,0.027949467262536717,0.1368272821196372,3,24,0.12000000000000001,0.16,187.0
gold,-0.06650264129097616,-0.0040606960679763215,-0.2633800438966739,-0.015417630006810103,-0.031264234479017,1,24,0.12000000000000001,0.18,688.0
gold,-0.052572545046674746,-0.0031880647868614,-0.2633800438966739,-0.012104428033705178,-0.01748884094506612,1,24,0.12000000000000001,0.19999999999999998,693.0
gold,-0.03502424198567189,-0.0021057992543361825,-0.2633800438966739,-0.007995287809893085,-0.00031624920475937097,1,24,0.12000000000000001,0.22,700.0
gold,-0.017656849265504038,-0.0010527718032385947,-0.2633800438966739,-0.003997158583706537,0.01715684128998136,1,24,0.12000000000000001,0.24,738.0
gold,-0.004269484043707972,-0.00025295095128496925,-0.2633800438966739,-0.0009604028746544059,0.029839366971740198,1,24,0.12000000000000001,0.26,767.0
gold,0.012916998335624763,0.000759142983514316,-0.2633800438966739,0.0028823101867662144,0.044890291790514035,1,24,0.12000000000000001,0.28,768.0
gold,0.029922570374122603,0.0017448037207110634,-0.2633800438966739,0.006624661819084379,0.05960534723102763,1,24,0.12000000000000001,0.30000000000000004,775.0
gold,0.057059121499384746,0.0032863928289750266,-0.2633800438966739,0.012477759439755825,0.08189491325490543,1,24,0.12000000000000001,0.32,780.0
gold,0.07352196251537735,0.0042035754343803244,-0.2633800438966739,0.01596011365245812,0.09505033233205434,1,24,0.12000000000000001,0.34,782.0
gold,0.07352196251537735,0.0042035754343803244,-0.2633800438966739,0.01596011365245812,0.09505033233205434,1,24,0.12000000000000001,0.36000000000000004,782.0
gold,0.09161299659888567,0.005196330162945406,-0.2633800438966739,0.019729399714824136,0.10508736039586375,1,24,0.12000000000000001,0.38,1491.0
gold,0.11350314783993065,0.006377070743249114,-0.2633800438966739,0.024212429495041352,0.11993072117097132,1,24,0.12000000000000001,0.4,1497.0
gold,0.04697216116581626,0.002717762055210793,-0.17118642467025347,0.01587603725263765,0.0843296160635815,24,24,0.13999999999999999,0.02,8.75
gold,0.040671768821185506,0.002359969918943605,-0.15355028335409682,0.01536936218802907,0.07509311900366539,14,24,0.13999999999999999,0.04,17.071428571428573
gold,0.006879494744129966,0.00040545444713435685,-0.16752772013956096,0.0024202230341139257,0.031649292728138614,6,24,0.13999999999999999,0.06,42.0
gold,-0.10410873060026737,-0.006479137157026749,-0.23992316842908812,-0.02700504998933326,-0.10204403785384011,4,24,0.13999999999999999,0.08,99.5
gold,-0.031784995671073735,-0.0019080502588512127,-0.2029382845817269,-0.009402120761904866,-0.017796968732905552,3,24,0.13999999999999999,0.1,85.33333333333333
gold,0.038634457156455415,0.0022438371442472516,-0.18508133136311256,0.012123519577698787,0.07038905456684084,3,24,0.13999999999999999,0.12000000000000001,97.33333333333333
gold,0.0515227770191089,0.0029749285675535475,-0.1971888413995726,0.01508669834681627,0.08517450670674494,3,24,0.13999999999999999,0.13999999999999999,98.33333333333333
gold,-0.040162945644565684,-0.0024207909766730262,-0.2296177884920908,-0.010542697900587135,-0.020036225619717456,2,24,0.13999999999999999,0.16,213.5
gold,-0.06650264129097616,-0.0040606960679763215,-0.2633800438966739,-0.015417630006810103,-0.031264234479017,1,24,0.13999999999999999,0.18,688.0
gold,-0.052572545046674746,-0.0031880647868614,-0.2633800438966739,-0.012104428033705178,-0.01748884094506612,1,24,0.13999999999999999,0.19999999999999998,693.0
gold,-0.03502424198567189,-0.0021057992543361825,-0.2633800438966739,-0.007995287809893085,-0.00031624920475937097,1,24,0.13999999999999999,0.22,700.0
gold,-0.017656849265504038,-0.0010527718032385947,-0.2633800438966739,-0.003997158583706537,0.01715684128998136,1,24,0.13999999999999999,0.24,738.0
gold,-0.004269484043707972,-0.00025295095128496925,-0.2633800438966739,-0.0009604028746544059,0.029839366971740198,1,24,0.13999999999999999,0.26,767.0
gold,0.012916998335624763,0.000759142983514316,-0.2633800438966739,0.0028823101867662144,0.044890291790514035,1,24,0.13999999999999999,0.28,768.0
gold,0.029922570374122603,0.0017448037207110634,-0.2633800438966739,0.006624661819084379,0.05960534723102763,1,24,0.13999999999999999,0.30000000000000004,775.0
gold,0.057059121499384746,0.0032863928289750266,-0.2633800438966739,0.012477759439755825,0.08189491325490543,1,24,0.13999999999999999,0.32,780.0
gold,0.07352196251537735,0.0042035754343803244,-0.2633800438966739,0.01596011365245812,0.09505033233205434,1,24,0.13999999999999999,0.34,782.0
gold,0.07352196251537735,0.0042035754343803244,-0.2633800438966739,0.01596011365245812,0.09505033233205434,1,24,0.13999999999999999,0.36000000000000004,782.0
gold,0.09161299659888567,0.005196330162945406,-0.2633800438966739,0.019729399714824136,0.10508736039586375,1,24,0.13999999999999999,0.38,1491.0
gold,0.11350314783993065,0.006377070743249114,-0.2633800438966739,0.024212429495041352,0.11993072117097132,1,24,0.13999999999999999,0.4,1497.0
gold,0.04672729752903626,0.0027038944090267414,-0.1355001082334638,0.01995492434860634,0.0888844998623247,21,24,0.16,0.02,8.0
gold,0.08205031506640648,0.004673518532839482,-0.13490880703995445,0.03464205662611321,0.13839475807156223,12,24,0.16,0.04,14.75
gold,0.07034467817133616,0.0040275970069125755,-0.1614775725593668,0.024942144863069702,0.1127498531013099,6,24,0.16,0.06,37.5
gold,0.03317381832790911,0.0019315042674197258,-0.18452623960265235,0.010467369148035045,0.06550761124640817,4,24,0.16,0.08,53.25
gold,0.01622566570060857,0.0009521305987714168,-0.2029382845817269,0.004691724879481656,0.04357048430193403,3,24,0.16,0.1,77.0
gold,0.09013699222206473,0.005115915852439867,-0.18508133136311256,0.02764144722085941,0.13142082816590805,3,24,0.16,0.12000000000000001,89.0
gold,0.12934512403624487,0.007218031830528826,-0.17850855243983377,0.040435215746660993,0.17656372231295425,3,24,0.16,0.13999999999999999,86.33333333333333
gold,-0.011849686987324026,-0.0007045743926804571,-0.2068930658734075,-0.0034055002747727073,0.012431255979229271,2,24,0.16,0.16,209.0
gold,-0.06650264129097616,-0.0040606960679763215,-0.2633800438966739,-0.015417630006810103,-0.031264234479017,1,24,0.16,0.18,688.0
gold,-0.052572545046674746,-0.0031880647868614,-0.2633800438966739,-0.012104428033705178,-0.01748884094506612,1,24,0.16,0.19999999999999998,693.0
gold,-0.03502424198567189,-0.0021057992543361825,-0.2633800438966739,-0.007995287809893085,-0.00031624920475937097,1,24,0.16,0.22,700.0
gold,-0.017656849265504038,-0.0010527718032385947,-0.2633800438966739,-0.003997158583706537,0.01715684128998136,1,24,0.16,0.24,738.0
gold,-0.004269484043707972,-0.00025295095128496925,-0.2633800438966739,-0.0009604028746544059,0.029839366971740198,1,24,0.16,0.26,767.0
gold,0.012916998335624763,0.000759142983514316,-0.2633800438966739,0.0028823101867662144,0.044890291790514035,1,24,0.16,0.28,768.0
gold,0.029922570374122603,0.0017448037207110634,-0.2633800438966739,0.006624661819084379,0.05960534723102763,1,24,0.16,0.30000000000000004,775.0
gold,0.057059121499384746,0.0032863928289750266,-0.2633800438966739,0.012477759439755825,0.08189491325490543,1,24,0.16,0.32,780.0
gold,0.07352196251537735,0.0042035754343803244,-0.2633800438966739,0.01596011365245812,0.09505033233205434,1,24,0.16,0.34,782.0
gold,0.07352196251537735,0.0042035754343803244,-0.2633800438966739,0.01596011365245812,0.09505033233205434,1,24,0.16,0.36000000000000004,782.0
gold,0.09161299659888567,0.005196330162945406,-0.2633800438966739,0.019729399714824136,0.10508736039586375,1,24,0.16,0.38,1491.0
gold,0.11350314783993065,0.006377070743249114,-0.2633800438966739,0.024212429495041352,0.11993072117097132,1,24,0.16,0.4,1497.0
gold,0.06699512006344222,0.0038415439549366326,-0.10156726041977582,0.03782265996995089,0.12946354124827075,16,24,0.18,0.02,8.0625
gold,0.21632504645026085,0.011646411006727808,-0.08668614669963282,0.13435146733517386,0.33811674535268016,11,24,0.18,0.04,13.0
gold,0.09656194885827718,0.005465209870698873,-0.140247557922206,0.03896830684018308,0.15358613442239133,5,24,0.18,0.06,36.2
gold,0.09423166961353435,0.0053387468679373384,-0.17676852946142152,0.03020190802176969,0.14366255738741318,4,24,0.18,0.08,52.25
gold,0.0829865035789672,0.004724893457564772,-0.17676852946142152,0.026729268337302915,0.13014919737278308,3,24,0.18,0.1,70.0
gold,0.14736900719062662,0.008161425210392093,-0.17676852946142152,0.04617012561714649,0.2010938961423437,3,24,0.18,0.12000000000000001,82.33333333333333
gold,0.196086446174226,0.010643252188852204,-0.17676852946142152,0.0602101076547962,0.2524473980738771,3,24,0.18,0.13999999999999999,85.0
gold,0.026517778535056102,0.0015486906587955929,-0.17676852946142152,0.008761122036338395,0.05569353700830907,2,24,0.18,0.16,208.0
gold,-0.06650264129097616,-0.0040606960679763215,-0.2633800438966739,-0.015417630006810103,-0.031264234479017,1,24,0.18,0.18,688.0
gold,-0.052572545046674746,-0.0031880647868614,-0.2633800438966739,-0.012104428033705178,-0.01748884094506612,1,24,0.18,0.19999999999999998,693.0
gold,-0.03502424198567189,-0.0021057992543361825,-0.2633800438966739,-0.007995287809893085,-0.00031624920475937097,1,24,0.18,0.22,700.0
gold,-0.017656849265504038,-0.0010527718032385947,-0.2633800438966739,-0.003997158583706537,0.01715684128998136,1,24,0.18,0.24,738.0
gold,-0.004269484043707972,-0.00025295095128496925,-0.2633800438966739,-0.0009604028746544059,0.029839366971740198,1,24,0.18,0.26,767.0
gold,0.012916998335624763,0.000759142983514316,-0.2633800438966739,0.0028823101867662144,0.044890291790514035,1,24,0.18,0.28,768.0
gold,0.029922570374122603,0.0017448037207110634,-0.2633800438966739,0.006624661819084379,0.05960534723102763,1,24,0.18,0.30000000000000004,775.0
gold,0.057059121499384746,0.0032863928289750266,-0.2633800438966739,0.012477759439755825,0.08189491325490543,1,24,0.18,0.32,780.0
gold,0.07352196251537735,0.0042035754343803244,-0.2633800438966739,0.01596011365245812,0.09505033233205434,1,24,0.18,0.34,782.0
gold,0.07352196251537735,0.0042035754343803244,-0.2633800438966739,0.01596011365245812,0.09505033233205434,1,24,0.18,0.36000000000000004,782.0
gold,0.09161299659888567,0.005196330162945406,-0.2633800438966739,0.019729399714824136,0.10508736039586375,1,24,0.18,0.38,1491.0
gold,0.11350314783993065,0.006377070743249114,-0.2633800438966739,0.024212429495041352,0.11993072117097132,1,24,0.18,0.4,1497.0
gold,0.03571856333424428,0.002077249144483151,-0.08731040871489781,0.02379154072301014,0.08739580523450195,10,24,0.19999999999999998,0.02,8.1
gold,0.05362015141180354,0.0030931040189050574,-0.08668614669963282,0.03568164160788749,0.11992121172983038,6,24,0.19999999999999998,0.04,14.666666666666666
gold,0.018597463522313618,0.0010901091332731205,-0.10478873239436626,0.010402923180428967,0.050380856800538165,3,24,0.19999999999999998,0.06,39.666666666666664
gold,0.06883541009048244,0.003943831786406671,-0.10478873239436626,0.03763602914447224,0.138409493167603,3,24,0.19999999999999998,0.08,42.333333333333336
gold,0.04930735817495546,0.002849860869308607,-0.10478873239436637,0.027196252919477252,0.1047799670738719,2,24,0.19999999999999998,0.1,65.0
gold,0.08714419992235256,0.004952550379210274,-0.10478873239436626,0.0472622415220335,0.16562379054154072,2,24,0.19999999999999998,0.12000000000000001,71.5
gold,0.11484461039112048,0.006448716243661723,-0.10478873239436637,0.0615401684542986,0.20762461740560478,2,24,0.19999999999999998,0.13999999999999999,75.0
gold,0.09405419202370857,0.0053291048730170765,-0.1729323308270676,0.030816128178750932,0.13649122501880045,2,24,0.19999999999999998,0.16,180.5
gold,-0.03349067206113732,-0.0020121003972725093,-0.2325417766051011,-0.008652640513233145,-0.0025545893221473287,1,24,0.19999999999999998,0.18,647.0
gold,-0.019067955345770438,-0.0011376741587162398,-0.2325417766051011,-0.0048923431106670376,0.011887027855110026,1,24,0.19999999999999998,0.19999999999999998,652.0
gold,-0.0008990784445943589,-5.318246193009024e-05,-0.2325417766051011,-0.00022870067781585707,0.02979297717456066,1,24,0.19999999999999998,0.22,659.0
gold,0.017082490447291487,0.0010020110122062054,-0.2325417766051011,0.004308950532823206,0.047336128345514566,1,24,0.19999999999999998,0.24,697.0
gold,0.030943283134786892,0.0018034770543116085,-0.2325417766051011,0.007755497014948182,0.06006133417019639,1,24,0.19999999999999998,0.26,726.0
gold,0.04873754401738206,0.0028176528140224644,-0.2325417766051011,0.012116759642751673,0.07575772551184738,1,24,0.19999999999999998,0.28,727.0
gold,0.066344496890687,0.003805341004409435,-0.2325417766051011,0.01636411770806932,0.09046647308526204,1,24,0.19999999999999998,0.30000000000000004,734.0
gold,0.0944406982842585,0.005350101081788239,-0.2325417766051011,0.023007053441729305,0.1136322308010744,1,24,0.19999999999999998,0.32,739.0
gold,0.11148572712969207,0.006269170284405989,-0.2325417766051011,0.02695932909746449,0.12727509437495374,1,24,0.19999999999999998,0.34,741.0
gold,0.11148572712969207,0.006269170284405989,-0.2325417766051011,0.02695932909746449,0.12727509437495374,1,24,0.19999999999999998,0.36000000000000004,741.0
gold,0.13021652805873973,0.007263967058134924,-0.2325417766051011,0.031237256222009867,0.13303884289327828,1,24,0.19999999999999998,0.38,1450.0
gold,0.1528807971828876,0.00844713636078298,-0.2325417766051011,0.036325242217134075,0.14833107196085757,1,24,0.19999999999999998,0.4,1456.0
gold,0.10763095814028101,0.006062487022125751,-0.05531849748877382,0.10959240213196418,0.29425114242980177,7,24,0.22,0.02,5.428571428571429
gold,0.12067562210124128,0.00675920223882942,-0.0546723536254361,0.12363108208468875,0.29102518890979423,5,24,0.22,0.04,12.4
gold,0.09910525875036957,0.005602945672926074,-0.0546723536254361,0.10248224745018707,0.21502660228172452,3,24,0.22,0.06,29.0
gold,0.18911572453579528,0.010294036530019257,-0.0546723536254361,0.18828595894269307,0.39395192818639835,3,24,0.22,0.08,28.666666666666668
gold,0.13224239870717747,0.007370630233252351,-0.0546723536254361,0.13481457710324718,0.2715601139880275,2,24,0.22,0.1,49.0
gold,0.17306978462591194,0.009482798504321766,-0.0546723536254361,0.17344778257195664,0.33207717266088105,2,24,0.22,0.12000000000000001,55.5
gold,0.20295957711615187,0.010985708968405783,-0.0546723536254361,0.20093718744339414,0.374995546622181,2,24,0.22,0.13999999999999999,59.0
gold,0.18052592792933364,0.009861050476570599,-0.17293233082706772,0.057022596234082144,0.24187464511269174,2,24,0.22,0.16,164.5
gold,0.004281821720513834,0.0002526634398540839,-0.23254177660510122,0.0010865292402197175,0.03440378134892393,1,24,0.22,0.18,645.0
gold,0.019268197742312365,0.0011290740400684562,-0.23254177660510122,0.004855359998327664,0.04885262510411491,1,24,0.22,0.19999999999999998,650.0
gold,0.038147138964577776,0.0022160268063500244,-0.23254177660510122,0.009529585774659519,0.0666552247742483,1,24,0.22,0.22,657.0
gold,0.05683145192681982,0.0032736148626475448,-0.23254177660510122,0.014077534413125026,0.08331115335328602,1,24,0.22,0.24,695.0
gold,0.07123394316854803,0.004076899695651726,-0.23254177660510122,0.01753190224642969,0.09544152495088519,1,24,0.22,0.26,724.0
gold,0.08972362787076693,0.005093376954795392,-0.23254177660510122,0.021903062018163232,0.11114410534956647,1,24,0.22,0.28,725.0
gold,0.10801868431296224,0.006083306535580757,-0.23254177660510122,0.026160058740375636,0.12518464816277786,1,24,0.22,0.30000000000000004,732.0
gold,0.13721292331646562,0.007631572183279367,-0.23254177660510122,0.03281806948709772,0.14832926879312772,1,24,0.22,0.32,737.0
gold,0.15492409497859105,0.00855272705717125,-0.23254177660510122,0.03677931416037711,0.16193653579271036,1,24,0.22,0.34,739.0
gold,0.15492409497859105,0.00855272705717125,-0.23254177660510122,0.03677931416037711,0.16193653579271036,1,24,0.22,0.36000000000000004,739.0
gold,0.17438692098092656,0.009549781353019648,-0.23254177660510122,0.04106694931309885,0.1631458353626247,1,24,0.22,0.38,1448.0
gold,0.19793694044375254,0.01073563565721014,-0.23254177660510122,0.046166481627261446,0.1784395989613342,1,24,0.22,0.4,1454.0
gold,0.04083510920860345,0.0023692715380703167,-0.029591635431051255,0.0800655828431902,0.15492205371116055,3,24,0.24,0.02,2.6666666666666665
gold,0.04409634873337809,0.0025546999469781007,-0.029591635431051366,0.08633182687488031,0.16422661284706613,2,24,0.24,0.04,5.0
gold,0.034056960764788036,0.0019821226089482558,-0.034733124018838324,0.05706721364519947,0.1281270290555215,1,24,0.24,0.06,11.0
gold,0.05257916749651459,0.003034478023346887,-0.034733124018838324,0.08736553676257473,0.17781878925222452,1,24,0.24,0.08,18.0
gold,0.08325034853614799,0.00473936484736126,-0.043510737628384644,0.10892402900265911,0.22069921205731574,1,24,0.24,0.1,37.0
gold,0.09380601473810013,0.005315619439979935,-0.043510737628384644,0.12216799185018275,0.24488585765771523,1,24,0.24,0.12000000000000001,38.0
gold,0.1095399322844055,0.006164925977640623,-0.043510737628384644,0.14168746184663333,0.2751615291568561,1,24,0.24,0.13999999999999999,43.0
gold,0.13224457279426405,0.007370744603618196,-0.043510737628384644,0.16940058949517373,0.32129304579988543,1,24,0.24,0.16,45.0
gold,0.027683728340967884,0.0016159171727352373,-0.2325417766051011,0.006948932773827402,0.056807944728008375,1,24,0.24,0.18,643.0
gold,0.043019318860784805,0.002493522241173496,-0.2325417766051011,0.010722900106710533,0.07129329401278764,1,24,0.24,0.19999999999999998,648.0
gold,0.062338179645488934,0.00358195642557102,-0.2325417766051011,0.015403496429176438,0.08907020107261433,1,24,0.24,0.22,655.0
gold,0.08145787691694872,0.004640985878545889,-0.2325417766051011,0.01995764350948062,0.1052053447767014,1,24,0.24,0.24,693.0
gold,0.09619597689703241,0.005445365515980072,-0.2325417766051011,0.02341671933309131,0.1169870508152726,1,24,0.24,0.26,722.0
gold,0.11511651065524786,0.0064632281415104575,-0.2325417766051011,0.027793836599460633,0.13272428900571034,1,24,0.24,0.28,723.0
gold,0.13383788090021898,0.007454506906602543,-0.2325417766051011,0.03205663522241714,0.1463711439009275,1,24,0.24,0.30000000000000004,730.0
gold,0.16371240788687502,0.009004882700068162,-0.2325417766051011,0.0387237202344081,0.16954530205492502,1,24,0.24,0.32,735.0
gold,0.18183628759211312,0.009927293024573736,-0.2325417766051011,0.04269036372519039,0.1831549568079193,1,24,0.24,0.34,737.0
gold,0.18183628759211312,0.009927293024573736,-0.2325417766051011,0.04269036372519039,0.1831549568079193,1,24,0.24,0.36000000000000004,737.0
gold,0.2017526389165505,0.010925706215070052,-0.2325417766051011,0.046983842536061464,0.18149806632429444,1,24,0.24,0.38,1446.0
gold,0.22585142401911962,0.012113176731209707,-0.2325417766051011,0.05209032505062571,0.1968140091601948,1,24,0.24,0.4,1452.0
gold,0.035274815422477346,0.0020518586938009786,0.0,,0.24318932275626745,1,24,0.26,0.02,1.0
gold,0.0451189499589828,0.00261273105774662,0.0,,0.2981206268149395,1,24,0.26,0.04,2.0
gold,0.06480721903199349,0.003719718850298648,-0.034733124018838324,0.10709427831142315,0.2523495094139477,1,24,0.26,0.06,9.0
gold,0.08388022969647246,0.00477389921623228,-0.034733124018838324,0.1374451435362694,0.29334989541415013,1,24,0.26,0.08,16.0
gold,0.1154634946677604,0.006481742584949934,-0.043510737628384644,0.14896880490303405,0.3097563753436243,1,24,0.26,0.1,35.0
gold,0.12633305988515175,0.007058996494613723,-0.043510737628384644,0.16223573488693788,0.334430087992152,1,24,0.26,0.12000000000000001,36.0
gold,0.14253486464315013,0.007909775864787472,-0.043510737628384644,0.18178905474651053,0.3630762101065087,1,24,0.26,0.13999999999999999,41.0
gold,0.16591468416735022,0.009117685571898182,-0.043510737628384644,0.20955024136272452,0.4092240356817673,1,24,0.26,0.16,43.0
gold,0.05824446267432326,0.003352878355660005,-0.2325417766051011,0.014418391415981188,0.08565472786762107,1,24,0.26,0.18,641.0
gold,0.07403609515996723,0.004232005330760957,-0.2325417766051011,0.018198903408000035,0.10016335153687585,1,24,0.26,0.19999999999999998,646.0
gold,0.09392945036915501,0.005322327033014274,-0.2325417766051011,0.022887616628355634,0.11787682826090327,1,24,0.26,0.22,653.0
gold,0.1136177194421657,0.006383193011367583,-0.2325417766051011,0.027449661323468013,0.13330561870122257,1,24,0.26,0.24,691.0
gold,0.12879409351927795,0.007188967570929794,-0.2325417766051011,0.030914735734293406,0.14461507889037534,1,24,0.26,0.26,720.0
gold,0.14827727645611155,0.008208595332017454,-0.2325417766051011,0.03529944361763936,0.16037416220926706,1,24,0.26,0.28,721.0
gold,0.16755537325676761,0.00920159313202773,-0.2325417766051011,0.03956963461087568,0.17349043677509765,1,24,0.26,0.30000000000000004,728.0
gold,0.19831829368334675,0.01075465752351401,-0.2325417766051011,0.04624828140784959,0.1966707993457533,1,24,0.26,0.32,733.0
gold,0.21698113207547154,0.011678667454116942,-0.2325417766051011,0.050221803688846316,0.2102650006879103,1,24,0.26,0.34,735.0
gold,0.21698113207547154,0.011678667454116942,-0.2325417766051011,0.050221803688846316,0.2102650006879103,1,24,0.26,0.36000000000000004,735.0
gold,0.23748974569319103,0.012678812051759136,-0.2325417766051011,0.054522728074319744,0.20491680867454476,1,24,0.26,0.38,1444.0
gold,0.26230516817063165,0.013868341830493458,-0.2325417766051011,0.059638066041115975,0.2202457827423719,1,24,0.26,0.4,1450.0
gold,0.0,0.0,0.0,,0.0,0,24,0.28,0.02,0.0
gold,0.0,0.0,0.0,,0.0,0,24,0.28,0.04,0.0
gold,0.0,0.0,0.0,,0.0,0,24,0.28,0.06,0.0
gold,0.0,0.0,0.0,,0.0,0,24,0.28,0.08,0.0
gold,0.0,0.0,0.0,,0.0,0,24,0.28,0.1,0.0
gold,0.0,0.0,0.0,,0.0,0,24,0.28,0.12000000000000001,0.0
gold,0.0,0.0,0.0,,0.0,0,24,0.28,0.13999999999999999,0.0
gold,0.0,0.0,0.0,,0.0,0,24,0.28,0.16,0.0
gold,0.0,0.0,0.0,,0.0,0,24,0.28,0.18,0.0
gold,0.0,0.0,0.0,,0.0,0,24,0.28,0.19999999999999998,0.0
gold,0.0,0.0,0.0,,0.0,0,24,0.28,0.22,0.0
gold,0.0,0.0,0.0,,0.0,0,24,0.28,0.24,0.0
gold,0.0,0.0,0.0,,0.0,0,24,0.28,0.26,0.0
gold,0.0,0.0,0.0,,0.0,0,24,0.28,0.28,0.0
gold,0.0,0.0,0.0,,0.0,0,24,0.28,0.30000000000000004,0.0
gold,0.0,0.0,0.0,,0.0,0,24,0.28,0.32,0.0
gold,0.0,0.0,0.0,,0.0,0,24,0.28,0.34,0.0
gold,0.0,0.0,0.0,,0.0,0,24,0.28,0.36000000000000004,0.0
gold,0.0,0.0,0.0,,0.0,0,24,0.28,0.38,0.0
gold,0.0,0.0,0.0,,0.0,0,24,0.28,0.4,0.0
gold,0.0,0.0,0.0,,0.0,0,24,0.30000000000000004,0.02,0.0
gold,0.0,0.0,0.0,,0.0,0,24,0.30000000000000004,0.04,0.0
gold,0.0,0.0,0.0,,0.0,0,24,0.30000000000000004,0.06,0.0
gold,0.0,0.0,0.0,,0.0,0,24,0.30000000000000004,0.08,0.0
gold,0.0,0.0,0.0,,0.0,0,24,0.30000000000000004,0.1,0.0
gold,0.0,0.0,0.0,,0.0,0,24,0.30000000000000004,0.12000000000000001,0.0
gold,0.0,0.0,0.0,,0.0,0,24,0.30000000000000004,0.13999999999999999,0.0
gold,0.0,0.0,0.0,,0.0,0,24,0.30000000000000004,0.16,0.0
gold,0.0,0.0,0.0,,0.0,0,24,0.30000000000000004,0.18,0.0
gold,0.0,0.0,0.0,,0.0,0,24,0.30000000000000004,0.19999999999999998,0.0
gold,0.0,0.0,0.0,,0.0,0,24,0.30000000000000004,0.22,0.0
gold,0.0,0.0,0.0,,0.0,0,24,0.30000000000000004,0.24,0.0
gold,0.0,0.0,0.0,,0.0,0,24,0.30000000000000004,0.26,0.0
gold,0.0,0.0,0.0,,0.0,0,24,0.30000000000000004,0.28,0.0
gold,0.0,0.0,0.0,,0.0,0,24,0.30000000000000004,0.30000000000000004,0.0
gold,0.0,0.0,0.0,,0.0,0,24,0.30000000000000004,0.32,0.0
gold,0.0,0.0,0.0,,0.0,0,24,0.30000000000000004,0.34,0.0
gold,0.0,0.0,0.0,,0.0,0,24,0.30000000000000004,0.36000000000000004,0.0
gold,0.0,0.0,0.0,,0.0,0,24,0.30000000000000004,0.38,0.0
gold,0.0,0.0,0.0,,0.0,0,24,0.30000000000000004,0.4,0.0
gold,0.0,0.0,0.0,,0.0,0,24,0.32,0.02,0.0
gold,0.0,0.0,0.0,,0.0,0,24,0.32,0.04,0.0
gold,0.0,0.0,0.0,,0.0,0,24,0.32,0.06,0.0
gold,0.0,0.0,0.0,,0.0,0,24,0.32,0.08,0.0
gold,0.0,0.0,0.0,,0.0,0,24,0.32,0.1,0.0
gold,0.0,0.0,0.0,,0.0,0,24,0.32,0.12000000000000001,0.0
gold,0.0,0.0,0.0,,0.0,0,24,0.32,0.13999999999999999,0.0
gold,0.0,0.0,0.0,,0.0,0,24,0.32,0.16,0.0
gold,0.0,0.0,0.0,,0.0,0,24,0.32,0.18,0.0
gold,0.0,0.0,0.0,,0.0,0,24,0.32,0.19999999999999998,0.0
gold,0.0,0.0,0.0,,0.0,0,24,0.32,0.22,0.0
gold,0.0,0.0,0.0,,0.0,0,24,0.32,0.24,0.0
gold,0.0,0.0,0.0,,0.0,0,24,0.32,0.26,0.0
gold,0.0,0.0,0.0,,0.0,0,24,0.32,0.28,0.0
gold,0.0,0.0,0.0,,0.0,0,24,0.32,0.30000000000000004,0.0
gold,0.0,0.0,0.0,,0.0,0,24,0.32,0.32,0.0
gold,0.0,0.0,0.0,,0.0,0,24,0.32,0.34,0.0
gold,0.0,0.0,0.0,,0.0,0,24,0.32,0.36000000000000004,0.0
gold,0.0,0.0,0.0,,0.0,0,24,0.32,0.38,0.0
gold,0.0,0.0,0.0,,0.0,0,24,0.32,0.4,0.0
gold,0.0,0.0,0.0,,0.0,0,24,0.34,0.02,0.0
gold,0.0,0.0,0.0,,0.0,0,24,0.34,0.04,0.0
gold,0.0,0.0,0.0,,0.0,0,24,0.34,0.06,0.0
gold,0.0,0.0,0.0,,0.0,0,24,0.34,0.08,0.0
gold,0.0,0.0,0.0,,0.0,0,24,0.34,0.1,0.0
gold,0.0,0.0,0.0,,0.0,0,24,0.34,0.12000000000000001,0.0
gold,0.0,0.0,0.0,,0.0,0,24,0.34,0.13999999999999999,0.0
gold,0.0,0.0,0.0,,0.0,0,24,0.34,0.16,0.0
gold,0.0,0.0,0.0,,0.0,0,24,0.34,0.18,0.0
gold,0.0,0.0,0.0,,0.0,0,24,0.34,0.19999999999999998,0.0
gold,0.0,0.0,0.0,,0.0,0,24,0.34,0.22,0.0
gold,0.0,0.0,0.0,,0.0,0,24,0.34,0.24,0.0
gold,0.0,0.0,0.0,,0.0,0,24,0.34,0.26,0.0
gold,0.0,0.0,0.0,,0.0,0,24,0.34,0.28,0.0
gold,0.0,0.0,0.0,,0.0,0,24,0.34,0.30000000000000004,0.0
gold,0.0,0.0,0.0,,0.0,0,24,0.34,0.32,0.0
gold,0.0,0.0,0.0,,0.0,0,24,0.34,0.34,0.0
gold,0.0,0.0,0.0,,0.0,0,24,0.34,0.36000000000000004,0.0
gold,0.0,0.0,0.0,,0.0,0,24,0.34,0.38,0.0
gold,0.0,0.0,0.0,,0.0,0,24,0.34,0.4,0.0
gold,0.0,0.0,0.0,,0.0,0,24,0.36000000000000004,0.02,0.0
gold,0.0,0.0,0.0,,0.0,0,24,0.36000000000000004,0.04,0.0
gold,0.0,0.0,0.0,,0.0,0,24,0.36000000000000004,0.06,0.0
gold,0.0,0.0,0.0,,0.0,0,24,0.36000000000000004,0.08,0.0
gold,0.0,0.0,0.0,,0.0,0,24,0.36000000000000004,0.1,0.0
gold,0.0,0.0,0.0,,0.0,0,24,0.36000000000000004,0.12000000000000001,0.0
gold,0.0,0.0,0.0,,0.0,0,24,0.36000000000000004,0.13999999999999999,0.0
gold,0.0,0.0,0.0,,0.0,0,24,0.36000000000000004,0.16,0.0
gold,0.0,0.0,0.0,,0.0,0,24,0.36000000000000004,0.18,0.0
gold,0.0,0.0,0.0,,0.0,0,24,0.36000000000000004,0.19999999999999998,0.0
gold,0.0,0.0,0.0,,0.0,0,24,0.36000000000000004,0.22,0.0
gold,0.0,0.0,0.0,,0.0,0,24,0.36000000000000004,0.24,0.0
gold,0.0,0.0,0.0,,0.0,0,24,0.36000000000000004,0.26,0.0
gold,0.0,0.0,0.0,,0.0,0,24,0.36000000000000004,0.28,0.0
gold,0.0,0.0,0.0,,0.0,0,24,0.36000000000000004,0.30000000000000004,0.0
gold,0.0,0.0,0.0,,0.0,0,24,0.36000000000000004,0.32,0.0
gold,0.0,0.0,0.0,,0.0,0,24,0.36000000000000004,0.34,0.0
gold,0.0,0.0,0.0,,0.0,0,24,0.36000000000000004,0.36000000000000004,0.0
gold,0.0,0.0,0.0,,0.0,0,24,0.36000000000000004,0.38,0.0
gold,0.0,0.0,0.0,,0.0,0,24,0.36000000000000004,0.4,0.0
gold,0.0,0.0,0.0,,0.0,0,24,0.38,0.02,0.0
gold,0.0,0.0,0.0,,0.0,0,24,0.38,0.04,0.0
gold,0.0,0.0,0.0,,0.0,0,24,0.38,0.06,0.0
gold,0.0,0.0,0.0,,0.0,0,24,0.38,0.08,0.0
gold,0.0,0.0,0.0,,0.0,0,24,0.38,0.1,0.0
gold,0.0,0.0,0.0,,0.0,0,24,0.38,0.12000000000000001,0.0
gold,0.0,0.0,0.0,,0.0,0,24,0.38,0.13999999999999999,0.0
gold,0.0,0.0,0.0,,0.0,0,24,0.38,0.16,0.0
gold,0.0,0.0,0.0,,0.0,0,24,0.38,0.18,0.0
gold,0.0,0.0,0.0,,0.0,0,24,0.38,0.19999999999999998,0.0
gold,0.0,0.0,0.0,,0.0,0,24,0.38,0.22,0.0
gold,0.0,0.0,0.0,,0.0,0,24,0.38,0.24,0.0
gold,0.0,0.0,0.0,,0.0,0,24,0.38,0.26,0.0
gold,0.0,0.0,0.0,,0.0,0,24,0.38,0.28,0.0
gold,0.0,0.0,0.0,,0.0,0,24,0.38,0.30000000000000004,0.0
gold,0.0,0.0,0.0,,0.0,0,24,0.38,0.32,0.0
gold,0.0,0.0,0.0,,0.0,0,24,0.38,0.34,0.0
gold,0.0,0.0,0.0,,0.0,0,24,0.38,0.36000000000000004,0.0
gold,0.0,0.0,0.0,,0.0,0,24,0.38,0.38,0.0
gold,0.0,0.0,0.0,,0.0,0,24,0.38,0.4,0.0
gold,0.0,0.0,0.0,,0.0,0,24,0.4,0.02,0.0
gold,0.0,0.0,0.0,,0.0,0,24,0.4,0.04,0.0
gold,0.0,0.0,0.0,,0.0,0,24,0.4,0.06,0.0
gold,0.0,0.0,0.0,,0.0,0,24,0.4,0.08,0.0
gold,0.0,0.0,0.0,,0.0,0,24,0.4,0.1,0.0
gold,0.0,0.0,0.0,,0.0,0,24,0.4,0.12000000000000001,0.0
gold,0.0,0.0,0.0,,0.0,0,24,0.4,0.13999999999999999,0.0
gold,0.0,0.0,0.0,,0.0,0,24,0.4,0.16,0.0
gold,0.0,0.0,0.0,,0.0,0,24,0.4,0.18,0.0
gold,0.0,0.0,0.0,,0.0,0,24,0.4,0.19999999999999998,0.0
gold,0.0,0.0,0.0,,0.0,0,24,0.4,0.22,0.0
gold,0.0,0.0,0.0,,0.0,0,24,0.4,0.24,0.0
gold,0.0,0.0,0.0,,0.0,0,24,0.4,0.26,0.0
gold,0.0,0.0,0.0,,0.0,0,24,0.4,0.28,0.0
gold,0.0,0.0,0.0,,0.0,0,24,0.4,0.30000000000000004,0.0
gold,0.0,0.0,0.0,,0.0,0,24,0.4,0.32,0.0
gold,0.0,0.0,0.0,,0.0,0,24,0.4,0.34,0.0
gold,0.0,0.0,0.0,,0.0,0,24,0.4,0.36000000000000004,0.0
gold,0.0,0.0,0.0,,0.0,0,24,0.4,0.38,0.0
gold,0.0,0.0,0.0,,0.0,0,24,0.4,0.4,0.0
gold,-0.12122852277909157,-0.007611909169210951,-0.25522923907847084,-0.02982381327740687,-0.08708758394343512,52,36,0.02,0.02,12.192307692307692
gold,-0.11099177860221554,-0.006932101741431884,-0.2380257024931436,-0.029123332769626278,-0.07252300788935435,26,36,0.02,0.04,25.384615384615383
gold,-0.11733178163527447,-0.007352258210835516,-0.2559836097085648,-0.02872159752417743,-0.07832217797878228,12,36,0.02,0.06,56.166666666666664
gold,-0.15089976698968577,-0.009625284150856395,-0.2715553622533192,-0.035445015966495595,-0.11225560226476605,8,36,0.02,0.08,84.75
gold,-0.09356563693001962,-0.005791619169903783,-0.2665844451555537,-0.021725270454262015,-0.05040767972400646,7,36,0.02,0.1,104.71428571428571
gold,-0.18004544621020957,-0.011668508215840534,-0.27257793448864265,-0.04280797063684082,-0.1456661670317588,4,36,0.02,0.12000000000000001,170.25
gold,-0.1316969595948937,-0.008314852607074985,-0.26051021563781396,-0.031917568325363035,-0.0920609881958297,4,36,0.02,0.13999999999999999,170.5
gold,-0.12250351446895891,-0.00769710074364327,-0.25268062339021424,-0.030461776769311874,-0.08276054353780153,3,36,0.02,0.16,227.66666666666666
gold,-0.13692168735155386,-0.008668675281335303,-0.270230488743184,-0.032078820275434045,-0.09678588049744334,1,36,0.02,0.18,689.0
gold,-0.12404241795738125,-0.007800081461929453,-0.270230488743184,-0.02886455002989071,-0.08342637054703464,1,36,0.02,0.19999999999999998,694.0
gold,-0.10781788378550172,-0.006722823319972759,-0.270230488743184,-0.02487810813368974,-0.06660296838536335,1,36,0.02,0.22,701.0
gold,-0.09176061285250725,-0.005674667981650061,-0.270230488743184,-0.020999362462919693,-0.04829650482293139,1,36,0.02,0.24,739.0
gold,-0.0793831331749909,-0.004878547714506798,-0.270230488743184,-0.018053283836314896,-0.03504616570481014,1,36,0.02,0.26,768.0
gold,-0.06349312548088182,-0.003871136502635597,-0.270230488743184,-0.014325313626304272,-0.020402620091883428,1,36,0.02,0.28,769.0
gold,-0.047770381025658226,-0.002890036188117673,-0.270230488743184,-0.010694708067764496,-0.005011410654038489,1,36,0.02,0.30000000000000004,776.0
gold,-0.022680895192854655,-0.001355579653634642,-0.270230488743184,-0.005016383088153053,0.01675189567521885,1,36,0.02,0.32,781.0
gold,-0.007459940454286995,-0.0004426406385403814,-0.270230488743184,-0.0016380114642099062,0.029638116264733425,1,36,0.02,0.34,783.0
gold,-0.007459940454286995,-0.0004426406385403814,-0.270230488743184,-0.0016380114642099062,0.029638116264733425,1,36,0.02,0.36000000000000004,783.0
gold,0.009266383434248793,0.000545520845099956,-0.270230488743184,0.0020187242662259206,0.04715818930609275,1,36,0.02,0.38,1492.0
gold,0.02950523533937699,0.0017207984137230792,-0.270230488743184,0.006367891431223571,0.06171322928750293,1,36,0.02,0.4,1498.0
gold,-0.15639310463157752,-0.010005289139393692,-0.25522923907847084,-0.03920118704079019,-0.12713414589073158,51,36,0.04,0.02,12.411764705882353
gold,-0.14656599007723892,-0.009327121228952961,-0.2380257024931436,-0.0391853532255477,-0.11123099249876234,25,36,0.04,0.04,26.36
gold,-0.11733178163527447,-0.007352258210835516,-0.2559836097085648,-0.02872159752417743,-0.07832217797878228,12,36,0.04,0.06,56.166666666666664
gold,-0.15089976698968577,-0.009625284150856395,-0.2715553622533192,-0.035445015966495595,-0.11225560226476605,8,36,0.04,0.08,84.75
gold,-0.09356563693001962,-0.005791619169903783,-0.2665844451555537,-0.021725270454262015,-0.05040767972400646,7,36,0.04,0.1,104.71428571428571
gold,-0.18004544621020957,-0.011668508215840534,-0.27257793448864265,-0.04280797063684082,-0.1456661670317588,4,36,0.04,0.12000000000000001,170.25
gold,-0.1316969595948937,-0.008314852607074985,-0.26051021563781396,-0.031917568325363035,-0.0920609881958297,4,36,0.04,0.13999999999999999,170.5
gold,-0.12250351446895891,-0.00769710074364327,-0.25268062339021424,-0.030461776769311874,-0.08276054353780153,3,36,0.04,0.16,227.66666666666666
gold,-0.13692168735155386,-0.008668675281335303,-0.270230488743184,-0.032078820275434045,-0.09678588049744334,1,36,0.04,0.18,689.0
gold,-0.12404241795738125,-0.007800081461929453,-0.270230488743184,-0.02886455002989071,-0.08342637054703464,1,36,0.04,0.19999999999999998,694.0
gold,-0.10781788378550172,-0.006722823319972759,-0.270230488743184,-0.02487810813368974,-0.06660296838536335,1,36,0.04,0.22,701.0
gold,-0.09176061285250725,-0.005674667981650061,-0.270230488743184,-0.020999362462919693,-0.04829650482293139,1,36,0.04,0.24,739.0
gold,-0.0793831331749909,-0.004878547714506798,-0.270230488743184,-0.018053283836314896,-0.03504616570481014,1,36,0.04,0.26,768.0
gold,-0.06349312548088182,-0.003871136502635597,-0.270230488743184,-0.014325313626304272,-0.020402620091883428,1,36,0.04,0.28,769.0
gold,-0.047770381025658226,-0.002890036188117673,-0.270230488743184,-0.010694708067764496,-0.005011410654038489,1,36,0.04,0.30000000000000004,776.0
gold,-0.022680895192854655,-0.001355579653634642,-0.270230488743184,-0.005016383088153053,0.01675189567521885,1,36,0.04,0.32,781.0
gold,-0.007459940454286995,-0.0004426406385403814,-0.270230488743184,-0.0016380114642099062,0.029638116264733425,1,36,0.04,0.34,783.0
gold,-0.007459940454286995,-0.0004426406385403814,-0.270230488743184,-0.0016380114642099062,0.029638116264733425,1,36,0.04,0.36000000000000004,783.0
gold,0.009266383434248793,0.000545520845099956,-0.270230488743184,0.0020187242662259206,0.04715818930609275,1,36,0.04,0.38,1492.0
gold,0.02950523533937699,0.0017207984137230792,-0.270230488743184,0.006367891431223571,0.06171322928750293,1,36,0.04,0.4,1498.0
gold,-0.07109558675287442,-0.004351101964335635,-0.2301563460740359,-0.018904983671125836,-0.042015797891846146,51,36,0.06,0.02,12.372549019607844
gold,-0.07693382811270366,-0.004722202652501228,-0.23074133598280622,-0.020465351959534053,-0.04456352148501275,25,36,0.06,0.04,26.32
gold,-0.0453143841241499,-0.0027381599307773064,-0.2559836097085648,-0.01069662207629105,-0.011402869996833372,12,36,0.06,0.06,56.083333333333336
gold,-0.08162120032645925,-0.005021751517239381,-0.26471735417317144,-0.018970239155360693,-0.0469716357841097,8,36,0.06,0.08,84.625
gold,-0.11909263806184822,-0.0074694552461400665,-0.25969977440604297,-0.02876188577068806,-0.08751937521041551,6,36,0.06,0.1,112.66666666666667
gold,-0.11314489194448918,-0.00707447304667852,-0.26574952543201047,-0.026620830404788277,-0.08101935266542501,4,36,0.06,0.12000000000000001,170.0
gold,-0.060851625051384195,-0.003705228729124488,-0.2535685252764197,-0.01461233694160326,-0.026090522093550117,4,36,0.06,0.13999999999999999,170.25
gold,-0.050908081555126494,-0.0030846053860223988,-0.2456654355901965,-0.012556122836783364,-0.01639274253889593,3,36,0.06,0.16,227.33333333333334
gold,-0.06650264129097616,-0.0040606960679763215,-0.2633800438966739,-0.015417630006810103,-0.031264234479017,1,36,0.06,0.18,688.0
gold,-0.052572545046674746,-0.0031880647868614,-0.2633800438966739,-0.012104428033705178,-0.01748884094506612,1,36,0.06,0.19999999999999998,693.0
gold,-0.03502424198567189,-0.0021057992543361825,-0.2633800438966739,-0.007995287809893085,-0.00031624920475937097,1,36,0.06,0.22,700.0
gold,-0.017656849265504038,-0.0010527718032385947,-0.2633800438966739,-0.003997158583706537,0.01715684128998136,1,36,0.06,0.24,738.0
gold,-0.004269484043707972,-0.00025295095128496925,-0.2633800438966739,-0.0009604028746544059,0.029839366971740198,1,36,0.06,0.26,767.0
gold,0.012916998335624763,0.000759142983514316,-0.2633800438966739,0.0028823101867662144,0.044890291790514035,1,36,0.06,0.28,768.0
gold,0.029922570374122603,0.0017448037207110634,-0.2633800438966739,0.006624661819084379,0.05960534723102763,1,36,0.06,0.30000000000000004,775.0
gold,0.057059121499384746,0.0032863928289750266,-0.2633800438966739,0.012477759439755825,0.08189491325490543,1,36,0.06,0.32,780.0
gold,0.07352196251537735,0.0042035754343803244,-0.2633800438966739,0.01596011365245812,0.09505033233205434,1,36,0.06,0.34,782.0
gold,0.07352196251537735,0.0042035754343803244,-0.2633800438966739,0.01596011365245812,0.09505033233205434,1,36,0.06,0.36000000000000004,782.0
gold,0.09161299659888567,0.005196330162945406,-0.2633800438966739,0.019729399714824136,0.10508736039586375,1,36,0.06,0.38,1491.0
gold,0.11350314783993065,0.006377070743249114,-0.2633800438966739,0.024212429495041352,0.11993072117097132,1,36,0.06,0.4,1497.0
gold,-0.0624349068276866,-0.003804618942744087,-0.20568784252639127,-0.018497053087889362,-0.03396627939351055,50,36,0.08,0.02,12.32
gold,-0.049615785102005594,-0.0030043967294608453,-0.23074133598280633,-0.013020626393897268,-0.018117406634541006,25,36,0.08,0.04,25.92
gold,-0.01789443223378806,-0.0010670584774583602,-0.232335992958706,-0.004592738576015697,0.014495875187632063,12,36,0.08,0.06,55.333333333333336
gold,-0.07046442462710034,-0.004311114447620001,-0.26471735417317144,-0.016285726567060572,-0.0359005090004507,8,36,0.08,0.08,84.5
gold,-0.11909263806184822,-0.0074694552461400665,-0.25969977440604297,-0.02876188577068806,-0.08751937521041551,6,36,0.08,0.1,112.66666666666667
gold,-0.11314489194448918,-0.00707447304667852,-0.26574952543201047,-0.026620830404788277,-0.08101935266542501,4,36,0.08,0.12000000000000001,170.0
gold,-0.060851625051384195,-0.003705228729124488,-0.2535685252764197,-0.01461233694160326,-0.026090522093550117,4,36,0.08,0.13999999999999999,170.25
gold,-0.050908081555126494,-0.0030846053860223988,-0.2456654355901965,-0.012556122836783364,-0.01639274253889593,3,36,0.08,0.16,227.33333333333334
gold,-0.06650264129097616,-0.0040606960679763215,-0.2633800438966739,-0.015417630006810103,-0.031264234479017,1,36,0.08,0.18,688.0
gold,-0.052572545046674746,-0.0031880647868614,-0.2633800438966739,-0.012104428033705178,-0.01748884094506612,1,36,0.08,0.19999999999999998,693.0
gold,-0.03502424198567189,-0.0021057992543361825,-0.2633800438966739,-0.007995287809893085,-0.00031624920475937097,1,36,0.08,0.22,700.0
gold,-0.017656849265504038,-0.0010527718032385947,-0.2633800438966739,-0.003997158583706537,0.01715684128998136,1,36,0.08,0.24,738.0
gold,-0.004269484043707972,-0.00025295095128496925,-0.2633800438966739,-0.0009604028746544059,0.029839366971740198,1,36,0.08,0.26,767.0
gold,0.012916998335624763,0.000759142983514316,-0.2633800438966739,0.0028823101867662144,0.044890291790514035,1,36,0.08,0.28,768.0
gold,0.029922570374122603,0.0017448037207110634,-0.2633800438966739,0.006624661819084379,0.05960534723102763,1,36,0.08,0.30000000000000004,775.0
gold,0.057059121499384746,0.0032863928289750266,-0.2633800438966739,0.012477759439755825,0.08189491325490543,1,36,0.08,0.32,780.0
gold,0.07352196251537735,0.0042035754343803244,-0.2633800438966739,0.01596011365245812,0.09505033233205434,1,36,0.08,0.34,782.0
gold,0.07352196251537735,0.0042035754343803244,-0.2633800438966739,0.01596011365245812,0.09505033233205434,1,36,0.08,0.36000000000000004,782.0
gold,0.09161299659888567,0.005196330162945406,-0.2633800438966739,0.019729399714824136,0.10508736039586375,1,36,0.08,0.38,1491.0
gold,0.11350314783993065,0.006377070743249114,-0.2633800438966739,0.024212429495041352,0.11993072117097132,1,36,0.08,0.4,1497.0
gold,-0.04329628431645993,-0.002613637654932499,-0.1850082123872524,-0.014127143985704423,-0.014748373559692739,49,36,0.1,0.02,12.122448979591837
gold,-0.04753189467115759,-0.002875272296896436,-0.23074133598280622,-0.012461019542292536,-0.016899850789864473,24,36,0.1,0.04,25.75
gold,-0.08899737645626005,-0.005496055215290063,-0.226756851590321,-0.024237658870038127,-0.0584452294047802,11,36,0.1,0.06,58.45454545454545
gold,-0.1486666172848633,-0.009471465582482574,-0.26471735417317144,-0.03577954158716236,-0.12069559125075499,7,36,0.1,0.08,93.85714285714286
gold,-0.10527719227571752,-0.006555800872900086,-0.2520278168235265,-0.02601221149128373,-0.07336891152118208,6,36,0.1,0.1,111.66666666666667
gold,-0.11314489194448918,-0.00707447304667852,-0.26574952543201047,-0.026620830404788277,-0.08101935266542501,4,36,0.1,0.12000000000000001,170.0
gold,-0.060851625051384195,-0.003705228729124488,-0.2535685252764197,-0.01461233694160326,-0.026090522093550117,4,36,0.1,0.13999999999999999,170.25
gold,-0.03602328377516373,-0.0021669146259206684,-0.23383505622285983,-0.0092668510056741,-0.0022256390822276884,3,36,0.1,0.16,225.33333333333334
gold,-0.06650264129097616,-0.0040606960679763215,-0.2633800438966739,-0.015417630006810103,-0.031264234479017,1,36,0.1,0.18,688.0
gold,-0.052572545046674746,-0.0031880647868614,-0.2633800438966739,-0.012104428033705178,-0.01748884094506612,1,36,0.1,0.19999999999999998,693.0
gold,-0.03502424198567189,-0.0021057992543361825,-0.2633800438966739,-0.007995287809893085,-0.00031624920475937097,1,36,0.1,0.22,700.0
gold,-0.017656849265504038,-0.0010527718032385947,-0.2633800438966739,-0.003997158583706537,0.01715684128998136,1,36,0.1,0.24,738.0
gold,-0.004269484043707972,-0.00025295095128496925,-0.2633800438966739,-0.0009604028746544059,0.029839366971740198,1,36,0.1,0.26,767.0
gold,0.012916998335624763,0.000759142983514316,-0.2633800438966739,0.0028823101867662144,0.044890291790514035,1,36,0.1,0.28,768.0
gold,0.029922570374122603,0.0017448037207110634,-0.2633800438966739,0.006624661819084379,0.05960534723102763,1,36,0.1,0.30000000000000004,775.0
gold,0.057059121499384746,0.0032863928289750266,-0.2633800438966739,0.012477759439755825,0.08189491325490543,1,36,0.1,0.32,780.0
gold,0.07352196251537735,0.0042035754343803244,-0.2633800438966739,0.01596011365245812,0.09505033233205434,1,36,0.1,0.34,782.0
gold,0.07352196251537735,0.0042035754343803244,-0.2633800438966739,0.01596011365245812,0.09505033233205434,1,36,0.1,0.36000000000000004,782.0
gold,0.09161299659888567,0.005196330162945406,-0.2633800438966739,0.019729399714824136,0.10508736039586375,1,36,0.1,0.38,1491.0
gold,0.11350314783993065,0.006377070743249114,-0.2633800438966739,0.024212429495041352,0.11993072117097132,1,36,0.1,0.4,1497.0
gold,0.025379535188791325,0.0014829923097832154,-0.14984465664309654,0.009896864813240827,0.05439126744131386,46,36,0.12000000000000001,0.02,11.608695652173912
gold,0.04409222153542158,0.002554465626252611,-0.21247345184331135,0.012022516714871291,0.0726371823826093,23,36,0.12000000000000001,0.04,24.782608695652176
gold,-0.015176520207771604,-0.0009038149814445395,-0.19505409579017607,-0.004633663178325632,0.015295568875132838,11,36,0.12000000000000001,0.06,56.18181818181818
gold,-0.09331028601833136,-0.005775061164581707,-0.23540542069100456,-0.024532405191136652,-0.06364220349393883,7,36,0.12000000000000001,0.08,90.14285714285714
gold,-0.0654043529965952,-0.003991451936803392,-0.2520278168235264,-0.01583734679413688,-0.03313610394834618,6,36,0.12000000000000001,0.1,109.66666666666667
gold,-0.0839396528513835,-0.005170445485923936,-0.24510970946030264,-0.021094413180565284,-0.05221005967483093,4,36,0.12000000000000001,0.12000000000000001,165.5
gold,-0.024915270404941237,-0.0014907200618476946,-0.22862372256888008,-0.0065204084908492745,0.007655471224358555,4,36,0.12000000000000001,0.13999999999999999,164.75
gold,-0.003205291946133726,-0.00018980621123121377,-0.2203210290952916,-0.0008614983871971667,0.028559379288306038,3,36,0.12000000000000001,0.16,221.33333333333334
gold,-0.06212512268712045,-0.003785159882039979,-0.2633800438966738,-0.014371475629053084,-0.026975449139278226,1,36,0.12000000000000001,0.18,687.0
gold,-0.048129703006288715,-0.0029122871790894234,-0.2633800438966738,-0.011057357026760684,-0.013205887833681354,1,36,0.12000000000000001,0.19999999999999998,692.0
gold,-0.03049910938238387,-0.0018297222273969682,-0.2633800438966738,-0.006947079969789904,0.0039480043832400705,1,36,0.12000000000000001,0.22,699.0
gold,-0.01305027445563256,-0.0007764034461286151,-0.2633800438966738,-0.002947844622704994,0.021322034807557712,1,36,0.12000000000000001,0.24,737.0
gold,0.0003998691337381288,2.363868395538482e-05,-0.2633800438966738,8.975123401778486e-05,0.03393772985621333,1,36,0.12000000000000001,0.26,766.0
gold,0.017666945363335795,0.0010360126242745515,-0.2633800438966738,0.003933527418960367,0.04898287946066039,1,36,0.12000000000000001,0.28,767.0
gold,0.034752262895779484,0.0020219460539929734,-0.2633800438966738,0.007676914408846404,0.06362295521283541,1,36,0.12000000000000001,0.30000000000000004,774.0
gold,0.06201606746882837,0.0035639616577083366,-0.2633800438966738,0.013531631345260572,0.08590133357252557,1,36,0.12000000000000001,0.32,779.0
gold,0.07855610890981146,0.004481398010501625,-0.2633800438966738,0.017014948984744323,0.09904784092830102,1,36,0.12000000000000001,0.34,781.0
gold,0.07855610890981146,0.004481398010501625,-0.2633800438966738,0.017014948984744323,0.09904784092830102,1,36,0.12000000000000001,0.36000000000000004,781.0
gold,0.09673197862517724,0.005474427394209114,-0.2633800438966738,0.02078527785634654,0.10860487500419945,1,36,0.12000000000000001,0.38,1490.0
gold,0.1187247809807701,0.00665549463774906,-0.2633800438966738,0.025269547909863917,0.12344380807291429,1,36,0.12000000000000001,0.4,1496.0
gold,0.22130657481349258,0.011890919219365692,-0.13120342142153396,0.09062964281367496,0.2553426256465974,39,36,0.13999999999999999,0.02,10.435897435897436
gold,0.3333694360809676,0.01715694619684971,-0.14415458298233474,0.11901769504582582,0.33716571875096435,22,36,0.13999999999999999,0.04,21.09090909090909
gold,0.09108123901426701,0.005167371231706408,-0.16721805907105647,0.030901992646085084,0.11808140505548714,10,36,0.13999999999999999,0.06,54.2
gold,0.02169645971854095,0.0012699373785023393,-0.17457622559919517,0.007274400475457375,0.05083939182807587,7,36,0.13999999999999999,0.08,83.28571428571429
gold,0.03158138391604304,0.0018401290569496354,-0.21312059209107037,0.008634215206024363,0.060534381601023694,6,36,0.13999999999999999,0.1,102.66666666666667
gold,-0.005102839661982883,-0.000302443159012733,-0.19200432048083294,-0.0015751893408196757,0.02475500017627897,4,36,0.13999999999999999,0.12000000000000001,156.25
gold,0.09103329920404413,0.005164759830038168,-0.1598360655737704,0.03231285637254651,0.11547302025405465,4,36,0.13999999999999999,0.13999999999999999,154.25
gold,0.09954585756815493,0.005626776317342097,-0.1729323308270676,0.03253744566115214,0.12259891286805594,3,36,0.13999999999999999,0.16,208.0
gold,-0.042671614100185495,-0.0025751438806834726,-0.23254177660510122,-0.011073897853014778,-0.009984842253802351,1,36,0.13999999999999999,0.18,667.0
gold,-0.02838589981447115,-0.0017012109747573945,-0.23254177660510122,-0.007315721930027068,0.004115822211660699,1,36,0.13999999999999999,0.19999999999999998,672.0
gold,-0.010389610389610393,-0.00061733112505169,-0.23254177660510122,-0.002654710624749513,0.021628157828842184,1,36,0.13999999999999999,0.22,679.0
gold,0.007421150278293043,0.00043726703143631696,-0.23254177660510122,0.0018803805398755378,0.0389881563405203,1,36,0.13999999999999999,0.24,717.0
gold,0.021150278293135427,0.0012382809034980902,-0.23254177660510122,0.0053249825539989715,0.05159243844850328,1,36,0.13999999999999999,0.26,746.0
gold,0.038775510204081653,0.0022518844868801846,-0.23254177660510122,0.00968378465046433,0.06695965695574614,1,36,0.13999999999999999,0.28,747.0
gold,0.05621521335807045,0.0032390154446599873,-0.23254177660510122,0.013928746446968246,0.08156039608464093,1,36,0.13999999999999999,0.30000000000000004,754.0
gold,0.08404452690166964,0.004782904001356503,-0.23254177660510122,0.020567934377996755,0.10427514903436892,1,36,0.13999999999999999,0.32,759.0
gold,0.10092764378478658,0.005701454684736484,-0.23254177660510122,0.024517980244120198,0.11766325936579435,1,36,0.13999999999999999,0.34,761.0
gold,0.10092764378478658,0.005701454684736484,-0.23254177660510122,0.024517980244120198,0.11766325936579435,1,36,0.13999999999999999,0.36000000000000004,761.0
gold,0.11948051948051952,0.006695690215346994,-0.23254177660510122,0.02879349385343998,0.12482858920974485,1,36,0.13999999999999999,0.38,1470.0
gold,0.1419294990723563,0.007878191999114437,-0.23254177660510122,0.03387860931540511,0.13989343125165374,1,36,0.13999999999999999,0.4,1476.0
gold,0.21680267209387027,0.01166989509002514,-0.107480619948911,0.10857673779302926,0.2936339403471576,28,36,0.16,0.02,9.035714285714286
gold,0.2511343213318884,0.013335614407618657,-0.1080770603394825,0.12338986983666983,0.3101438846985442,16,36,0.16,0.04,19.4375
gold,0.23160157570056028,0.01239326900525839,-0.1086387434554974,0.11407780144599286,0.27377552482288137,9,36,0.16,0.06,41.77777777777778
gold,0.08578067383702592,0.004877980175289176,-0.1729323308270676,0.028207450578846115,0.1188482184455951,6,36,0.16,0.08,79.33333333333333
gold,0.10068794390144653,0.005688506475564514,-0.1598360655737704,0.03558963025737801,0.13549888819539677,5,36,0.16,0.1,91.0
gold,0.0927209296478082,0.005256624362440565,-0.1598360655737704,0.0328875985752692,0.12070734653695814,4,36,0.16,0.12000000000000001,145.0
gold,0.18660055608988824,0.010167559878459853,-0.1598360655737705,0.06361242590626164,0.20314748743728955,4,36,0.16,0.13999999999999999,147.25
gold,0.17102030184645245,0.009378431396412035,-0.1729323308270676,0.05423179894446961,0.18835739146425495,3,36,0.16,0.16,200.33333333333334
gold,-0.012629161882893314,-0.0007511996594568027,-0.2325417766051011,-0.003230385827543059,0.017964887398365378,1,36,0.16,0.18,646.0
gold,0.0021048603138156263,0.00012433136673251077,-0.2325417766051011,0.0005346624961227866,0.032415238569872655,1,36,0.16,0.19999999999999998,651.0
gold,0.02066590126291601,0.001210193256865777,-0.2325417766051011,0.00520419717494852,0.050269826807463336,1,36,0.16,0.22,658.0
gold,0.03903559127439715,0.0022667199077175404,-0.2325417766051011,0.009747581448845855,0.06732736735508277,1,36,0.16,0.24,696.0
gold,0.05319556065824704,0.0030691985564128554,-0.2325417766051011,0.01319848244569371,0.07972687104233632,1,36,0.16,0.26,725.0
gold,0.0713738997321085,0.004084655669298609,-0.2325417766051011,0.01756525527985068,0.09543122924679992,1,36,0.16,0.28,726.0
gold,0.0893608878683505,0.005073591747328798,-0.2325417766051011,0.02181797963960985,0.10977361017991186,1,36,0.16,0.30000000000000004,733.0
gold,0.11806352851128965,0.006620303540877837,-0.2325417766051011,0.028469308343336237,0.1329339579513137,1,36,0.16,0.32,738.0
gold,0.1354764638346726,0.007540533934965232,-0.2325417766051011,0.03242657747373476,0.14656073743667625,1,36,0.16,0.34,740.0
gold,0.1354764638346726,0.007540533934965232,-0.2325417766051011,0.03242657747373476,0.14656073743667625,1,36,0.16,0.36000000000000004,740.0
gold,0.15461155759663203,0.008536587577626431,-0.2325417766051011,0.03670990951498205,0.1497956672709952,1,36,0.16,0.38,1449.0
gold,0.17776502104860303,0.009721251747143445,-0.2325417766051011,0.04180432388994742,0.16509183319171403,1,36,0.16,0.4,1455.0
gold,0.21914122428435578,0.011784752888672534,-0.0665064705824987,0.17719708752329602,0.33398626089152883,19,36,0.18,0.02,7.368421052631579
gold,0.22901271355749775,0.012267317063630045,-0.08704453441295568,0.14093150301007507,0.32756223003835844,11,36,0.18,0.04,14.909090909090908
gold,0.22764894751587517,0.012200867425571582,-0.10478873239436615,0.11643300903435252,0.29860897256961694,7,36,0.18,0.06,33.142857142857146
gold,0.21072796877940725,0.011370563247712795,-0.10478873239436615,0.1085094073370442,0.29323968656432453,5,36,0.18,0.08,39.8
gold,0.17612676801963878,0.009638152847665449,-0.10478873239436626,0.09197699626132345,0.24824954523635104,4,36,0.18,0.1,52.25
gold,0.2724368875472585,0.014347692119747624,-0.10478873239436626,0.13692018017501084,0.3122550058602662,4,36,0.18,0.12000000000000001,89.25
gold,0.38175656509069245,0.0193030398250984,-0.10478873239436615,0.18420911661048214,0.39974295832561074,4,36,0.18,0.13999999999999999,91.5
gold,0.2920938320621047,0.01526754292162047,-0.1729323308270675,0.08828622645980541,0.30416190013942546,3,36,0.18,0.16,165.0
gold,0.004281821720513834,0.0002526634398540839,-0.23254177660510122,0.0010865292402197175,0.03440378134892393,1,36,0.18,0.18,645.0
gold,0.019268197742312365,0.0011290740400684562,-0.23254177660510122,0.004855359998327664,0.04885262510411491,1,36,0.18,0.19999999999999998,650.0
gold,0.038147138964577776,0.0022160268063500244,-0.23254177660510122,0.009529585774659519,0.0666552247742483,1,36,0.18,0.22,657.0
gold,0.05683145192681982,0.0032736148626475448,-0.23254177660510122,0.014077534413125026,0.08331115335328602,1,36,0.18,0.24,695.0
gold,0.07123394316854803,0.004076899695651726,-0.23254177660510122,0.01753190224642969,0.09544152495088519,1,36,0.18,0.26,724.0
gold,0.08972362787076693,0.005093376954795392,-0.23254177660510122,0.021903062018163232,0.11114410534956647,1,36,0.18,0.28,725.0
gold,0.10801868431296224,0.006083306535580757,-0.23254177660510122,0.026160058740375636,0.12518464816277786,1,36,0.18,0.30000000000000004,732.0
gold,0.13721292331646562,0.007631572183279367,-0.23254177660510122,0.03281806948709772,0.14832926879312772,1,36,0.18,0.32,737.0
gold,0.15492409497859105,0.00855272705717125,-0.23254177660510122,0.03677931416037711,0.16193653579271036,1,36,0.18,0.34,739.0
gold,0.15492409497859105,0.00855272705717125,-0.23254177660510122,0.03677931416037711,0.16193653579271036,1,36,0.18,0.36000000000000004,739.0
gold,0.17438692098092656,0.009549781353019648,-0.23254177660510122,0.04106694931309885,0.1631458353626247,1,36,0.18,0.38,1448.0
gold,0.19793694044375254,0.01073563565721014,-0.23254177660510122,0.046166481627261446,0.1784395989613342,1,36,0.18,0.4,1454.0
gold,0.1426386382949556,0.00791518848849182,-0.046981207516993084,0.1684756290188774,0.2952310521248403,10,36,0.19999999999999998,0.02,6.7
gold,0.14491316676912347,0.008033707275087343,-0.05039840637450188,0.15940399415390732,0.29241679689320943,6,36,0.19999999999999998,0.04,12.5
gold,0.08152574781136712,0.004644713734560879,-0.0503984063745021,0.09215993259879669,0.1700745873184013,3,36,0.19999999999999998,0.06,28.0
gold,0.1743842186188982,0.00954964399702174,-0.050398406374502214,0.18948305480256492,0.31256667354919876,3,36,0.19999999999999998,0.08,33.666666666666664
gold,0.21623943986648708,0.011642200952042492,-0.05039840637450199,0.23100335485870874,0.3481869334661726,3,36,0.19999999999999998,0.1,42.0
gold,0.2885437020812722,0.015102392461887382,-0.050398406374502214,0.29966011920424634,0.417384294062146,3,36,0.19999999999999998,0.12000000000000001,54.333333333333336
gold,0.3432554371816925,0.017601306267268857,-0.05039840637450199,0.34924331012525556,0.47470746325765895,3,36,0.19999999999999998,0.13999999999999999,57.0
gold,0.19346543512223535,0.010512171302827555,-0.1729323308270675,0.060787773185915925,0.25812406828215606,2,36,0.19999999999999998,0.16,164.5
gold,0.027683728340967884,0.0016159171727352373,-0.2325417766051011,0.006948932773827402,0.056807944728008375,1,36,0.19999999999999998,0.18,643.0
gold,0.043019318860784805,0.002493522241173496,-0.2325417766051011,0.010722900106710533,0.07129329401278764,1,36,0.19999999999999998,0.19999999999999998,648.0
gold,0.062338179645488934,0.00358195642557102,-0.2325417766051011,0.015403496429176438,0.08907020107261433,1,36,0.19999999999999998,0.22,655.0
gold,0.08145787691694872,0.004640985878545889,-0.2325417766051011,0.01995764350948062,0.1052053447767014,1,36,0.19999999999999998,0.24,693.0
gold,0.09619597689703241,0.005445365515980072,-0.2325417766051011,0.02341671933309131,0.1169870508152726,1,36,0.19999999999999998,0.26,722.0
gold,0.11511651065524786,0.0064632281415104575,-0.2325417766051011,0.027793836599460633,0.13272428900571034,1,36,0.19999999999999998,0.28,723.0
gold,0.13383788090021898,0.007454506906602543,-0.2325417766051011,0.03205663522241714,0.1463711439009275,1,36,0.19999999999999998,0.30000000000000004,730.0
gold,0.16371240788687502,0.009004882700068162,-0.2325417766051011,0.0387237202344081,0.16954530205492502,1,36,0.19999999999999998,0.32,735.0
gold,0.18183628759211312,0.009927293024573736,-0.2325417766051011,0.04269036372519039,0.1831549568079193,1,36,0.19999999999999998,0.34,737.0
gold,0.18183628759211312,0.009927293024573736,-0.2325417766051011,0.04269036372519039,0.1831549568079193,1,36,0.19999999999999998,0.36000000000000004,737.0
gold,0.2017526389165505,0.010925706215070052,-0.2325417766051011,0.046983842536061464,0.18149806632429444,1,36,0.19999999999999998,0.38,1446.0
gold,0.22585142401911962,0.012113176731209707,-0.2325417766051011,0.05209032505062571,0.1968140091601948,1,36,0.19999999999999998,0.4,1452.0
gold,0.1631010988480388,0.008973535203482985,-0.03891129032258067,0.23061520522940712,0.4319878916503646,7,36,0.22,0.02,6.857142857142857
gold,0.14275931391199803,0.007921482102899002,-0.05039840637450199,0.15717723382036755,0.34795639237693055,4,36,0.22,0.04,13.25
gold,0.14468991727288438,0.00802208422981554,-0.05039840637450199,0.159173370884087,0.2922904263301831,3,36,0.22,0.06,26.333333333333332
gold,0.24297158600047797,0.012943503671509093,-0.05039840637450199,0.2568236696876508,0.43017644251458337,3,36,0.22,0.08,32.0
gold,0.28727127081546877,0.01504309529263903,-0.0503984063745021,0.2984835508658015,0.455456584948658,3,36,0.22,0.1,40.333333333333336
gold,0.3637983069037065,0.01851491912240122,-0.0503984063745021,0.36737112250772297,0.5178802180954754,3,36,0.22,0.12000000000000001,52.666666666666664
gold,0.42170536242475487,0.021022233666512458,-0.050398406374502214,0.41712100002328883,0.5744459598443222,3,36,0.22,0.13999999999999999,55.333333333333336
gold,0.24395861724793177,0.012991045932730705,-0.1729323308270676,0.0751221351762254,0.31702849855482085,2,36,0.22,0.16,162.5
gold,0.05824446267432326,0.003352878355660005,-0.2325417766051011,0.014418391415981188,0.08565472786762107,1,36,0.22,0.18,641.0
gold,0.07403609515996723,0.004232005330760957,-0.2325417766051011,0.018198903408000035,0.10016335153687585,1,36,0.22,0.19999999999999998,646.0
gold,0.09392945036915501,0.005322327033014274,-0.2325417766051011,0.022887616628355634,0.11787682826090327,1,36,0.22,0.22,653.0
gold,0.1136177194421657,0.006383193011367583,-0.2325417766051011,0.027449661323468013,0.13330561870122257,1,36,0.22,0.24,691.0
gold,0.12879409351927795,0.007188967570929794,-0.2325417766051011,0.030914735734293406,0.14461507889037534,1,36,0.22,0.26,720.0
gold,0.14827727645611155,0.008208595332017454,-0.2325417766051011,0.03529944361763936,0.16037416220926706,1,36,0.22,0.28,721.0
gold,0.16755537325676761,0.00920159313202773,-0.2325417766051011,0.03956963461087568,0.17349043677509765,1,36,0.22,0.30000000000000004,728.0
gold,0.19831829368334675,0.01075465752351401,-0.2325417766051011,0.04624828140784959,0.1966707993457533,1,36,0.22,0.32,733.0
gold,0.21698113207547154,0.011678667454116942,-0.2325417766051011,0.050221803688846316,0.2102650006879103,1,36,0.22,0.34,735.0
gold,0.21698113207547154,0.011678667454116942,-0.2325417766051011,0.050221803688846316,0.2102650006879103,1,36,0.22,0.36000000000000004,735.0
gold,0.23748974569319103,0.012678812051759136,-0.2325417766051011,0.054522728074319744,0.20491680867454476,1,36,0.22,0.38,1444.0
gold,0.26230516817063165,0.013868341830493458,-0.2325417766051011,0.059638066041115975,0.2202457827423719,1,36,0.22,0.4,1450.0
gold,0.025592615900985827,0.0014952963492362858,-0.0074119827053734655,0.20174039911780162,0.2799530157968437,1,36,0.24,0.02,7.0
gold,0.04048667925319904,0.0023494281056937183,-0.012958088681919278,0.18130977209408436,0.30853682000630867,1,36,0.24,0.04,19.0
gold,0.0602055800293686,0.0034627232925934504,-0.014516129032257852,0.2385431601564412,0.3626211753459544,1,36,0.24,0.06,30.0
gold,0.0958674218586113,0.005427544734576184,-0.014516129032257852,0.3738975261596982,0.49841500468451316,1,36,0.24,0.08,34.0
gold,0.10279001468428794,0.005801966750599963,-0.014516129032257852,0.3996910428191144,0.5113314720262309,1,36,0.24,0.1,40.0
gold,0.131529263687854,0.007333103786425488,-0.01581623046507241,0.46364421678221385,0.5287666087710022,1,36,0.24,0.12000000000000001,52.0
gold,0.14390602055800295,0.00798125529204663,-0.01581623046507241,0.504624367334046,0.5635095326461255,1,36,0.24,0.13999999999999999,54.0
gold,0.10006293266205168,0.005654731873519614,-0.1729323308270676,0.032699101703396044,0.176555660225299,1,36,0.24,0.16,263.0
gold,0.08244178728760221,0.004695006317334105,-0.19988996882450027,0.023487953622406306,0.11685535904428672,1,36,0.24,0.18,523.0
gold,0.09859450388084756,0.005575309250485994,-0.19988996882450027,0.027891891140275342,0.13369129997295884,1,36,0.24,0.19999999999999998,528.0
gold,0.11894273127753308,0.00666708941394023,-0.19988996882450027,0.03335379685707897,0.1539855650690829,1,36,0.24,0.22,535.0
gold,0.1390811831340466,0.007729374452251081,-0.19988996882450027,0.03866814576892215,0.16990494154387759,1,36,0.24,0.24,573.0
gold,0.15460457310677578,0.008536226850518469,-0.19988996882450027,0.042704628454933224,0.18155610897848765,1,36,0.24,0.26,602.0
gold,0.17453324942311732,0.009557218509550713,-0.19988996882450027,0.04781239681888077,0.19948339306929827,1,36,0.24,0.28,603.0
gold,0.19425215019928666,0.01055154458612484,-0.19988996882450027,0.05278676387902637,0.2128010601131027,1,36,0.24,0.30000000000000004,610.0
gold,0.2257184812250892,0.012106686423334123,-0.19988996882450027,0.060566753271964195,0.2388869049432872,1,36,0.24,0.32,615.0
gold,0.24480805538074257,0.013031932349359732,-0.19988996882450027,0.06519552945051249,0.2540981009493719,1,36,0.24,0.34,617.0
gold,0.24480805538074257,0.013031932349359732,-0.19988996882450027,0.06519552945051249,0.2540981009493719,1,36,0.24,0.36000000000000004,617.0
gold,0.26578560939794427,0.014033414783429121,-0.19988996882450027,0.07020569799453119,0.23756905838318482,1,36,0.24,0.38,1326.0
gold,0.2911684497587581,0.015224535728354027,-0.19988996882450027,0.07616458103368304,0.2542884408494055,1,36,0.24,0.4,1332.0
gold,0.0,0.0,0.0,,0.0,0,36,0.26,0.02,0.0
gold,0.0,0.0,0.0,,0.0,0,36,0.26,0.04,0.0
gold,0.0,0.0,0.0,,0.0,0,36,0.26,0.06,0.0
gold,0.0,0.0,0.0,,0.0,0,36,0.26,0.08,0.0
gold,0.0,0.0,0.0,,0.0,0,36,0.26,0.1,0.0
gold,0.0,0.0,0.0,,0.0,0,36,0.26,0.12000000000000001,0.0
gold,0.0,0.0,0.0,,0.0,0,36,0.26,0.13999999999999999,0.0
gold,0.0,0.0,0.0,,0.0,0,36,0.26,0.16,0.0
gold,0.0,0.0,0.0,,0.0,0,36,0.26,0.18,0.0
gold,0.0,0.0,0.0,,0.0,0,36,0.26,0.19999999999999998,0.0
gold,0.0,0.0,0.0,,0.0,0,36,0.26,0.22,0.0
gold,0.0,0.0,0.0,,0.0,0,36,0.26,0.24,0.0
gold,0.0,0.0,0.0,,0.0,0,36,0.26,0.26,0.0
gold,0.0,0.0,0.0,,0.0,0,36,0.26,0.28,0.0
gold,0.0,0.0,0.0,,0.0,0,36,0.26,0.30000000000000004,0.0
gold,0.0,0.0,0.0,,0.0,0,36,0.26,0.32,0.0
gold,0.0,0.0,0.0,,0.0,0,36,0.26,0.34,0.0
gold,0.0,0.0,0.0,,0.0,0,36,0.26,0.36000000000000004,0.0
gold,0.0,0.0,0.0,,0.0,0,36,0.26,0.38,0.0
gold,0.0,0.0,0.0,,0.0,0,36,0.26,0.4,0.0
gold,0.0,0.0,0.0,,0.0,0,36,0.28,0.02,0.0
gold,0.0,0.0,0.0,,0.0,0,36,0.28,0.04,0.0
gold,0.0,0.0,0.0,,0.0,0,36,0.28,0.06,0.0
gold,0.0,0.0,0.0,,0.0,0,36,0.28,0.08,0.0
gold,0.0,0.0,0.0,,0.0,0,36,0.28,0.1,0.0
gold,0.0,0.0,0.0,,0.0,0,36,0.28,0.12000000000000001,0.0
gold,0.0,0.0,0.0,,0.0,0,36,0.28,0.13999999999999999,0.0
gold,0.0,0.0,0.0,,0.0,0,36,0.28,0.16,0.0
gold,0.0,0.0,0.0,,0.0,0,36,0.28,0.18,0.0
gold,0.0,0.0,0.0,,0.0,0,36,0.28,0.19999999999999998,0.0
gold,0.0,0.0,0.0,,0.0,0,36,0.28,0.22,0.0
gold,0.0,0.0,0.0,,0.0,0,36,0.28,0.24,0.0
gold,0.0,0.0,0.0,,0.0,0,36,0.28,0.26,0.0
gold,0.0,0.0,0.0,,0.0,0,36,0.28,0.28,0.0
gold,0.0,0.0,0.0,,0.0,0,36,0.28,0.30000000000000004,0.0
gold,0.0,0.0,0.0,,0.0,0,36,0.28,0.32,0.0
gold,0.0,0.0,0.0,,0.0,0,36,0.28,0.34,0.0
gold,0.0,0.0,0.0,,0.0,0,36,0.28,0.36000000000000004,0.0
gold,0.0,0.0,0.0,,0.0,0,36,0.28,0.38,0.0
gold,0.0,0.0,0.0,,0.0,0,36,0.28,0.4,0.0
gold,0.0,0.0,0.0,,0.0,0,36,0.30000000000000004,0.02,0.0
gold,0.0,0.0,0.0,,0.0,0,36,0.30000000000000004,0.04,0.0
gold,0.0,0.0,0.0,,0.0,0,36,0.30000000000000004,0.06,0.0
gold,0.0,0.0,0.0,,0.0,0,36,0.30000000000000004,0.08,0.0
gold,0.0,0.0,0.0,,0.0,0,36,0.30000000000000004,0.1,0.0
gold,0.0,0.0,0.0,,0.0,0,36,0.30000000000000004,0.12000000000000001,0.0
gold,0.0,0.0,0.0,,0.0,0,36,0.30000000000000004,0.13999999999999999,0.0
gold,0.0,0.0,0.0,,0.0,0,36,0.30000000000000004,0.16,0.0
gold,0.0,0.0,0.0,,0.0,0,36,0.30000000000000004,0.18,0.0
gold,0.0,0.0,0.0,,0.0,0,36,0.30000000000000004,0.19999999999999998,0.0
gold,0.0,0.0,0.0,,0.0,0,36,0.30000000000000004,0.22,0.0
gold,0.0,0.0,0.0,,0.0,0,36,0.30000000000000004,0.24,0.0
gold,0.0,0.0,0.0,,0.0,0,36,0.30000000000000004,0.26,0.0
gold,0.0,0.0,0.0,,0.0,0,36,0.30000000000000004,0.28,0.0
gold,0.0,0.0,0.0,,0.0,0,36,0.30000000000000004,0.30000000000000004,0.0
gold,0.0,0.0,0.0,,0.0,0,36,0.30000000000000004,0.32,0.0
gold,0.0,0.0,0.0,,0.0,0,36,0.30000000000000004,0.34,0.0
gold,0.0,0.0,0.0,,0.0,0,36,0.30000000000000004,0.36000000000000004,0.0
gold,0.0,0.0,0.0,,0.0,0,36,0.30000000000000004,0.38,0.0
gold,0.0,0.0,0.0,,0.0,0,36,0.30000000000000004,0.4,0.0
gold,0.0,0.0,0.0,,0.0,0,36,0.32,0.02,0.0
gold,0.0,0.0,0.0,,0.0,0,36,0.32,0.04,0.0
gold,0.0,0.0,0.0,,0.0,0,36,0.32,0.06,0.0
gold,0.0,0.0,0.0,,0.0,0,36,0.32,0.08,0.0
gold,0.0,0.0,0.0,,0.0,0,36,0.32,0.1,0.0
gold,0.0,0.0,0.0,,0.0,0,36,0.32,0.12000000000000001,0.0
gold,0.0,0.0,0.0,,0.0,0,36,0.32,0.13999999999999999,0.0
gold,0.0,0.0,0.0,,0.0,0,36,0.32,0.16,0.0
gold,0.0,0.0,0.0,,0.0,0,36,0.32,0.18,0.0
gold,0.0,0.0,0.0,,0.0,0,36,0.32,0.19999999999999998,0.0
gold,0.0,0.0,0.0,,0.0,0,36,0.32,0.22,0.0
gold,0.0,0.0,0.0,,0.0,0,36,0.32,0.24,0.0
gold,0.0,0.0,0.0,,0.0,0,36,0.32,0.26,0.0
gold,0.0,0.0,0.0,,0.0,0,36,0.32,0.28,0.0
gold,0.0,0.0,0.0,,0.0,0,36,0.32,0.30000000000000004,0.0
gold,0.0,0.0,0.0,,0.0,0,36,0.32,0.32,0.0
gold,0.0,0.0,0.0,,0.0,0,36,0.32,0.34,0.0
gold,0.0,0.0,0.0,,0.0,0,36,0.32,0.36000000000000004,0.0
gold,0.0,0.0,0.0,,0.0,0,36,0.32,0.38,0.0
gold,0.0,0.0,0.0,,0.0,0,36,0.32,0.4,0.0
gold,0.0,0.0,0.0,,0.0,0,36,0.34,0.02,0.0
gold,0.0,0.0,0.0,,0.0,0,36,0.34,0.04,0.0
gold,0.0,0.0,0.0,,0.0,0,36,0.34,0.06,0.0
gold,0.0,0.0,0.0,,0.0,0,36,0.34,0.08,0.0
gold,0.0,0.0,0.0,,0.0,0,36,0.34,0.1,0.0
gold,0.0,0.0,0.0,,0.0,0,36,0.34,0.12000000000000001,0.0
gold,0.0,0.0,0.0,,0.0,0,36,0.34,0.13999999999999999,0.0
gold,0.0,0.0,0.0,,0.0,0,36,0.34,0.16,0.0
gold,0.0,0.0,0.0,,0.0,0,36,0.34,0.18,0.0
gold,0.0,0.0,0.0,,0.0,0,36,0.34,0.19999999999999998,0.0
gold,0.0,0.0,0.0,,0.0,0,36,0.34,0.22,0.0
gold,0.0,0.0,0.0,,0.0,0,36,0.34,0.24,0.0
gold,0.0,0.0,0.0,,0.0,0,36,0.34,0.26,0.0
gold,0.0,0.0,0.0,,0.0,0,36,0.34,0.28,0.0
gold,0.0,0.0,0.0,,0.0,0,36,0.34,0.30000000000000004,0.0
gold,0.0,0.0,0.0,,0.0,0,36,0.34,0.32,0.0
gold,0.0,0.0,0.0,,0.0,0,36,0.34,0.34,0.0
gold,0.0,0.0,0.0,,0.0,0,36,0.34,0.36000000000000004,0.0
gold,0.0,0.0,0.0,,0.0,0,36,0.34,0.38,0.0
gold,0.0,0.0,0.0,,0.0,0,36,0.34,0.4,0.0
gold,0.0,0.0,0.0,,0.0,0,36,0.36000000000000004,0.02,0.0
gold,0.0,0.0,0.0,,0.0,0,36,0.36000000000000004,0.04,0.0
gold,0.0,0.0,0.0,,0.0,0,36,0.36000000000000004,0.06,0.0
gold,0.0,0.0,0.0,,0.0,0,36,0.36000000000000004,0.08,0.0
gold,0.0,0.0,0.0,,0.0,0,36,0.36000000000000004,0.1,0.0
gold,0.0,0.0,0.0,,0.0,0,36,0.36000000000000004,0.12000000000000001,0.0
gold,0.0,0.0,0.0,,0.0,0,36,0.36000000000000004,0.13999999999999999,0.0
gold,0.0,0.0,0.0,,0.0,0,36,0.36000000000000004,0.16,0.0
gold,0.0,0.0,0.0,,0.0,0,36,0.36000000000000004,0.18,0.0
gold,0.0,0.0,0.0,,0.0,0,36,0.36000000000000004,0.19999999999999998,0.0
gold,0.0,0.0,0.0,,0.0,0,36,0.36000000000000004,0.22,0.0
gold,0.0,0.0,0.0,,0.0,0,36,0.36000000000000004,0.24,0.0
gold,0.0,0.0,0.0,,0.0,0,36,0.36000000000000004,0.26,0.0
gold,0.0,0.0,0.0,,0.0,0,36,0.36000000000000004,0.28,0.0
gold,0.0,0.0,0.0,,0.0,0,36,0.36000000000000004,0.30000000000000004,0.0
gold,0.0,0.0,0.0,,0.0,0,36,0.36000000000000004,0.32,0.0
gold,0.0,0.0,0.0,,0.0,0,36,0.36000000000000004,0.34,0.0
gold,0.0,0.0,0.0,,0.0,0,36,0.36000000000000004,0.36000000000000004,0.0
gold,0.0,0.0,0.0,,0.0,0,36,0.36000000000000004,0.38,0.0
gold,0.0,0.0,0.0,,0.0,0,36,0.36000000000000004,0.4,0.0
gold,0.0,0.0,0.0,,0.0,0,36,0.38,0.02,0.0
gold,0.0,0.0,0.0,,0.0,0,36,0.38,0.04,0.0
gold,0.0,0.0,0.0,,0.0,0,36,0.38,0.06,0.0
gold,0.0,0.0,0.0,,0.0,0,36,0.38,0.08,0.0
gold,0.0,0.0,0.0,,0.0,0,36,0.38,0.1,0.0
gold,0.0,0.0,0.0,,0.0,0,36,0.38,0.12000000000000001,0.0
gold,0.0,0.0,0.0,,0.0,0,36,0.38,0.13999999999999999,0.0
gold,0.0,0.0,0.0,,0.0,0,36,0.38,0.16,0.0
gold,0.0,0.0,0.0,,0.0,0,36,0.38,0.18,0.0
gold,0.0,0.0,0.0,,0.0,0,36,0.38,0.19999999999999998,0.0
gold,0.0,0.0,0.0,,0.0,0,36,0.38,0.22,0.0
gold,0.0,0.0,0.0,,0.0,0,36,0.38,0.24,0.0
gold,0.0,0.0,0.0,,0.0,0,36,0.38,0.26,0.0
gold,0.0,0.0,0.0,,0.0,0,36,0.38,0.28,0.0
gold,0.0,0.0,0.0,,0.0,0,36,0.38,0.30000000000000004,0.0
gold,0.0,0.0,0.0,,0.0,0,36,0.38,0.32,0.0
gold,0.0,0.0,0.0,,0.0,0,36,0.38,0.34,0.0
gold,0.0,0.0,0.0,,0.0,0,36,0.38,0.36000000000000004,0.0
gold,0.0,0.0,0.0,,0.0,0,36,0.38,0.38,0.0
gold,0.0,0.0,0.0,,0.0,0,36,0.38,0.4,0.0
gold,0.0,0.0,0.0,,0.0,0,36,0.4,0.02,0.0
gold,0.0,0.0,0.0,,0.0,0,36,0.4,0.04,0.0
gold,0.0,0.0,0.0,,0.0,0,36,0.4,0.06,0.0
gold,0.0,0.0,0.0,,0.0,0,36,0.4,0.08,0.0
gold,0.0,0.0,0.0,,0.0,0,36,0.4,0.1,0.0
gold,0.0,0.0,0.0,,0.0,0,36,0.4,0.12000000000000001,0.0
gold,0.0,0.0,0.0,,0.0,0,36,0.4,0.13999999999999999,0.0
gold,0.0,0.0,0.0,,0.0,0,36,0.4,0.16,0.0
gold,0.0,0.0,0.0,,0.0,0,36,0.4,0.18,0.0
gold,0.0,0.0,0.0,,0.0,0,36,0.4,0.19999999999999998,0.0
gold,0.0,0.0,0.0,,0.0,0,36,0.4,0.22,0.0
gold,0.0,0.0,0.0,,0.0,0,36,0.4,0.24,0.0
gold,0.0,0.0,0.0,,0.0,0,36,0.4,0.26,0.0
gold,0.0,0.0,0.0,,0.0,0,36,0.4,0.28,0.0
gold,0.0,0.0,0.0,,0.0,0,36,0.4,0.30000000000000004,0.0
gold,0.0,0.0,0.0,,0.0,0,36,0.4,0.32,0.0
gold,0.0,0.0,0.0,,0.0,0,36,0.4,0.34,0.0
gold,0.0,0.0,0.0,,0.0,0,36,0.4,0.36000000000000004,0.0
gold,0.0,0.0,0.0,,0.0,0,36,0.4,0.38,0.0
gold,0.0,0.0,0.0,,0.0,0,36,0.4,0.4,0.0
