asset,total_return,cagr,maxdd,calmar,sharpe,n_trades,W,d,p,avg_hold
spx,2.606978365915275,0.058503398359374126,-0.2377578053372783,0.24606299791665057,0.5194347723528607,176,1,0.02,0.02,5.295454545454546
spx,2.6902922160345635,0.059575192416391864,-0.3301163643527989,0.18046724988381133,0.4908844586205341,118,1,0.02,0.04,13.101694915254237
spx,2.4263059973810073,0.05609543096700653,-0.35033329949276737,0.16012017997782316,0.44040845592343986,83,1,0.02,0.06,26.867469879518072
spx,2.7411248548668907,0.06021782822772637,-0.41909485295899884,0.14368543971027398,0.4505885504444725,63,1,0.02,0.08,45.45161290322581
spx,1.9222305353675608,0.048673219153527514,-0.5225165134319119,0.09315154239593239,0.3711840171783836,48,1,0.02,0.1,69.51063829787235
spx,3.1924824843501183,0.06558363175175108,-0.4916968841377787,0.13338223988699072,0.4630636933624027,41,1,0.02,0.12000000000000001,91.175
spx,4.46718932874084,0.07819483934865734,-0.48532077855174316,0.1611199083253768,0.5290767451421835,35,1,0.02,0.13999999999999999,117.8529411764706
spx,5.054194878655121,0.08307929935583758,-0.4775019551183849,0.17398734908894792,0.5502706227558521,30,1,0.02,0.16,146.13793103448276
spx,4.667607381160611,0.0799165846583223,-0.4724634465745553,0.16914871454655775,0.5292398061473721,25,1,0.02,0.18,183.45833333333334
spx,4.2147048908320786,0.07593783074439076,-0.5481645866642486,0.13853107732934006,0.5038598032146726,21,1,0.02,0.19999999999999998,220.28571428571428
spx,4.2099248922842,0.07589410178043621,-0.5371878221982489,0.1412803839630369,0.5012410290532278,20,1,0.02,0.22,232.0
spx,5.247124262584933,0.0845861429411594,-0.5357474322909455,0.1578843646146001,0.5437855020847113,18,1,0.02,0.24,270.7647058823529
spx,5.093285655465323,0.08338828298191414,-0.5677538894035716,0.14687399688184252,0.5352952758024343,16,1,0.02,0.26,310.4
spx,5.440702258030567,0.08605400047839096,-0.5677538894035716,0.15156919588660347,0.5474031102595424,15,1,0.02,0.28,338.7857142857143
spx,4.622740828672878,0.07953625949936582,-0.5677538894035716,0.14008932564586932,0.5132489459454112,13,1,0.02,0.30000000000000004,387.5
spx,4.58857754367768,0.07924471386202958,-0.5677538894035716,0.13957581857391863,0.5106142419476556,13,1,0.02,0.32,394.0833333333333
spx,5.053081722556889,0.0830704727898266,-0.5677538894035716,0.14631422935225077,0.5290406427921273,12,1,0.02,0.34,437.8181818181818
spx,5.752845570467192,0.08833436423942875,-0.5677538894035716,0.1555856611255001,0.5547701386889783,12,1,0.02,0.36000000000000004,447.09090909090907
spx,6.6303160859444645,0.0942429029259213,-0.5677538894035716,0.16599252719329488,0.5829203350247674,12,1,0.02,0.38,453.45454545454544
spx,6.283453062968958,0.09198898202980543,-0.5677538894035716,0.16202263647447723,0.5715421213364156,11,1,0.02,0.4,513.0
spx,1.8732129147873486,0.047887301619016,-0.23682754664132433,0.20220325843910966,0.4982718043348686,90,1,0.04,0.02,3.577777777777778
spx,2.3142572709489144,0.054540333399674346,-0.26633492734558273,0.20478100241394764,0.5198449407627042,71,1,0.04,0.04,7.0
spx,1.8504487831867058,0.04751794904512918,-0.3158329856357641,0.15045277474573057,0.4305379241400359,52,1,0.04,0.06,15.096153846153847
spx,1.2988307811135376,0.037580417487947715,-0.3497593899965371,0.10744648624964662,0.3396113861932741,39,1,0.04,0.08,29.435897435897434
spx,1.02626253852422,0.03179296929647113,-0.3952011262240185,0.08044756754678221,0.2903831792205528,31,1,0.04,0.1,50.483870967741936
spx,1.5934763243881611,0.04314097925263005,-0.40166185760533735,0.10740621354945601,0.36000936514694054,27,1,0.04,0.12000000000000001,68.44444444444444
spx,1.8131826802664093,0.046907170501489404,-0.45761109158866575,0.10250444397806029,0.37711091528809687,23,1,0.04,0.13999999999999999,98.95652173913044
spx,1.5437121477903344,0.04224564510051132,-0.45761109158866575,0.09231779097366108,0.3442233979457367,19,1,0.04,0.16,124.0
spx,1.3131470415744189,0.03786594566498147,-0.45761109158866575,0.08274700146258288,0.31327426534767183,16,1,0.04,0.18,160.75
spx,1.0520142874295173,0.03237063101648974,-0.5333432783347525,0.06069380140602866,0.27706726054750414,13,1,0.04,0.19999999999999998,219.76923076923077
spx,1.4864953934854515,0.04119530271959304,-0.5220064491066532,0.07891722945203741,0.3266634305685962,13,1,0.04,0.22,247.66666666666666
spx,1.5615478236742737,0.04256844581840191,-0.5205188108821515,0.08178080201608633,0.3336839315107196,12,1,0.04,0.24,275.09090909090907
spx,1.7089063989612647,0.045156105951204895,-0.5677538894035716,0.07953464836434959,0.34634985819876285,11,1,0.04,0.26,323.0
spx,2.1837420038370827,0.052664300918134455,-0.5677538894035716,0.09275903151180272,0.38806375908167134,11,1,0.04,0.28,331.5
spx,1.7371172397819814,0.04563611004933077,-0.5677538894035716,0.08038009232710275,0.34774339505129404,10,1,0.04,0.30000000000000004,364.6666666666667
spx,2.075315416320806,0.05104901109335436,-0.5677538894035716,0.08991397865540227,0.37758854164922523,10,1,0.04,0.32,372.8888888888889
spx,2.923727799904143,0.062459456759158316,-0.5677538894035716,0.11001149956854069,0.43739403683379846,10,1,0.04,0.34,408.0
spx,3.4182438464120315,0.06806348200077594,-0.5677538894035716,0.11988201802065501,0.4665050880460218,10,1,0.04,0.36000000000000004,419.3333333333333
spx,4.1155066931887845,0.07502238217447754,-0.5677538894035716,0.1321389136643149,0.5020160411057162,10,1,0.04,0.38,433.44444444444446
spx,3.229661282689168,0.06600066598973986,-0.5677538894035716,0.11624872541000802,0.45428891652606035,9,1,0.04,0.4,471.375
spx,0.7854854835126626,0.026024389380972845,-0.2047877687709827,0.12707980333569785,0.3328338496152942,40,1,0.06,0.02,2.75
spx,1.2416354118395194,0.03642247659055764,-0.2047877687709827,0.17785474596038717,0.42833774696990456,38,1,0.06,0.04,4.342105263157895
spx,0.6844840699707517,0.023379877253996817,-0.24501528489811042,0.0954221172924756,0.27786810553317554,27,1,0.06,0.06,9.296296296296296
spx,0.5814903780671754,0.020522317086036024,-0.26156172728337945,0.07846070332683601,0.23140694337081336,23,1,0.06,0.08,25.391304347826086
spx,0.18046583046194375,0.007380089640138365,-0.33489692317902353,0.02203689890633376,0.12138314342228415,18,1,0.06,0.1,40.22222222222222
spx,0.45094699717037523,0.016633219345337347,-0.3288844198423645,0.050574664963787916,0.19200060584078632,16,1,0.06,0.12000000000000001,55.375
spx,0.1484293170850215,0.006152438458514764,-0.4049473234125177,0.01519318218149403,0.11310556763398628,13,1,0.06,0.13999999999999999,86.61538461538461
spx,0.2390988202451778,0.00954666343663324,-0.4049473234125177,0.023575074792896222,0.13790912753521278,12,1,0.06,0.16,106.41666666666667
spx,0.06779149949351826,0.0029112483060407257,-0.4049473234125177,0.007189202490604073,0.09247188339387132,10,1,0.06,0.18,142.1
spx,0.049988008237972226,0.002164182178294949,-0.4725752297372129,0.004579550602976791,0.08819319534799469,9,1,0.06,0.19999999999999998,173.55555555555554
spx,0.20918589110648833,0.00845388138022507,-0.4725752297372129,0.017888964228882795,0.13101114536588235,9,1,0.06,0.22,181.88888888888889
spx,0.37346756030187955,0.014163617520498661,-0.4725752297372129,0.029971138200312976,0.16899964725452735,9,1,0.06,0.24,188.88888888888889
spx,0.3449633031323618,0.013221430220643038,-0.5257845411914792,0.025146099181010503,0.16260098278040214,8,1,0.06,0.26,229.375
spx,0.5102327059627312,0.018439215133738918,-0.5257845411914792,0.035069907327350956,0.19644821483779765,8,1,0.06,0.28,237.375
spx,0.7993411401853063,0.026375963487409226,-0.5257845411914792,0.050164965724626885,0.2449783917143065,8,1,0.06,0.30000000000000004,281.25
spx,0.9689892711086225,0.03048264772935272,-0.5257845411914792,0.05797554956689304,0.26965525484792724,8,1,0.06,0.32,300.125
spx,0.7933881067541562,0.026225229047669663,-0.5257845411914792,0.04987828091758029,0.24338927098608276,7,1,0.06,0.34,341.42857142857144
spx,0.9712437462693304,0.030534911287479538,-0.5257845411914792,0.05807495065998791,0.26951281878945277,7,1,0.06,0.36000000000000004,358.0
spx,1.2227689086275082,0.03603431760413911,-0.5257845411914792,0.06853438011410876,0.30238959899272416,7,1,0.06,0.38,366.42857142857144
spx,1.4536508845730571,0.04058188363865356,-0.5257845411914792,0.07718348574245078,0.3272199321129377,7,1,0.06,0.4,399.0
spx,0.38860536453735905,0.014656415925720534,-0.1939001983080254,0.07558742102180674,0.22535193389976113,20,1,0.08,0.02,2.3
spx,0.3618497143816599,0.013781875055218773,-0.1939001983080254,0.07107715812299069,0.21309832213374502,19,1,0.08,0.04,2.526315789473684
spx,0.008559718960386764,0.0003778183930680523,-0.2450152848981103,0.0015420196875683418,0.04630766177402259,12,1,0.08,0.06,6.083333333333333
spx,0.16190119614633125,0.006672624496169677,-0.2450152848981103,0.027233502999392426,0.11886710349184458,12,1,0.08,0.08,10.083333333333334
spx,-0.09154178038054261,-0.004245903904133819,-0.28520317798668493,-0.014887295205146851,0.005857138915284543,9,1,0.08,0.1,21.77777777777778
spx,0.07341980620799404,0.00314494685012634,-0.28520317798668504,0.011027039994179744,0.08134525669845293,8,1,0.08,0.12000000000000001,28.0
spx,0.1818624220877081,0.007432880369637962,-0.28520317798668493,0.02606170247508594,0.12325143168687143,8,1,0.08,0.13999999999999999,43.875
spx,0.3692130742348345,0.014024181793746093,-0.2852031779866848,0.049172600013597446,0.1847519282283604,8,1,0.08,0.16,53.0
spx,0.5321852241189504,0.019090799560508298,-0.28520317798668493,0.06693754149331245,0.22560230174292334,8,1,0.08,0.18,62.875
spx,0.3746079194613836,0.014200921289898805,-0.35488185465893884,0.04001591262970229,0.178014250538904,7,1,0.08,0.19999999999999998,93.42857142857143
spx,0.5231814164064086,0.018824638830844842,-0.35488185465893884,0.05304480514771984,0.21474843993771736,7,1,0.08,0.22,102.42857142857143
spx,0.6754268098783085,0.023135377288167946,-0.35488185465893884,0.06519177293638281,0.2489375010451065,7,1,0.08,0.24,108.57142857142857
spx,0.5922005723414918,0.020827630234590444,-0.41996467642923274,0.04959376681791012,0.22823719220668698,6,1,0.08,0.26,146.33333333333334
spx,0.7360180075437277,0.024747564916683285,-0.41996467642923274,0.05892772965359966,0.25865024663706565,6,1,0.08,0.28,152.83333333333334
spx,0.9810679628116017,0.030761992846187525,-0.41996467642923274,0.0732490006248684,0.29955475955744404,6,1,0.08,0.30000000000000004,194.33333333333334
spx,1.1154841424928157,0.03376532252592668,-0.41996467642923274,0.080400387034971,0.3207881421200715,6,1,0.08,0.32,210.66666666666666
spx,1.3009787171649414,0.03762336479813122,-0.41996467642923274,0.08958697459516228,0.3477529895167107,6,1,0.08,0.34,231.33333333333334
spx,1.5081793707594202,0.041596053064551164,-0.41996467642923274,0.09904655176769472,0.3755417090973903,6,1,0.08,0.36000000000000004,249.33333333333334
spx,1.763801312827769,0.04608580492398673,-0.41996467642923274,0.10973733628226358,0.4061859467439308,6,1,0.08,0.38,258.1666666666667
spx,2.0196735349217865,0.0501988291233173,-0.41996467642923274,0.11953107473260596,0.4319094109891001,6,1,0.08,0.4,279.0
spx,0.6357196101956433,0.022048356954061488,-0.14918298025338494,0.1477940507463566,0.35260200680073495,15,1,0.1,0.02,2.0
spx,0.5661486946274026,0.020081514731980388,-0.14918298025338494,0.1346099581726565,0.32223156851371687,14,1,0.1,0.04,2.2142857142857144
spx,0.39996119852166534,0.01502273665204834,-0.14918298025338494,0.10070007065506037,0.24395896458937888,10,1,0.1,0.06,4.0
spx,0.5889884634860438,0.02073626991961386,-0.14918298025338494,0.13899889842925534,0.30994252061504896,10,1,0.1,0.08,5.7
spx,0.3336634803727969,0.012842631194193155,-0.22372610790950076,0.05740336393546039,0.192914853395348,8,1,0.1,0.1,13.375
spx,0.4137699412046587,0.015464377202830226,-0.22372610790950065,0.0691219158431242,0.21738971718783978,7,1,0.1,0.12000000000000001,18.571428571428573
spx,0.5638133323778796,0.020014052692705953,-0.22372610790950076,0.0894578325244089,0.26655049012942966,7,1,0.1,0.13999999999999999,20.428571428571427
spx,0.7814639553064555,0.02592185865914365,-0.22372610790950065,0.11586425429449337,0.3279060895109288,7,1,0.1,0.16,22.714285714285715
spx,0.9623179850965797,0.03032765736790899,-0.22372610790950065,0.1355570775860313,0.356127780385517,7,1,0.1,0.18,33.42857142857143
spx,0.7329291398161626,0.024666687889316252,-0.2880621445940448,0.08562974466526345,0.2840876007889758,6,1,0.1,0.19999999999999998,49.0
spx,0.8832463264018702,0.028451258063136198,-0.2880621445940448,0.09876777840153726,0.3150252095560017,6,1,0.1,0.22,57.5
spx,1.0437880450594843,0.032186857146631054,-0.2880621445940448,0.11173581031270453,0.34705244515087247,6,1,0.1,0.24,64.0
spx,0.6639625373683176,0.02282408249562473,-0.3598860808598814,0.06342029800399837,0.2547542946373441,5,1,0.1,0.26,98.2
spx,0.7823053858294478,0.025943329605731646,-0.3598860808598814,0.07208761601378094,0.2807376039061547,5,1,0.1,0.28,105.2
spx,0.9942377852445208,0.031064723791315085,-0.3598860808598814,0.0863182141334604,0.31598499725741425,5,1,0.1,0.30000000000000004,153.2
spx,1.112696740810318,0.03370491667390185,-0.3598860808598814,0.09365440473099203,0.3360735600745599,5,1,0.1,0.32,160.8
spx,1.2619903565032966,0.036837772916111344,-0.3598860808598814,0.10235953785179544,0.35911384885614794,5,1,0.1,0.34,182.4
spx,1.4313424158391759,0.04016074910772427,-0.3598860808598814,0.11159294911258466,0.384316110065679,5,1,0.1,0.36000000000000004,192.4
spx,1.6356910078493638,0.04388770739326886,-0.3598860808598814,0.12194888807148996,0.411214732920624,5,1,0.1,0.38,200.0
spx,1.8435669305944766,0.04740573458932995,-0.3598860808598814,0.1317242791831868,0.43394616361634064,5,1,0.1,0.4,222.6
spx,0.4763028843522179,0.01741409987049858,-0.09737711171115104,0.17883155049981236,0.31640409417447474,11,1,0.12000000000000001,0.02,2.1818181818181817
spx,0.4135123286358049,0.015456175868810762,-0.09737711171115104,0.15872493645794603,0.2819245430855412,10,1,0.12000000000000001,0.04,2.5
spx,0.3634190390353118,0.013833621771502269,-0.13933312053514124,0.09928451841436572,0.2431225155107207,8,1,0.12000000000000001,0.06,4.125
spx,0.5215110174445392,0.018775095022433685,-0.13933312053514113,0.134749691604721,0.3047866910286231,8,1,0.12000000000000001,0.08,5.75
spx,0.24756683388742173,0.009851439923052707,-0.22372610790950076,0.04403348368728474,0.16487745156192168,6,1,0.12000000000000001,0.1,13.833333333333334
spx,0.2750248595638629,0.01082627287534943,-0.22372610790950065,0.048390744274373024,0.1723318550394017,5,1,0.12000000000000001,0.12000000000000001,19.2
spx,0.36650016106255223,0.013935052929804126,-0.22372610790950076,0.06228621710721836,0.20913874350778253,5,1,0.12000000000000001,0.13999999999999999,20.0
spx,0.4833873547573182,0.01762998834912821,-0.22372610790950065,0.07880165848261085,0.2512488601487941,5,1,0.12000000000000001,0.16,21.2
spx,0.6000714477345901,0.021050754899460733,-0.22372610790950076,0.0940916332749862,0.2755983441800612,5,1,0.12000000000000001,0.18,34.4
spx,0.2717002753834765,0.010709314700558581,-0.25186179468058656,0.042520600292474814,0.15666249046075145,4,1,0.12000000000000001,0.19999999999999998,49.25
spx,0.33705862480878457,0.012956766474643278,-0.25186179468058656,0.0514439535820634,0.17747272492421357,4,1,0.12000000000000001,0.22,56.0
spx,0.3953943586589961,0.014875760416353412,-0.25186179468058656,0.05906318755180391,0.1953976909249979,4,1,0.12000000000000001,0.24,61.5
spx,0.11100091581503713,0.004676015802881794,-0.32733780760626396,0.014284985401094602,0.09719733886874042,3,1,0.12000000000000001,0.26,100.66666666666667
spx,0.15047112983762978,0.0062316521808867265,-0.32733780760626396,0.019037373734666258,0.11150254672651327,3,1,0.12000000000000001,0.28,104.66666666666667
spx,0.2468644397126143,0.009826235014843698,-0.32733780760626396,0.030018637586352745,0.1433304089213498,3,1,0.12000000000000001,0.30000000000000004,150.66666666666666
spx,0.27735617803471113,0.010908114454214246,-0.32733780760626396,0.03332372307978245,0.15264007904496674,3,1,0.12000000000000001,0.32,156.66666666666666
spx,0.33174989224942997,0.012778179282315394,-0.32733780760626396,0.03903667399668522,0.1684954773886885,3,1,0.12000000000000001,0.34,187.66666666666666
spx,0.3880407962686525,0.014638129252459109,-0.32733780760626396,0.04471872454790338,0.18448504311824285,3,1,0.12000000000000001,0.36000000000000004,191.33333333333334
spx,0.4591509008334629,0.016887291074575872,-0.32733780760626396,0.05158979709086533,0.20308498481421827,3,1,0.12000000000000001,0.38,200.66666666666666
spx,0.5271069457563837,0.01894086541168072,-0.32733780760626396,0.057863360026115924,0.2193319677306445,3,1,0.12000000000000001,0.4,218.0
spx,0.319738901532967,0.012371602256121328,-0.09737711171115104,0.12704835909303938,0.28611358750872384,6,1,0.13999999999999999,0.02,2.0
spx,0.319738901532967,0.012371602256121328,-0.09737711171115104,0.12704835909303938,0.28611358750872384,6,1,0.13999999999999999,0.04,2.0
spx,0.3028605876518813,0.01179424736419632,-0.11536895667660219,0.10223068409344725,0.2631797761094963,5,1,0.13999999999999999,0.06,3.0
spx,0.3871850770192977,0.014610398484011577,-0.1153689566766023,0.12664063977770787,0.310017528498356,5,1,0.13999999999999999,0.08,3.2
spx,0.17876586696992902,0.007315750944744126,-0.17470180965098014,0.041875644902359954,0.14587187684011071,4,1,0.13999999999999999,0.1,6.0
spx,0.14948732517580332,0.006193501496448928,-0.17470180965098003,0.03545184511152077,0.12448852372415742,3,1,0.13999999999999999,0.12000000000000001,9.666666666666666
spx,0.21629874673148142,0.008716051310943884,-0.17470180965098003,0.049891019036132744,0.16063696172681174,3,1,0.13999999999999999,0.13999999999999999,10.666666666666666
spx,0.2627535117679354,0.010393112130481885,-0.17470180965098003,0.059490580843125127,0.18397616455188948,3,1,0.13999999999999999,0.16,11.333333333333334
spx,0.2912227891250403,0.011391975779687424,-0.17470180965098003,0.06520811548802133,0.19255964578591248,3,1,0.13999999999999999,0.18,14.0
spx,0.012288701197324059,0.0005414549452247286,-0.25186179468058656,0.002149809763372038,0.0481961704580835,2,1,0.13999999999999999,0.19999999999999998,31.0
spx,0.0368809627082185,0.0016064097921129061,-0.25186179468058656,0.006378140019807966,0.06141571812954444,2,1,0.13999999999999999,0.22,39.5
spx,0.055176477244297306,0.002383141817482448,-0.25186179468058656,0.009462101310382429,0.07049334987907141,2,1,0.13999999999999999,0.24,41.0
spx,-0.01354218927274109,-0.0006040998546009702,-0.32733780760626396,-0.001845493678284812,0.041970494071272915,2,1,0.13999999999999999,0.26,74.5
spx,0.011503951249837607,0.0005070661780259833,-0.32733780760626396,0.0015490608363697004,0.05367319174757098,2,1,0.13999999999999999,0.28,78.5
spx,0.07913006242859555,0.003380854391638266,-0.32733780760626396,0.010328334561661462,0.08344523653060539,2,1,0.13999999999999999,0.30000000000000004,88.0
spx,0.08441644178636776,0.0035981892941412408,-0.32733780760626396,0.010992281400226454,0.08573690753850738,2,1,0.13999999999999999,0.32,94.5
spx,0.11460040909142188,0.0048200531851063655,-0.32733780760626396,0.014725012122352006,0.0979578453633633,2,1,0.13999999999999999,0.34,97.5
spx,0.14469232356275152,0.006007109642592434,-0.32733780760626396,0.01835140794313025,0.10976631126831458,2,1,0.13999999999999999,0.36000000000000004,100.5
spx,0.19146803817904323,0.007794362713598346,-0.32733780760626396,0.02381137324342852,0.1272142105470907,2,1,0.13999999999999999,0.38,109.5
spx,0.22925481934259162,0.00918985108002568,-0.32733780760626396,0.028074517719870688,0.1403585892700076,2,1,0.13999999999999999,0.4,127.5
spx,0.4449220655378363,0.016445753669691587,-0.07138321614114829,0.23038684103519347,0.3939058996319719,6,1,0.16,0.02,1.6666666666666667
spx,0.4449220655378363,0.016445753669691587,-0.07138321614114829,0.23038684103519347,0.3939058996319719,6,1,0.16,0.04,1.6666666666666667
spx,0.42644276775588374,0.015866075291762094,-0.1153689566766023,0.1375246491674294,0.36293345224881746,5,1,0.16,0.06,2.6
spx,0.5187658137846571,0.018693559627602108,-0.1153689566766023,0.16203283938852941,0.40771158656595935,5,1,0.16,0.08,2.8
spx,0.29057710529656733,0.011369555774390694,-0.17470180965098014,0.06507978249970524,0.21385892910805415,4,1,0.16,0.1,5.5
spx,0.2585213622734861,0.010242789986279366,-0.17470180965097992,0.05863013100289264,0.18692715279720182,3,1,0.16,0.12000000000000001,9.0
spx,0.3316701473275714,0.012775491458396404,-0.17470180965098003,0.07312741341328594,0.2236313669295928,3,1,0.16,0.13999999999999999,10.0
spx,0.38253135553517925,0.0144593013804315,-0.17470180965098003,0.08276560734727562,0.24708734596546547,3,1,0.16,0.16,10.666666666666666
spx,0.4137010717536036,0.015462184820136171,-0.17470180965098003,0.08850615143040926,0.2527029522995097,3,1,0.16,0.18,13.333333333333334
spx,0.10830883241802591,0.004567997544717262,-0.25186179468058656,0.01813692128458958,0.0963936252145498,2,1,0.16,0.19999999999999998,30.0
spx,0.1352337804189474,0.005637238157113922,-0.25186179468058656,0.022382267879346763,0.10873598662384265,2,1,0.16,0.22,38.5
spx,0.15526470670507986,0.006417096034563974,-0.25186179468058656,0.02547864015144573,0.11793690846114273,2,1,0.16,0.24,40.0
spx,0.08002776593636485,0.0034178326158671446,-0.3273378076062641,0.010441301115996537,0.08325370081147174,2,1,0.16,0.26,73.5
spx,0.10744964541237234,0.004533470384615823,-0.3273378076062641,0.01384951655223669,0.09491338849403182,2,1,0.16,0.28,77.5
spx,0.1814903970604449,0.007418823766874416,-0.3273378076062641,0.02266412126703706,0.12436436666166732,2,1,0.16,0.30000000000000004,87.0
spx,0.18727821325043226,0.007637033304045415,-0.3273378076062641,0.023330740069083512,0.12636695308337947,2,1,0.16,0.32,93.5
spx,0.22032526546196074,0.008863814419562743,-0.3273378076062641,0.027078492656810723,0.1386743825358956,2,1,0.16,0.34,96.5
spx,0.25327153321492,0.010055648023833186,-0.3273378076062641,0.03071948241288568,0.1505366806577358,2,1,0.16,0.36000000000000004,99.5
spx,0.3044841345119442,0.01185009365102041,-0.3273378076062641,0.03620142059872965,0.1677358850656502,2,1,0.16,0.38,108.5
spx,0.3458551616336272,0.01325119797001717,-0.3273378076062641,0.040481721518573495,0.18044941559110841,2,1,0.16,0.4,126.5
spx,0.3971869935837038,0.014933508156799391,-0.01175927554070677,1.2699343684144881,0.3971955241080646,4,1,0.18,0.02,1.25
spx,0.3971869935837038,0.014933508156799391,-0.01175927554070677,1.2699343684144881,0.3971955241080646,4,1,0.18,0.04,1.25
spx,0.23599498785183348,0.009434453125306108,-0.11536895667660219,0.0817763581909855,0.2430404484230841,3,1,0.18,0.06,3.0
spx,0.23599498785183348,0.009434453125306108,-0.11536895667660219,0.0817763581909855,0.2430404484230841,3,1,0.18,0.08,3.0
spx,0.1004213138167327,0.004250065816689297,-0.17470180965098014,0.024327543173022034,0.11055911202657513,2,1,0.18,0.1,5.5
spx,0.11170544350155787,0.004704243263088825,-0.17470180965098014,0.026927272662412474,0.10550652244491683,2,1,0.18,0.12000000000000001,12.5
spx,0.12878727205204332,0.005383459270941193,-0.17470180965097992,0.030815131690371686,0.11612721303713643,2,1,0.18,0.13999999999999999,13.0
spx,0.171899663345902,0.00705497942367761,-0.17470180965098003,0.04038297850361181,0.14163791373536386,2,1,0.18,0.16,14.0
spx,0.18687542893675957,0.007621880665330538,-0.17470180965098003,0.04362794341144812,0.14606888178976565,2,1,0.18,0.18,17.5
spx,0.10830883241802591,0.004567997544717262,-0.25186179468058656,0.01813692128458958,0.0963936252145498,2,1,0.18,0.19999999999999998,30.0
spx,0.1352337804189474,0.005637238157113922,-0.25186179468058656,0.022382267879346763,0.10873598662384265,2,1,0.18,0.22,38.5
spx,0.15526470670507986,0.006417096034563974,-0.25186179468058656,0.02547864015144573,0.11793690846114273,2,1,0.18,0.24,40.0
spx,0.08002776593636485,0.0034178326158671446,-0.3273378076062641,0.010441301115996537,0.08325370081147174,2,1,0.18,0.26,73.5
spx,0.10744964541237234,0.004533470384615823,-0.3273378076062641,0.01384951655223669,0.09491338849403182,2,1,0.18,0.28,77.5
spx,0.1814903970604449,0.007418823766874416,-0.3273378076062641,0.02266412126703706,0.12436436666166732,2,1,0.18,0.30000000000000004,87.0
spx,0.18727821325043226,0.007637033304045415,-0.3273378076062641,0.023330740069083512,0.12636695308337947,2,1,0.18,0.32,93.5
spx,0.22032526546196074,0.008863814419562743,-0.3273378076062641,0.027078492656810723,0.1386743825358956,2,1,0.18,0.34,96.5
spx,0.25327153321492,0.010055648023833186,-0.3273378076062641,0.03071948241288568,0.1505366806577358,2,1,0.18,0.36000000000000004,99.5
spx,0.3044841345119442,0.01185009365102041,-0.3273378076062641,0.03620142059872965,0.1677358850656502,2,1,0.18,0.38,108.5
spx,0.3458551616336272,0.01325119797001717,-0.3273378076062641,0.040481721518573495,0.18044941559110841,2,1,0.18,0.4,126.5
spx,0.16879030400378192,0.006936408399477179,-0.01175927554070677,0.5898669841918066,0.2637251973187068,2,1,0.19999999999999998,0.02,1.5
spx,0.16879030400378192,0.006936408399477179,-0.01175927554070677,0.5898669841918066,0.2637251973187068,2,1,0.19999999999999998,0.04,1.5
spx,0.13096121867978616,0.005469195196473375,-0.11536895667660219,0.047406125131255306,0.16403316298895526,2,1,0.19999999999999998,0.06,4.0
spx,0.13096121867978616,0.005469195196473375,-0.11536895667660219,0.047406125131255306,0.16403316298895526,2,1,0.19999999999999998,0.08,4.0
spx,0.1440068781939361,0.005980403995360817,-0.11536895667660219,0.05183720272451501,0.17736564447401396,2,1,0.19999999999999998,0.1,4.5
spx,0.1557379504766947,0.006435363996426968,-0.1539143868042061,0.04181132206057755,0.14413506484596217,2,1,0.19999999999999998,0.12000000000000001,11.5
spx,0.17349635728736046,0.007115750303819057,-0.1539143868042061,0.04623187248162172,0.1563413756308456,2,1,0.19999999999999998,0.13999999999999999,12.0
spx,0.21831634719149728,0.00879015051127019,-0.1539143868042061,0.057110648937919666,0.18511232636232397,2,1,0.19999999999999998,0.16,13.0
spx,0.23388527395350156,0.00935802853240797,-0.1539143868042061,0.06080021969819027,0.18607578659871213,2,1,0.19999999999999998,0.18,16.5
spx,0.1522068061837576,0.006298883524604726,-0.25186179468058656,0.02500928547973315,0.1204506278885428,2,1,0.19999999999999998,0.19999999999999998,29.0
spx,0.18019819940862392,0.00736996645488297,-0.25186179468058656,0.02926194687141664,0.13295276894566557,2,1,0.19999999999999998,0.22,37.5
spx,0.2010225120243534,0.0081511680393489,-0.25186179468058656,0.032363654240160904,0.14286446918836915,2,1,0.19999999999999998,0.24,39.0
spx,0.12280558124249996,0.005146736844041655,-0.3273378076062641,0.015723013732139277,0.10166052595131601,2,1,0.19999999999999998,0.26,72.5
spx,0.15131358843907994,0.006264296873679909,-0.3273378076062641,0.019137101575553022,0.11389619590283173,2,1,0.19999999999999998,0.28,76.5
spx,0.22828695135792154,0.009154621763818982,-0.3273378076062641,0.027966893988703414,0.14459061751411362,2,1,0.19999999999999998,0.30000000000000004,86.0
spx,0.23430401177644655,0.009373207279350426,-0.3273378076062641,0.02863466138511235,0.146477901258931,2,1,0.19999999999999998,0.32,92.5
spx,0.26865999394376305,0.01060210215743873,-0.3273378076062641,0.03238887140770306,0.1594318387544783,2,1,0.19999999999999998,0.34,95.5
spx,0.302911199774625,0.011795989309185462,-0.3273378076062641,0.03603613464465487,0.17188947542937932,2,1,0.19999999999999998,0.36000000000000004,98.5
spx,0.3561522333663798,0.013593526793554522,-0.3273378076062641,0.041527518293595335,0.1896716087057338,2,1,0.19999999999999998,0.38,107.5
spx,0.3991618870243925,0.014997045236660123,-0.3273378076062641,0.045815194237199784,0.20258503728124866,2,1,0.19999999999999998,0.4,125.5
spx,0.0,0.0,0.0,,0.0,0,1,0.22,0.02,0.0
spx,0.0,0.0,0.0,,0.0,0,1,0.22,0.04,0.0
spx,0.0,0.0,0.0,,0.0,0,1,0.22,0.06,0.0
spx,0.0,0.0,0.0,,0.0,0,1,0.22,0.08,0.0
spx,0.0,0.0,0.0,,0.0,0,1,0.22,0.1,0.0
spx,0.0,0.0,0.0,,0.0,0,1,0.22,0.12000000000000001,0.0
spx,0.0,0.0,0.0,,0.0,0,1,0.22,0.13999999999999999,0.0
spx,0.0,0.0,0.0,,0.0,0,1,0.22,0.16,0.0
spx,0.0,0.0,0.0,,0.0,0,1,0.22,0.18,0.0
spx,0.0,0.0,0.0,,0.0,0,1,0.22,0.19999999999999998,0.0
spx,0.0,0.0,0.0,,0.0,0,1,0.22,0.22,0.0
spx,0.0,0.0,0.0,,0.0,0,1,0.22,0.24,0.0
spx,0.0,0.0,0.0,,0.0,0,1,0.22,0.26,0.0
spx,0.0,0.0,0.0,,0.0,0,1,0.22,0.28,0.0
spx,0.0,0.0,0.0,,0.0,0,1,0.22,0.30000000000000004,0.0
spx,0.0,0.0,0.0,,0.0,0,1,0.22,0.32,0.0
spx,0.0,0.0,0.0,,0.0,0,1,0.22,0.34,0.0
spx,0.0,0.0,0.0,,0.0,0,1,0.22,0.36000000000000004,0.0
spx,0.0,0.0,0.0,,0.0,0,1,0.22,0.38,0.0
spx,0.0,0.0,0.0,,0.0,0,1,0.22,0.4,0.0
spx,0.0,0.0,0.0,,0.0,0,1,0.24,0.02,0.0
spx,0.0,0.0,0.0,,0.0,0,1,0.24,0.04,0.0
spx,0.0,0.0,0.0,,0.0,0,1,0.24,0.06,0.0
spx,0.0,0.0,0.0,,0.0,0,1,0.24,0.08,0.0
spx,0.0,0.0,0.0,,0.0,0,1,0.24,0.1,0.0
spx,0.0,0.0,0.0,,0.0,0,1,0.24,0.12000000000000001,0.0
spx,0.0,0.0,0.0,,0.0,0,1,0.24,0.13999999999999999,0.0
spx,0.0,0.0,0.0,,0.0,0,1,0.24,0.16,0.0
spx,0.0,0.0,0.0,,0.0,0,1,0.24,0.18,0.0
spx,0.0,0.0,0.0,,0.0,0,1,0.24,0.19999999999999998,0.0
spx,0.0,0.0,0.0,,0.0,0,1,0.24,0.22,0.0
spx,0.0,0.0,0.0,,0.0,0,1,0.24,0.24,0.0
spx,0.0,0.0,0.0,,0.0,0,1,0.24,0.26,0.0
spx,0.0,0.0,0.0,,0.0,0,1,0.24,0.28,0.0
spx,0.0,0.0,0.0,,0.0,0,1,0.24,0.30000000000000004,0.0
spx,0.0,0.0,0.0,,0.0,0,1,0.24,0.32,0.0
spx,0.0,0.0,0.0,,0.0,0,1,0.24,0.34,0.0
spx,0.0,0.0,0.0,,0.0,0,1,0.24,0.36000000000000004,0.0
spx,0.0,0.0,0.0,,0.0,0,1,0.24,0.38,0.0
spx,0.0,0.0,0.0,,0.0,0,1,0.24,0.4,0.0
spx,0.0,0.0,0.0,,0.0,0,1,0.26,0.02,0.0
spx,0.0,0.0,0.0,,0.0,0,1,0.26,0.04,0.0
spx,0.0,0.0,0.0,,0.0,0,1,0.26,0.06,0.0
spx,0.0,0.0,0.0,,0.0,0,1,0.26,0.08,0.0
spx,0.0,0.0,0.0,,0.0,0,1,0.26,0.1,0.0
spx,0.0,0.0,0.0,,0.0,0,1,0.26,0.12000000000000001,0.0
spx,0.0,0.0,0.0,,0.0,0,1,0.26,0.13999999999999999,0.0
spx,0.0,0.0,0.0,,0.0,0,1,0.26,0.16,0.0
spx,0.0,0.0,0.0,,0.0,0,1,0.26,0.18,0.0
spx,0.0,0.0,0.0,,0.0,0,1,0.26,0.19999999999999998,0.0
spx,0.0,0.0,0.0,,0.0,0,1,0.26,0.22,0.0
spx,0.0,0.0,0.0,,0.0,0,1,0.26,0.24,0.0
spx,0.0,0.0,0.0,,0.0,0,1,0.26,0.26,0.0
spx,0.0,0.0,0.0,,0.0,0,1,0.26,0.28,0.0
spx,0.0,0.0,0.0,,0.0,0,1,0.26,0.30000000000000004,0.0
spx,0.0,0.0,0.0,,0.0,0,1,0.26,0.32,0.0
spx,0.0,0.0,0.0,,0.0,0,1,0.26,0.34,0.0
spx,0.0,0.0,0.0,,0.0,0,1,0.26,0.36000000000000004,0.0
spx,0.0,0.0,0.0,,0.0,0,1,0.26,0.38,0.0
spx,0.0,0.0,0.0,,0.0,0,1,0.26,0.4,0.0
spx,0.0,0.0,0.0,,0.0,0,1,0.28,0.02,0.0
spx,0.0,0.0,0.0,,0.0,0,1,0.28,0.04,0.0
spx,0.0,0.0,0.0,,0.0,0,1,0.28,0.06,0.0
spx,0.0,0.0,0.0,,0.0,0,1,0.28,0.08,0.0
spx,0.0,0.0,0.0,,0.0,0,1,0.28,0.1,0.0
spx,0.0,0.0,0.0,,0.0,0,1,0.28,0.12000000000000001,0.0
spx,0.0,0.0,0.0,,0.0,0,1,0.28,0.13999999999999999,0.0
spx,0.0,0.0,0.0,,0.0,0,1,0.28,0.16,0.0
spx,0.0,0.0,0.0,,0.0,0,1,0.28,0.18,0.0
spx,0.0,0.0,0.0,,0.0,0,1,0.28,0.19999999999999998,0.0
spx,0.0,0.0,0.0,,0.0,0,1,0.28,0.22,0.0
spx,0.0,0.0,0.0,,0.0,0,1,0.28,0.24,0.0
spx,0.0,0.0,0.0,,0.0,0,1,0.28,0.26,0.0
spx,0.0,0.0,0.0,,0.0,0,1,0.28,0.28,0.0
spx,0.0,0.0,0.0,,0.0,0,1,0.28,0.30000000000000004,0.0
spx,0.0,0.0,0.0,,0.0,0,1,0.28,0.32,0.0
spx,0.0,0.0,0.0,,0.0,0,1,0.28,0.34,0.0
spx,0.0,0.0,0.0,,0.0,0,1,0.28,0.36000000000000004,0.0
spx,0.0,0.0,0.0,,0.0,0,1,0.28,0.38,0.0
spx,0.0,0.0,0.0,,0.0,0,1,0.28,0.4,0.0
spx,0.0,0.0,0.0,,0.0,0,1,0.30000000000000004,0.02,0.0
spx,0.0,0.0,0.0,,0.0,0,1,0.30000000000000004,0.04,0.0
spx,0.0,0.0,0.0,,0.0,0,1,0.30000000000000004,0.06,0.0
spx,0.0,0.0,0.0,,0.0,0,1,0.30000000000000004,0.08,0.0
spx,0.0,0.0,0.0,,0.0,0,1,0.30000000000000004,0.1,0.0
spx,0.0,0.0,0.0,,0.0,0,1,0.30000000000000004,0.12000000000000001,0.0
spx,0.0,0.0,0.0,,0.0,0,1,0.30000000000000004,0.13999999999999999,0.0
spx,0.0,0.0,0.0,,0.0,0,1,0.30000000000000004,0.16,0.0
spx,0.0,0.0,0.0,,0.0,0,1,0.30000000000000004,0.18,0.0
spx,0.0,0.0,0.0,,0.0,0,1,0.30000000000000004,0.19999999999999998,0.0
spx,0.0,0.0,0.0,,0.0,0,1,0.30000000000000004,0.22,0.0
spx,0.0,0.0,0.0,,0.0,0,1,0.30000000000000004,0.24,0.0
spx,0.0,0.0,0.0,,0.0,0,1,0.30000000000000004,0.26,0.0
spx,0.0,0.0,0.0,,0.0,0,1,0.30000000000000004,0.28,0.0
spx,0.0,0.0,0.0,,0.0,0,1,0.30000000000000004,0.30000000000000004,0.0
spx,0.0,0.0,0.0,,0.0,0,1,0.30000000000000004,0.32,0.0
spx,0.0,0.0,0.0,,0.0,0,1,0.30000000000000004,0.34,0.0
spx,0.0,0.0,0.0,,0.0,0,1,0.30000000000000004,0.36000000000000004,0.0
spx,0.0,0.0,0.0,,0.0,0,1,0.30000000000000004,0.38,0.0
spx,0.0,0.0,0.0,,0.0,0,1,0.30000000000000004,0.4,0.0
spx,0.0,0.0,0.0,,0.0,0,1,0.32,0.02,0.0
spx,0.0,0.0,0.0,,0.0,0,1,0.32,0.04,0.0
spx,0.0,0.0,0.0,,0.0,0,1,0.32,0.06,0.0
spx,0.0,0.0,0.0,,0.0,0,1,0.32,0.08,0.0
spx,0.0,0.0,0.0,,0.0,0,1,0.32,0.1,0.0
spx,0.0,0.0,0.0,,0.0,0,1,0.32,0.12000000000000001,0.0
spx,0.0,0.0,0.0,,0.0,0,1,0.32,0.13999999999999999,0.0
spx,0.0,0.0,0.0,,0.0,0,1,0.32,0.16,0.0
spx,0.0,0.0,0.0,,0.0,0,1,0.32,0.18,0.0
spx,0.0,0.0,0.0,,0.0,0,1,0.32,0.19999999999999998,0.0
spx,0.0,0.0,0.0,,0.0,0,1,0.32,0.22,0.0
spx,0.0,0.0,0.0,,0.0,0,1,0.32,0.24,0.0
spx,0.0,0.0,0.0,,0.0,0,1,0.32,0.26,0.0
spx,0.0,0.0,0.0,,0.0,0,1,0.32,0.28,0.0
spx,0.0,0.0,0.0,,0.0,0,1,0.32,0.30000000000000004,0.0
spx,0.0,0.0,0.0,,0.0,0,1,0.32,0.32,0.0
spx,0.0,0.0,0.0,,0.0,0,1,0.32,0.34,0.0
spx,0.0,0.0,0.0,,0.0,0,1,0.32,0.36000000000000004,0.0
spx,0.0,0.0,0.0,,0.0,0,1,0.32,0.38,0.0
spx,0.0,0.0,0.0,,0.0,0,1,0.32,0.4,0.0
spx,0.0,0.0,0.0,,0.0,0,1,0.34,0.02,0.0
spx,0.0,0.0,0.0,,0.0,0,1,0.34,0.04,0.0
spx,0.0,0.0,0.0,,0.0,0,1,0.34,0.06,0.0
spx,0.0,0.0,0.0,,0.0,0,1,0.34,0.08,0.0
spx,0.0,0.0,0.0,,0.0,0,1,0.34,0.1,0.0
spx,0.0,0.0,0.0,,0.0,0,1,0.34,0.12000000000000001,0.0
spx,0.0,0.0,0.0,,0.0,0,1,0.34,0.13999999999999999,0.0
spx,0.0,0.0,0.0,,0.0,0,1,0.34,0.16,0.0
spx,0.0,0.0,0.0,,0.0,0,1,0.34,0.18,0.0
spx,0.0,0.0,0.0,,0.0,0,1,0.34,0.19999999999999998,0.0
spx,0.0,0.0,0.0,,0.0,0,1,0.34,0.22,0.0
spx,0.0,0.0,0.0,,0.0,0,1,0.34,0.24,0.0
spx,0.0,0.0,0.0,,0.0,0,1,0.34,0.26,0.0
spx,0.0,0.0,0.0,,0.0,0,1,0.34,0.28,0.0
spx,0.0,0.0,0.0,,0.0,0,1,0.34,0.30000000000000004,0.0
spx,0.0,0.0,0.0,,0.0,0,1,0.34,0.32,0.0
spx,0.0,0.0,0.0,,0.0,0,1,0.34,0.34,0.0
spx,0.0,0.0,0.0,,0.0,0,1,0.34,0.36000000000000004,0.0
spx,0.0,0.0,0.0,,0.0,0,1,0.34,0.38,0.0
spx,0.0,0.0,0.0,,0.0,0,1,0.34,0.4,0.0
spx,0.0,0.0,0.0,,0.0,0,1,0.36000000000000004,0.02,0.0
spx,0.0,0.0,0.0,,0.0,0,1,0.36000000000000004,0.04,0.0
spx,0.0,0.0,0.0,,0.0,0,1,0.36000000000000004,0.06,0.0
spx,0.0,0.0,0.0,,0.0,0,1,0.36000000000000004,0.08,0.0
spx,0.0,0.0,0.0,,0.0,0,1,0.36000000000000004,0.1,0.0
spx,0.0,0.0,0.0,,0.0,0,1,0.36000000000000004,0.12000000000000001,0.0
spx,0.0,0.0,0.0,,0.0,0,1,0.36000000000000004,0.13999999999999999,0.0
spx,0.0,0.0,0.0,,0.0,0,1,0.36000000000000004,0.16,0.0
spx,0.0,0.0,0.0,,0.0,0,1,0.36000000000000004,0.18,0.0
spx,0.0,0.0,0.0,,0.0,0,1,0.36000000000000004,0.19999999999999998,0.0
spx,0.0,0.0,0.0,,0.0,0,1,0.36000000000000004,0.22,0.0
spx,0.0,0.0,0.0,,0.0,0,1,0.36000000000000004,0.24,0.0
spx,0.0,0.0,0.0,,0.0,0,1,0.36000000000000004,0.26,0.0
spx,0.0,0.0,0.0,,0.0,0,1,0.36000000000000004,0.28,0.0
spx,0.0,0.0,0.0,,0.0,0,1,0.36000000000000004,0.30000000000000004,0.0
spx,0.0,0.0,0.0,,0.0,0,1,0.36000000000000004,0.32,0.0
spx,0.0,0.0,0.0,,0.0,0,1,0.36000000000000004,0.34,0.0
spx,0.0,0.0,0.0,,0.0,0,1,0.36000000000000004,0.36000000000000004,0.0
spx,0.0,0.0,0.0,,0.0,0,1,0.36000000000000004,0.38,0.0
spx,0.0,0.0,0.0,,0.0,0,1,0.36000000000000004,0.4,0.0
spx,0.0,0.0,0.0,,0.0,0,1,0.38,0.02,0.0
spx,0.0,0.0,0.0,,0.0,0,1,0.38,0.04,0.0
spx,0.0,0.0,0.0,,0.0,0,1,0.38,0.06,0.0
spx,0.0,0.0,0.0,,0.0,0,1,0.38,0.08,0.0
spx,0.0,0.0,0.0,,0.0,0,1,0.38,0.1,0.0
spx,0.0,0.0,0.0,,0.0,0,1,0.38,0.12000000000000001,0.0
spx,0.0,0.0,0.0,,0.0,0,1,0.38,0.13999999999999999,0.0
spx,0.0,0.0,0.0,,0.0,0,1,0.38,0.16,0.0
spx,0.0,0.0,0.0,,0.0,0,1,0.38,0.18,0.0
spx,0.0,0.0,0.0,,0.0,0,1,0.38,0.19999999999999998,0.0
spx,0.0,0.0,0.0,,0.0,0,1,0.38,0.22,0.0
spx,0.0,0.0,0.0,,0.0,0,1,0.38,0.24,0.0
spx,0.0,0.0,0.0,,0.0,0,1,0.38,0.26,0.0
spx,0.0,0.0,0.0,,0.0,0,1,0.38,0.28,0.0
spx,0.0,0.0,0.0,,0.0,0,1,0.38,0.30000000000000004,0.0
spx,0.0,0.0,0.0,,0.0,0,1,0.38,0.32,0.0
spx,0.0,0.0,0.0,,0.0,0,1,0.38,0.34,0.0
spx,0.0,0.0,0.0,,0.0,0,1,0.38,0.36000000000000004,0.0
spx,0.0,0.0,0.0,,0.0,0,1,0.38,0.38,0.0
spx,0.0,0.0,0.0,,0.0,0,1,0.38,0.4,0.0
spx,0.0,0.0,0.0,,0.0,0,1,0.4,0.02,0.0
spx,0.0,0.0,0.0,,0.0,0,1,0.4,0.04,0.0
spx,0.0,0.0,0.0,,0.0,0,1,0.4,0.06,0.0
spx,0.0,0.0,0.0,,0.0,0,1,0.4,0.08,0.0
spx,0.0,0.0,0.0,,0.0,0,1,0.4,0.1,0.0
spx,0.0,0.0,0.0,,0.0,0,1,0.4,0.12000000000000001,0.0
spx,0.0,0.0,0.0,,0.0,0,1,0.4,0.13999999999999999,0.0
spx,0.0,0.0,0.0,,0.0,0,1,0.4,0.16,0.0
spx,0.0,0.0,0.0,,0.0,0,1,0.4,0.18,0.0
spx,0.0,0.0,0.0,,0.0,0,1,0.4,0.19999999999999998,0.0
spx,0.0,0.0,0.0,,0.0,0,1,0.4,0.22,0.0
spx,0.0,0.0,0.0,,0.0,0,1,0.4,0.24,0.0
spx,0.0,0.0,0.0,,0.0,0,1,0.4,0.26,0.0
spx,0.0,0.0,0.0,,0.0,0,1,0.4,0.28,0.0
spx,0.0,0.0,0.0,,0.0,0,1,0.4,0.30000000000000004,0.0
spx,0.0,0.0,0.0,,0.0,0,1,0.4,0.32,0.0
spx,0.0,0.0,0.0,,0.0,0,1,0.4,0.34,0.0
spx,0.0,0.0,0.0,,0.0,0,1,0.4,0.36000000000000004,0.0
spx,0.0,0.0,0.0,,0.0,0,1,0.4,0.38,0.0
spx,0.0,0.0,0.0,,0.0,0,1,0.4,0.4,0.0
spx,1.7552076707671653,0.04594143473319012,-0.3408252058029918,0.1347947098717393,0.40479504697193175,190,3,0.02,0.02,5.063157894736842
spx,2.4310889881525997,0.056160726086026846,-0.3591863660837816,0.15635539482845276,0.45836463425348706,120,3,0.02,0.04,10.633333333333333
spx,3.0083360159108636,0.06346449870767557,-0.3472251130014755,0.18277623458475445,0.4928957154003077,81,3,0.02,0.06,20.185185185185187
spx,3.628027466727997,0.0702615802245754,-0.4051087735676481,0.17343880164778164,0.5235832810629746,58,3,0.02,0.08,35.86206896551724
spx,4.070455895959755,0.0746010163618136,-0.5130857825838732,0.1453967716394845,0.5308620810561158,47,3,0.02,0.1,56.8936170212766
spx,3.95371420164578,0.07349223994850917,-0.5162539424558095,0.1423567626407037,0.5184951561593814,38,3,0.02,0.12000000000000001,77.94736842105263
spx,5.648392261838929,0.0875827031170866,-0.540445920289303,0.16205636832303813,0.5885204812658853,34,3,0.02,0.13999999999999999,100.5
spx,5.584234793516254,0.08711540158667908,-0.5480762416682256,0.1589475970013198,0.5778562243277456,28,3,0.02,0.16,132.57142857142858
spx,4.741902540448318,0.08054008816554159,-0.49897952657659617,0.16140960475495228,0.5380390097969148,23,3,0.02,0.18,166.2608695652174
spx,4.573965330939835,0.07911949449330158,-0.5575249678625688,0.14191202018562282,0.5228751117400475,21,3,0.02,0.19999999999999998,189.61904761904762
spx,5.356026006344767,0.08541718038407065,-0.5371878221982489,0.15900803565228155,0.5531744289756989,20,3,0.02,0.22,215.0
spx,6.37933545258605,0.09262211696516176,-0.5357474322909456,0.17288392138268233,0.590243199630344,18,3,0.02,0.24,253.1764705882353
spx,6.668443947245958,0.0944846562763959,-0.5677538894035716,0.16641833378834714,0.5960037244955823,16,3,0.02,0.26,294.53333333333336
spx,7.696899809648366,0.1006064449894124,-0.5677538894035715,0.17720080278992012,0.6268650816831006,16,3,0.02,0.28,300.3333333333333
spx,4.847235497371309,0.08141098080857212,-0.5677538894035715,0.1433913220640281,0.5291918043868342,13,3,0.02,0.30000000000000004,368.5
spx,5.435561354195535,0.08601556634793384,-0.5677538894035716,0.15150150083215394,0.551777609463371,13,3,0.02,0.32,377.6666666666667
spx,5.508643267221613,0.08655920153620533,-0.5677538894035716,0.15245901992346758,0.5542338236406443,12,3,0.02,0.34,416.3636363636364
spx,6.601643209498121,0.09406033806367176,-0.5677538894035716,0.16567097085408367,0.5907621937648708,12,3,0.02,0.36000000000000004,429.90909090909093
spx,7.519490351426693,0.09960158062289226,-0.5677538894035716,0.17543090850073123,0.6171076972310672,12,3,0.02,0.38,437.27272727272725
spx,5.846519917686458,0.08899906704389138,-0.5677538894035716,0.15675641982371155,0.5648167614658726,11,3,0.02,0.4,480.6
spx,1.6027318221108406,0.043305687243812674,-0.28826378524375207,0.1502293713627397,0.4113788617706549,132,3,0.04,0.02,4.128787878787879
spx,2.491048211792156,0.056971961856604025,-0.29645853701810454,0.192175143376373,0.49868969682631925,91,3,0.04,0.04,7.7032967032967035
spx,1.8711709203244098,0.0478542842439198,-0.2943023899673278,0.16260243163241853,0.4145760609235745,59,3,0.04,0.06,16.406779661016948
spx,1.2467556975238558,0.03652728259135851,-0.39718253343774335,0.09196598419170919,0.32455740546051903,40,3,0.04,0.08,31.875
spx,0.8710553900139981,0.028155283549972765,-0.5065982116828021,0.05557714753166504,0.26275553963425413,31,3,0.04,0.1,49.38709677419355
spx,1.7644631595529745,0.0460969059190417,-0.49372910445252016,0.09336477332069988,0.37456420762972986,28,3,0.04,0.12000000000000001,66.17857142857143
spx,2.13257706101454,0.05190872936272539,-0.525371420795814,0.09880386962065026,0.40413200545344713,25,3,0.04,0.13999999999999999,90.32
spx,1.6811122071797784,0.044678496152295466,-0.5480762416682254,0.0815187609962873,0.354690012027458,20,3,0.04,0.16,123.15
spx,1.5706542003449249,0.04273243104820579,-0.49897952657659606,0.08563964806609381,0.34015403846943143,17,3,0.04,0.18,165.94117647058823
spx,1.6286617674059238,0.04376416516308401,-0.5575249678625689,0.07849722915704821,0.34082349282878843,15,3,0.04,0.19999999999999998,213.33333333333334
spx,2.414455494430405,0.055933277488237954,-0.5220064491066532,0.10715054877954201,0.40998207693975935,15,3,0.04,0.22,230.28571428571428
spx,3.2920246612331923,0.06669239165382534,-0.5205188108821512,0.12812676556453004,0.4688820709974692,15,3,0.04,0.24,241.64285714285714
spx,2.824540076982331,0.06125451326643461,-0.5677538894035716,0.10788920060201224,0.4366684918736708,13,3,0.04,0.26,284.6666666666667
spx,3.6174914460638377,0.07015347736232136,-0.5677538894035716,0.12356318234300068,0.4851073634860851,13,3,0.04,0.28,294.1666666666667
spx,2.597071210331769,0.0583743768754863,-0.5677538894035716,0.10281633990532214,0.41904864809911185,11,3,0.04,0.30000000000000004,362.8
spx,3.0743876200141793,0.06423511695585726,-0.5677538894035716,0.11313901701904074,0.44945827741328,11,3,0.04,0.32,381.3
spx,2.971197186381675,0.06302585595465815,-0.5677538894035716,0.11100911351019917,0.44244798183788914,10,3,0.04,0.34,429.6666666666667
spx,3.4839402244559867,0.06876238280941638,-0.5677538894035716,0.1211130105716257,0.4722003326184977,10,3,0.04,0.36000000000000004,448.55555555555554
spx,4.20633899978212,0.0758612717042304,-0.5677538894035716,0.13361647206666089,0.5081877248469698,10,3,0.04,0.38,461.3333333333333
spx,5.031061321335973,0.08289554646397401,-0.5677538894035716,0.14600612697000845,0.5414862317478084,10,3,0.04,0.4,488.22222222222223
spx,1.8764957439364158,0.04794033529576369,-0.2484217093536608,0.19297965310879633,0.48653312448122044,90,3,0.06,0.02,3.2666666666666666
spx,2.986334660579607,0.06320511442183308,-0.24461899672128817,0.25838187249965366,0.6006367648027422,70,3,0.06,0.04,5.671428571428572
spx,1.689882565112307,0.04482971319509632,-0.25461303124567036,0.17606998736777593,0.42336447923322207,45,3,0.06,0.06,11.977777777777778
spx,0.8229135293597403,0.02696818771658749,-0.3245076880506804,0.08310492696979091,0.27114343702458105,30,3,0.06,0.08,24.033333333333335
spx,0.13940732932099098,0.0058008043156829725,-0.4932244334512229,0.011760983281167151,0.11083664463242884,22,3,0.06,0.1,38.22727272727273
spx,0.2752521795158933,0.010834259294769222,-0.4735859625672557,0.02287707016491353,0.14716561701077693,18,3,0.06,0.12000000000000001,55.77777777777778
spx,0.28873120624593107,0.011305401655329561,-0.5180348402110124,0.0218236318829917,0.15033868221114507,16,3,0.06,0.13999999999999999,72.0
spx,0.4731954241626555,0.017319092185167362,-0.5480762416682256,0.03159978643199674,0.19108078854088223,15,3,0.06,0.16,93.0
spx,0.8079359809115207,0.026592751449394658,-0.49897952657659606,0.053294273678606584,0.25008761244058386,14,3,0.06,0.18,117.5
spx,0.6040193381924635,0.021162275533119557,-0.5575249678625688,0.037957538680736015,0.213965873894442,12,3,0.06,0.19999999999999998,154.25
spx,1.090871753472249,0.03322929667631258,-0.519253745647382,0.06399433216390919,0.29160138007505665,12,3,0.06,0.22,165.72727272727272
spx,1.4651744383911272,0.040797991648407805,-0.519253745647382,0.07857043303085415,0.33864716161599384,12,3,0.06,0.24,174.36363636363637
spx,1.4964216602934273,0.04137916688100618,-0.5677538894035716,0.07288222529743514,0.33946703776226683,11,3,0.06,0.26,208.3
spx,1.9113655386522526,0.048500109312695106,-0.5677538894035716,0.08542453027251776,0.3822337220758031,11,3,0.06,0.28,219.3
spx,1.0835989211497319,0.03306974937614093,-0.5677538894035716,0.05824662762043053,0.2859144814161096,9,3,0.06,0.30000000000000004,271.0
spx,1.2800478627498149,0.03720321645985614,-0.5677538894035716,0.0655270129438273,0.31014361194075907,9,3,0.06,0.32,289.875
spx,1.8038220724140666,0.04675253847683125,-0.5677538894035716,0.0823464873590651,0.36469557973772754,9,3,0.06,0.34,329.375
spx,2.115784911589976,0.051658181230731515,-0.5677538894035716,0.09098692619261262,0.3924508039050287,9,3,0.06,0.36000000000000004,346.625
spx,2.5686334664229524,0.05800213508588903,-0.5677538894035716,0.10216070055780783,0.42819265059342854,9,3,0.06,0.38,354.875
spx,1.8412757435468845,0.047368317242479696,-0.5677538894035716,0.0834310748487172,0.3664163954767554,8,3,0.06,0.4,387.2857142857143
spx,1.2543587249622314,0.03668248692691822,-0.21686868175353802,0.16914607784911193,0.4141954938386396,59,3,0.08,0.02,2.694915254237288
spx,1.7936636078412405,0.04658416707450108,-0.2129063222844514,0.21880123884843009,0.49501998502183175,50,3,0.08,0.04,4.26
spx,1.558540070934245,0.04251416058425139,-0.25461303124567036,0.16697558791965536,0.43190659816538346,36,3,0.08,0.06,8.222222222222221
spx,0.7398369887820799,0.024847368876584452,-0.28569501921071383,0.08697165580705599,0.26640656034271626,25,3,0.08,0.08,18.64
spx,-0.03596149374432045,-0.0016218382176274027,-0.4548939949559583,-0.0035653102384533017,0.05135101210612294,17,3,0.08,0.1,33.35294117647059
spx,0.18818699653924242,0.007671203450845265,-0.432282156813227,0.017745824873728725,0.12391915027349634,15,3,0.08,0.12000000000000001,45.2
spx,0.08409480254359036,0.0035849949425958982,-0.47123797351539365,0.007607610473010383,0.09361656509840405,13,3,0.08,0.13999999999999999,62.92307692307692
spx,0.18139024676286541,0.007415038962941045,-0.5041962734885872,0.014706651660940706,0.12246794894857785,12,3,0.08,0.16,80.25
spx,0.35987234202979335,0.013716592223988133,-0.45033246603629495,0.030458812673929293,0.16703230962611215,11,3,0.08,0.18,107.45454545454545
spx,0.14725089916180956,0.006106659535549008,-0.5061827597865003,0.012064139715316852,0.11406004671421444,9,3,0.08,0.19999999999999998,144.66666666666666
spx,0.4333763663252028,0.01608441251485493,-0.4725752297372129,0.034035665652215975,0.18337710883035055,9,3,0.08,0.22,150.22222222222223
spx,0.6281168638591692,0.021837351740756183,-0.4725752297372129,0.046209260169855666,0.22265914996922054,9,3,0.08,0.24,157.22222222222223
spx,0.5943277427100164,0.02088803532011574,-0.5257845411914792,0.03972736678941037,0.21509966678585044,8,3,0.08,0.26,193.75
spx,0.7902391057486289,0.02614530093824774,-0.5257845411914792,0.04972626406816741,0.2500837351929629,8,3,0.08,0.28,201.75
spx,1.1329500155994854,0.03414210320864974,-0.5257845411914792,0.06493554019538193,0.2985672562558996,8,3,0.08,0.30000000000000004,245.625
spx,1.334051949756366,0.03827986094096003,-0.5257845411914792,0.07280522332249274,0.3236243438927294,8,3,0.08,0.32,264.5
spx,1.1258932532845152,0.03399022822708031,-0.5257845411914792,0.0646466861693102,0.2964072713078404,7,3,0.08,0.34,300.7142857142857
spx,1.336724418429374,0.038332519954659805,-0.5257845411914792,0.07290537654034972,0.3231839650183344,7,3,0.08,0.36000000000000004,317.2857142857143
spx,1.6348838874671836,0.04387353788281323,-0.5257845411914792,0.08344394793995179,0.35688163552508,7,3,0.08,0.38,325.7142857142857
spx,1.9085727968109567,0.04845551336812526,-0.5257845411914792,0.0921584975821471,0.38146517500676325,7,3,0.08,0.4,358.2857142857143
spx,0.6980029204827185,0.02374249030230824,-0.21710035496407942,0.10936182166186038,0.30670358647920276,36,3,0.1,0.02,2.1666666666666665
spx,1.0407164377383822,0.03211805627656683,-0.2129063222844514,0.15085534300693906,0.39163054962508626,32,3,0.1,0.04,3.125
spx,0.966989896524703,0.03043625007767381,-0.2546130312456705,0.11953924718136892,0.3622942909291151,24,3,0.1,0.06,5.625
spx,0.7284681573395149,0.024549640750963997,-0.28569501921071394,0.08592953709444072,0.2838391627118668,18,3,0.1,0.08,15.5
spx,0.18691375666415277,0.0076233227557898076,-0.41398204795876714,0.01841462158414438,0.12378388062163714,13,3,0.1,0.1,26.846153846153847
spx,0.48652796149117683,0.0177253785108602,-0.4322821568132269,0.04100418726863778,0.2099443853982931,12,3,0.1,0.12000000000000001,33.75
spx,0.390116440018242,0.014705325545472325,-0.47123797351539365,0.03120573122698898,0.1819345120475299,11,3,0.1,0.13999999999999999,52.54545454545455
spx,0.3378813039460924,0.01298438096133081,-0.5041962734885872,0.025752631750906266,0.16606052374065863,10,3,0.1,0.16,68.8
spx,0.7214418342289104,0.02436469752055137,-0.45033246603629506,0.054103799654959074,0.24755061262414318,10,3,0.1,0.18,99.4
spx,0.6967516175310129,0.023709042974500827,-0.4725752297372129,0.05016988086253447,0.2457420647597202,8,3,0.1,0.19999999999999998,130.375
spx,0.9130181966514639,0.0291664406137766,-0.4725752297372129,0.061718090112330516,0.2847269848964052,8,3,0.1,0.22,138.625
spx,1.1434186038595553,0.03436652492162895,-0.4725752297372129,0.07272180757493216,0.3220449990525715,8,3,0.1,0.24,145.5
spx,0.9055911475433533,0.02898902841681439,-0.5257845411914794,0.05513480550630569,0.27781696110523674,7,3,0.1,0.26,187.57142857142858
spx,1.1109729452573798,0.0336675221299616,-0.5257845411914794,0.06403292507167992,0.3105146423573442,7,3,0.1,0.28,194.71428571428572
spx,1.4745909236317876,0.040973868974310435,-0.5257845411914794,0.0779290103917084,0.3542841942592804,7,3,0.1,0.30000000000000004,244.0
spx,1.6612825623482466,0.044334846547384066,-0.5257845411914794,0.08432131999719304,0.3756747894588792,7,3,0.1,0.32,258.42857142857144
spx,1.955238122040948,0.049195374794519964,-0.5257845411914794,0.0935656546368564,0.40623039435495856,7,3,0.1,0.34,279.14285714285717
spx,2.240483134849645,0.05348876572746253,-0.5257845411914794,0.10173133962107697,0.4332680372033394,7,3,0.1,0.36000000000000004,295.0
spx,2.63679079511795,0.05888961445688312,-0.5257845411914794,0.11200332045410363,0.46650670676781203,7,3,0.1,0.38,303.57142857142856
spx,3.0279746830190923,0.06369488141043034,-0.5257845411914794,0.1211425525484098,0.4938695225674205,7,3,0.1,0.4,322.14285714285717
spx,0.7878911569357683,0.02608561768998685,-0.17434400429972108,0.14962153585242957,0.3487539482329002,29,3,0.12000000000000001,0.02,2.0344827586206895
spx,0.8453931833360389,0.027526179813172513,-0.1758961970911178,0.1564910456757254,0.3604573759573511,25,3,0.12000000000000001,0.04,2.72
spx,0.4909293089590423,0.017858737769505417,-0.17740772939823446,0.10066493624647645,0.24161269497321142,18,3,0.12000000000000001,0.06,4.777777777777778
spx,0.47861772072439,0.017484749694055335,-0.2117091112666485,0.0825885555394601,0.23108719854548668,14,3,0.12000000000000001,0.08,8.642857142857142
spx,0.20014423410288962,0.008118482777909497,-0.2762341449378205,0.029389859750093325,0.13056998647348186,11,3,0.12000000000000001,0.1,15.909090909090908
spx,0.46448593754438594,0.01705178357149917,-0.2988358312626913,0.057060706205976405,0.21490649256842348,10,3,0.12000000000000001,0.12000000000000001,21.3
spx,0.7740334638080026,0.025731831556781826,-0.28625706568920717,0.08989064250633796,0.2988210899609593,10,3,0.12000000000000001,0.13999999999999999,23.2
spx,0.6788667502048795,0.023228386617915042,-0.2762062693912487,0.08409797022026252,0.2680478337313096,9,3,0.12000000000000001,0.16,31.666666666666668
spx,0.6124289904536366,0.02139896079614756,-0.2762062693912487,0.07747456581384014,0.2399782025923009,8,3,0.12000000000000001,0.18,68.375
spx,0.8788428840323781,0.028344562025467424,-0.2880621445940448,0.09839738597174008,0.3019602487807097,7,3,0.12000000000000001,0.19999999999999998,78.0
spx,1.077518151694027,0.03293594383119158,-0.2880621445940448,0.11433624462390565,0.33725190460641985,7,3,0.12000000000000001,0.22,85.71428571428571
spx,1.2966119438715338,0.0375360122422852,-0.2880621445940448,0.13030525859336117,0.37368425539261785,7,3,0.12000000000000001,0.24,93.0
spx,1.009804391220238,0.03142009473768459,-0.3598860808598814,0.08730566812312404,0.31508212971454613,6,3,0.12000000000000001,0.26,126.83333333333333
spx,1.1872018097443702,0.03529392044098767,-0.3598860808598814,0.09806970126952218,0.34498497079951745,6,3,0.12000000000000001,0.28,134.5
spx,1.5139652898840112,0.04170242535590685,-0.3598860808598814,0.11587673870650012,0.3839595304097351,6,3,0.12000000000000001,0.30000000000000004,190.5
spx,1.6822340533746587,0.04469786518139918,-0.3598860808598814,0.12420003873059463,0.40495323174174946,6,3,0.12000000000000001,0.32,197.33333333333334
spx,1.9318984465311675,0.04882673966361173,-0.3598860808598814,0.13567276496759542,0.43288325095484026,6,3,0.12000000000000001,0.34,218.83333333333334
spx,2.170119226486173,0.05246426825918449,-0.3598860808598814,0.14578020948693207,0.4582998588321551,6,3,0.12000000000000001,0.36000000000000004,227.66666666666666
spx,2.5001309335312736,0.05709368635036016,-0.3598860808598814,0.15864377475768257,0.4890796016107792,6,3,0.12000000000000001,0.38,235.16666666666666
spx,2.8279696864894373,0.061296672496273574,-0.3598860808598814,0.17032243189238241,0.5142473700232598,6,3,0.12000000000000001,0.4,254.83333333333334
spx,0.4540181273582702,0.016728491457235872,-0.2047186220883469,0.08171455672467669,0.24679778692306964,22,3,0.13999999999999999,0.02,2.1363636363636362
spx,0.3874882370361854,0.014620224674072091,-0.20271625640491475,0.07212161931832928,0.2192493911792351,18,3,0.13999999999999999,0.04,2.9444444444444446
spx,0.21941685960489732,0.008830518954866529,-0.17740772939823446,0.04977527746293566,0.14478119440609735,14,3,0.13999999999999999,0.06,4.571428571428571
spx,0.3503271813765998,0.013400177837194382,-0.2117091112666485,0.06329523447064497,0.19169365099867486,12,3,0.13999999999999999,0.08,6.916666666666667
spx,0.09362108946394732,0.003974207863222556,-0.2762341449378205,0.014387098539599944,0.0893683330588443,9,3,0.13999999999999999,0.1,14.222222222222221
spx,0.2735204599483054,0.010773384558738552,-0.28707580164754576,0.037528013496468296,0.15743380907112306,8,3,0.13999999999999999,0.12000000000000001,19.75
spx,0.4841929591040557,0.017654475493003474,-0.2761214171053673,0.06393736378032047,0.22748290349103858,8,3,0.13999999999999999,0.13999999999999999,20.25
spx,0.25780309795096223,0.01021722994128682,-0.2762062693912487,0.036991303505910005,0.14942707105194158,7,3,0.13999999999999999,0.16,30.857142857142858
spx,0.208224284987512,0.00841832488374128,-0.2762062693912487,0.030478398996138082,0.13155017722767143,6,3,0.13999999999999999,0.18,44.833333333333336
spx,0.44351416977788816,0.016401839340203894,-0.2880621445940448,0.05693854485225191,0.20850073329205773,5,3,0.13999999999999999,0.19999999999999998,47.8
spx,0.5409273962625494,0.019347799704646063,-0.2880621445940448,0.06716536715336961,0.2339640187290666,5,3,0.13999999999999999,0.22,55.4
spx,0.6379258954319311,0.02210941433526603,-0.2880621445940448,0.07675223818951984,0.2584494169957427,5,3,0.13999999999999999,0.24,60.6
spx,0.3197391505092182,0.012371610720664172,-0.3598860808598814,0.03437646349396034,0.16568832779665185,4,3,0.13999999999999999,0.26,90.5
spx,0.3904108046911854,0.014714847458139113,-0.3598860808598814,0.04088751480185258,0.18601827132979729,4,3,0.13999999999999999,0.28,97.25
spx,0.5287872187937999,0.01899052748397989,-0.3598860808598814,0.0527681632993572,0.220098837603657,4,3,0.13999999999999999,0.30000000000000004,137.5
spx,0.5918042591761514,0.02081636763911776,-0.3598860808598814,0.05784154694002305,0.23476889395635145,4,3,0.13999999999999999,0.32,144.5
spx,0.6863633089519909,0.023430449734168413,-0.3598860808598814,0.0651051846133801,0.2553687354866164,4,3,0.13999999999999999,0.34,169.5
spx,0.7833601795355014,0.02597023130308429,-0.3598860808598814,0.0721623666051024,0.2757356736347618,4,3,0.13999999999999999,0.36000000000000004,178.25
spx,0.9021051312716137,0.028905528885945886,-0.3598860808598814,0.08031855196200269,0.29828145248080284,4,3,0.13999999999999999,0.38,185.75
spx,1.015644638466751,0.031552743866156696,-0.3598860808598814,0.08767425456068553,0.3167507785098168,4,3,0.13999999999999999,0.4,211.5
spx,0.5951390347402934,0.020911053226919885,-0.1383847290132716,0.15110809824192697,0.32673159897891846,19,3,0.16,0.02,2.0526315789473686
spx,0.42289223690825284,0.0157538770229797,-0.15661674099883383,0.10058871690541055,0.250761316269954,15,3,0.16,0.04,3.1333333333333333
spx,0.27989714383786146,0.010997153336714804,-0.15661674099883394,0.07021697212302919,0.18089153449900972,12,3,0.16,0.06,4.416666666666667
spx,0.4819293612869904,0.017585638857880115,-0.19178508899128877,0.09169450529430308,0.26282637624212696,10,3,0.16,0.08,5.9
spx,0.12065716591282549,0.005061420108658732,-0.25186179468058667,0.020096021768913657,0.10234979175954764,7,3,0.16,0.1,8.857142857142858
spx,0.3299556821087082,0.012717667715116399,-0.20928901133197408,0.060766055676681675,0.19293366597957648,6,3,0.16,0.12000000000000001,13.5
spx,0.43562532057047854,0.01615501475211123,-0.19713939956172888,0.08194716423011486,0.2323609699033421,6,3,0.16,0.13999999999999999,14.333333333333334
spx,0.15583506166067074,0.006439111758502536,-0.2762062693912486,0.023312692259644108,0.11584300871126411,5,3,0.16,0.16,26.2
spx,0.08252459886390873,0.003520527961944131,-0.2762062693912487,0.012746010326642047,0.08387111963095854,4,3,0.16,0.18,32.0
spx,0.18865417366699266,0.007688759538011736,-0.25186179468058656,0.030527692966544177,0.13104504668161748,3,3,0.16,0.19999999999999998,25.666666666666668
spx,0.23223749122623039,0.009298250532400854,-0.25186179468058656,0.03691806668888777,0.14785009438632873,3,3,0.16,0.22,32.333333333333336
spx,0.2684943096348853,0.010596252409920792,-0.25186179468058656,0.042071694213721686,0.16154444434316909,3,3,0.16,0.24,35.333333333333336
spx,-0.01354218927274109,-0.0006040998546009702,-0.32733780760626396,-0.001845493678284812,0.041970494071272915,2,3,0.16,0.26,74.5
spx,0.011503951249837607,0.0005070661780259833,-0.32733780760626396,0.0015490608363697004,0.05367319174757098,2,3,0.16,0.28,78.5
spx,0.07913006242859555,0.003380854391638266,-0.32733780760626396,0.010328334561661462,0.08344523653060539,2,3,0.16,0.30000000000000004,88.0
spx,0.08441644178636776,0.0035981892941412408,-0.32733780760626396,0.010992281400226454,0.08573690753850738,2,3,0.16,0.32,94.5
spx,0.11460040909142188,0.0048200531851063655,-0.32733780760626396,0.014725012122352006,0.0979578453633633,2,3,0.16,0.34,97.5
spx,0.14469232356275152,0.006007109642592434,-0.32733780760626396,0.01835140794313025,0.10976631126831458,2,3,0.16,0.36000000000000004,100.5
spx,0.19146803817904323,0.007794362713598346,-0.32733780760626396,0.02381137324342852,0.1272142105470907,2,3,0.16,0.38,109.5
spx,0.22925481934259162,0.00918985108002568,-0.32733780760626396,0.028074517719870688,0.1403585892700076,2,3,0.16,0.4,127.5
spx,0.542094563978428,0.01938200631389453,-0.1383847290132716,0.14005885224543616,0.3287929333100326,14,3,0.18,0.02,2.142857142857143
spx,0.4704791066061751,0.0172358863107831,-0.15661674099883371,0.1100513661621362,0.2911132362772272,13,3,0.18,0.04,2.6923076923076925
spx,0.43852178053258517,0.01624578880531602,-0.15661674099883394,0.10372958025883691,0.27182500686306393,11,3,0.18,0.06,3.5454545454545454
spx,0.6727271183884629,0.02306225494855041,-0.19178508899128877,0.12025051097480231,0.3424757931280369,10,3,0.18,0.08,5.5
spx,0.16903044015107893,0.006945576387442864,-0.25186179468058656,0.02757693518483543,0.12863368681067358,6,3,0.18,0.1,8.333333333333334
spx,0.24399310767728477,0.009723058023221487,-0.20928901133197408,0.046457565838460474,0.16075509703588764,5,3,0.18,0.12000000000000001,13.8
spx,0.3162974698995251,0.01225445651557866,-0.19713939956172888,0.06216137688773627,0.19150085302651668,5,3,0.18,0.13999999999999999,14.4
spx,0.021902493588060512,0.0009606884090092027,-0.2762062693912486,0.003478155695475468,0.054559977061848376,4,3,0.18,0.16,29.25
spx,0.08252459886390873,0.003520527961944131,-0.2762062693912487,0.012746010326642047,0.08387111963095854,4,3,0.18,0.18,32.0
spx,0.22047120062896775,0.008869161119001712,-0.25186179468058656,0.035214396571141976,0.14480114188566118,3,3,0.18,0.19999999999999998,24.666666666666668
spx,0.26522112460796543,0.010480537463104733,-0.25186179468058656,0.041612255945353865,0.16137826044147574,3,3,0.18,0.22,31.333333333333332
spx,0.30244843905694907,0.011780059813542243,-0.25186179468058656,0.046771920403735005,0.17503207154189254,3,3,0.18,0.24,34.333333333333336
spx,-0.01354218927274109,-0.0006040998546009702,-0.32733780760626396,-0.001845493678284812,0.041970494071272915,2,3,0.18,0.26,74.5
spx,0.011503951249837607,0.0005070661780259833,-0.32733780760626396,0.0015490608363697004,0.05367319174757098,2,3,0.18,0.28,78.5
spx,0.07913006242859555,0.003380854391638266,-0.32733780760626396,0.010328334561661462,0.08344523653060539,2,3,0.18,0.30000000000000004,88.0
spx,0.08441644178636776,0.0035981892941412408,-0.32733780760626396,0.010992281400226454,0.08573690753850738,2,3,0.18,0.32,94.5
spx,0.11460040909142188,0.0048200531851063655,-0.32733780760626396,0.014725012122352006,0.0979578453633633,2,3,0.18,0.34,97.5
spx,0.14469232356275152,0.006007109642592434,-0.32733780760626396,0.01835140794313025,0.10976631126831458,2,3,0.18,0.36000000000000004,100.5
spx,0.19146803817904323,0.007794362713598346,-0.32733780760626396,0.02381137324342852,0.1272142105470907,2,3,0.18,0.38,109.5
spx,0.22925481934259162,0.00918985108002568,-0.32733780760626396,0.028074517719870688,0.1403585892700076,2,3,0.18,0.4,127.5
spx,0.5835841228909326,0.020582158079804902,-0.07138321614114829,0.2883332972712682,0.3956921347835368,9,3,0.19999999999999998,0.02,1.8888888888888888
spx,0.5835841228909326,0.020582158079804902,-0.07138321614114829,0.2883332972712682,0.3956921347835368,9,3,0.19999999999999998,0.04,1.8888888888888888
spx,0.4921771896721079,0.017896479654022635,-0.1153689566766023,0.15512387534360164,0.34231104963923153,7,3,0.19999999999999998,0.06,2.7142857142857144
spx,0.40620197243405554,0.01522284651905692,-0.1743133360401189,0.08733036074505121,0.2799205296693742,6,3,0.19999999999999998,0.08,4.0
spx,0.1393662291556368,0.0057991963465406915,-0.17470180965098003,0.03319482699192612,0.11939551887078872,4,3,0.19999999999999998,0.1,7.0
spx,0.1110663074375946,0.0046786364901727495,-0.17470180965098014,0.026780698491445196,0.10088374987398711,3,3,0.19999999999999998,0.12000000000000001,11.0
spx,0.17564459187511172,0.007197388503911828,-0.17470180965098014,0.041198133655803534,0.13568744161345273,3,3,0.19999999999999998,0.13999999999999999,12.0
spx,0.2205466304809225,0.008871924440567058,-0.17470180965098014,0.050783242934297125,0.15827729169513402,3,3,0.19999999999999998,0.16,12.666666666666666
spx,0.24806433700607955,0.00986928426015532,-0.17470180965098014,0.05649216959957203,0.16790258056797844,3,3,0.19999999999999998,0.18,15.333333333333334
spx,0.10830883241802591,0.004567997544717262,-0.25186179468058656,0.01813692128458958,0.0963936252145498,2,3,0.19999999999999998,0.19999999999999998,30.0
spx,0.1352337804189474,0.005637238157113922,-0.25186179468058656,0.022382267879346763,0.10873598662384265,2,3,0.19999999999999998,0.22,38.5
spx,0.15526470670507986,0.006417096034563974,-0.25186179468058656,0.02547864015144573,0.11793690846114273,2,3,0.19999999999999998,0.24,40.0
spx,0.08002776593636485,0.0034178326158671446,-0.3273378076062641,0.010441301115996537,0.08325370081147174,2,3,0.19999999999999998,0.26,73.5
spx,0.10744964541237234,0.004533470384615823,-0.3273378076062641,0.01384951655223669,0.09491338849403182,2,3,0.19999999999999998,0.28,77.5
spx,0.1814903970604449,0.007418823766874416,-0.3273378076062641,0.02266412126703706,0.12436436666166732,2,3,0.19999999999999998,0.30000000000000004,87.0
spx,0.18727821325043226,0.007637033304045415,-0.3273378076062641,0.023330740069083512,0.12636695308337947,2,3,0.19999999999999998,0.32,93.5
spx,0.22032526546196074,0.008863814419562743,-0.3273378076062641,0.027078492656810723,0.1386743825358956,2,3,0.19999999999999998,0.34,96.5
spx,0.25327153321492,0.010055648023833186,-0.3273378076062641,0.03071948241288568,0.1505366806577358,2,3,0.19999999999999998,0.36000000000000004,99.5
spx,0.3044841345119442,0.01185009365102041,-0.3273378076062641,0.03620142059872965,0.1677358850656502,2,3,0.19999999999999998,0.38,108.5
spx,0.3458551616336272,0.01325119797001717,-0.3273378076062641,0.040481721518573495,0.18044941559110841,2,3,0.19999999999999998,0.4,126.5
spx,0.41366450130748866,0.015461020598998898,-0.0713832161411484,0.2165918185645672,0.3185654474798845,7,3,0.22,0.02,2.142857142857143
spx,0.41366450130748866,0.015461020598998898,-0.0713832161411484,0.2165918185645672,0.3185654474798845,7,3,0.22,0.04,2.142857142857143
spx,0.3955849606135673,0.014881903813724007,-0.11536895667660219,0.12899400534097216,0.297928178229833,6,3,0.22,0.06,3.0
spx,0.4859108099699294,0.017706648881558484,-0.1153689566766023,0.15347845201714932,0.34020760445927506,6,3,0.22,0.08,3.1666666666666665
spx,0.20394980920596728,0.008259943195031427,-0.17470180965098014,0.047280238318842656,0.16132321654583848,4,3,0.22,0.1,5.75
spx,0.1740457410660592,0.007136641823115353,-0.17470180965097992,0.04085041727600286,0.1387234906750106,3,3,0.22,0.12000000000000001,9.333333333333334
spx,0.2422845665094071,0.009661556111692615,-0.17470180965098014,0.05530312554285788,0.17500789976090877,3,3,0.22,0.13999999999999999,10.333333333333334
spx,0.28973182221092797,0.011340188898935732,-0.17470180965098003,0.06491168535455476,0.19838168564330053,3,3,0.22,0.16,11.0
spx,0.31880933624721863,0.012339988817941183,-0.17470180965098003,0.07063457924445123,0.20631565452460274,3,3,0.22,0.18,13.666666666666666
spx,0.10830883241802591,0.004567997544717262,-0.25186179468058656,0.01813692128458958,0.0963936252145498,2,3,0.22,0.19999999999999998,30.0
spx,0.1352337804189474,0.005637238157113922,-0.25186179468058656,0.022382267879346763,0.10873598662384265,2,3,0.22,0.22,38.5
spx,0.15526470670507986,0.006417096034563974,-0.25186179468058656,0.02547864015144573,0.11793690846114273,2,3,0.22,0.24,40.0
spx,0.08002776593636485,0.0034178326158671446,-0.3273378076062641,0.010441301115996537,0.08325370081147174,2,3,0.22,0.26,73.5
spx,0.10744964541237234,0.004533470384615823,-0.3273378076062641,0.01384951655223669,0.09491338849403182,2,3,0.22,0.28,77.5
spx,0.1814903970604449,0.007418823766874416,-0.3273378076062641,0.02266412126703706,0.12436436666166732,2,3,0.22,0.30000000000000004,87.0
spx,0.18727821325043226,0.007637033304045415,-0.3273378076062641,0.023330740069083512,0.12636695308337947,2,3,0.22,0.32,93.5
spx,0.22032526546196074,0.008863814419562743,-0.3273378076062641,0.027078492656810723,0.1386743825358956,2,3,0.22,0.34,96.5
spx,0.25327153321492,0.010055648023833186,-0.3273378076062641,0.03071948241288568,0.1505366806577358,2,3,0.22,0.36000000000000004,99.5
spx,0.3044841345119442,0.01185009365102041,-0.3273378076062641,0.03620142059872965,0.1677358850656502,2,3,0.22,0.38,108.5
spx,0.3458551616336272,0.01325119797001717,-0.3273378076062641,0.040481721518573495,0.18044941559110841,2,3,0.22,0.4,126.5
spx,0.4755863615798659,0.01739220982277767,-0.031764316753538746,0.5475392390059852,0.40625316255231736,6,3,0.24,0.02,1.5
spx,0.4755863615798659,0.01739220982277767,-0.031764316753538746,0.5475392390059852,0.40625316255231736,6,3,0.24,0.04,1.5
spx,0.40011300947149997,0.015027614565068292,-0.11536895667660241,0.13025700325255687,0.3331995950001768,5,3,0.24,0.06,2.8
spx,0.4907319258001803,0.017852765193120845,-0.1153689566766023,0.15474496526101914,0.3780110377487673,5,3,0.24,0.08,3.0
spx,0.3416943735649791,0.01311216094283485,-0.13850213111426846,0.09467118547090744,0.2728374041401829,4,3,0.24,0.1,5.0
spx,0.30836896442979267,0.01198345372008669,-0.1539143868042061,0.07785791808618121,0.23422434101161352,3,3,0.24,0.12000000000000001,8.333333333333334
spx,0.3844150316793953,0.014520519075465144,-0.1539143868042061,0.09434153217877313,0.27535878662098234,3,3,0.24,0.13999999999999999,9.333333333333334
spx,0.43729075417966645,0.016207230227674785,-0.1539143868042061,0.10530029430122045,0.30118547812549384,3,3,0.24,0.16,10.0
spx,0.4696950426985358,0.017211841650840443,-0.1539143868042061,0.11182737369922124,0.3025870136064067,3,3,0.24,0.18,12.666666666666666
spx,0.1522068061837576,0.006298883524604726,-0.25186179468058656,0.02500928547973315,0.1204506278885428,2,3,0.24,0.19999999999999998,29.0
spx,0.18019819940862392,0.00736996645488297,-0.25186179468058656,0.02926194687141664,0.13295276894566557,2,3,0.24,0.22,37.5
spx,0.2010225120243534,0.0081511680393489,-0.25186179468058656,0.032363654240160904,0.14286446918836915,2,3,0.24,0.24,39.0
spx,0.12280558124249996,0.005146736844041655,-0.3273378076062641,0.015723013732139277,0.10166052595131601,2,3,0.24,0.26,72.5
spx,0.15131358843907994,0.006264296873679909,-0.3273378076062641,0.019137101575553022,0.11389619590283173,2,3,0.24,0.28,76.5
spx,0.22828695135792154,0.009154621763818982,-0.3273378076062641,0.027966893988703414,0.14459061751411362,2,3,0.24,0.30000000000000004,86.0
spx,0.23430401177644655,0.009373207279350426,-0.3273378076062641,0.02863466138511235,0.146477901258931,2,3,0.24,0.32,92.5
spx,0.26865999394376305,0.01060210215743873,-0.3273378076062641,0.03238887140770306,0.1594318387544783,2,3,0.24,0.34,95.5
spx,0.302911199774625,0.011795989309185462,-0.3273378076062641,0.03603613464465487,0.17188947542937932,2,3,0.24,0.36000000000000004,98.5
spx,0.3561522333663798,0.013593526793554522,-0.3273378076062641,0.041527518293595335,0.1896716087057338,2,3,0.24,0.38,107.5
spx,0.3991618870243925,0.014997045236660123,-0.3273378076062641,0.045815194237199784,0.20258503728124866,2,3,0.24,0.4,125.5
spx,0.43769408115122954,0.016219866831555407,0.0,,0.4121409518118477,4,3,0.26,0.02,1.0
spx,0.43769408115122954,0.016219866831555407,0.0,,0.4121409518118477,4,3,0.26,0.04,1.0
spx,0.43769408115122954,0.016219866831555407,0.0,,0.4121409518118477,4,3,0.26,0.06,1.0
spx,0.5307453411314933,0.01904833588384669,0.0,,0.4575801407617826,4,3,0.26,0.08,1.25
spx,0.5484025182242533,0.019566448699519512,0.0,,0.46869676108120395,4,3,0.26,0.1,1.5
spx,0.4119455709857798,0.015406265908882721,-0.153914386804206,0.10009633425938917,0.3085352136782495,3,3,0.26,0.12000000000000001,6.333333333333333
spx,0.49401180059155303,0.01795191233165938,-0.153914386804206,0.11663570056317056,0.35137215494242,3,3,0.26,0.13999999999999999,7.333333333333333
spx,0.5510734125883401,0.01964432841458641,-0.153914386804206,0.1276315282961553,0.3777364547166927,3,3,0.26,0.16,8.0
spx,0.5860429761434514,0.02065233771566377,-0.153914386804206,0.13418068410937792,0.3729854427726278,3,3,0.26,0.18,10.666666666666666
spx,0.24342088591182298,0.009702468900865568,-0.25186179468058656,0.038522988026708574,0.16853932034281827,2,3,0.26,0.19999999999999998,26.0
spx,0.27362820874204297,0.01077717453435656,-0.25186179468058656,0.042790033113296405,0.17998302739208996,2,3,0.26,0.22,34.5
spx,0.29610107134117736,0.011561018361929909,-0.25186179468058656,0.04590223132727097,0.19018764601132124,2,3,0.26,0.24,36.0
spx,0.21169212249266223,0.008546425336725116,-0.3273378076062641,0.02610888549423268,0.14057065367455704,2,3,0.26,0.26,69.5
spx,0.24245695687283564,0.009667765268176032,-0.3273378076062641,0.02953452074135241,0.1528777954585287,2,3,0.26,0.28,73.5
spx,0.32552389121005065,0.012567866048649456,-0.3273378076062641,0.038394177991705206,0.18347976063511764,2,3,0.26,0.30000000000000004,83.0
spx,0.3320172902735119,0.012787190881769606,-0.3273378076062641,0.039064203964946774,0.1850344553176532,2,3,0.26,0.32,89.5
spx,0.3690930526744869,0.01402024222738918,-0.3273378076062641,0.04283111177995463,0.1982114469014287,2,3,0.26,0.34,92.5
spx,0.4060557441541679,0.015218167440706809,-0.3273378076062641,0.04649071108526477,0.2108465584675035,2,3,0.26,0.36000000000000004,95.5
spx,0.46351158697702544,0.01702178470156701,-0.3273378076062641,0.052000668135596305,0.2284801407264234,2,3,0.26,0.38,104.5
spx,0.5099260859777179,0.018430050238132045,-0.3273378076062641,0.05630284620315078,0.24097642110439393,2,3,0.26,0.4,122.5
spx,0.0,0.0,0.0,,0.0,0,3,0.28,0.02,0.0
spx,0.0,0.0,0.0,,0.0,0,3,0.28,0.04,0.0
spx,0.0,0.0,0.0,,0.0,0,3,0.28,0.06,0.0
spx,0.0,0.0,0.0,,0.0,0,3,0.28,0.08,0.0
spx,0.0,0.0,0.0,,0.0,0,3,0.28,0.1,0.0
spx,0.0,0.0,0.0,,0.0,0,3,0.28,0.12000000000000001,0.0
spx,0.0,0.0,0.0,,0.0,0,3,0.28,0.13999999999999999,0.0
spx,0.0,0.0,0.0,,0.0,0,3,0.28,0.16,0.0
spx,0.0,0.0,0.0,,0.0,0,3,0.28,0.18,0.0
spx,0.0,0.0,0.0,,0.0,0,3,0.28,0.19999999999999998,0.0
spx,0.0,0.0,0.0,,0.0,0,3,0.28,0.22,0.0
spx,0.0,0.0,0.0,,0.0,0,3,0.28,0.24,0.0
spx,0.0,0.0,0.0,,0.0,0,3,0.28,0.26,0.0
spx,0.0,0.0,0.0,,0.0,0,3,0.28,0.28,0.0
spx,0.0,0.0,0.0,,0.0,0,3,0.28,0.30000000000000004,0.0
spx,0.0,0.0,0.0,,0.0,0,3,0.28,0.32,0.0
spx,0.0,0.0,0.0,,0.0,0,3,0.28,0.34,0.0
spx,0.0,0.0,0.0,,0.0,0,3,0.28,0.36000000000000004,0.0
spx,0.0,0.0,0.0,,0.0,0,3,0.28,0.38,0.0
spx,0.0,0.0,0.0,,0.0,0,3,0.28,0.4,0.0
spx,0.0,0.0,0.0,,0.0,0,3,0.30000000000000004,0.02,0.0
spx,0.0,0.0,0.0,,0.0,0,3,0.30000000000000004,0.04,0.0
spx,0.0,0.0,0.0,,0.0,0,3,0.30000000000000004,0.06,0.0
spx,0.0,0.0,0.0,,0.0,0,3,0.30000000000000004,0.08,0.0
spx,0.0,0.0,0.0,,0.0,0,3,0.30000000000000004,0.1,0.0
spx,0.0,0.0,0.0,,0.0,0,3,0.30000000000000004,0.12000000000000001,0.0
spx,0.0,0.0,0.0,,0.0,0,3,0.30000000000000004,0.13999999999999999,0.0
spx,0.0,0.0,0.0,,0.0,0,3,0.30000000000000004,0.16,0.0
spx,0.0,0.0,0.0,,0.0,0,3,0.30000000000000004,0.18,0.0
spx,0.0,0.0,0.0,,0.0,0,3,0.30000000000000004,0.19999999999999998,0.0
spx,0.0,0.0,0.0,,0.0,0,3,0.30000000000000004,0.22,0.0
spx,0.0,0.0,0.0,,0.0,0,3,0.30000000000000004,0.24,0.0
spx,0.0,0.0,0.0,,0.0,0,3,0.30000000000000004,0.26,0.0
spx,0.0,0.0,0.0,,0.0,0,3,0.30000000000000004,0.28,0.0
spx,0.0,0.0,0.0,,0.0,0,3,0.30000000000000004,0.30000000000000004,0.0
spx,0.0,0.0,0.0,,0.0,0,3,0.30000000000000004,0.32,0.0
spx,0.0,0.0,0.0,,0.0,0,3,0.30000000000000004,0.34,0.0
spx,0.0,0.0,0.0,,0.0,0,3,0.30000000000000004,0.36000000000000004,0.0
spx,0.0,0.0,0.0,,0.0,0,3,0.30000000000000004,0.38,0.0
spx,0.0,0.0,0.0,,0.0,0,3,0.30000000000000004,0.4,0.0
spx,0.0,0.0,0.0,,0.0,0,3,0.32,0.02,0.0
spx,0.0,0.0,0.0,,0.0,0,3,0.32,0.04,0.0
spx,0.0,0.0,0.0,,0.0,0,3,0.32,0.06,0.0
spx,0.0,0.0,0.0,,0.0,0,3,0.32,0.08,0.0
spx,0.0,0.0,0.0,,0.0,0,3,0.32,0.1,0.0
spx,0.0,0.0,0.0,,0.0,0,3,0.32,0.12000000000000001,0.0
spx,0.0,0.0,0.0,,0.0,0,3,0.32,0.13999999999999999,0.0
spx,0.0,0.0,0.0,,0.0,0,3,0.32,0.16,0.0
spx,0.0,0.0,0.0,,0.0,0,3,0.32,0.18,0.0
spx,0.0,0.0,0.0,,0.0,0,3,0.32,0.19999999999999998,0.0
spx,0.0,0.0,0.0,,0.0,0,3,0.32,0.22,0.0
spx,0.0,0.0,0.0,,0.0,0,3,0.32,0.24,0.0
spx,0.0,0.0,0.0,,0.0,0,3,0.32,0.26,0.0
spx,0.0,0.0,0.0,,0.0,0,3,0.32,0.28,0.0
spx,0.0,0.0,0.0,,0.0,0,3,0.32,0.30000000000000004,0.0
spx,0.0,0.0,0.0,,0.0,0,3,0.32,0.32,0.0
spx,0.0,0.0,0.0,,0.0,0,3,0.32,0.34,0.0
spx,0.0,0.0,0.0,,0.0,0,3,0.32,0.36000000000000004,0.0
spx,0.0,0.0,0.0,,0.0,0,3,0.32,0.38,0.0
spx,0.0,0.0,0.0,,0.0,0,3,0.32,0.4,0.0
spx,0.0,0.0,0.0,,0.0,0,3,0.34,0.02,0.0
spx,0.0,0.0,0.0,,0.0,0,3,0.34,0.04,0.0
spx,0.0,0.0,0.0,,0.0,0,3,0.34,0.06,0.0
spx,0.0,0.0,0.0,,0.0,0,3,0.34,0.08,0.0
spx,0.0,0.0,0.0,,0.0,0,3,0.34,0.1,0.0
spx,0.0,0.0,0.0,,0.0,0,3,0.34,0.12000000000000001,0.0
spx,0.0,0.0,0.0,,0.0,0,3,0.34,0.13999999999999999,0.0
spx,0.0,0.0,0.0,,0.0,0,3,0.34,0.16,0.0
spx,0.0,0.0,0.0,,0.0,0,3,0.34,0.18,0.0
spx,0.0,0.0,0.0,,0.0,0,3,0.34,0.19999999999999998,0.0
spx,0.0,0.0,0.0,,0.0,0,3,0.34,0.22,0.0
spx,0.0,0.0,0.0,,0.0,0,3,0.34,0.24,0.0
spx,0.0,0.0,0.0,,0.0,0,3,0.34,0.26,0.0
spx,0.0,0.0,0.0,,0.0,0,3,0.34,0.28,0.0
spx,0.0,0.0,0.0,,0.0,0,3,0.34,0.30000000000000004,0.0
spx,0.0,0.0,0.0,,0.0,0,3,0.34,0.32,0.0
spx,0.0,0.0,0.0,,0.0,0,3,0.34,0.34,0.0
spx,0.0,0.0,0.0,,0.0,0,3,0.34,0.36000000000000004,0.0
spx,0.0,0.0,0.0,,0.0,0,3,0.34,0.38,0.0
spx,0.0,0.0,0.0,,0.0,0,3,0.34,0.4,0.0
spx,0.0,0.0,0.0,,0.0,0,3,0.36000000000000004,0.02,0.0
spx,0.0,0.0,0.0,,0.0,0,3,0.36000000000000004,0.04,0.0
spx,0.0,0.0,0.0,,0.0,0,3,0.36000000000000004,0.06,0.0
spx,0.0,0.0,0.0,,0.0,0,3,0.36000000000000004,0.08,0.0
spx,0.0,0.0,0.0,,0.0,0,3,0.36000000000000004,0.1,0.0
spx,0.0,0.0,0.0,,0.0,0,3,0.36000000000000004,0.12000000000000001,0.0
spx,0.0,0.0,0.0,,0.0,0,3,0.36000000000000004,0.13999999999999999,0.0
spx,0.0,0.0,0.0,,0.0,0,3,0.36000000000000004,0.16,0.0
spx,0.0,0.0,0.0,,0.0,0,3,0.36000000000000004,0.18,0.0
spx,0.0,0.0,0.0,,0.0,0,3,0.36000000000000004,0.19999999999999998,0.0
spx,0.0,0.0,0.0,,0.0,0,3,0.36000000000000004,0.22,0.0
spx,0.0,0.0,0.0,,0.0,0,3,0.36000000000000004,0.24,0.0
spx,0.0,0.0,0.0,,0.0,0,3,0.36000000000000004,0.26,0.0
spx,0.0,0.0,0.0,,0.0,0,3,0.36000000000000004,0.28,0.0
spx,0.0,0.0,0.0,,0.0,0,3,0.36000000000000004,0.30000000000000004,0.0
spx,0.0,0.0,0.0,,0.0,0,3,0.36000000000000004,0.32,0.0
spx,0.0,0.0,0.0,,0.0,0,3,0.36000000000000004,0.34,0.0
spx,0.0,0.0,0.0,,0.0,0,3,0.36000000000000004,0.36000000000000004,0.0
spx,0.0,0.0,0.0,,0.0,0,3,0.36000000000000004,0.38,0.0
spx,0.0,0.0,0.0,,0.0,0,3,0.36000000000000004,0.4,0.0
spx,0.0,0.0,0.0,,0.0,0,3,0.38,0.02,0.0
spx,0.0,0.0,0.0,,0.0,0,3,0.38,0.04,0.0
spx,0.0,0.0,0.0,,0.0,0,3,0.38,0.06,0.0
spx,0.0,0.0,0.0,,0.0,0,3,0.38,0.08,0.0
spx,0.0,0.0,0.0,,0.0,0,3,0.38,0.1,0.0
spx,0.0,0.0,0.0,,0.0,0,3,0.38,0.12000000000000001,0.0
spx,0.0,0.0,0.0,,0.0,0,3,0.38,0.13999999999999999,0.0
spx,0.0,0.0,0.0,,0.0,0,3,0.38,0.16,0.0
spx,0.0,0.0,0.0,,0.0,0,3,0.38,0.18,0.0
spx,0.0,0.0,0.0,,0.0,0,3,0.38,0.19999999999999998,0.0
spx,0.0,0.0,0.0,,0.0,0,3,0.38,0.22,0.0
spx,0.0,0.0,0.0,,0.0,0,3,0.38,0.24,0.0
spx,0.0,0.0,0.0,,0.0,0,3,0.38,0.26,0.0
spx,0.0,0.0,0.0,,0.0,0,3,0.38,0.28,0.0
spx,0.0,0.0,0.0,,0.0,0,3,0.38,0.30000000000000004,0.0
spx,0.0,0.0,0.0,,0.0,0,3,0.38,0.32,0.0
spx,0.0,0.0,0.0,,0.0,0,3,0.38,0.34,0.0
spx,0.0,0.0,0.0,,0.0,0,3,0.38,0.36000000000000004,0.0
spx,0.0,0.0,0.0,,0.0,0,3,0.38,0.38,0.0
spx,0.0,0.0,0.0,,0.0,0,3,0.38,0.4,0.0
spx,0.0,0.0,0.0,,0.0,0,3,0.4,0.02,0.0
spx,0.0,0.0,0.0,,0.0,0,3,0.4,0.04,0.0
spx,0.0,0.0,0.0,,0.0,0,3,0.4,0.06,0.0
spx,0.0,0.0,0.0,,0.0,0,3,0.4,0.08,0.0
spx,0.0,0.0,0.0,,0.0,0,3,0.4,0.1,0.0
spx,0.0,0.0,0.0,,0.0,0,3,0.4,0.12000000000000001,0.0
spx,0.0,0.0,0.0,,0.0,0,3,0.4,0.13999999999999999,0.0
spx,0.0,0.0,0.0,,0.0,0,3,0.4,0.16,0.0
spx,0.0,0.0,0.0,,0.0,0,3,0.4,0.18,0.0
spx,0.0,0.0,0.0,,0.0,0,3,0.4,0.19999999999999998,0.0
spx,0.0,0.0,0.0,,0.0,0,3,0.4,0.22,0.0
spx,0.0,0.0,0.0,,0.0,0,3,0.4,0.24,0.0
spx,0.0,0.0,0.0,,0.0,0,3,0.4,0.26,0.0
spx,0.0,0.0,0.0,,0.0,0,3,0.4,0.28,0.0
spx,0.0,0.0,0.0,,0.0,0,3,0.4,0.30000000000000004,0.0
spx,0.0,0.0,0.0,,0.0,0,3,0.4,0.32,0.0
spx,0.0,0.0,0.0,,0.0,0,3,0.4,0.34,0.0
spx,0.0,0.0,0.0,,0.0,0,3,0.4,0.36000000000000004,0.0
spx,0.0,0.0,0.0,,0.0,0,3,0.4,0.38,0.0
spx,0.0,0.0,0.0,,0.0,0,3,0.4,0.4,0.0
spx,1.6345686873897853,0.04386800321915496,-0.4541037510148578,0.09660348129940827,0.38825998594229494,183,6,0.02,0.02,4.868852459016393
spx,1.8866136044044914,0.04810342490875752,-0.44308643648538115,0.10856442659432344,0.40746538859409487,112,6,0.02,0.04,9.633928571428571
spx,1.3922966040449336,0.03941468269719883,-0.3998051287683806,0.09858473506484948,0.33853700303302386,69,6,0.02,0.06,19.89855072463768
spx,1.4092040557853167,0.039739159209757124,-0.4199908885909235,0.0946190983882595,0.3365904654668978,47,6,0.02,0.08,34.1063829787234
spx,1.0802299765277805,0.03299566291601286,-0.513085782583873,0.0643082775551652,0.28941587342568337,36,6,0.02,0.1,49.666666666666664
spx,1.6357643047841757,0.04388899396207169,-0.5460835149728749,0.08037047953050139,0.35383650068540545,31,6,0.02,0.12000000000000001,70.54838709677419
spx,1.9317695141776694,0.04882469548166002,-0.568783725905406,0.08584052823230744,0.37954175794203204,27,6,0.02,0.13999999999999999,92.48148148148148
spx,1.5387755659229274,0.042155917672718646,-0.5480762416682254,0.07691615594283956,0.33822405833752106,21,6,0.02,0.16,125.95238095238095
spx,1.809213110923841,0.04684165556619169,-0.49897952657659617,0.09387490482337701,0.36428862649613475,18,6,0.02,0.18,157.55555555555554
spx,1.6094140937694479,0.04342425530887284,-0.5575249678625688,0.07788755268728524,0.33940569898802536,16,6,0.02,0.19999999999999998,189.8125
spx,2.139090151689139,0.05200556294618108,-0.5657265342026503,0.09192703506382122,0.3869098756534307,16,6,0.02,0.22,205.86666666666667
spx,3.189072212009722,0.06554520197216873,-0.5543810295323646,0.11823132192574823,0.4622565852519277,16,6,0.02,0.24,216.86666666666667
spx,2.2844730432683527,0.05411851170260418,-0.5677538894035715,0.09532037157764954,0.40080937917348414,13,6,0.02,0.26,264.9166666666667
spx,2.8438116524017776,0.06149094605950611,-0.5677538894035716,0.10830563595804278,0.4416947811415174,13,6,0.02,0.28,274.5
spx,2.8230126780771654,0.06123572574944758,-0.5677538894035716,0.10785610964951033,0.43444797258563816,12,6,0.02,0.30000000000000004,322.45454545454544
spx,3.5531497216480723,0.06948815084649329,-0.5677538894035716,0.1223913250854009,0.47770167298497274,12,6,0.02,0.32,342.0
spx,2.390073694165758,0.05559795649937005,-0.5677538894035715,0.09792615697934892,0.4055903545235337,10,6,0.02,0.34,403.55555555555554
spx,2.8277846925526537,0.06129439933880443,-0.5677538894035716,0.10795945300030355,0.4360222182507906,10,6,0.02,0.36000000000000004,422.44444444444446
spx,3.4444715428880963,0.0683436847054828,-0.5677538894035715,0.12037554648419618,0.47283159077823556,10,6,0.02,0.38,435.22222222222223
spx,4.110472491336677,0.074975473034814,-0.5677538894035715,0.13205629135112776,0.5050834277194787,10,6,0.02,0.4,462.22222222222223
spx,1.1264704647360206,0.03400266899720639,-0.4229075757631219,0.08040212790194114,0.3309040250001265,137,6,0.04,0.02,4.189781021897811
spx,1.4112430230149675,0.039778142561442076,-0.40417564768686987,0.09841795959033064,0.36380474763202675,92,6,0.04,0.04,7.586956521739131
spx,1.5157403095382498,0.041735011634623786,-0.359168228120085,0.11619906318849012,0.36781326963474137,59,6,0.04,0.06,14.94915254237288
spx,1.1440362112158198,0.03437973221478874,-0.39633217613240257,0.08674474162123923,0.3094790310867015,40,6,0.04,0.08,27.225
spx,0.9436452290831132,0.029891150974826974,-0.4932244334512228,0.06060354870433045,0.27455660594415743,31,6,0.04,0.1,40.903225806451616
spx,1.002274803315264,0.03124853105183112,-0.5275681513549662,0.05923126893004203,0.28225709136138777,25,6,0.04,0.12000000000000001,58.24
spx,0.9851438380336914,0.030855888823845712,-0.5687837259054062,0.05424889535073885,0.27716523739031623,22,6,0.04,0.13999999999999999,74.81818181818181
spx,1.692573547470555,0.04487601620341919,-0.5480762416682256,0.0818791489060469,0.3608282685056691,20,6,0.04,0.16,105.65
spx,1.7925320630103512,0.046565376088470556,-0.49897952657659617,0.09332121581810533,0.3673692902735342,17,6,0.04,0.18,141.2941176470588
spx,2.0609466323701855,0.050830879541175156,-0.5575249678625688,0.09117238235275786,0.3861116533343105,16,6,0.04,0.19999999999999998,173.625
spx,2.6822777386931063,0.05947310058045563,-0.5657265342026503,0.10512694205563217,0.43402216752063527,16,6,0.04,0.22,188.93333333333334
spx,2.957195601712241,0.06285946642171658,-0.5543810295323646,0.11338675581078278,0.45715317558483126,15,6,0.04,0.24,207.85714285714286
spx,2.7519728598480357,0.06035388978365619,-0.5677538894035716,0.10630290854908675,0.4411237777725885,13,6,0.04,0.26,244.91666666666666
spx,3.3909256700210246,0.0677699339577491,-0.5677538894035716,0.11936498405839503,0.4825229870200554,13,6,0.04,0.28,254.5
spx,2.3406185543426776,0.054910666036793954,-0.5677538894035716,0.0967156140391709,0.40521215361657176,11,6,0.04,0.30000000000000004,309.4
spx,1.8690568869920319,0.04782007840801494,-0.5677538894035715,0.08422677378441246,0.36693711809367663,10,6,0.04,0.32,346.22222222222223
spx,2.73770490874374,0.060174855232093316,-0.5677538894035715,0.10598757023982226,0.43465775037828946,10,6,0.04,0.34,382.77777777777777
spx,3.220300478892379,0.06589599690866765,-0.5677538894035715,0.1160643689784173,0.46527887478262914,10,6,0.04,0.36000000000000004,401.6666666666667
spx,3.900224774232429,0.07297584681467906,-0.5677538894035716,0.12853429659696486,0.502285234383164,10,6,0.04,0.38,414.44444444444446
spx,2.973442694670991,0.06305248854491174,-0.5677538894035716,0.11105602219854224,0.44756291305588763,9,6,0.04,0.4,451.125
spx,1.2883018515418274,0.037369338523577156,-0.4124889357106133,0.09059476579462504,0.37839000672188816,105,6,0.06,0.02,3.619047619047619
spx,1.5826613284534714,0.04294780570858592,-0.364415671388457,0.11785389345345895,0.4111982555231175,74,6,0.06,0.04,6.243243243243243
spx,0.9847382440517203,0.03084655341016207,-0.34019793152879185,0.09067237202631681,0.3061415435692999,46,6,0.06,0.06,12.195652173913043
spx,0.775055454923016,0.02575801298347624,-0.39407971949208564,0.06536244244356133,0.26078876607316204,32,6,0.06,0.08,21.875
spx,0.44801281621723565,0.016542015459323878,-0.49133350942828957,0.03366759063222045,0.18937303518719015,23,6,0.06,0.1,34.130434782608695
spx,0.25990612849041517,0.010292028742761916,-0.5104186656493833,0.020163895710333828,0.1433503432863251,18,6,0.06,0.12000000000000001,45.72222222222222
spx,0.22567484471256538,0.009059411410332174,-0.5547915832877163,0.01632939590872261,0.13445449724935749,16,6,0.06,0.13999999999999999,61.125
spx,0.6485853416607139,0.022403304155668824,-0.533412180827346,0.041999986053787346,0.22763790727770478,15,6,0.06,0.16,74.2
spx,0.7905511188397891,0.026153226465377433,-0.48272237131676266,0.05417860869807435,0.25064495511330337,13,6,0.06,0.18,101.38461538461539
spx,0.8150569132441412,0.026771618210117643,-0.5431675000990128,0.04928796035336706,0.2516588474063621,12,6,0.06,0.19999999999999998,131.91666666666666
spx,1.1429459618162312,0.034356415198482315,-0.5516351915665838,0.062281043203414634,0.2998119442224696,12,6,0.06,0.22,143.63636363636363
spx,1.0581000796717035,0.032506134779324514,-0.53992154698843,0.060205292714537825,0.29030456505305685,11,6,0.06,0.24,157.1
spx,1.3056025454447435,0.037715686935285264,-0.5537283305628118,0.06811225803987829,0.3229380451054774,10,6,0.06,0.26,188.77777777777777
spx,1.573901363823993,0.042790770864926886,-0.5537283305628118,0.07727755381675011,0.3551165494400038,10,6,0.06,0.28,195.77777777777777
spx,1.4679490669570607,0.04084988167137493,-0.5537283305628118,0.07377242488180971,0.3398817362269304,9,6,0.06,0.30000000000000004,252.625
spx,1.7006358749628436,0.0450144782318449,-0.5537283305628118,0.08129343533153162,0.36439603937712406,9,6,0.06,0.32,271.5
spx,1.4597839764281697,0.04069702157980237,-0.5537283305628118,0.07349636876704096,0.3374288441872028,8,6,0.06,0.34,308.7142857142857
spx,1.7037280789619005,0.04506747880885298,-0.5537283305628118,0.08138915118004926,0.3637876876042105,8,6,0.06,0.36000000000000004,325.2857142857143
spx,2.0487161837157104,0.050644437562357814,-0.5537283305628118,0.09146080264826363,0.3969801932441251,8,6,0.06,0.38,333.7142857142857
spx,2.365390406511136,0.05525613321512246,-0.5537283305628118,0.09978924711863649,0.42073431626059704,8,6,0.06,0.4,366.2857142857143
spx,0.7135965489796572,0.024157343612607685,-0.4124889357106133,0.058564828098942194,0.27434513241182773,78,6,0.08,0.02,3.371794871794872
spx,1.4829125617873804,0.04112876562448853,-0.336035385653899,0.12239415067688515,0.41319836882424327,63,6,0.08,0.04,5.26984126984127
spx,0.7792837930590619,0.02586618191377643,-0.33691106866841536,0.07677450911900338,0.275584553072494,39,6,0.08,0.06,10.487179487179487
spx,0.5584807381824104,0.01985964742351709,-0.352964147619643,0.056265339008079666,0.2206200766991843,27,6,0.08,0.08,19.185185185185187
spx,0.2073769792108644,0.008386972353484401,-0.464143996144323,0.018069763743914762,0.12931270770620912,19,6,0.08,0.1,30.94736842105263
spx,0.38684341935706956,0.014599322026943806,-0.49049992763582884,0.02976416754496049,0.1761056706559728,17,6,0.08,0.12000000000000001,40.05882352941177
spx,0.29008987532409947,0.011352630646457751,-0.5269143706503062,0.021545494446178384,0.15127473225441568,15,6,0.08,0.13999999999999999,55.4
spx,0.7347318199928126,0.02471390489013725,-0.5041962734885872,0.049016437029847794,0.2471481536220845,14,6,0.08,0.16,69.14285714285714
spx,0.7886759868912903,0.026105575859195707,-0.45033246603629495,0.057969562108124144,0.2538767488408951,12,6,0.08,0.18,97.16666666666667
spx,0.7759606639958152,0.025781190653190622,-0.5145624327611922,0.05010313425884249,0.24873134834118937,11,6,0.08,0.19999999999999998,125.0
spx,1.0554894532156855,0.032448054600403564,-0.5235603380044428,0.06197576906623553,0.29213937183022,11,6,0.08,0.22,133.0909090909091
spx,0.9541585616624031,0.03013740787434327,-0.5111132307413838,0.05896424913639611,0.27918180335146553,10,6,0.08,0.24,145.6
spx,1.2265997704566578,0.03611338776032991,-0.5257845411914792,0.0686847652053319,0.31850978345625675,9,6,0.08,0.26,175.55555555555554
spx,1.521248753279865,0.04183599737983856,-0.5257845411914792,0.07956870942807505,0.35593543086401863,9,6,0.08,0.28,182.88888888888889
spx,1.343308688715556,0.03846201293557483,-0.5257845411914792,0.07315166179746584,0.33041347893696016,8,6,0.08,0.30000000000000004,238.25
spx,1.56424396904601,0.04261705527492299,-0.5257845411914792,0.08105421885996984,0.35569849238379314,8,6,0.08,0.32,257.125
spx,1.3355559648702084,0.03830950352841889,-0.5257845411914792,0.07286160114484501,0.32787259015854225,7,6,0.08,0.34,292.2857142857143
spx,1.5671800055288068,0.04266993426050547,-0.5257845411914792,0.08115479044669367,0.3550588084549418,7,6,0.08,0.36000000000000004,308.85714285714283
spx,1.8947449598452568,0.048234098618120225,-0.5257845411914792,0.09173738449749215,0.3892708944841792,7,6,0.08,0.38,317.2857142857143
spx,2.195425985926447,0.05283521433610061,-0.5257845411914792,0.1004883373261048,0.4136649121082619,7,6,0.08,0.4,349.85714285714283
spx,0.8476045472350306,0.027580719084215444,-0.4124889357106134,0.06686414275985582,0.3199450776487566,59,6,0.1,0.02,2.9322033898305087
spx,1.4367943044822602,0.0402640086248609,-0.3088113288642079,0.13038384560874058,0.4325257475858233,50,6,0.1,0.04,4.36
spx,1.1924716336585917,0.03540434485119848,-0.3102421999068281,0.11411840446538576,0.37520975090670877,33,6,0.1,0.06,8.090909090909092
spx,0.7399031018973232,0.02484909481005948,-0.3035644521649642,0.08185772290806924,0.2734651310980748,23,6,0.1,0.08,15.73913043478261
spx,0.13466468352435634,0.005614890088504243,-0.4426940869368551,0.01268345400173628,0.10667291878941974,15,6,0.1,0.1,27.933333333333334
spx,0.3895633241077645,0.014687428506562572,-0.47010502636613394,0.03124286634434642,0.18026481103226102,14,6,0.1,0.12000000000000001,34.07142857142857
spx,0.27077655573585147,0.010676766562261797,-0.5269143706503063,0.020262811486968485,0.14676366199136479,13,6,0.1,0.13999999999999999,54.61538461538461
spx,0.6161774865252378,0.02150408036754836,-0.5041962734885873,0.0426502167871241,0.22740861845450158,12,6,0.1,0.16,69.25
spx,0.5416748937675009,0.019369709735919338,-0.45033246603629495,0.04301202155466672,0.20988993534644879,10,6,0.1,0.18,102.1
spx,0.2710418795959795,0.010686117814160845,-0.5145624327611922,0.020767388238620715,0.14623074423872356,8,6,0.1,0.19999999999999998,140.0
spx,0.37312698904658226,0.014152470911701354,-0.5235603380044427,0.027031212802794972,0.1714100280483146,8,6,0.1,0.22,146.125
spx,0.5737996262391678,0.020301857163983694,-0.5111132307413839,0.039720860159568334,0.21560569044740807,8,6,0.1,0.24,152.75
spx,0.7065938398488647,0.02397149155723377,-0.5257845411914793,0.04559185308665032,0.2408410372469228,7,6,0.1,0.26,191.42857142857142
spx,0.8905280018267392,0.02862717208772847,-0.5257845411914793,0.05444658380951348,0.27332264657794886,7,6,0.1,0.28,198.57142857142858
spx,1.216174037048964,0.03589789186163439,-0.5257845411914793,0.0682749093008445,0.31803356366578983,7,6,0.1,0.30000000000000004,247.85714285714286
spx,1.3833698182612872,0.03924248069936542,-0.5257845411914793,0.07463604884700131,0.33944011387421114,7,6,0.1,0.32,262.2857142857143
spx,1.6466281504631466,0.04407930813049288,-0.5257845411914793,0.08383530643674848,0.36999912961505876,7,6,0.1,0.34,283.0
spx,1.9020855618467483,0.048351763711683704,-0.5257845411914793,0.09196117406212413,0.3969670891247017,7,6,0.1,0.36000000000000004,298.85714285714283
spx,2.2570075568249073,0.05372627692456877,-0.5257845411914793,0.10218306685628253,0.4301597383048948,7,6,0.1,0.38,307.42857142857144
spx,2.6073408453694435,0.05850811252618349,-0.5257845411914793,0.11127773439971887,0.4577010406904546,7,6,0.1,0.4,326.0
spx,0.5528687197638129,0.019696605181544147,-0.3424064341945471,0.05752405099476901,0.25268521940790933,44,6,0.12000000000000001,0.02,2.909090909090909
spx,0.9026644526195027,0.02891893599213402,-0.22157848590358176,0.13051328460073458,0.34465125347556275,38,6,0.12000000000000001,0.04,3.6842105263157894
spx,0.7050942231710506,0.023931596962278867,-0.29441805360788376,0.08128440721964626,0.2849736538923703,25,6,0.12000000000000001,0.06,6.84
spx,0.4654638946462264,0.017081874307334655,-0.30356445216496386,0.056270996770240986,0.21285195007008212,19,6,0.12000000000000001,0.08,11.210526315789474
spx,-0.08437797795378887,-0.0038992043596094428,-0.44269408693685497,-0.00880789799246995,0.022562135806154782,12,6,0.12000000000000001,0.1,22.75
spx,-0.005202977191646974,-0.0002311679780164777,-0.4579483887975193,-0.0005047904603911338,0.05461113665177385,10,6,0.12000000000000001,0.12000000000000001,28.3
spx,0.0974599166698411,0.00413013457990008,-0.4499140672782115,0.009179829839252716,0.09316229564873232,10,6,0.12000000000000001,0.13999999999999999,30.3
spx,0.26677969211241703,0.010535672200790103,-0.4364275820242718,0.024140711162027713,0.14881263133059058,9,6,0.12000000000000001,0.16,36.111111111111114
spx,0.6044565958076635,0.021174611115700515,-0.37520142622092556,0.056435316168634474,0.23091461547167558,9,6,0.12000000000000001,0.18,69.66666666666667
spx,0.3020836387649939,0.011767498571887858,-0.44821063474049416,0.026254393938468297,0.15626850328637823,7,6,0.12000000000000001,0.19999999999999998,90.71428571428571
spx,0.41121797017794326,0.01538306976975723,-0.44601412599503343,0.03449009543237769,0.18477509330752706,7,6,0.12000000000000001,0.22,95.71428571428571
spx,0.5600441531998404,0.019904968356307284,-0.44428998021845645,0.044801749403666616,0.21982106606448887,7,6,0.12000000000000001,0.24,103.0
spx,0.6651795431384031,0.022857225508738255,-0.4609666316091404,0.04958542319852599,0.2415192669335731,6,6,0.12000000000000001,0.26,133.33333333333334
spx,0.8121583006843531,0.02669889063742925,-0.4609666316091404,0.05791935642766348,0.27051379544042486,6,6,0.12000000000000001,0.28,141.0
spx,1.0828910470900301,0.033054192022749396,-0.4609666316091404,0.07170625758173418,0.31150310653304575,6,6,0.12000000000000001,0.30000000000000004,197.0
spx,1.2223064568372934,0.036024763649881164,-0.4609666316091404,0.07815048027256565,0.332144601271812,6,6,0.12000000000000001,0.32,203.83333333333334
spx,1.4291604382249394,0.04011936013767192,-0.4609666316091404,0.0870331112636579,0.35979166863850043,6,6,0.12000000000000001,0.34,225.33333333333334
spx,1.6265330637721997,0.043726689901712135,-0.4609666316091404,0.09485868803360274,0.38460604906606494,6,6,0.12000000000000001,0.36000000000000004,234.16666666666666
spx,1.8999570576535358,0.04831767447591129,-0.4609666316091404,0.10481816071424552,0.41496616582816276,6,6,0.12000000000000001,0.38,241.66666666666666
spx,2.1715806978738135,0.05248576735096244,-0.4609666316091404,0.1138602314179344,0.4403745487598914,6,6,0.12000000000000001,0.4,261.3333333333333
spx,0.43712769884386193,0.01620212059249604,-0.3131514947159981,0.051738921467355564,0.22407211157975043,35,6,0.13999999999999999,0.02,2.942857142857143
spx,0.7189049201656077,0.0242977448802717,-0.2129063222844516,0.1141241115790301,0.308779476475547,31,6,0.13999999999999999,0.04,3.6774193548387095
spx,0.4545085168298604,0.01674368643312163,-0.26491408119824866,0.06320421457926005,0.22380021191575197,20,6,0.13999999999999999,0.06,6.6
spx,0.5739272026095144,0.020305522605924775,-0.28569501921071383,0.0710741218451151,0.25183943381172813,17,6,0.13999999999999999,0.08,10.294117647058824
spx,0.204503833058584,0.008280501665550721,-0.40030221769668717,0.02068562525882616,0.13054765772787286,12,6,0.13999999999999999,0.1,19.666666666666668
spx,0.31745181692705393,0.012293782880096416,-0.3923268115275711,0.03133556646875372,0.1682720352143883,10,6,0.13999999999999999,0.12000000000000001,24.4
spx,0.4534126340060809,0.0167097231687221,-0.3833198430508613,0.043592116274828355,0.20882370882536694,10,6,0.13999999999999999,0.13999999999999999,26.4
spx,0.6103145348211991,0.021339561765329362,-0.3935590466468527,0.05422200797350167,0.2503570169867689,9,6,0.13999999999999999,0.16,32.111111111111114
spx,0.6982338547493732,0.023748660600301896,-0.3276756799113134,0.07247611603866834,0.2612027279450953,8,6,0.13999999999999999,0.18,68.75
spx,0.6551924712020674,0.022584557900189095,-0.4062383856185908,0.055594347308659524,0.24850165406080063,7,6,0.13999999999999999,0.19999999999999998,85.57142857142857
spx,0.8689357087563541,0.028103633407758677,-0.378947769053799,0.07416228753089404,0.29388397250540244,7,6,0.13999999999999999,0.22,90.14285714285714
spx,1.0660325242202764,0.032682181647476494,-0.37701489561556767,0.08668671192451151,0.33008816870153557,7,6,0.13999999999999999,0.24,97.42857142857143
spx,1.116755453295296,0.03379284788080206,-0.41996467642923274,0.08046592910653144,0.336006412189728,6,6,0.13999999999999999,0.26,127.33333333333333
spx,1.303593015548545,0.037675585212024965,-0.41996467642923274,0.08971131937181766,0.36610694774824665,6,6,0.13999999999999999,0.28,135.0
spx,1.6477451039532207,0.04409883271365245,-0.41996467642923274,0.10500605214849168,0.4043768510028299,6,6,0.13999999999999999,0.30000000000000004,191.0
spx,1.8249682328776387,0.04710116346486681,-0.41996467642923274,0.11215505995729552,0.4254284066101132,6,6,0.13999999999999999,0.32,197.83333333333334
spx,2.0879184324176228,0.051239536307597255,-0.41996467642923274,0.12200915739691147,0.45338150848500963,6,6,0.13999999999999999,0.34,219.33333333333334
spx,2.3388160507434863,0.054885432936188305,-0.41996467642923274,0.1306905937967307,0.4789227923994672,6,6,0.13999999999999999,0.36000000000000004,228.16666666666666
spx,2.6863892193516423,0.05952550087448483,-0.41996467642923274,0.14173930384003458,0.5097631417351397,6,6,0.13999999999999999,0.38,235.66666666666666
spx,3.0316738008548185,0.06373815587273035,-0.41996467642923274,0.15177027843071633,0.5348106116636844,6,6,0.13999999999999999,0.4,255.33333333333334
spx,0.2804920971089766,0.011017976895693948,-0.19781704689321344,0.05569781304864856,0.17450461763981334,28,6,0.16,0.02,2.892857142857143
spx,0.3801682499240022,0.014382389856317346,-0.1758961970911178,0.08176634909774072,0.21202598405585915,24,6,0.16,0.04,3.7083333333333335
spx,0.22779787375198235,0.009136809792652967,-0.2222809780546965,0.041104775912964894,0.14814756346018923,16,6,0.16,0.06,6.625
spx,0.16930926985193184,0.006956219371325512,-0.2222809780546966,0.031294712809900434,0.12223504947111186,12,6,0.16,0.08,9.25
spx,-0.20696552989033223,-0.010224529220777434,-0.3381870342539981,-0.03023335664932151,-0.06452469838683905,7,6,0.16,0.1,17.285714285714285
spx,-0.0728617649209522,-0.0033472619451658803,-0.3073877591861712,-0.010889379440573596,0.010664591729756631,6,6,0.16,0.12000000000000001,20.0
spx,-0.04015245410078527,-0.0018145959104027831,-0.29712181897696877,-0.006107245562277069,0.02733174562818279,6,6,0.16,0.13999999999999999,20.333333333333332
spx,-0.057663105153585414,-0.0026287744572196514,-0.3307454225577149,-0.007948029747141646,0.018975825068414835,5,6,0.16,0.16,26.8
spx,-0.030895709679532257,-0.0013899103551243686,-0.2762062693912487,-0.005032146294824133,0.031262118753618943,4,6,0.16,0.18,32.5
spx,-0.11640893724332446,-0.005469992262054801,-0.3447380554741739,-0.015867097279211134,-0.00966713131086567,3,6,0.16,0.19999999999999998,44.333333333333336
spx,-0.033951413664753405,-0.0015296712265234769,-0.2921386273115254,-0.005236114240012138,0.031449847974560005,3,6,0.16,0.22,43.0
spx,-0.00552682147527217,-0.00024559453193673253,-0.2899355816141691,-0.0008470658570756476,0.04534697460054027,3,6,0.16,0.24,46.0
spx,-0.07015974720092244,-0.003218710436219574,-0.3598860808598814,-0.00894369248326876,0.015543641272345131,2,6,0.16,0.26,75.0
spx,-0.04655112513731263,-0.002110451426191484,-0.3598860808598814,-0.00586422075882721,0.027285045854667622,2,6,0.16,0.28,79.0
spx,0.017193598286708855,0.0007558184084965891,-0.3598860808598814,0.0021001601581553263,0.05728380187206012,2,6,0.16,0.30000000000000004,88.5
spx,0.022176566909359652,0.0009725847213788441,-0.3598860808598814,0.002702479404190994,0.05975435818436274,2,6,0.16,0.32,95.0
spx,0.05062813116705356,0.002191251983002074,-0.3598860808598814,0.006088737796600751,0.07193450171557342,2,6,0.16,0.34,98.0
spx,0.07899292594585994,0.00337520287404125,-0.3598860808598814,0.009378531300729458,0.08372160138496515,2,6,0.16,0.36000000000000004,101.0
spx,0.12308395734192601,0.005157780149608326,-0.3598860808598814,0.014331702235565106,0.10133785723658179,2,6,0.16,0.38,110.0
spx,0.15870197340657022,0.006549617651899764,-0.3598860808598814,0.018199141340089233,0.11475734165939919,2,6,0.16,0.4,128.0
spx,0.2799230548213092,0.01099806042225504,-0.17434400429972108,0.06308252736554036,0.17812181918184275,24,6,0.18,0.02,2.5416666666666665
spx,0.4449596519536778,0.016446925484506103,-0.1758961970911178,0.09350358766418504,0.24146550917801737,22,6,0.18,0.04,3.0454545454545454
spx,0.41756257853229606,0.01558495430843454,-0.17740772939823446,0.0878482260119025,0.2272600377020918,16,6,0.18,0.06,5.375
spx,0.31233474219813995,0.012119202833554832,-0.2117091112666485,0.05724459736780363,0.18256809318577696,12,6,0.18,0.08,7.833333333333333
spx,-0.18418404584107784,-0.008981365479332037,-0.3381870342539981,-0.026557391530825248,-0.052238528239359074,7,6,0.18,0.1,16.857142857142858
spx,-0.0019280946708710722,-8.553079001216712e-05,-0.2988358312626913,-0.0002862133019684021,0.04489084355412951,6,6,0.18,0.12000000000000001,19.0
spx,0.03328374638700926,0.0014521511789526986,-0.28625706568920717,0.005072892001657409,0.061715491055882546,6,6,0.18,0.13999999999999999,19.333333333333332
spx,-0.03059261358214238,-0.0013760704036633875,-0.3307454225577149,-0.0041605123149459885,0.03179248162793675,5,6,0.18,0.16,26.2
spx,-0.030895709679532257,-0.0013899103551243686,-0.2762062693912487,-0.005032146294824133,0.031262118753618943,4,6,0.18,0.18,32.5
spx,-0.11640893724332446,-0.005469992262054801,-0.3447380554741739,-0.015867097279211134,-0.00966713131086567,3,6,0.18,0.19999999999999998,44.333333333333336
spx,0.010918581031029273,0.0004813978836830657,-0.2880621445940448,0.0016711598268543122,0.05225218960971587,3,6,0.18,0.22,42.0
spx,0.04066340837101179,0.0017680609014694149,-0.2880621445940448,0.006137775944010543,0.06607669683173151,3,6,0.18,0.24,45.0
spx,-0.07015974720092244,-0.003218710436219574,-0.3598860808598814,-0.00894369248326876,0.015543641272345131,2,6,0.18,0.26,75.0
spx,-0.04655112513731263,-0.002110451426191484,-0.3598860808598814,-0.00586422075882721,0.027285045854667622,2,6,0.18,0.28,79.0
spx,0.017193598286708855,0.0007558184084965891,-0.3598860808598814,0.0021001601581553263,0.05728380187206012,2,6,0.18,0.30000000000000004,88.5
spx,0.022176566909359652,0.0009725847213788441,-0.3598860808598814,0.002702479404190994,0.05975435818436274,2,6,0.18,0.32,95.0
spx,0.05062813116705356,0.002191251983002074,-0.3598860808598814,0.006088737796600751,0.07193450171557342,2,6,0.18,0.34,98.0
spx,0.07899292594585994,0.00337520287404125,-0.3598860808598814,0.009378531300729458,0.08372160138496515,2,6,0.18,0.36000000000000004,101.0
spx,0.12308395734192601,0.005157780149608326,-0.3598860808598814,0.014331702235565106,0.10133785723658179,2,6,0.18,0.38,110.0
spx,0.15870197340657022,0.006549617651899764,-0.3598860808598814,0.018199141340089233,0.11475734165939919,2,6,0.18,0.4,128.0
spx,0.26816572593050636,0.01058464908033252,-0.16533501651402815,0.06401940317001417,0.17770216536953112,20,6,0.19999999999999998,0.02,2.4
spx,0.3392082017910476,0.013028886145546315,-0.1758961970911178,0.07407144873517127,0.20818239756777918,18,6,0.19999999999999998,0.04,2.8333333333333335
spx,0.2826170130635812,0.011092274237969324,-0.1758961970911178,0.06306147842538802,0.17978668856076702,13,6,0.19999999999999998,0.06,5.6923076923076925
spx,0.3207750856710534,0.012406816606279625,-0.2102606085414107,0.05900685198405154,0.1929245076138266,11,6,0.19999999999999998,0.08,7.2727272727272725
spx,-0.20904722252312646,-0.010339821505852664,-0.3040919191946695,-0.03400228961438945,-0.07194686987252784,6,6,0.19999999999999998,0.1,18.333333333333332
spx,-0.0623502047349036,-0.002849159864655837,-0.2614208418829179,-0.010898747950371475,0.012630378168916084,5,6,0.19999999999999998,0.12000000000000001,21.4
spx,-0.048452303184604695,-0.002198721945750548,-0.25186179468058645,-0.008729874844809188,0.019966752074080836,5,6,0.19999999999999998,0.13999999999999999,21.4
spx,-0.11612680645424134,-0.0054559206292926765,-0.2967154160049944,-0.01838772215731737,-0.015570795334008455,4,6,0.19999999999999998,0.16,29.75
spx,0.028112617966533193,0.0012294972668218662,-0.2762062693912487,0.00445137349536506,0.059137790427776525,4,6,0.19999999999999998,0.18,32.25
spx,-0.04642610608031028,-0.002104652764681747,-0.29953319472454853,-0.007026442483669267,0.024907792644967255,3,6,0.19999999999999998,0.19999999999999998,43.333333333333336
spx,0.07247296217327781,0.003105714047125563,-0.25186179468058656,0.012331024842669203,0.07979874122925726,3,6,0.19999999999999998,0.22,41.666666666666664
spx,0.10402893877241048,0.004395752050755375,-0.25186179468058656,0.01745303235185038,0.09350744419167048,3,6,0.19999999999999998,0.24,44.666666666666664
spx,-0.01354218927274109,-0.0006040998546009702,-0.32733780760626396,-0.001845493678284812,0.041970494071272915,2,6,0.19999999999999998,0.26,74.5
spx,0.011503951249837607,0.0005070661780259833,-0.32733780760626396,0.0015490608363697004,0.05367319174757098,2,6,0.19999999999999998,0.28,78.5
spx,0.07913006242859555,0.003380854391638266,-0.32733780760626396,0.010328334561661462,0.08344523653060539,2,6,0.19999999999999998,0.30000000000000004,88.0
spx,0.08441644178636776,0.0035981892941412408,-0.32733780760626396,0.010992281400226454,0.08573690753850738,2,6,0.19999999999999998,0.32,94.5
spx,0.11460040909142188,0.0048200531851063655,-0.32733780760626396,0.014725012122352006,0.0979578453633633,2,6,0.19999999999999998,0.34,97.5
spx,0.14469232356275152,0.006007109642592434,-0.32733780760626396,0.01835140794313025,0.10976631126831458,2,6,0.19999999999999998,0.36000000000000004,100.5
spx,0.19146803817904323,0.007794362713598346,-0.32733780760626396,0.02381137324342852,0.1272142105470907,2,6,0.19999999999999998,0.38,109.5
spx,0.22925481934259162,0.00918985108002568,-0.32733780760626396,0.028074517719870688,0.1403585892700076,2,6,0.19999999999999998,0.4,127.5
spx,0.35304581933353085,0.013490515648477475,-0.1458084873995108,0.09252215621381404,0.24519717721295722,15,6,0.22,0.02,2.3333333333333335
spx,0.38345846842999975,0.014489441628389166,-0.15661674099883371,0.09251527988631218,0.25627115936089584,13,6,0.22,0.04,3.076923076923077
spx,0.24442631453897734,0.00973863922869489,-0.15661674099883394,0.06218134259840969,0.17584474666510655,10,6,0.22,0.06,4.6
spx,0.27747238651312545,0.010912190248828058,-0.19178508899128877,0.05689801176004725,0.18817584717104444,8,6,0.22,0.08,6.25
spx,0.12680027179675424,0.005304957978139679,-0.25186179468058656,0.021062972194204665,0.10864744418573084,6,6,0.22,0.1,9.0
spx,0.19905498069229233,0.00807791425762261,-0.20928901133197408,0.03859693447932356,0.1428516038635916,5,6,0.22,0.12000000000000001,14.6
spx,0.3327591484668444,0.012812183247555398,-0.19713939956172888,0.06499047514621048,0.20772392398481598,5,6,0.22,0.13999999999999999,14.6
spx,0.06237807904089254,0.002685358940242688,-0.2762062693912486,0.009722295392357128,0.07323534344602033,4,6,0.22,0.16,28.75
spx,0.12540130890330303,0.005249609135766109,-0.2762062693912487,0.019006118678392452,0.10342337986304499,4,6,0.22,0.18,31.5
spx,0.23573447132944092,0.009425022638406721,-0.25186179468058656,0.0374214066502608,0.1553706931737819,3,6,0.22,0.19999999999999998,25.0
spx,0.2810440399794192,0.011037286810324787,-0.25186179468058656,0.04382279108398467,0.17248146242034057,3,6,0.22,0.22,31.666666666666668
spx,0.3187369209879358,0.012337525164874519,-0.25186179468058656,0.04898529838763788,0.1867681695312304,3,6,0.22,0.24,34.666666666666664
spx,0.02552950070182125,0.0011178745225906006,-0.32733780760626396,0.0034150486030481036,0.05755755302930433,2,6,0.22,0.26,73.5
spx,0.051567670510311414,0.002230955111237609,-0.32733780760626396,0.006815451986900023,0.06984999821057598,2,6,0.22,0.28,77.5
spx,0.12187232143139615,0.005109694905768514,-0.32733780760626396,0.01560985253470835,0.10094602428142603,2,6,0.22,0.30000000000000004,87.0
spx,0.12736808407257771,0.0053274042796229715,-0.32733780760626396,0.016274943363801725,0.10318405228269072,2,6,0.22,0.32,93.5
spx,0.1587475800661582,0.006551373460706333,-0.32733780760626396,0.02001410563788772,0.11603827300891595,2,6,0.22,0.34,96.5
spx,0.19003137719093655,0.007740475234571775,-0.32733780760626396,0.02364674979396927,0.1284356506583284,2,6,0.22,0.36000000000000004,99.5
spx,0.23865978758392759,0.009530807769875471,-0.32733780760626396,0.029116122697746966,0.1465251947980322,2,6,0.22,0.38,108.5
spx,0.27794323021916156,0.010928700584039941,-0.32733780760626396,0.033386612637136784,0.159962014815813,2,6,0.22,0.4,126.5
spx,0.5018948417398987,0.01818936011001715,-0.1383847290132716,0.13144051543630023,0.34991719528254683,12,6,0.24,0.02,2.0833333333333335
spx,0.5105337248354913,0.018448210881983895,-0.15661674099883371,0.1177920748722595,0.3512368707173492,11,6,0.24,0.04,2.6363636363636362
spx,0.43300470922283085,0.016072734756463758,-0.15661674099883394,0.10262462782687723,0.29445863275173384,9,6,0.24,0.06,3.7777777777777777
spx,0.5832823943326146,0.020573539087765935,-0.19178508899128888,0.10727392414068443,0.34883679874069107,8,6,0.24,0.08,5.0
spx,0.31133486896634843,0.012085014035861708,-0.25186179468058667,0.04798272025015953,0.21101443153267627,6,6,0.24,0.1,7.5
spx,0.39542263642015496,0.01487667190322739,-0.20928901133197408,0.07108195412911586,0.24111166574529497,5,6,0.24,0.12000000000000001,12.8
spx,0.5510233597402874,0.019642870119102263,-0.197139399561729,0.09963949450374388,0.31457144466867676,5,6,0.24,0.13999999999999999,12.8
spx,0.2041310381405783,0.008266669152517725,-0.2762062693912486,0.029929332055848145,0.14429495409938917,4,6,0.24,0.16,27.25
spx,0.27556344878454353,0.010845192894249234,-0.2762062693912487,0.03926483246796588,0.17187661496808448,4,6,0.24,0.18,30.0
spx,0.43810907895332996,0.01623286555735559,-0.25186179468058656,0.06445148053495871,0.24718906700645032,3,6,0.24,0.19999999999999998,22.0
spx,0.4908389360146872,0.017856003286972566,-0.25186179468058656,0.07089603768454725,0.2623138928719041,3,6,0.24,0.22,28.666666666666668
spx,0.5347047305263011,0.019165010810382244,-0.25186179468058656,0.07609336237235777,0.27626931361350654,3,6,0.24,0.24,31.666666666666668
spx,0.16236575912664386,0.006690459548335692,-0.3273378076062641,0.020439006411331694,0.11943886616791409,2,6,0.24,0.26,70.5
spx,0.1918781983056257,0.007809735947065022,-0.3273378076062641,0.023858337673168833,0.13183771870715094,2,6,0.24,0.28,74.5
spx,0.2715635890058401,0.010704499850924476,-0.3273378076062641,0.032701691042668395,0.16279324110670834,2,6,0.24,0.30000000000000004,84.0
spx,0.277792650490688,0.010923421074080064,-0.3273378076062641,0.033370484008432115,0.16453209632822052,2,6,0.24,0.32,90.5
spx,0.31335910826360247,0.012154203311351974,-0.3273378076062641,0.03713045981529751,0.17771963784699507,2,6,0.24,0.34,93.5
spx,0.3488170980809815,0.01334992405677693,-0.3273378076062641,0.04078332458569769,0.19038203682164664,2,6,0.24,0.36000000000000004,96.5
spx,0.40393399049888723,0.015150222232023003,-0.3273378076062641,0.04628314200187452,0.20824615714501438,2,6,0.24,0.38,105.5
spx,0.4484590174128502,0.01655589622437037,-0.3273378076062641,0.05057740303645129,0.22105302227855356,2,6,0.24,0.4,123.5
spx,0.37889715697782034,0.01434096778060523,-0.12417357295837606,0.11549130333402288,0.30773932998040626,7,6,0.26,0.02,2.0
spx,0.4145225792189857,0.015488329950040569,-0.12417357295837606,0.1247312900888531,0.32863432501652323,7,6,0.26,0.04,2.142857142857143
spx,0.472766659512472,0.017305968074091904,-0.12417357295837606,0.1393691722142279,0.3579296173894584,7,6,0.26,0.06,2.4285714285714284
spx,0.5294153967653075,0.019009080487844887,-0.1743133360401189,0.10905121156920473,0.3647444737169691,6,6,0.26,0.08,3.8333333333333335
spx,0.4079257005699979,0.015277968127452857,-0.174313336040119,0.08764658215213415,0.29107418303631355,5,6,0.26,0.1,5.2
spx,0.40630941181174873,0.015226284116314881,-0.17431333604011878,0.08735008153828519,0.264670492349213,4,6,0.26,0.12000000000000001,12.0
spx,0.48804805206678825,0.017771479320675798,-0.1743133360401189,0.1019513464912726,0.30137627498310937,4,6,0.26,0.13999999999999999,12.75
spx,0.31699605839566236,0.012278260006462816,-0.2762062693912486,0.044453227052100516,0.1976514091307577,4,6,0.26,0.16,26.0
spx,0.3951239367410917,0.01486704292126384,-0.2762062693912486,0.053825870622091286,0.22260842401458306,4,6,0.26,0.18,28.75
spx,0.22879915710131615,0.00917326878571001,-0.25186179468058656,0.03642183522651235,0.16129055740734033,2,6,0.26,0.19999999999999998,26.5
spx,0.2586512636990286,0.010247411149958197,-0.25186179468058656,0.04068664389116284,0.1729386121223153,2,6,0.26,0.22,35.0
spx,0.28085986171467114,0.011030844153297137,-0.25186179468058656,0.043797210955661435,0.18314574891018395,2,6,0.26,0.24,36.5
spx,0.19744350095376695,0.008017831121233998,-0.3273378076062641,0.02449405762159374,0.13456223462746017,2,6,0.26,0.26,70.0
spx,0.22784656316949992,0.009138583341711692,-0.3273378076062641,0.02791789744221655,0.14690033884257483,2,6,0.26,0.28,74.0
spx,0.3099366905375218,0.012037164136135425,-0.3273378076062641,0.036772911214137054,0.17761411761568646,2,6,0.26,0.30000000000000004,83.5
spx,0.31635373193220007,0.012256374017840965,-0.3273378076062641,0.037442586016777676,0.17922123709098578,2,6,0.26,0.32,90.0
spx,0.35299351022722014,0.013488779102869719,-0.3273378076062641,0.04120751953924797,0.19240617424043768,2,6,0.26,0.34,93.0
spx,0.38952154723306553,0.014686076465726172,-0.3273378076062641,0.044865200794010365,0.2050536808418452,2,6,0.26,0.36000000000000004,96.0
spx,0.4463017509687457,0.01648874842389425,-0.3273378076062641,0.05037226999371738,0.2227583453767523,2,6,0.26,0.38,105.0
spx,0.492170449086605,0.0178962758674992,-0.3273378076062641,0.05467219322561605,0.23534595981521925,2,6,0.26,0.4,123.0
spx,0.19581708861282565,0.007957112828173019,-0.06712291403208592,0.11854540201233486,0.213076978133223,4,6,0.28,0.02,2.25
spx,0.19581708861282565,0.007957112828173019,-0.06712291403208592,0.11854540201233486,0.213076978133223,4,6,0.28,0.04,2.25
spx,0.24505579823027457,0.00976127071128241,-0.06712291403208603,0.145423822133472,0.2504257733822968,4,6,0.28,0.06,2.75
spx,0.32563901290017894,0.01257176339857291,-0.06712291403208603,0.1872946605471176,0.30302608858666313,4,6,0.28,0.08,3.0
spx,0.2064202902259209,0.008351547074148424,-0.13850213111426846,0.060299051046789634,0.20090700164288774,3,6,0.28,0.1,4.666666666666667
spx,0.10734109699719996,0.004529106452990872,-0.1539143868042061,0.029426141032237167,0.11394090936433747,2,6,0.28,0.12000000000000001,9.0
spx,0.17170286177445981,0.007047483591552384,-0.1539143868042061,0.0457883355668204,0.16186406909204568,2,6,0.28,0.13999999999999999,10.5
spx,0.21645435172094252,0.008721770300830878,-0.1539143868042061,0.0566663746120485,0.1922288125215668,2,6,0.28,0.16,11.5
spx,0.2281847604839331,0.009150900581571975,-0.1539143868042061,0.0594544848702987,0.20028383954034235,2,6,0.28,0.18,12.0
spx,-0.00024177949709858204,-1.0716755814543788e-05,-0.25186179468058656,-4.255014472574086e-05,0.03219542059444454,1,6,0.28,0.19999999999999998,41.0
spx,0.024046069984174467,0.0010536503713678425,-0.25186179468058656,0.004183446610884717,0.04913498856529992,1,6,0.28,0.22,58.0
spx,0.02723316335502024,0.0011915240278586037,-0.25186179468058656,0.004730864517858715,0.0511808628200441,1,6,0.28,0.24,60.0
spx,-0.05864251802356257,-0.0026747393141166587,-0.3273378076062641,-0.00817118967612183,0.007112157368969279,1,6,0.28,0.26,125.0
spx,-0.04431158783189726,-0.002006686621115694,-0.3273378076062641,-0.006130323398296303,0.015575559686177281,1,6,0.28,0.28,130.0
spx,-0.0029453138737470796,-0.0001307185539418665,-0.3273378076062641,-0.00039933839264635256,0.03936561388141578,1,6,0.28,0.30000000000000004,141.0
spx,-0.0029453138737470796,-0.0001307185539418665,-0.3273378076062641,-0.00039933839264635256,0.03936561388141578,1,6,0.28,0.32,141.0
spx,-0.0029453138737470796,-0.0001307185539418665,-0.3273378076062641,-0.00039933839264635256,0.03936561388141578,1,6,0.28,0.34,141.0
spx,0.02122164585897668,0.0009311226152726171,-0.3273378076062641,0.0028445312262633934,0.052360914267990645,1,6,0.28,0.36000000000000004,145.0
spx,0.03621197467909276,0.0015777604829139147,-0.3273378076062641,0.0048199763249215394,0.06052538590373433,1,6,0.28,0.38,160.0
spx,0.045289695797432694,0.0019650137806863643,-0.3273378076062641,0.006003015035311678,0.06548682043079143,1,6,0.28,0.4,194.0
spx,0.09889317448867385,0.004188217502886449,-0.06712291403208603,0.06239624073657471,0.15428282873405288,2,6,0.30000000000000004,0.02,1.5
spx,0.09889317448867385,0.004188217502886449,-0.06712291403208603,0.06239624073657471,0.15428282873405288,2,6,0.30000000000000004,0.04,1.5
spx,0.09889317448867385,0.004188217502886449,-0.06712291403208603,0.06239624073657471,0.15428282873405288,2,6,0.30000000000000004,0.06,1.5
spx,0.17001636808769338,0.006983198577935168,-0.06712291403208603,0.10403598649780112,0.22773865027046175,2,6,0.30000000000000004,0.08,2.0
spx,0.17001636808769338,0.006983198577935168,-0.06712291403208603,0.10403598649780112,0.22773865027046175,2,6,0.30000000000000004,0.1,2.0
spx,0.18691020470679454,0.00762318911436477,-0.06712291403208603,0.11357059246147658,0.24369884154811586,2,6,0.30000000000000004,0.12000000000000001,3.0
spx,0.2558967487935455,0.010149323187980785,-0.06712291403208603,0.15120504427339396,0.31046553533264626,2,6,0.30000000000000004,0.13999999999999999,4.5
spx,0.3038639020377891,0.011828766922022504,-0.06712291403208603,0.1762254677496291,0.3490881243007685,2,6,0.30000000000000004,0.16,5.5
spx,0.316437211114758,0.012259218980851028,-0.06712291403208603,0.18263836064970135,0.3605679956186674,2,6,0.30000000000000004,0.18,6.0
spx,0.07159685247137548,0.003069382648940966,-0.25186179468058656,0.012186773515346324,0.08434421155140759,1,6,0.30000000000000004,0.19999999999999998,29.0
spx,0.09762992979314888,0.00413702816781214,-0.25186179468058656,0.01642578690054503,0.10182247389932081,1,6,0.30000000000000004,0.22,46.0
spx,0.10104603496206965,0.0042753264934209945,-0.25186179468058656,0.016974890927157104,0.10426617064182386,1,6,0.30000000000000004,0.24,48.0
spx,0.008999670169156149,0.00039715454840605346,-0.3273378076062641,0.0012132865167954199,0.04107392148595465,1,6,0.30000000000000004,0.26,113.0
spx,0.024360363756302128,0.0010672649321608052,-0.3273378076062641,0.003260438932995351,0.050540899292090595,1,6,0.30000000000000004,0.28,118.0
spx,0.06869905291429124,0.002949011229385512,-0.3273378076062641,0.009009076131323972,0.07670167306802275,1,6,0.30000000000000004,0.30000000000000004,129.0
spx,0.06869905291429124,0.002949011229385512,-0.3273378076062641,0.009009076131323972,0.07670167306802275,1,6,0.30000000000000004,0.32,129.0
spx,0.06869905291429124,0.002949011229385512,-0.3273378076062641,0.009009076131323972,0.07670167306802275,1,6,0.30000000000000004,0.34,129.0
spx,0.09460255383310567,0.004014123010003701,-0.3273378076062641,0.012262937298193369,0.09117087571170755,1,6,0.30000000000000004,0.36000000000000004,133.0
spx,0.11067002780002833,0.004662752607901055,-0.3273378076062641,0.014244467029331404,0.09948089863816348,1,6,0.30000000000000004,0.38,148.0
spx,0.12040003769495367,0.005051198697108239,-0.3273378076062641,0.015431149655599934,0.1040094791121021,1,6,0.30000000000000004,0.4,182.0
spx,0.06324756791239161,0.0027217147229054994,0.0,,0.21054020229163511,1,6,0.32,0.02,1.0
spx,0.06324756791239161,0.0027217147229054994,0.0,,0.21054020229163511,1,6,0.32,0.04,1.0
spx,0.06324756791239161,0.0027217147229054994,0.0,,0.21054020229163511,1,6,0.32,0.06,1.0
spx,0.13206368614108754,0.005512614045703801,0.0,,0.29775521512895287,1,6,0.32,0.08,2.0
spx,0.13206368614108754,0.005512614045703801,0.0,,0.29775521512895287,1,6,0.32,0.1,2.0
spx,0.13206368614108754,0.005512614045703801,0.0,,0.29775521512895287,1,6,0.32,0.12000000000000001,2.0
spx,0.17973526128329165,0.007352450569273916,0.0,,0.3673382448319033,1,6,0.32,0.13999999999999999,4.0
spx,0.17973526128329165,0.007352450569273916,0.0,,0.3673382448319033,1,6,0.32,0.16,4.0
spx,0.19111158364786562,0.007780998314197651,0.0,,0.38631473001498645,1,6,0.32,0.18,5.0
spx,0.20900005316038484,0.00844701191468844,-0.08929527805052218,0.09459640082994338,0.2769826827307503,1,6,0.32,0.19999999999999998,11.0
spx,0.23837116580724027,0.009520381266713063,-0.08929527805052218,0.10661685001223187,0.2754856838674735,1,6,0.32,0.22,28.0
spx,0.24222529371112644,0.009659421033678006,-0.08929527805052218,0.1081739286170633,0.2788961074483644,1,6,0.32,0.24,30.0
spx,0.13837648184572848,0.005760457534948138,-0.2762062693912486,0.02085563643303259,0.1282242403579355,1,6,0.32,0.26,95.0
spx,0.1557067673169954,0.0064341604969166966,-0.2762062693912486,0.023294766303087248,0.13936295727280035,1,6,0.32,0.28,100.0
spx,0.2057306894901918,0.008325995163035671,-0.2762062693912486,0.030144120846300654,0.16851490741643882,1,6,0.32,0.30000000000000004,111.0
spx,0.2057306894901918,0.008325995163035671,-0.2762062693912486,0.030144120846300654,0.16851490741643882,1,6,0.32,0.32,111.0
spx,0.2057306894901918,0.008325995163035671,-0.2762062693912486,0.030144120846300654,0.16851490741643882,1,6,0.32,0.34,111.0
spx,0.23495561107862417,0.00939681719299612,-0.2762062693912486,0.03402101340315866,0.18543391123467223,1,6,0.32,0.36000000000000004,115.0
spx,0.2530833023231087,0.010048924206881527,-0.2762062693912486,0.036381955518348996,0.1923586941657066,1,6,0.32,0.38,130.0
spx,0.26406092180107366,0.010439452823074236,-0.2762062693912486,0.037795857588904545,0.19425505315782735,1,6,0.32,0.4,164.0
spx,0.06324756791239161,0.0027217147229054994,0.0,,0.21054020229163511,1,6,0.34,0.02,1.0
spx,0.06324756791239161,0.0027217147229054994,0.0,,0.21054020229163511,1,6,0.34,0.04,1.0
spx,0.06324756791239161,0.0027217147229054994,0.0,,0.21054020229163511,1,6,0.34,0.06,1.0
spx,0.13206368614108754,0.005512614045703801,0.0,,0.29775521512895287,1,6,0.34,0.08,2.0
spx,0.13206368614108754,0.005512614045703801,0.0,,0.29775521512895287,1,6,0.34,0.1,2.0
spx,0.13206368614108754,0.005512614045703801,0.0,,0.29775521512895287,1,6,0.34,0.12000000000000001,2.0
spx,0.17973526128329165,0.007352450569273916,0.0,,0.3673382448319033,1,6,0.34,0.13999999999999999,4.0
spx,0.17973526128329165,0.007352450569273916,0.0,,0.3673382448319033,1,6,0.34,0.16,4.0
spx,0.19111158364786562,0.007780998314197651,0.0,,0.38631473001498645,1,6,0.34,0.18,5.0
spx,0.20900005316038484,0.00844701191468844,-0.08929527805052218,0.09459640082994338,0.2769826827307503,1,6,0.34,0.19999999999999998,11.0
spx,0.23837116580724027,0.009520381266713063,-0.08929527805052218,0.10661685001223187,0.2754856838674735,1,6,0.34,0.22,28.0
spx,0.24222529371112644,0.009659421033678006,-0.08929527805052218,0.1081739286170633,0.2788961074483644,1,6,0.34,0.24,30.0
spx,0.13837648184572848,0.005760457534948138,-0.2762062693912486,0.02085563643303259,0.1282242403579355,1,6,0.34,0.26,95.0
spx,0.1557067673169954,0.0064341604969166966,-0.2762062693912486,0.023294766303087248,0.13936295727280035,1,6,0.34,0.28,100.0
spx,0.2057306894901918,0.008325995163035671,-0.2762062693912486,0.030144120846300654,0.16851490741643882,1,6,0.34,0.30000000000000004,111.0
spx,0.2057306894901918,0.008325995163035671,-0.2762062693912486,0.030144120846300654,0.16851490741643882,1,6,0.34,0.32,111.0
spx,0.2057306894901918,0.008325995163035671,-0.2762062693912486,0.030144120846300654,0.16851490741643882,1,6,0.34,0.34,111.0
spx,0.23495561107862417,0.00939681719299612,-0.2762062693912486,0.03402101340315866,0.18543391123467223,1,6,0.34,0.36000000000000004,115.0
spx,0.2530833023231087,0.010048924206881527,-0.2762062693912486,0.036381955518348996,0.1923586941657066,1,6,0.34,0.38,130.0
spx,0.26406092180107366,0.010439452823074236,-0.2762062693912486,0.037795857588904545,0.19425505315782735,1,6,0.34,0.4,164.0
spx,0.0,0.0,0.0,,0.0,0,6,0.36000000000000004,0.02,0.0
spx,0.0,0.0,0.0,,0.0,0,6,0.36000000000000004,0.04,0.0
spx,0.0,0.0,0.0,,0.0,0,6,0.36000000000000004,0.06,0.0
spx,0.0,0.0,0.0,,0.0,0,6,0.36000000000000004,0.08,0.0
spx,0.0,0.0,0.0,,0.0,0,6,0.36000000000000004,0.1,0.0
spx,0.0,0.0,0.0,,0.0,0,6,0.36000000000000004,0.12000000000000001,0.0
spx,0.0,0.0,0.0,,0.0,0,6,0.36000000000000004,0.13999999999999999,0.0
spx,0.0,0.0,0.0,,0.0,0,6,0.36000000000000004,0.16,0.0
spx,0.0,0.0,0.0,,0.0,0,6,0.36000000000000004,0.18,0.0
spx,0.0,0.0,0.0,,0.0,0,6,0.36000000000000004,0.19999999999999998,0.0
spx,0.0,0.0,0.0,,0.0,0,6,0.36000000000000004,0.22,0.0
spx,0.0,0.0,0.0,,0.0,0,6,0.36000000000000004,0.24,0.0
spx,0.0,0.0,0.0,,0.0,0,6,0.36000000000000004,0.26,0.0
spx,0.0,0.0,0.0,,0.0,0,6,0.36000000000000004,0.28,0.0
spx,0.0,0.0,0.0,,0.0,0,6,0.36000000000000004,0.30000000000000004,0.0
spx,0.0,0.0,0.0,,0.0,0,6,0.36000000000000004,0.32,0.0
spx,0.0,0.0,0.0,,0.0,0,6,0.36000000000000004,0.34,0.0
spx,0.0,0.0,0.0,,0.0,0,6,0.36000000000000004,0.36000000000000004,0.0
spx,0.0,0.0,0.0,,0.0,0,6,0.36000000000000004,0.38,0.0
spx,0.0,0.0,0.0,,0.0,0,6,0.36000000000000004,0.4,0.0
spx,0.0,0.0,0.0,,0.0,0,6,0.38,0.02,0.0
spx,0.0,0.0,0.0,,0.0,0,6,0.38,0.04,0.0
spx,0.0,0.0,0.0,,0.0,0,6,0.38,0.06,0.0
spx,0.0,0.0,0.0,,0.0,0,6,0.38,0.08,0.0
spx,0.0,0.0,0.0,,0.0,0,6,0.38,0.1,0.0
spx,0.0,0.0,0.0,,0.0,0,6,0.38,0.12000000000000001,0.0
spx,0.0,0.0,0.0,,0.0,0,6,0.38,0.13999999999999999,0.0
spx,0.0,0.0,0.0,,0.0,0,6,0.38,0.16,0.0
spx,0.0,0.0,0.0,,0.0,0,6,0.38,0.18,0.0
spx,0.0,0.0,0.0,,0.0,0,6,0.38,0.19999999999999998,0.0
spx,0.0,0.0,0.0,,0.0,0,6,0.38,0.22,0.0
spx,0.0,0.0,0.0,,0.0,0,6,0.38,0.24,0.0
spx,0.0,0.0,0.0,,0.0,0,6,0.38,0.26,0.0
spx,0.0,0.0,0.0,,0.0,0,6,0.38,0.28,0.0
spx,0.0,0.0,0.0,,0.0,0,6,0.38,0.30000000000000004,0.0
spx,0.0,0.0,0.0,,0.0,0,6,0.38,0.32,0.0
spx,0.0,0.0,0.0,,0.0,0,6,0.38,0.34,0.0
spx,0.0,0.0,0.0,,0.0,0,6,0.38,0.36000000000000004,0.0
spx,0.0,0.0,0.0,,0.0,0,6,0.38,0.38,0.0
spx,0.0,0.0,0.0,,0.0,0,6,0.38,0.4,0.0
spx,0.0,0.0,0.0,,0.0,0,6,0.4,0.02,0.0
spx,0.0,0.0,0.0,,0.0,0,6,0.4,0.04,0.0
spx,0.0,0.0,0.0,,0.0,0,6,0.4,0.06,0.0
spx,0.0,0.0,0.0,,0.0,0,6,0.4,0.08,0.0
spx,0.0,0.0,0.0,,0.0,0,6,0.4,0.1,0.0
spx,0.0,0.0,0.0,,0.0,0,6,0.4,0.12000000000000001,0.0
spx,0.0,0.0,0.0,,0.0,0,6,0.4,0.13999999999999999,0.0
spx,0.0,0.0,0.0,,0.0,0,6,0.4,0.16,0.0
spx,0.0,0.0,0.0,,0.0,0,6,0.4,0.18,0.0
spx,0.0,0.0,0.0,,0.0,0,6,0.4,0.19999999999999998,0.0
spx,0.0,0.0,0.0,,0.0,0,6,0.4,0.22,0.0
spx,0.0,0.0,0.0,,0.0,0,6,0.4,0.24,0.0
spx,0.0,0.0,0.0,,0.0,0,6,0.4,0.26,0.0
spx,0.0,0.0,0.0,,0.0,0,6,0.4,0.28,0.0
spx,0.0,0.0,0.0,,0.0,0,6,0.4,0.30000000000000004,0.0
spx,0.0,0.0,0.0,,0.0,0,6,0.4,0.32,0.0
spx,0.0,0.0,0.0,,0.0,0,6,0.4,0.34,0.0
spx,0.0,0.0,0.0,,0.0,0,6,0.4,0.36000000000000004,0.0
spx,0.0,0.0,0.0,,0.0,0,6,0.4,0.38,0.0
spx,0.0,0.0,0.0,,0.0,0,6,0.4,0.4,0.0
spx,1.3719793512733478,0.03902185585420792,-0.4547531693582927,0.0858088705775753,0.3562409181363083,170,9,0.02,0.02,4.6117647058823525
spx,1.3924356338207393,0.03941735978904548,-0.45767416628343727,0.08612537628928424,0.348886220789178,106,9,0.02,0.04,9.169811320754716
spx,1.2302639994997557,0.03618889700779815,-0.4259728806970108,0.08495587077886975,0.31920415374585487,65,9,0.02,0.06,17.83076923076923
spx,1.2051233943036563,0.035668419051210876,-0.44200179502819703,0.08069745293440594,0.3118074079692063,45,9,0.02,0.08,29.2
spx,0.9249117263324909,0.02944917853234985,-0.5330438578221006,0.05524719608002367,0.26804298995351983,34,9,0.02,0.1,42.26470588235294
spx,1.0197008014719429,0.031644655247868636,-0.5641068759203032,0.05609691460725854,0.27930259338771907,28,9,0.02,0.12000000000000001,65.21428571428571
spx,1.4614634824663892,0.040728503480478295,-0.5687837259054062,0.07160630943799509,0.3334443197532243,25,9,0.02,0.13999999999999999,83.92
spx,1.7829286854811208,0.046405604129423184,-0.5480762416682254,0.08466997946886837,0.36762742316479335,21,9,0.02,0.16,104.28571428571429
spx,1.7492308744992315,0.04584077268908349,-0.49897952657659617,0.09186904521632046,0.364126221432458,17,9,0.02,0.18,136.8235294117647
spx,2.0140596153939305,0.05011222122261971,-0.5575249678625687,0.08988336686469708,0.38293778096712977,16,9,0.02,0.19999999999999998,170.875
spx,1.9774754081095298,0.04954401914683171,-0.5657265342026503,0.08757591548478513,0.37852749145110887,15,9,0.02,0.22,187.57142857142858
spx,2.791267162921374,0.06084361264313065,-0.5543810295323646,0.10975053149717963,0.44275732858387723,15,9,0.02,0.24,198.0
spx,3.486630051304682,0.06879078912427294,-0.5677538894035716,0.12116304336820663,0.48596560676105843,14,9,0.02,0.26,227.15384615384616
spx,4.510199737214208,0.07856935767942508,-0.5677538894035716,0.13838629579792502,0.5395413337861924,14,9,0.02,0.28,240.3846153846154
spx,4.399930712725117,0.07760349450525905,-0.5677538894035716,0.13668509534436113,0.5240029310864686,13,9,0.02,0.30000000000000004,290.0
spx,5.531656861195379,0.0867291856574417,-0.5677538894035716,0.15275841746949748,0.5691593363205905,13,9,0.02,0.32,312.6666666666667
spx,3.8890220102835737,0.07286701203614232,-0.5677538894035716,0.12834260301182523,0.5002761972397409,11,9,0.02,0.34,364.5
spx,4.6308620183781875,0.07960531574314467,-0.5677538894035716,0.1402109562415688,0.5356760281731624,11,9,0.02,0.36000000000000004,377.7
spx,3.826651513614162,0.0722566910956206,-0.5677538894035716,0.12726762853448106,0.4998291810964715,10,9,0.02,0.38,406.8888888888889
spx,4.4773671240209465,0.0782837173950175,-0.5677538894035716,0.13788318998088228,0.5272178060164578,10,9,0.02,0.4,439.3333333333333
spx,1.0230919551233995,0.03172136243365853,-0.45475316935829224,0.06975512117578186,0.3144314278400657,136,9,0.04,0.02,4.294117647058823
spx,1.4453861658473244,0.04042629236463324,-0.4186493977389275,0.09656359852174765,0.37238537845192615,90,9,0.04,0.04,7.622222222222222
spx,1.065924734944279,0.03267979378342756,-0.3788437526296783,0.08626193135451338,0.30744916978772235,55,9,0.04,0.06,14.618181818181819
spx,0.6618415555408144,0.022766265876257075,-0.4307285245108622,0.05285525471550921,0.23298807142783212,36,9,0.04,0.08,24.36111111111111
spx,0.3328790197968021,0.0128162203297284,-0.5220999644096631,0.024547445323463417,0.1609349828799679,26,9,0.04,0.1,37.61538461538461
spx,0.30917705535906737,0.012011146653074789,-0.5400307638752552,0.02224159706547628,0.15505200528305307,21,9,0.04,0.12000000000000001,52.142857142857146
spx,0.3399352103133457,0.013053252709094076,-0.5547915832877164,0.02352820969586452,0.16220159733268827,18,9,0.04,0.13999999999999999,66.27777777777777
spx,0.6082787325615908,0.02128230178256718,-0.5334121808273459,0.03989841729815279,0.2183281289845159,16,9,0.04,0.16,76.0
spx,0.658915421700768,0.022686385459641523,-0.48272237131676266,0.046996755915326545,0.22661633481657575,13,9,0.04,0.18,104.15384615384616
spx,0.6816196270321122,0.02330268797852053,-0.5431675000990128,0.042901476937174506,0.22839751501427502,12,9,0.04,0.19999999999999998,134.91666666666666
spx,0.9162740673395058,0.029244007150482032,-0.5516351915665837,0.05301330951608117,0.2658778561719763,12,9,0.04,0.22,147.0
spx,1.3113282466316787,0.03782976482289979,-0.5399215469884301,0.07006529936415085,0.32022837489760525,12,9,0.04,0.24,154.27272727272728
spx,1.610246703046955,0.04343900852307203,-0.5537283305628118,0.07844823196768791,0.3541039178542586,11,9,0.04,0.26,184.2
spx,2.0618418679535058,0.0508444986096348,-0.5537283305628118,0.09182210084493282,0.40017642081215554,11,9,0.04,0.28,190.2
spx,1.9636521555213258,0.04932758703032536,-0.5537283305628118,0.08908264993446983,0.3863883981633531,10,9,0.04,0.30000000000000004,245.11111111111111
spx,1.502093603603547,0.041483914811797806,-0.5537283305628118,0.07491745052963676,0.34088653003186814,9,9,0.04,0.32,276.0
spx,1.2789483805372677,0.03718104461270988,-0.5537283305628118,0.06714672622027287,0.3141082800234924,8,9,0.04,0.34,313.85714285714283
spx,1.5049584784720187,0.041536736327269175,-0.5537283305628118,0.07501284300380849,0.34039945491638207,8,9,0.04,0.36000000000000004,330.42857142857144
spx,1.8245841407933763,0.04709485342165798,-0.5537283305628118,0.08505046757096675,0.3735019186221786,8,9,0.04,0.38,338.85714285714283
spx,2.117977468871514,0.051690968540070825,-0.5537283305628118,0.09335077453510805,0.397530111345227,8,9,0.04,0.4,371.42857142857144
spx,0.9407780072019538,0.029823770256237392,-0.4124889357106133,0.07230198842754082,0.3082833860065194,115,9,0.06,0.02,3.878260869565217
spx,1.2095962927627268,0.03576143340442872,-0.38048759570441015,0.0939884343357431,0.3473624295058469,77,9,0.06,0.04,6.701298701298701
spx,0.7776758857444144,0.025825077563103482,-0.3591682281200851,0.07190245556594463,0.26383961469459,47,9,0.06,0.06,12.48936170212766
spx,0.9038299998975525,0.02894686242346589,-0.37269093780616824,0.07766988538508758,0.2826073077043316,34,9,0.06,0.08,20.88235294117647
spx,0.36128537621854506,0.013763252706516349,-0.47337775374924207,0.02907456592015312,0.16914155290785524,23,9,0.06,0.1,31.217391304347824
spx,0.3380858270424143,0.012991243573980293,-0.4969170378235568,0.026143687145203442,0.16279143158577752,19,9,0.06,0.12000000000000001,43.63157894736842
spx,0.25243989671103884,0.010025933751439231,-0.5269143706503063,0.019027633919085258,0.14135386678356962,16,9,0.06,0.13999999999999999,58.6875
spx,0.7372425751444973,0.024779590185025624,-0.5041962734885873,0.04914671426183502,0.24504156581915187,15,9,0.06,0.16,71.93333333333334
spx,0.6315981648754976,0.02193408773912431,-0.45033246603629506,0.048706432232573045,0.22367047406268473,12,9,0.06,0.18,101.33333333333333
spx,0.6036299218739152,0.02115128690739798,-0.5145624327611922,0.041105385004299895,0.21640323068547687,11,9,0.06,0.19999999999999998,129.63636363636363
spx,0.8336968274079222,0.0272366675177238,-0.5235603380044428,0.052022022182842804,0.25608530108378774,11,9,0.06,0.22,137.45454545454547
spx,1.2117270933124473,0.0358056803448632,-0.5111132307413839,0.07005430145669692,0.3120559900980034,11,9,0.06,0.24,144.72727272727272
spx,1.4977643749959415,0.04140398430954928,-0.5257845411914793,0.07874705524001104,0.34691376249391925,10,9,0.06,0.26,173.7
spx,2.0226172375239937,0.05024418117440521,-0.5257845411914793,0.09556040019842914,0.403840336148631,10,9,0.06,0.28,179.6
spx,1.187981390939525,0.035310271876684896,-0.5257845411914793,0.06715730324948002,0.3080440843186952,8,9,0.06,0.30000000000000004,244.0
spx,1.394271874260359,0.03945270362712461,-0.5257845411914793,0.07503587598395517,0.3332985998334871,8,9,0.06,0.32,262.875
spx,1.180742559971843,0.03515822533687962,-0.5257845411914793,0.0668681229334123,0.305746029941485,7,9,0.06,0.34,298.85714285714283
spx,1.397013294210029,0.03950542212453523,-0.5257845411914793,0.07513614233505624,0.33278829323937836,7,9,0.06,0.36000000000000004,315.42857142857144
spx,1.7028654543713078,0.045052699195907486,-0.5257845411914793,0.08568661812272695,0.36681643369145467,7,9,0.06,0.38,323.85714285714283
spx,1.983615699886275,0.04963985048847386,-0.5257845411914793,0.0944110117349306,0.39144017032244166,7,9,0.06,0.4,356.42857142857144
spx,1.3561336363061125,0.03871324622095851,-0.4124889357106132,0.09385281123787105,0.4012760238610415,93,9,0.08,0.02,3.4838709677419355
spx,1.936341072613918,0.0488971236753688,-0.3644156713884571,0.1341795304495723,0.469670894518431,69,9,0.08,0.04,5.521739130434782
spx,1.592246720059359,0.043119055333219025,-0.34019793152879185,0.12674696503723376,0.4123015493112683,44,9,0.08,0.06,10.318181818181818
spx,1.198796619740556,0.03553654480227064,-0.352964147619643,0.10068032416868897,0.34152699069089926,31,9,0.08,0.08,18.516129032258064
spx,0.5283585016851053,0.01897786129957324,-0.4641439961443228,0.04088787414514393,0.21016023286630217,21,9,0.08,0.1,29.904761904761905
spx,0.9102776624219822,0.02910105338985347,-0.49049992763582895,0.059329373462129256,0.2832162031703609,19,9,0.08,0.12000000000000001,39.31578947368421
spx,0.6430078142458289,0.02224975434342258,-0.5269143706503062,0.042226508865116766,0.23124911095209524,16,9,0.08,0.13999999999999999,54.3125
spx,1.2406746085485696,0.03640278462917812,-0.5041962734885872,0.07219963046791959,0.33044243066203816,15,9,0.08,0.16,67.53333333333333
spx,1.0393579490920914,0.03208759594710808,-0.45033246603629495,0.07125312600606938,0.29636502704467066,12,9,0.08,0.18,96.91666666666667
spx,1.0434104563713604,0.032178404874450894,-0.5145624327611922,0.06253547252133902,0.293338933220457,11,9,0.08,0.19999999999999998,124.18181818181819
spx,1.3365710628308807,0.038329499753293916,-0.5235603380044428,0.07320932654942373,0.3331779977517059,11,9,0.08,0.22,132.0
spx,1.7897948968438588,0.04651989126281619,-0.5111132307413838,0.09101680110166158,0.38711099726017256,11,9,0.08,0.24,139.36363636363637
spx,2.1753830754300845,0.05254165820090928,-0.5257845411914792,0.09993001711660206,0.4240409222302098,10,9,0.08,0.26,168.0
spx,2.7780126400655187,0.06067896658951266,-0.5257845411914792,0.11540652460418138,0.47640249501615506,10,9,0.08,0.28,174.3
spx,1.7347893238275227,0.04559668023650976,-0.5257845411914792,0.08672122640422866,0.3789703098920588,8,9,0.08,0.30000000000000004,237.375
spx,1.9926347578560017,0.04978026945031577,-0.5257845411914792,0.09467807733089453,0.40400002803174623,8,9,0.08,0.32,256.25
spx,1.5426506184619955,0.04222636477216768,-0.5257845411914792,0.0803111568789729,0.3540688607608353,7,9,0.08,0.34,291.57142857142856
spx,1.7948128526750309,0.046603244551559175,-0.5257845411914792,0.08863563094866134,0.38121548686732354,7,9,0.08,0.36000000000000004,308.14285714285717
spx,2.1514231185846633,0.05218839885451487,-0.5257845411914792,0.09925814619092994,0.41538627875596357,7,9,0.08,0.38,316.57142857142856
spx,2.478765647911558,0.05680687156650577,-0.5257845411914792,0.10804211062914829,0.4393702218884018,7,9,0.08,0.4,349.14285714285717
spx,1.057834016011444,0.03250021872398978,-0.4124889357106135,0.07879052238819491,0.35787543372809577,72,9,0.1,0.02,3.1527777777777777
spx,1.4682756307633533,0.04085598527301415,-0.3355355209755928,0.12176351747863397,0.4229264302373003,56,9,0.1,0.04,4.875
spx,1.2309177180166575,0.03620235580694864,-0.33691106866841514,0.10745374424779933,0.36920376943231226,37,9,0.1,0.06,9.27027027027027
spx,0.6865453633724425,0.023435346165870063,-0.3426886375841133,0.06838670325075437,0.25352857571939336,25,9,0.1,0.08,17.72
spx,0.1886113075206921,0.007687148942421063,-0.464143996144323,0.01656199155063677,0.12377133407856257,17,9,0.1,0.1,29.529411764705884
spx,0.3822977172049187,0.014451702799553434,-0.49049992763582895,0.02946321086979463,0.17650829458720085,15,9,0.1,0.12000000000000001,37.6
spx,0.208578973350239,0.008431443042417941,-0.5269143706503062,0.016001543157784893,0.12958247777095688,13,9,0.1,0.13999999999999999,55.15384615384615
spx,0.557286693680269,0.019825004685105174,-0.5041962734885872,0.039320014303029005,0.21477884124881758,12,9,0.1,0.16,69.75
spx,0.8210244959310444,0.02692099886655197,-0.45033246603629495,0.05978027545627201,0.26225464889766265,11,9,0.1,0.18,97.0909090909091
spx,0.5066714682575275,0.018332659670118545,-0.5145624327611922,0.035627668292346384,0.20067965679404892,9,9,0.1,0.19999999999999998,130.66666666666666
spx,0.6592131710313232,0.02269451985851978,-0.5235603380044428,0.04334652228436601,0.230757901064017,9,9,0.1,0.22,138.88888888888889
spx,0.926539515986774,0.02948774506836016,-0.5111132307413838,0.05769317500466066,0.27798033186964066,9,9,0.1,0.24,145.77777777777777
spx,1.1491322828937416,0.0344885711612446,-0.5257845411914792,0.06559449443509716,0.3110077010192988,8,9,0.1,0.26,180.75
spx,1.45136125708949,0.04053882941808773,-0.5257845411914792,0.07710160007029263,0.3521735407660954,8,9,0.1,0.28,186.75
spx,1.238075479707335,0.036349474208467125,-0.5257845411914792,0.06913378268234296,0.3211209046510827,7,9,0.1,0.30000000000000004,247.85714285714286
spx,1.4069235809783387,0.03969552106371932,-0.5257845411914792,0.07549769526081042,0.3425144658719464,7,9,0.1,0.32,262.2857142857143
spx,1.6727835758522929,0.04453445702880532,-0.5257845411914792,0.08470096311292433,0.3730568751171556,7,9,0.1,0.34,283.0
spx,1.93076555694637,0.04880877511549331,-0.5257845411914792,0.09283037307427838,0.4000161496981387,7,9,0.1,0.36000000000000004,298.85714285714283
spx,2.289195084993349,0.05418563125745357,-0.5257845411914792,0.10305672193150378,0.43319543781255104,7,9,0.1,0.38,307.42857142857144
spx,2.6429905585026514,0.05896955142025906,-0.5257845411914792,0.1121553541430265,0.460709616909776,7,9,0.1,0.4,326.0
spx,0.8928572836392106,0.028683307257916457,-0.4124889357106132,0.06953715548394634,0.33859313935318053,54,9,0.12000000000000001,0.02,3.0925925925925926
spx,1.3774372047549388,0.039127696452233796,-0.30881132886420803,0.12670421320404088,0.4357077004627666,44,9,0.12000000000000001,0.04,4.409090909090909
spx,1.4748048302291612,0.040977856801581725,-0.31024219990682855,0.13208343937055672,0.43843497518560043,31,9,0.12000000000000001,0.06,7.967741935483871
spx,0.9123730106797316,0.029151054989742464,-0.30356445216496386,0.09602921152935626,0.31580746722625597,22,9,0.12000000000000001,0.08,14.5
spx,0.23205211957829341,0.009291520869362024,-0.464143996144323,0.020018616951953155,0.137157768820221,15,9,0.12000000000000001,0.1,26.6
spx,0.37815579749035866,0.014316791681658891,-0.49049992763582884,0.029188162678564916,0.17834109781596244,13,9,0.12000000000000001,0.12000000000000001,33.69230769230769
spx,0.3302638668418425,0.012728067106894336,-0.5269143706503062,0.024155854946953968,0.16440712831825152,12,9,0.12000000000000001,0.13999999999999999,42.666666666666664
spx,0.6854634858846489,0.023406241185493615,-0.5041962734885872,0.04642287620164934,0.24848623172520795,11,9,0.12000000000000001,0.16,52.27272727272727
spx,0.5711407425573491,0.02022539913248833,-0.45033246603629495,0.04491214970687511,0.2205775280821566,9,9,0.12000000000000001,0.18,84.77777777777777
spx,0.5367450204010737,0.019225021621368965,-0.5145624327611922,0.037361883412680603,0.21144836769579345,8,9,0.12000000000000001,0.19999999999999998,102.625
spx,0.65973583353601,0.022708795426955364,-0.5235603380044428,0.043373788613381675,0.23657686353561483,8,9,0.12000000000000001,0.22,110.375
spx,0.9478480220118737,0.029989746606875256,-0.5111132307413838,0.058675347854670684,0.29034789804879607,8,9,0.12000000000000001,0.24,117.5
spx,0.6743111223661342,0.023105172059427526,-0.5257845411914792,0.0439441829291309,0.2410313109270504,6,9,0.12000000000000001,0.26,155.0
spx,0.8220958879938287,0.026947768430127583,-0.5257845411914792,0.05125249283491923,0.2694689674803995,6,9,0.12000000000000001,0.28,162.66666666666666
spx,1.0943132896329488,0.03330461037752963,-0.5257845411914792,0.06334269604438754,0.3099449620255662,6,9,0.12000000000000001,0.30000000000000004,218.66666666666666
spx,1.234493231268032,0.0362759020885306,-0.5257845411914792,0.06899385441482524,0.330246482272205,6,9,0.12000000000000001,0.32,225.5
spx,1.4424815669223974,0.04037149113036542,-0.5257845411914792,0.07678333607694071,0.3574644791916086,6,9,0.12000000000000001,0.34,247.0
spx,1.640936552492033,0.04397969533215673,-0.5257845411914792,0.0836458508888345,0.381869882749798,6,9,0.12000000000000001,0.36000000000000004,255.83333333333334
spx,1.9158599599790542,0.048571792787764245,-0.5257845411914792,0.09237965170618331,0.4117700120737693,6,9,0.12000000000000001,0.38,263.3333333333333
spx,2.18897314095247,0.052740896032811735,-0.5257845411914792,0.10030895148285589,0.43686887259859464,6,9,0.12000000000000001,0.4,283.0
spx,0.18137167517218522,0.007414337085797973,-0.3878238368678055,0.019117796228510935,0.1267262066855735,37,9,0.13999999999999999,0.02,3.2162162162162162
spx,0.3817972778720877,0.014435422962699063,-0.2797935997883928,0.05159311354375703,0.20259349992055975,30,9,0.13999999999999999,0.04,4.233333333333333
spx,0.2540676112574287,0.010084074149570021,-0.31024219990682844,0.032503876495842465,0.15437107522633442,20,9,0.13999999999999999,0.06,7.1
spx,0.35603669621171785,0.01358969952956901,-0.3035644521649641,0.04476709783589564,0.1882297848581127,16,9,0.13999999999999999,0.08,10.875
spx,0.06611322766013861,0.002841335229238906,-0.40030221769668717,0.0070979752387777505,0.07823829658280859,11,9,0.13999999999999999,0.1,17.363636363636363
spx,0.08245577586567099,0.003517700290442738,-0.42979818965980265,0.008184539570134292,0.08512928310990743,9,9,0.13999999999999999,0.12000000000000001,22.22222222222222
spx,0.1782858832775862,0.00729756889854527,-0.4213466241990863,0.017319633003864222,0.12211604468168039,9,9,0.13999999999999999,0.13999999999999999,25.444444444444443
spx,0.3844754139251154,0.014522480124371295,-0.3935590466468527,0.03690038444828983,0.19192719653693927,8,9,0.13999999999999999,0.16,30.0
spx,0.43895492390933044,0.016259348352985814,-0.3276756799113134,0.049620247548998644,0.2029436531896702,7,9,0.13999999999999999,0.18,65.85714285714286
spx,0.3619941839593275,0.013786641158103796,-0.4062383856185908,0.033937317708444714,0.17889964193582575,6,9,0.13999999999999999,0.19999999999999998,82.83333333333333
spx,0.42853268759244534,0.015931992917325832,-0.4172441484681214,0.038183861836813944,0.1968616851285907,6,9,0.13999999999999999,0.22,90.16666666666667
spx,0.3075106349008141,0.011954021223953726,-0.4020195037317641,0.029734928561898084,0.16373299622132775,5,9,0.13999999999999999,0.24,98.4
spx,0.34699364878292926,0.013289170115192706,-0.41996467642923274,0.03164354256692356,0.17498685919027293,4,9,0.13999999999999999,0.26,138.75
spx,0.42670652641472007,0.015874399523225335,-0.41996467642923274,0.03779936840926262,0.19778861802612852,4,9,0.13999999999999999,0.28,145.5
spx,0.5911362381327216,0.020797377467205225,-0.41996467642923274,0.049521730360838435,0.23714009377030604,4,9,0.13999999999999999,0.30000000000000004,194.0
spx,0.6384169978906598,0.022122994552551845,-0.41996467642923274,0.052678226989597156,0.24772567250827923,4,9,0.13999999999999999,0.32,200.5
spx,0.7375540327097767,0.024787732077643065,-0.41996467642923274,0.059023373795152954,0.26988021802734613,4,9,0.13999999999999999,0.34,209.25
spx,0.8245116597249336,0.027008073207653194,-0.41996467642923274,0.06431034494922398,0.2882097077224627,4,9,0.13999999999999999,0.36000000000000004,215.25
spx,0.9658641914494166,0.030410107036779044,-0.41996467642923274,0.07241110679912952,0.31490461737761927,4,9,0.13999999999999999,0.38,223.5
spx,1.0932340160667504,0.0332810045673122,-0.41996467642923274,0.07924715204689436,0.3363025465479523,4,9,0.13999999999999999,0.4,236.25
spx,0.17614722812332162,0.007216469336539966,-0.37944228682355674,0.019018621769733516,0.12548946863532073,34,9,0.16,0.02,3.2058823529411766
spx,0.403892061059242,0.01514887853124991,-0.2699329643224897,0.05612089123413434,0.21273642834510578,29,9,0.16,0.04,4.103448275862069
spx,0.23728164252513384,0.00948100114022199,-0.31024219990682844,0.03055999842403552,0.1489983862215228,19,9,0.16,0.06,6.947368421052632
spx,0.278674289428539,0.010954323969803337,-0.3035644521649641,0.036085661188848615,0.16203106422625654,15,9,0.16,0.08,10.866666666666667
spx,0.05210408440171599,0.0022536077318284775,-0.40030221769668717,0.005629765792444492,0.07173698765332119,10,9,0.16,0.1,17.3
spx,0.015657617103181698,0.0006887963679584885,-0.42979818965980265,0.0016026041629065265,0.056262741154218004,8,9,0.16,0.12000000000000001,22.25
spx,0.08698047883856774,0.003703238206324455,-0.4213466241990863,0.008789053937156205,0.08685098771195089,8,9,0.16,0.13999999999999999,24.875
spx,0.2507640074088804,0.009965997098616564,-0.3935590466468527,0.025322749365126965,0.14899051402137065,7,9,0.16,0.16,29.428571428571427
spx,0.2464249944594159,0.009810458937616007,-0.3276756799113134,0.029939539425908088,0.1446240903934797,6,9,0.16,0.18,70.33333333333333
spx,0.1601662675048332,0.006605958492305719,-0.4062383856185908,0.0162612858020461,0.11478035732431972,5,9,0.16,0.19999999999999998,87.8
spx,0.2384003942840216,0.009521437255314735,-0.4172441484681214,0.022819822135965076,0.14096732984393343,5,9,0.16,0.22,93.8
spx,0.07153992879902682,0.0030670210988348323,-0.4020195037317641,0.0076290355825154536,0.08188728275193452,4,9,0.16,0.24,102.0
spx,0.09248337866564604,0.003927895469636011,-0.41996467642923274,0.00935291868600261,0.09008212129219711,3,9,0.16,0.26,141.0
spx,0.13815234250091502,0.005751680227944478,-0.41996467642923274,0.01369562858678587,0.10698225119149314,3,9,0.16,0.28,147.33333333333334
spx,0.2473324003988686,0.009843028954613864,-0.41996467642923274,0.02343775442807388,0.14375796691358678,3,9,0.16,0.30000000000000004,185.66666666666666
spx,0.26235550755019243,0.010378995905574895,-0.41996467642923274,0.02471397355087752,0.1483317333122409,3,9,0.16,0.32,191.0
spx,0.32465702893077575,0.012538508747754529,-0.41996467642923274,0.029856103266502614,0.16734373555568496,3,9,0.16,0.34,200.0
spx,0.36849846864517666,0.014000720837981762,-0.41996467642923274,0.03333785345239861,0.18013907930955642,3,9,0.16,0.36000000000000004,203.0
spx,0.45076900472386305,0.01662769178533896,-0.41996467642923274,0.03959307227149818,0.2023764948107723,3,9,0.16,0.38,211.33333333333334
spx,0.5173054945933617,0.018650129226311485,-0.41996467642923274,0.04440880453300261,0.21877051521186594,3,9,0.16,0.4,225.0
spx,-0.029801756493903486,-0.0013399778095736226,-0.35458216554708466,-0.00377903329544556,0.02595467393586462,28,9,0.18,0.02,3.5357142857142856
spx,0.1688651943810915,0.006939267779320302,-0.24239179183792892,0.02862831173738805,0.12331417160641753,25,9,0.18,0.04,4.04
spx,0.07746977949716305,0.0033123864466571007,-0.2514129469817976,0.013175083011524138,0.08108362438639931,16,9,0.18,0.06,6.9375
spx,0.15512707568803297,0.00641178191613756,-0.2314294150073588,0.027705129514040742,0.11536389931083031,13,9,0.18,0.08,9.461538461538462
spx,-0.19317028229206745,-0.009467725084627565,-0.3381870342539981,-0.027995529472359233,-0.05709480345833413,7,9,0.18,0.1,17.428571428571427
spx,-0.16410959185103702,-0.007913118308945366,-0.37073812458402244,-0.02134422597574524,-0.03677993233374585,6,9,0.18,0.12000000000000001,23.0
spx,-0.13974033470925895,-0.006648795782961514,-0.3614111672935182,-0.018396763533213487,-0.022281474062061987,6,9,0.18,0.13999999999999999,24.833333333333332
spx,-0.035940675484046,-0.0016208827096229061,-0.3307454225577149,-0.004900695819426082,0.030405201160372188,5,9,0.18,0.16,30.2
spx,-0.030895709679532257,-0.0013899103551243686,-0.2762062693912487,-0.005032146294824133,0.031262118753618943,4,9,0.18,0.18,32.5
spx,-0.11640893724332446,-0.005469992262054801,-0.3447380554741739,-0.015867097279211134,-0.00966713131086567,3,9,0.18,0.19999999999999998,44.333333333333336
spx,-0.1223118660652267,-0.005765397391737759,-0.3568837674755918,-0.016154832237171082,-0.012363553747639347,3,9,0.18,0.22,45.333333333333336
spx,-0.07575912459217315,-0.0034855054799062257,-0.3400821924444175,-0.010249009084696168,0.011972993844569582,3,9,0.18,0.24,47.666666666666664
spx,-0.07015974720092244,-0.003218710436219574,-0.3598860808598814,-0.00894369248326876,0.015543641272345131,2,9,0.18,0.26,75.0
spx,-0.04655112513731263,-0.002110451426191484,-0.3598860808598814,-0.00586422075882721,0.027285045854667622,2,9,0.18,0.28,79.0
spx,0.017193598286708855,0.0007558184084965891,-0.3598860808598814,0.0021001601581553263,0.05728380187206012,2,9,0.18,0.30000000000000004,88.5
spx,0.022176566909359652,0.0009725847213788441,-0.3598860808598814,0.002702479404190994,0.05975435818436274,2,9,0.18,0.32,95.0
spx,0.05062813116705356,0.002191251983002074,-0.3598860808598814,0.006088737796600751,0.07193450171557342,2,9,0.18,0.34,98.0
spx,0.07899292594585994,0.00337520287404125,-0.3598860808598814,0.009378531300729458,0.08372160138496515,2,9,0.18,0.36000000000000004,101.0
spx,0.12308395734192601,0.005157780149608326,-0.3598860808598814,0.014331702235565106,0.10133785723658179,2,9,0.18,0.38,110.0
spx,0.15870197340657022,0.006549617651899764,-0.3598860808598814,0.018199141340089233,0.11475734165939919,2,9,0.18,0.4,128.0
spx,0.036575099720845605,0.0015933134494672263,-0.2618552172018408,0.006084711492454562,0.059250981591047275,26,9,0.19999999999999998,0.02,3.3461538461538463
spx,0.19357043766102566,0.00787310944503683,-0.18124256646060555,0.04343962678738667,0.13776960119496348,23,9,0.19999999999999998,0.04,4.0
spx,0.059955398378950475,0.0025839096250088733,-0.2222809780546967,0.01162451977502569,0.07215254476199258,14,9,0.19999999999999998,0.06,7.285714285714286
spx,0.0279069012059332,0.0012206175761719784,-0.2222809780546966,0.005491327179024836,0.056133218577977616,11,9,0.19999999999999998,0.08,9.909090909090908
spx,-0.11013996752493749,-0.005158327015474473,-0.3159009077489634,-0.01632894014845198,-0.017805704450732197,7,9,0.19999999999999998,0.1,17.0
spx,-0.007422735682451109,-0.000330143549101769,-0.3095400435218508,-0.0010665616808264865,0.0397923526784251,6,9,0.19999999999999998,0.12000000000000001,21.5
spx,0.021514515363174835,0.0009438427734504984,-0.3027459049400253,0.0031176070693259283,0.054664352556147704,6,9,0.19999999999999998,0.13999999999999999,23.333333333333332
spx,0.08471418258906671,0.0036103999458525493,-0.2967154160049944,0.012167887986621422,0.08467643329739574,5,9,0.19999999999999998,0.16,29.4
spx,0.06883417446017481,0.0029546309598167397,-0.2762062693912487,0.010697190061357652,0.07687059781184513,4,9,0.19999999999999998,0.18,31.75
spx,-0.025479163022158025,-0.001143201703486696,-0.31141954108883874,-0.003670937602340678,0.031519985203732705,3,9,0.19999999999999998,0.19999999999999998,43.333333333333336
spx,0.008346475092240846,0.0003684432791575265,-0.29602220377100785,0.001244647443549677,0.048465058327014136,3,9,0.19999999999999998,0.22,43.0
spx,0.03801562190909791,0.0016549610323617348,-0.29383124475720224,0.005632352113299786,0.06309646433765388,3,9,0.19999999999999998,0.24,46.0
spx,0.02552950070182125,0.0011178745225906006,-0.32733780760626396,0.0034150486030481036,0.05755755302930433,2,9,0.19999999999999998,0.26,73.5
spx,0.051567670510311414,0.002230955111237609,-0.32733780760626396,0.006815451986900023,0.06984999821057598,2,9,0.19999999999999998,0.28,77.5
spx,0.12187232143139615,0.005109694905768514,-0.32733780760626396,0.01560985253470835,0.10094602428142603,2,9,0.19999999999999998,0.30000000000000004,87.0
spx,0.12736808407257771,0.0053274042796229715,-0.32733780760626396,0.016274943363801725,0.10318405228269072,2,9,0.19999999999999998,0.32,93.5
spx,0.1587475800661582,0.006551373460706333,-0.32733780760626396,0.02001410563788772,0.11603827300891595,2,9,0.19999999999999998,0.34,96.5
spx,0.19003137719093655,0.007740475234571775,-0.32733780760626396,0.02364674979396927,0.1284356506583284,2,9,0.19999999999999998,0.36000000000000004,99.5
spx,0.23865978758392759,0.009530807769875471,-0.32733780760626396,0.029116122697746966,0.1465251947980322,2,9,0.19999999999999998,0.38,108.5
spx,0.27794323021916156,0.010928700584039941,-0.32733780760626396,0.033386612637136784,0.159962014815813,2,9,0.19999999999999998,0.4,126.5
spx,-0.057609826039021095,-0.0026262753229457925,-0.26795368418682697,-0.00980122863738891,0.002398828538865044,23,9,0.22,0.02,3.5217391304347827
spx,0.11941923877369698,0.005012189189557148,-0.18124256646060544,0.027654591785128958,0.10324674945423942,21,9,0.22,0.04,4.142857142857143
spx,0.04844688966875954,0.002098945918509898,-0.2222809780546966,0.009442759955795278,0.06562232237962502,13,9,0.22,0.06,7.384615384615385
spx,0.08868883189133858,0.0037730982658681356,-0.2222809780546967,0.016974454129582282,0.08665481984080399,11,9,0.22,0.08,9.454545454545455
spx,-0.0787872366828376,-0.003630431016343083,-0.3159009077489634,-0.011492309541661949,-0.0020606478856560525,7,9,0.22,0.1,16.428571428571427
spx,-0.06628554675118103,-0.0030350125579520215,-0.2936007374229309,-0.010337210269264738,0.003942501921318324,5,9,0.22,0.12000000000000001,21.2
spx,-0.052445975076476525,-0.0023846958700923793,-0.28664975577798746,-0.008319197285272922,0.011909179884965482,5,9,0.22,0.13999999999999999,21.2
spx,-0.048743034215622094,-0.0022122352632566455,-0.2967154160049944,-0.007455747642109059,0.013904821180298507,4,9,0.22,0.16,28.25
spx,0.10649276003961772,0.004494986987883642,-0.2762062693912487,0.016274022301486765,0.09485593126760557,4,9,0.22,0.18,30.75
spx,0.008856449755956675,0.0003908607983824641,-0.31141954108883874,0.0012550940028229094,0.047769525739618256,3,9,0.22,0.19999999999999998,42.0
spx,0.06797176361207247,0.002918751462215985,-0.27977083759740407,0.010432650834094895,0.0766779243342483,3,9,0.22,0.22,41.333333333333336
spx,0.0993952989082767,0.004208549023750452,-0.277529300174172,0.015164341282557368,0.09139173422676139,3,9,0.22,0.24,44.333333333333336
spx,0.06166231848520498,0.0026554096265969385,-0.32733780760626396,0.008112138484751445,0.0740092380099981,2,9,0.22,0.26,71.5
spx,0.08861789968406386,0.0037701997047276947,-0.32733780760626396,0.011517764270183705,0.08647429249739057,2,9,0.22,0.28,75.5
spx,0.1613996174660408,0.006653360720377588,-0.32733780760626396,0.02032567141886811,0.1178780250618306,2,9,0.22,0.30000000000000004,85.0
spx,0.16708901411771038,0.006871404456261887,-0.32733780760626396,0.02099178370659557,0.1199991628936253,2,9,0.22,0.32,91.5
spx,0.19957411420175775,0.00809725343155332,-0.32733780760626396,0.024736688654348922,0.1330824274874999,2,9,0.22,0.34,94.5
spx,0.23196014362732176,0.00928818144962662,-0.32733780760626396,0.028374911891628617,0.14568333119705576,2,9,0.22,0.36000000000000004,97.5
spx,0.28230189477806067,0.011081263610315029,-0.32733780760626396,0.03385268475813845,0.16388707966552912,2,9,0.22,0.38,106.5
spx,0.3229694238522236,0.012481303333777616,-0.32733780760626396,0.038129733393921506,0.1772653366438705,2,9,0.22,0.4,124.5
spx,0.1736357438287186,0.00712105166655852,-0.1458084873995108,0.04883838927048915,0.1365464615081842,20,9,0.24,0.02,3.0
spx,0.295824362272993,0.011551446099392182,-0.15661674099883371,0.07375613887584472,0.19707143235570057,18,9,0.24,0.04,3.6666666666666665
spx,0.34228410714050805,0.013131892541369039,-0.15661674099883394,0.08384731068734734,0.21585572966162125,13,9,0.24,0.06,6.153846153846154
spx,0.2813913809347093,0.01104943457948937,-0.19178508899128877,0.057613626990528216,0.1847540747786068,10,9,0.24,0.08,8.2
spx,-0.08007767998416504,-0.003692330067301075,-0.3159009077489633,-0.011688254059197753,-0.007597748726991453,6,9,0.24,0.1,17.5
spx,0.03240967752617374,0.0014145911820284685,-0.22601791577526342,0.006258756865252399,0.057384971166783205,5,9,0.24,0.12000000000000001,20.0
spx,0.0450624180016852,0.001955357459379803,-0.22601791577526353,0.008651338336046218,0.06413775585387484,5,9,0.24,0.13999999999999999,20.2
spx,0.0016014270294200106,7.091999981700958e-05,-0.28026245921769144,0.00025304851750381266,0.04134261046910953,4,9,0.24,0.16,28.0
spx,0.16505294291281336,0.006793489833203381,-0.2762062693912487,0.024595711922745463,0.12224740766549544,4,9,0.24,0.18,30.5
spx,0.008856449755956675,0.0003908607983824641,-0.31141954108883874,0.0012550940028229094,0.047769525739618256,3,9,0.24,0.19999999999999998,42.0
spx,0.10300385345831109,0.004354402493341514,-0.2561455568672911,0.016999719013660375,0.0931051453886252,3,9,0.24,0.22,40.666666666666664
spx,0.13545815768426683,0.005646046365154422,-0.2538304915259251,0.02224337324965453,0.10770818081622341,3,9,0.24,0.24,43.666666666666664
spx,0.06166231848520498,0.0026554096265969385,-0.32733780760626396,0.008112138484751445,0.0740092380099981,2,9,0.24,0.26,71.5
spx,0.08861789968406386,0.0037701997047276947,-0.32733780760626396,0.011517764270183705,0.08647429249739057,2,9,0.24,0.28,75.5
spx,0.1613996174660408,0.006653360720377588,-0.32733780760626396,0.02032567141886811,0.1178780250618306,2,9,0.24,0.30000000000000004,85.0
spx,0.16708901411771038,0.006871404456261887,-0.32733780760626396,0.02099178370659557,0.1199991628936253,2,9,0.24,0.32,91.5
spx,0.19957411420175775,0.00809725343155332,-0.32733780760626396,0.024736688654348922,0.1330824274874999,2,9,0.24,0.34,94.5
spx,0.23196014362732176,0.00928818144962662,-0.32733780760626396,0.028374911891628617,0.14568333119705576,2,9,0.24,0.36000000000000004,97.5
spx,0.28230189477806067,0.011081263610315029,-0.32733780760626396,0.03385268475813845,0.16388707966552912,2,9,0.24,0.38,106.5
spx,0.3229694238522236,0.012481303333777616,-0.32733780760626396,0.038129733393921506,0.1772653366438705,2,9,0.24,0.4,124.5
spx,0.6283173874388106,0.021842929114852083,-0.1458084873995108,0.14980560805766488,0.39052306627612593,17,9,0.26,0.02,2.0
spx,0.7151867508580854,0.024199446467574104,-0.15661674099883371,0.15451379152216116,0.4213619296607606,15,9,0.26,0.04,2.533333333333333
spx,0.7083513709322846,0.02401820488055928,-0.15661674099883394,0.15335656154879448,0.3943387080966813,12,9,0.26,0.06,4.416666666666667
spx,0.6257921201735235,0.021772643222814247,-0.19178508899128888,0.11352625658923457,0.35256487523686947,9,9,0.26,0.08,5.888888888888889
spx,0.14510615826918682,0.0060232256649606075,-0.25186179468058667,0.023914804834132605,0.11799264917349518,6,9,0.26,0.1,12.5
spx,0.21853471006416902,0.008798163159075889,-0.22601791577526364,0.03892683962197123,0.15149244841172302,5,9,0.26,0.12000000000000001,18.8
spx,0.3544110226077928,0.013535814677274383,-0.22601791577526364,0.05988823775692829,0.2160247351327746,5,9,0.26,0.13999999999999999,18.8
spx,0.24046916781299488,0.009596119036382245,-0.2762062693912486,0.034742582264811875,0.16152356070429447,4,9,0.26,0.16,27.0
spx,0.3140572576302185,0.01217804269025402,-0.2762062693912487,0.044090391999769246,0.1882341343045005,4,9,0.26,0.18,29.75
spx,0.25581009210130756,0.010146234018372224,-0.25186179468058656,0.04028492702213836,0.16347816938501375,3,9,0.26,0.19999999999999998,32.0
spx,0.30185575555049904,0.01175965011662683,-0.25186179468058656,0.04669088510045966,0.18028934063447388,3,9,0.26,0.22,38.666666666666664
spx,0.34016099139938216,0.013060817462114072,-0.25186179468058656,0.051857080898982395,0.19441311637104294,3,9,0.26,0.24,41.666666666666664
spx,0.19744350095376695,0.008017831121233998,-0.3273378076062641,0.02449405762159374,0.13456223462746017,2,9,0.26,0.26,70.0
spx,0.22784656316949992,0.009138583341711692,-0.3273378076062641,0.02791789744221655,0.14690033884257483,2,9,0.26,0.28,74.0
spx,0.3099366905375218,0.012037164136135425,-0.3273378076062641,0.036772911214137054,0.17761411761568646,2,9,0.26,0.30000000000000004,83.5
spx,0.31635373193220007,0.012256374017840965,-0.3273378076062641,0.037442586016777676,0.17922123709098578,2,9,0.26,0.32,90.0
spx,0.35299351022722014,0.013488779102869719,-0.3273378076062641,0.04120751953924797,0.19240617424043768,2,9,0.26,0.34,93.0
spx,0.38952154723306553,0.014686076465726172,-0.3273378076062641,0.044865200794010365,0.2050536808418452,2,9,0.26,0.36000000000000004,96.0
spx,0.4463017509687457,0.01648874842389425,-0.3273378076062641,0.05037226999371738,0.2227583453767523,2,9,0.26,0.38,105.0
spx,0.492170449086605,0.0178962758674992,-0.3273378076062641,0.05467219322561605,0.23534595981521925,2,9,0.26,0.4,123.0
spx,0.41062684220498724,0.015364216010450793,-0.1383847290132716,0.11102537194676523,0.3208793823238354,11,9,0.28,0.02,2.1818181818181817
spx,0.43871135137899975,0.016251723798237805,-0.1383847290132716,0.11743870811554075,0.3288744014553111,10,9,0.28,0.04,2.7
spx,0.30956053308299425,0.012024282556831078,-0.1383847290132716,0.0868902417381466,0.23539969686468776,8,9,0.28,0.06,4.25
spx,0.344336261565396,0.01320049002582624,-0.1743133360401189,0.07572851467192444,0.2453414617531838,6,9,0.28,0.08,6.333333333333333
spx,0.2234360388132901,0.008977653282314701,-0.174313336040119,0.051502962918731895,0.17367421712369413,5,9,0.28,0.1,8.0
spx,0.19219031211382798,0.007821430914158656,-0.17431333604011878,0.04486995138661409,0.14778450805815244,4,9,0.28,0.12000000000000001,16.0
spx,0.32512901473948297,0.012554495373050534,-0.1743133360401189,0.07202257531323403,0.22197382159346596,4,9,0.28,0.13999999999999999,16.0
spx,0.12036817929485943,0.005049932099628451,-0.2762062693912486,0.01828319143790027,0.10536928095243334,3,9,0.28,0.16,33.666666666666664
spx,0.17185633174321158,0.007053329101017303,-0.2762062693912486,0.025536455477866798,0.13143692236009683,3,9,0.28,0.18,35.0
spx,0.1068045616566633,0.004507530315738251,-0.25186179468058656,0.017896840294712987,0.0983052405246416,2,9,0.28,0.19999999999999998,30.5
spx,0.14738677282905255,0.006111940217641498,-0.25186179468058656,0.02426703988746176,0.1189501720567939,2,9,0.28,0.22,40.5
spx,0.1642795798993777,0.006763861336778865,-0.25186179468058656,0.026855448025997177,0.12704667024907784,2,9,0.28,0.24,44.5
spx,-0.05864251802356257,-0.0026747393141166587,-0.3273378076062641,-0.00817118967612183,0.007112157368969279,1,9,0.28,0.26,125.0
spx,-0.04431158783189726,-0.002006686621115694,-0.3273378076062641,-0.006130323398296303,0.015575559686177281,1,9,0.28,0.28,130.0
spx,-0.0029453138737470796,-0.0001307185539418665,-0.3273378076062641,-0.00039933839264635256,0.03936561388141578,1,9,0.28,0.30000000000000004,141.0
spx,-0.0029453138737470796,-0.0001307185539418665,-0.3273378076062641,-0.00039933839264635256,0.03936561388141578,1,9,0.28,0.32,141.0
spx,-0.0029453138737470796,-0.0001307185539418665,-0.3273378076062641,-0.00039933839264635256,0.03936561388141578,1,9,0.28,0.34,141.0
spx,0.02122164585897668,0.0009311226152726171,-0.3273378076062641,0.0028445312262633934,0.052360914267990645,1,9,0.28,0.36000000000000004,145.0
spx,0.03621197467909276,0.0015777604829139147,-0.3273378076062641,0.0048199763249215394,0.06052538590373433,1,9,0.28,0.38,160.0
spx,0.045289695797432694,0.0019650137806863643,-0.3273378076062641,0.006003015035311678,0.06548682043079143,1,9,0.28,0.4,194.0
spx,0.32636948712520253,0.01259648546624037,-0.12417357295837594,0.10144256274612329,0.28936248647002855,7,9,0.30000000000000004,0.02,2.142857142857143
spx,0.3027667419521747,0.011791017254511704,-0.12417357295837594,0.09495593123074711,0.2670109120017944,6,9,0.30000000000000004,0.04,2.8333333333333335
spx,0.3027667419521747,0.011791017254511704,-0.12417357295837594,0.09495593123074711,0.2670109120017944,6,9,0.30000000000000004,0.06,2.8333333333333335
spx,0.41142101115903995,0.015389543928629124,-0.17431333604011878,0.08828666973069214,0.31240984496371715,5,9,0.30000000000000004,0.08,5.0
spx,0.41142101115903995,0.015389543928629124,-0.17431333604011878,0.08828666973069214,0.31240984496371715,5,9,0.30000000000000004,0.1,5.0
spx,0.32830333952609636,0.012661871728888663,-0.17431333604011878,0.07263857153175297,0.22889880689121417,4,9,0.30000000000000004,0.12000000000000001,14.0
spx,0.40550804846651034,0.015200637893524549,-0.1743133360401189,0.08720295439716708,0.2665378448162198,4,9,0.30000000000000004,0.13999999999999999,14.75
spx,0.12036817929485943,0.005049932099628451,-0.2762062693912486,0.01828319143790027,0.10536928095243334,3,9,0.30000000000000004,0.16,33.666666666666664
spx,0.17185633174321158,0.007053329101017303,-0.2762062693912486,0.025536455477866798,0.13143692236009683,3,9,0.30000000000000004,0.18,35.0
spx,0.17394057649075023,0.007132643433354513,-0.25186179468058656,0.028319672074123815,0.1360715841275222,2,9,0.30000000000000004,0.19999999999999998,28.0
spx,0.21698440376561678,0.008741246193302521,-0.25186179468058656,0.03470651912247449,0.1557240305340135,2,9,0.30000000000000004,0.22,38.0
spx,0.23490188654234245,0.009394870999699378,-0.25186179468058656,0.03730169163454918,0.16348170574722148,2,9,0.30000000000000004,0.24,42.0
spx,-0.05864251802356257,-0.0026747393141166587,-0.3273378076062641,-0.00817118967612183,0.007112157368969279,1,9,0.30000000000000004,0.26,125.0
spx,-0.04431158783189726,-0.002006686621115694,-0.3273378076062641,-0.006130323398296303,0.015575559686177281,1,9,0.30000000000000004,0.28,130.0
spx,-0.0029453138737470796,-0.0001307185539418665,-0.3273378076062641,-0.00039933839264635256,0.03936561388141578,1,9,0.30000000000000004,0.30000000000000004,141.0
spx,-0.0029453138737470796,-0.0001307185539418665,-0.3273378076062641,-0.00039933839264635256,0.03936561388141578,1,9,0.30000000000000004,0.32,141.0
spx,-0.0029453138737470796,-0.0001307185539418665,-0.3273378076062641,-0.00039933839264635256,0.03936561388141578,1,9,0.30000000000000004,0.34,141.0
spx,0.02122164585897668,0.0009311226152726171,-0.3273378076062641,0.0028445312262633934,0.052360914267990645,1,9,0.30000000000000004,0.36000000000000004,145.0
spx,0.03621197467909276,0.0015777604829139147,-0.3273378076062641,0.0048199763249215394,0.06052538590373433,1,9,0.30000000000000004,0.38,160.0
spx,0.045289695797432694,0.0019650137806863643,-0.3273378076062641,0.006003015035311678,0.06548682043079143,1,9,0.30000000000000004,0.4,194.0
spx,0.1585430054385022,0.006543497034636525,-0.06712291403208603,0.09748529438856914,0.2145690803217662,3,9,0.32,0.02,2.0
spx,0.1585430054385022,0.006543497034636525,-0.06712291403208603,0.09748529438856914,0.2145690803217662,3,9,0.32,0.04,2.0
spx,0.1585430054385022,0.006543497034636525,-0.06712291403208603,0.09748529438856914,0.2145690803217662,3,9,0.32,0.06,2.0
spx,0.2869065829289503,0.01124190060956809,-0.06712291403208603,0.16748230871195857,0.3234754705358137,3,9,0.32,0.08,3.0
spx,0.2869065829289503,0.01124190060956809,-0.06712291403208603,0.16748230871195857,0.3234754705358137,3,9,0.32,0.1,3.0
spx,0.35310023952304004,0.013492322209241792,-0.06712291403208603,0.20100918447599286,0.37388834735616405,3,9,0.32,0.12000000000000001,4.666666666666667
spx,0.4317462137150885,0.01603317033197249,-0.06712291403208603,0.23886284681127415,0.4311127954143331,3,9,0.32,0.13999999999999999,5.666666666666667
spx,0.517433580812714,0.018653940152950854,-0.06712291403208603,0.27790718597279485,0.48417987897939974,3,9,0.32,0.16,6.666666666666667
spx,0.5871694524511855,0.02068445444281508,-0.06712291403208603,0.30815787337432216,0.4991995410751053,3,9,0.32,0.18,8.0
spx,0.29197638537212556,0.011418129269409327,-0.25186179468058656,0.04533489997516258,0.22465867377930332,2,9,0.32,0.19999999999999998,20.5
spx,0.3393481258919082,0.013033576852021334,-0.25186179468058656,0.051748923922942086,0.24247907411405323,2,9,0.32,0.22,30.5
spx,0.3590671517918742,0.013689982920517485,-0.25186179468058656,0.05435513924562972,0.24969189389930638,2,9,0.32,0.24,34.5
spx,0.008999670169156149,0.00039715454840605346,-0.3273378076062641,0.0012132865167954199,0.04107392148595465,1,9,0.32,0.26,113.0
spx,0.024360363756302128,0.0010672649321608052,-0.3273378076062641,0.003260438932995351,0.050540899292090595,1,9,0.32,0.28,118.0
spx,0.06869905291429124,0.002949011229385512,-0.3273378076062641,0.009009076131323972,0.07670167306802275,1,9,0.32,0.30000000000000004,129.0
spx,0.06869905291429124,0.002949011229385512,-0.3273378076062641,0.009009076131323972,0.07670167306802275,1,9,0.32,0.32,129.0
spx,0.06869905291429124,0.002949011229385512,-0.3273378076062641,0.009009076131323972,0.07670167306802275,1,9,0.32,0.34,129.0
spx,0.09460255383310567,0.004014123010003701,-0.3273378076062641,0.012262937298193369,0.09117087571170755,1,9,0.32,0.36000000000000004,133.0
spx,0.11067002780002833,0.004662752607901055,-0.3273378076062641,0.014244467029331404,0.09948089863816348,1,9,0.32,0.38,148.0
spx,0.12040003769495367,0.005051198697108239,-0.3273378076062641,0.015431149655599934,0.1040094791121021,1,9,0.32,0.4,182.0
spx,0.06324756791239161,0.0027217147229054994,0.0,,0.21054020229163511,1,9,0.34,0.02,1.0
spx,0.06324756791239161,0.0027217147229054994,0.0,,0.21054020229163511,1,9,0.34,0.04,1.0
spx,0.06324756791239161,0.0027217147229054994,0.0,,0.21054020229163511,1,9,0.34,0.06,1.0
spx,0.13206368614108754,0.005512614045703801,0.0,,0.29775521512895287,1,9,0.34,0.08,2.0
spx,0.13206368614108754,0.005512614045703801,0.0,,0.29775521512895287,1,9,0.34,0.1,2.0
spx,0.13206368614108754,0.005512614045703801,0.0,,0.29775521512895287,1,9,0.34,0.12000000000000001,2.0
spx,0.17973526128329165,0.007352450569273916,0.0,,0.3673382448319033,1,9,0.34,0.13999999999999999,4.0
spx,0.17973526128329165,0.007352450569273916,0.0,,0.3673382448319033,1,9,0.34,0.16,4.0
spx,0.19111158364786562,0.007780998314197651,0.0,,0.38631473001498645,1,9,0.34,0.18,5.0
spx,0.20900005316038484,0.00844701191468844,-0.08929527805052218,0.09459640082994338,0.2769826827307503,1,9,0.34,0.19999999999999998,11.0
spx,0.23837116580724027,0.009520381266713063,-0.08929527805052218,0.10661685001223187,0.2754856838674735,1,9,0.34,0.22,28.0
spx,0.24222529371112644,0.009659421033678006,-0.08929527805052218,0.1081739286170633,0.2788961074483644,1,9,0.34,0.24,30.0
spx,0.13837648184572848,0.005760457534948138,-0.2762062693912486,0.02085563643303259,0.1282242403579355,1,9,0.34,0.26,95.0
spx,0.1557067673169954,0.0064341604969166966,-0.2762062693912486,0.023294766303087248,0.13936295727280035,1,9,0.34,0.28,100.0
spx,0.2057306894901918,0.008325995163035671,-0.2762062693912486,0.030144120846300654,0.16851490741643882,1,9,0.34,0.30000000000000004,111.0
spx,0.2057306894901918,0.008325995163035671,-0.2762062693912486,0.030144120846300654,0.16851490741643882,1,9,0.34,0.32,111.0
spx,0.2057306894901918,0.008325995163035671,-0.2762062693912486,0.030144120846300654,0.16851490741643882,1,9,0.34,0.34,111.0
spx,0.23495561107862417,0.00939681719299612,-0.2762062693912486,0.03402101340315866,0.18543391123467223,1,9,0.34,0.36000000000000004,115.0
spx,0.2530833023231087,0.010048924206881527,-0.2762062693912486,0.036381955518348996,0.1923586941657066,1,9,0.34,0.38,130.0
spx,0.26406092180107366,0.010439452823074236,-0.2762062693912486,0.037795857588904545,0.19425505315782735,1,9,0.34,0.4,164.0
spx,0.06324756791239161,0.0027217147229054994,0.0,,0.21054020229163511,1,9,0.36000000000000004,0.02,1.0
spx,0.06324756791239161,0.0027217147229054994,0.0,,0.21054020229163511,1,9,0.36000000000000004,0.04,1.0
spx,0.06324756791239161,0.0027217147229054994,0.0,,0.21054020229163511,1,9,0.36000000000000004,0.06,1.0
spx,0.13206368614108754,0.005512614045703801,0.0,,0.29775521512895287,1,9,0.36000000000000004,0.08,2.0
spx,0.13206368614108754,0.005512614045703801,0.0,,0.29775521512895287,1,9,0.36000000000000004,0.1,2.0
spx,0.13206368614108754,0.005512614045703801,0.0,,0.29775521512895287,1,9,0.36000000000000004,0.12000000000000001,2.0
spx,0.17973526128329165,0.007352450569273916,0.0,,0.3673382448319033,1,9,0.36000000000000004,0.13999999999999999,4.0
spx,0.17973526128329165,0.007352450569273916,0.0,,0.3673382448319033,1,9,0.36000000000000004,0.16,4.0
spx,0.19111158364786562,0.007780998314197651,0.0,,0.38631473001498645,1,9,0.36000000000000004,0.18,5.0
spx,0.20900005316038484,0.00844701191468844,-0.08929527805052218,0.09459640082994338,0.2769826827307503,1,9,0.36000000000000004,0.19999999999999998,11.0
spx,0.23837116580724027,0.009520381266713063,-0.08929527805052218,0.10661685001223187,0.2754856838674735,1,9,0.36000000000000004,0.22,28.0
spx,0.24222529371112644,0.009659421033678006,-0.08929527805052218,0.1081739286170633,0.2788961074483644,1,9,0.36000000000000004,0.24,30.0
spx,0.13837648184572848,0.005760457534948138,-0.2762062693912486,0.02085563643303259,0.1282242403579355,1,9,0.36000000000000004,0.26,95.0
spx,0.1557067673169954,0.0064341604969166966,-0.2762062693912486,0.023294766303087248,0.13936295727280035,1,9,0.36000000000000004,0.28,100.0
spx,0.2057306894901918,0.008325995163035671,-0.2762062693912486,0.030144120846300654,0.16851490741643882,1,9,0.36000000000000004,0.30000000000000004,111.0
spx,0.2057306894901918,0.008325995163035671,-0.2762062693912486,0.030144120846300654,0.16851490741643882,1,9,0.36000000000000004,0.32,111.0
spx,0.2057306894901918,0.008325995163035671,-0.2762062693912486,0.030144120846300654,0.16851490741643882,1,9,0.36000000000000004,0.34,111.0
spx,0.23495561107862417,0.00939681719299612,-0.2762062693912486,0.03402101340315866,0.18543391123467223,1,9,0.36000000000000004,0.36000000000000004,115.0
spx,0.2530833023231087,0.010048924206881527,-0.2762062693912486,0.036381955518348996,0.1923586941657066,1,9,0.36000000000000004,0.38,130.0
spx,0.26406092180107366,0.010439452823074236,-0.2762062693912486,0.037795857588904545,0.19425505315782735,1,9,0.36000000000000004,0.4,164.0
spx,0.06324756791239161,0.0027217147229054994,0.0,,0.21054020229163511,1,9,0.38,0.02,1.0
spx,0.06324756791239161,0.0027217147229054994,0.0,,0.21054020229163511,1,9,0.38,0.04,1.0
spx,0.06324756791239161,0.0027217147229054994,0.0,,0.21054020229163511,1,9,0.38,0.06,1.0
spx,0.13206368614108754,0.005512614045703801,0.0,,0.29775521512895287,1,9,0.38,0.08,2.0
spx,0.13206368614108754,0.005512614045703801,0.0,,0.29775521512895287,1,9,0.38,0.1,2.0
spx,0.13206368614108754,0.005512614045703801,0.0,,0.29775521512895287,1,9,0.38,0.12000000000000001,2.0
spx,0.17973526128329165,0.007352450569273916,0.0,,0.3673382448319033,1,9,0.38,0.13999999999999999,4.0
spx,0.17973526128329165,0.007352450569273916,0.0,,0.3673382448319033,1,9,0.38,0.16,4.0
spx,0.19111158364786562,0.007780998314197651,0.0,,0.38631473001498645,1,9,0.38,0.18,5.0
spx,0.20900005316038484,0.00844701191468844,-0.08929527805052218,0.09459640082994338,0.2769826827307503,1,9,0.38,0.19999999999999998,11.0
spx,0.23837116580724027,0.009520381266713063,-0.08929527805052218,0.10661685001223187,0.2754856838674735,1,9,0.38,0.22,28.0
spx,0.24222529371112644,0.009659421033678006,-0.08929527805052218,0.1081739286170633,0.2788961074483644,1,9,0.38,0.24,30.0
spx,0.13837648184572848,0.005760457534948138,-0.2762062693912486,0.02085563643303259,0.1282242403579355,1,9,0.38,0.26,95.0
spx,0.1557067673169954,0.0064341604969166966,-0.2762062693912486,0.023294766303087248,0.13936295727280035,1,9,0.38,0.28,100.0
spx,0.2057306894901918,0.008325995163035671,-0.2762062693912486,0.030144120846300654,0.16851490741643882,1,9,0.38,0.30000000000000004,111.0
spx,0.2057306894901918,0.008325995163035671,-0.2762062693912486,0.030144120846300654,0.16851490741643882,1,9,0.38,0.32,111.0
spx,0.2057306894901918,0.008325995163035671,-0.2762062693912486,0.030144120846300654,0.16851490741643882,1,9,0.38,0.34,111.0
spx,0.23495561107862417,0.00939681719299612,-0.2762062693912486,0.03402101340315866,0.18543391123467223,1,9,0.38,0.36000000000000004,115.0
spx,0.2530833023231087,0.010048924206881527,-0.2762062693912486,0.036381955518348996,0.1923586941657066,1,9,0.38,0.38,130.0
spx,0.26406092180107366,0.010439452823074236,-0.2762062693912486,0.037795857588904545,0.19425505315782735,1,9,0.38,0.4,164.0
spx,0.0,0.0,0.0,,0.0,0,9,0.4,0.02,0.0
spx,0.0,0.0,0.0,,0.0,0,9,0.4,0.04,0.0
spx,0.0,0.0,0.0,,0.0,0,9,0.4,0.06,0.0
spx,0.0,0.0,0.0,,0.0,0,9,0.4,0.08,0.0
spx,0.0,0.0,0.0,,0.0,0,9,0.4,0.1,0.0
spx,0.0,0.0,0.0,,0.0,0,9,0.4,0.12000000000000001,0.0
spx,0.0,0.0,0.0,,0.0,0,9,0.4,0.13999999999999999,0.0
spx,0.0,0.0,0.0,,0.0,0,9,0.4,0.16,0.0
spx,0.0,0.0,0.0,,0.0,0,9,0.4,0.18,0.0
spx,0.0,0.0,0.0,,0.0,0,9,0.4,0.19999999999999998,0.0
spx,0.0,0.0,0.0,,0.0,0,9,0.4,0.22,0.0
spx,0.0,0.0,0.0,,0.0,0,9,0.4,0.24,0.0
spx,0.0,0.0,0.0,,0.0,0,9,0.4,0.26,0.0
spx,0.0,0.0,0.0,,0.0,0,9,0.4,0.28,0.0
spx,0.0,0.0,0.0,,0.0,0,9,0.4,0.30000000000000004,0.0
spx,0.0,0.0,0.0,,0.0,0,9,0.4,0.32,0.0
spx,0.0,0.0,0.0,,0.0,0,9,0.4,0.34,0.0
spx,0.0,0.0,0.0,,0.0,0,9,0.4,0.36000000000000004,0.0
spx,0.0,0.0,0.0,,0.0,0,9,0.4,0.38,0.0
spx,0.0,0.0,0.0,,0.0,0,9,0.4,0.4,0.0
spx,1.2665448934314671,0.03693020877298614,-0.45475316935829246,0.08120934885423403,0.34623687001184683,161,12,0.02,0.02,4.6521739130434785
spx,1.1677735699764575,0.03488461067043902,-0.4450838716870963,0.07837761125382603,0.32265096543108657,97,12,0.02,0.04,9.175257731958762
spx,1.0777203151445294,0.032940398389999404,-0.40295254315964846,0.08174758777226163,0.3031346898946147,59,12,0.02,0.06,17.728813559322035
spx,0.8967586997893768,0.02877718279109165,-0.44200179502819714,0.06510648398895265,0.2709126640172499,40,12,0.02,0.08,30.675
spx,0.5744080088718346,0.020319334270103573,-0.5400883597021974,0.03762224070392403,0.2115179951567554,29,12,0.02,0.1,42.6551724137931
spx,0.3794369102416124,0.014358561587998198,-0.5499629784734839,0.0261082330084342,0.1706559838458349,23,12,0.02,0.12000000000000001,58.869565217391305
spx,0.3630062002628889,0.01382001439679792,-0.5547915832877164,0.02491028128959704,0.1670383754377992,19,12,0.02,0.13999999999999999,71.15789473684211
spx,1.0462295479534274,0.03224147386657483,-0.5334121808273458,0.06044382754170872,0.28920945994679803,18,12,0.02,0.16,81.77777777777777
spx,0.9183013649612859,0.029292241060630442,-0.48272237131676277,0.06068134149392644,0.26995112215026096,14,12,0.02,0.18,108.78571428571429
spx,0.9810574664678546,0.030761750803563803,-0.5431675000990129,0.05663400479217977,0.276130904239322,13,12,0.02,0.19999999999999998,136.92307692307693
spx,0.989708397392727,0.03096082417068957,-0.5516351915665837,0.05612554210467286,0.27741313558127006,12,12,0.02,0.22,150.58333333333334
spx,1.4437617380082708,0.04039565186315941,-0.5399215469884301,0.07481763246619429,0.33717898750774133,12,12,0.02,0.24,158.66666666666666
spx,1.8050264723829326,0.04677246212510844,-0.5537283305628118,0.08446824831514167,0.37525701215001533,11,12,0.02,0.26,189.63636363636363
spx,2.0470486883314267,0.050618962771580955,-0.5677538894035716,0.08915652312792861,0.3960244124710559,10,12,0.02,0.28,223.7
spx,2.736366152731156,0.0601580229907559,-0.5677538894035716,0.10595792316623706,0.4430086345921244,10,12,0.02,0.30000000000000004,271.3
spx,2.212954779978061,0.05309050888749889,-0.5677538894035716,0.09350972292461218,0.4036816508279563,9,12,0.02,0.32,306.77777777777777
spx,1.9562485409087902,0.04921127080263665,-0.5677538894035716,0.0866771178870009,0.38064740616993054,8,12,0.02,0.34,345.125
spx,2.28037941647488,0.0540602498283127,-0.5677538894035716,0.0952177533915325,0.4086664549315556,8,12,0.02,0.36000000000000004,359.875
spx,2.6722951317919668,0.059345640475578554,-0.5677538894035716,0.10452705227245815,0.43930622097615574,8,12,0.02,0.38,366.375
spx,2.1029130720986515,0.051465251029747305,-0.5677538894035716,0.09064711310707499,0.39367168059741775,7,12,0.02,0.4,419.2857142857143
spx,1.3109827677660468,0.03782288922157728,-0.4547531693582927,0.08317234880396675,0.36183779920237263,141,12,0.04,0.02,4.368794326241135
spx,1.162729458738577,0.03477776923951459,-0.4450838716870962,0.07813756339381385,0.32938300695426764,87,12,0.04,0.04,8.28735632183908
spx,1.2636917964974068,0.03687232500720827,-0.40295254315964846,0.09150537856910754,0.33843016501174883,55,12,0.04,0.06,14.945454545454545
spx,0.9675520330560101,0.030449299617409276,-0.44200179502819703,0.06888953836820232,0.2876309292812379,37,12,0.04,0.08,24.945945945945947
spx,0.48650221582409037,0.017724597316767454,-0.5273967273358848,0.033607711989989526,0.1954372195513416,26,12,0.04,0.1,37.88461538461539
spx,0.39833444471462687,0.014970434862753068,-0.5451287923658759,0.027462198057418535,0.1757557685597064,21,12,0.04,0.12000000000000001,51.04761904761905
spx,0.43108820228307243,0.01601247061722444,-0.5547915832877163,0.028862136880905657,0.18268723776009402,18,12,0.04,0.13999999999999999,65.5
spx,0.7955745879298919,0.02628064757066717,-0.533412180827346,0.04926893032308471,0.25270624694992566,16,12,0.04,0.16,75.3125
spx,0.8701441575624496,0.02813308646125323,-0.48272237131676266,0.05828005523032262,0.26440819161749385,13,12,0.04,0.18,101.3076923076923
spx,0.8814274910056263,0.028407216353094622,-0.5431675000990128,0.05229918275286414,0.2632031297298477,12,12,0.04,0.19999999999999998,127.58333333333333
spx,0.8357402440612907,0.027287373878495558,-0.5516351915665838,0.049466339884883685,0.2558563349172395,11,12,0.04,0.22,141.1818181818182
spx,1.2141917755366989,0.03585680968844884,-0.53992154698843,0.06641114785740755,0.3115512049410426,11,12,0.04,0.24,148.45454545454547
spx,1.5005478085732737,0.04145538999609388,-0.5537283305628118,0.07486593643124319,0.34625443414315044,10,12,0.04,0.26,177.8
spx,1.9331641197637839,0.04884680195521751,-0.5537283305628118,0.08821438105861301,0.3934403581479881,10,12,0.04,0.28,183.8
spx,2.5967180896909996,0.05836977189871284,-0.5537283305628118,0.1054122909683627,0.4415422246628573,10,12,0.04,0.30000000000000004,231.4
spx,2.092869410044075,0.05131417912184211,-0.5537283305628118,0.09267031554929862,0.40101640638413194,9,12,0.04,0.32,262.44444444444446
spx,1.6546052622139866,0.04421857737215995,-0.5537283305628118,0.07985608633608471,0.35646787939054003,8,12,0.04,0.34,295.5
spx,1.9456631742998414,0.04904448243132453,-0.5537283305628118,0.08857138008719098,0.38535146126615605,8,12,0.04,0.36000000000000004,310.25
spx,2.369148042150453,0.055308324643191575,-0.5537283305628118,0.09988350169292577,0.42322823141317634,8,12,0.04,0.38,315.625
spx,1.7863047559774787,0.046461831987961055,-0.5537283305628118,0.0839072690045262,0.36989744065105173,7,12,0.04,0.4,362.57142857142856
spx,0.9564645611301379,0.03019125263842093,-0.4541037510148578,0.06648536280739312,0.31309584547672703,112,12,0.06,0.02,4.205357142857143
spx,1.4041314510611604,0.03964203827678725,-0.417956977858869,0.09484717417536005,0.3813741695244532,76,12,0.06,0.04,6.934210526315789
spx,0.7548701038567351,0.025238215668238473,-0.37376607308648313,0.06752409457558974,0.26105689343907384,45,12,0.06,0.06,13.444444444444445
spx,0.7789556790686383,0.025857796930584653,-0.37904276462309605,0.06821867964237899,0.2619180799397833,32,12,0.06,0.08,21.46875
spx,0.32238342601448045,0.012461423221096002,-0.48574153736579173,0.025654431961234195,0.1596267551991833,22,12,0.06,0.1,33.40909090909091
spx,0.49170805772344317,0.017882294398483545,-0.5110351996791562,0.03499229487462039,0.1989551822579352,19,12,0.06,0.12000000000000001,44.526315789473685
spx,0.5556675490523955,0.019777987971294264,-0.5269143706503061,0.03753548787611297,0.21122283346096832,17,12,0.06,0.13999999999999999,59.1764705882353
spx,0.9289845056042934,0.029545614701933287,-0.5041962734885872,0.05859943092697624,0.2800816911692954,15,12,0.06,0.16,68.26666666666667
spx,0.6236282882501003,0.021712334126799737,-0.45033246603629495,0.048214010235384214,0.22466232901903205,11,12,0.06,0.18,98.18181818181819
spx,0.5864164779492935,0.02066298896152241,-0.5145624327611922,0.040156427375863404,0.2152798342005174,10,12,0.06,0.19999999999999998,126.7
spx,0.7759580039621867,0.025781122560183833,-0.5235603380044427,0.04924193199669962,0.24959249837001407,10,12,0.06,0.22,134.4
spx,1.1129988264004367,0.033711466857047956,-0.5111132307413838,0.06595694423356747,0.3031040328681885,10,12,0.06,0.24,141.6
spx,1.3468362054160359,0.038531245699969796,-0.5257845411914792,0.07328333695900269,0.33395924176313463,9,12,0.06,0.26,172.44444444444446
spx,1.8017796182648897,0.04671873271009597,-0.5257845411914792,0.0888552801575846,0.38871451441055155,9,12,0.06,0.28,177.44444444444446
spx,1.5279653350016091,0.04195884688689744,-0.5257845411914792,0.07980235933109518,0.35254244996935225,8,12,0.06,0.30000000000000004,239.875
spx,1.7690930358393833,0.046174490758575715,-0.5257845411914792,0.08782017564445657,0.3776509987579792,8,12,0.06,0.32,258.25
spx,2.1063074225452616,0.05151620156694614,-0.5257845411914792,0.09797968089781679,0.40995807334945317,8,12,0.06,0.34,277.75
spx,2.4385774491082297,0.05626278049417466,-0.5257845411914792,0.10700729307612904,0.43909506115494773,8,12,0.06,0.36000000000000004,291.875
spx,1.932651481350868,0.048838677078169246,-0.5257845411914792,0.09288724420747713,0.39726747495475867,7,12,0.06,0.38,309.14285714285717
spx,2.2480960787893256,0.05359833263221003,-0.5257845411914792,0.101939727080509,0.4250467783078003,7,12,0.06,0.4,327.7142857142857
spx,1.2684557072209381,0.03696893653149114,-0.42290757576312177,0.08741611323651982,0.3810704791535491,97,12,0.08,0.02,3.618556701030928
spx,1.7781637048314418,0.04632613318336065,-0.40417564768686987,0.11461881349974666,0.44649989841509896,69,12,0.08,0.04,6.028985507246377
spx,1.2438246486394622,0.03646731556579552,-0.3591682281200853,0.10153268777883921,0.35654640754388106,43,12,0.08,0.06,11.255813953488373
spx,0.9967248614590696,0.03112167895332507,-0.352964147619643,0.08817235167709453,0.30712587014453646,30,12,0.08,0.08,19.633333333333333
spx,0.37259829492891505,0.014135161965467713,-0.4641439961443228,0.03045426006344908,0.1731314389840669,20,12,0.08,0.1,32.15
spx,0.4742811300927092,0.017352308376726633,-0.49049992763582895,0.03537678070690733,0.1973091803926526,17,12,0.08,0.12000000000000001,39.294117647058826
spx,0.4257188901132236,0.01584322213025513,-0.5269143706503062,0.03006792566826707,0.1844977390224005,15,12,0.08,0.13999999999999999,55.8
spx,0.9141050582086239,0.02919234757969047,-0.5041962734885872,0.0578987769538746,0.2796116187593654,14,12,0.08,0.16,69.78571428571429
spx,0.7923030601396621,0.02619770349345263,-0.45033246603629495,0.05817413904006912,0.25707802671030655,11,12,0.08,0.18,97.18181818181819
spx,0.4829080494067881,0.017615413356304455,-0.5145624327611922,0.034233772686782495,0.19555431808781118,9,12,0.08,0.19999999999999998,130.77777777777777
spx,0.6330438445546758,0.021974201338279098,-0.5235603380044428,0.04197071424858892,0.22567475613932803,9,12,0.08,0.22,139.0
spx,0.8961538835410752,0.028762641848645742,-0.5111132307413838,0.05627450067556408,0.2728947552246239,9,12,0.08,0.24,145.88888888888889
spx,1.0727947084746514,0.03283174731075289,-0.5257845411914792,0.062443348441460336,0.29952123641556877,8,12,0.08,0.26,181.0
spx,1.4126980677121388,0.03980594254394765,-0.5257845411914792,0.07570770805422215,0.34712178060273924,8,12,0.08,0.28,186.875
spx,1.7905894709026184,0.0465330994793689,-0.5257845411914792,0.08850222065091595,0.3833656554241513,8,12,0.08,0.30000000000000004,238.5
spx,2.056767338844157,0.0507672502431058,-0.5257845411914792,0.09655523558768435,0.40826873872379044,8,12,0.08,0.32,256.875
spx,2.4290141034453465,0.05613241143494041,-0.5257845411914792,0.10675934158836027,0.4404889376507067,8,12,0.08,0.34,276.375
spx,2.9045341023133306,0.06222857850635166,-0.5257845411914792,0.11835376210440804,0.47825663405366153,8,12,0.08,0.36000000000000004,290.25
spx,2.2373174712379855,0.05344313247680943,-0.5257845411914792,0.10164454884067542,0.42831570392463353,7,12,0.08,0.38,307.57142857142856
spx,2.585532836408062,0.05822368316199911,-0.5257845411914792,0.11073677257619356,0.4558756042656607,7,12,0.08,0.4,326.14285714285717
spx,0.9641188533877627,0.030369545523017294,-0.4124889357106134,0.07362511547297214,0.34032383555036094,73,12,0.1,0.02,3.3013698630136985
spx,1.3421062677278868,0.03843839087090073,-0.3644156713884571,0.10547952211947126,0.40270839138993086,55,12,0.1,0.04,5.127272727272727
spx,1.2868708468169627,0.03734057880326458,-0.34019793152879185,0.10976133404298594,0.38384663530017765,37,12,0.1,0.06,8.891891891891891
spx,0.7743059733584179,0.02573881413103085,-0.352964147619643,0.07292189392211926,0.27654170422898183,25,12,0.1,0.08,16.88
spx,0.27867464904372996,0.01095433657075251,-0.464143996144323,0.02360115968697421,0.15036005178337186,17,12,0.1,0.1,28.235294117647058
spx,0.4228708685459128,0.015753200964102154,-0.49049992763582884,0.032116622402028366,0.18799566545894567,15,12,0.1,0.12000000000000001,36.13333333333333
spx,0.36198038456974024,0.013786185932191497,-0.5269143706503063,0.026163996846730302,0.1722042401067761,13,12,0.1,0.13999999999999999,45.76923076923077
spx,0.7549485608412456,0.02524024707002659,-0.5041962734885873,0.05006036021525239,0.26012704004762005,12,12,0.1,0.16,59.583333333333336
spx,1.1056448202084823,0.03355175356849416,-0.45033246603629495,0.07450440751875533,0.3159761396957539,11,12,0.1,0.18,85.81818181818181
spx,0.7421594162962339,0.024907960086315795,-0.5145624327611922,0.048406099047412485,0.251583388803856,9,12,0.1,0.19999999999999998,116.88888888888889
spx,0.9185429009935131,0.029297984490840312,-0.5235603380044427,0.05595913663458538,0.2821853728802915,9,12,0.1,0.22,125.11111111111111
spx,1.2276515015743743,0.03613507306509822,-0.5111132307413839,0.07069876280190066,0.3310507687649425,9,12,0.1,0.24,132.0
spx,1.4351737930498771,0.040233338995238954,-0.5257845411914793,0.07652058180346319,0.35792042701870214,8,12,0.1,0.26,165.375
spx,1.8345012079649123,0.04725751346810991,-0.5257845411914793,0.08987999791895698,0.4072617210428719,8,12,0.1,0.28,171.25
spx,1.5878795434170878,0.04304110789455162,-0.5257845411914793,0.08186073290975092,0.37410640084630314,7,12,0.1,0.30000000000000004,230.14285714285714
spx,1.7831180647207523,0.04640875993262017,-0.5257845411914793,0.08826573681199026,0.3958680961436341,7,12,0.1,0.32,244.57142857142858
spx,2.0905311293763047,0.05127894055765414,-0.5257845411914793,0.09752842949975485,0.4269546596370969,7,12,0.1,0.34,265.2857142857143
spx,2.3888348718090127,0.055580857607438805,-0.5257845411914793,0.10571033047393735,0.4545098955621239,7,12,0.1,0.36000000000000004,281.14285714285717
spx,2.8032857926111614,0.06099243172106794,-0.5257845411914793,0.1160027101269526,0.4883384359050087,7,12,0.1,0.38,289.7142857142857
spx,3.212378370922244,0.06580724131076066,-0.5257845411914793,0.12516009154935404,0.5159844808933152,7,12,0.1,0.4,308.2857142857143
spx,0.5009447788343089,0.018160806147533348,-0.4124889357106132,0.044027377646498354,0.23538262528927253,55,12,0.12000000000000001,0.02,3.2
spx,0.5858343729630111,0.020646387882466977,-0.3355355209755928,0.061532644360382985,0.255026003533884,40,12,0.12000000000000001,0.04,5.1
spx,0.6402732130817972,0.02217428845266256,-0.336911068668415,0.06581644390700118,0.2650806346104935,28,12,0.12000000000000001,0.06,8.75
spx,0.6123628811133737,0.021397104788202892,-0.34268863758411316,0.062438909381554726,0.2511450840236036,21,12,0.12000000000000001,0.08,14.476190476190476
spx,0.3221021583757986,0.01245187816063864,-0.4641439961443229,0.026827618721942493,0.16674729335610733,15,12,0.12000000000000001,0.1,22.8
spx,0.3727599129173913,0.014140453861880786,-0.49049992763582884,0.02882865636705935,0.17991608341985516,13,12,0.12000000000000001,0.12000000000000001,30.384615384615383
spx,0.2338711328804941,0.009357515849441,-0.5269143706503062,0.01775908263403816,0.13848746804737536,11,12,0.12000000000000001,0.13999999999999999,39.45454545454545
spx,0.5211955876335241,0.01876573358227618,-0.5041962734885872,0.037219104085070065,0.21801226293170842,10,12,0.12000000000000001,0.16,49.1
spx,0.44746403731846796,0.0165249380228647,-0.45033246603629495,0.03669497375641768,0.19648992556155992,8,12,0.12000000000000001,0.18,84.5
spx,0.3889225484482268,0.014666686568026943,-0.5145624327611922,0.02850322066716778,0.18019239160922712,7,12,0.12000000000000001,0.19999999999999998,102.42857142857143
spx,0.47747364825200456,0.017449845320745005,-0.5235603380044428,0.03332919637735609,0.20170479023337134,7,12,0.12000000000000001,0.22,109.71428571428571
spx,0.6618231952050104,0.022765765077342737,-0.5111132307413838,0.04454152956345968,0.24354594441337685,7,12,0.12000000000000001,0.24,117.42857142857143
spx,0.7669919524089772,0.02555104894559168,-0.5257845411914792,0.04859604447040323,0.26380690782986255,6,12,0.12000000000000001,0.26,152.5
spx,0.9859561549202212,0.030874580155315634,-0.5257845411914792,0.0587209735861591,0.305043580637922,6,12,0.12000000000000001,0.28,157.16666666666666
spx,0.7523721584233543,0.025173493655672452,-0.5257845411914792,0.04787796461004132,0.25879674433469496,5,12,0.12000000000000001,0.30000000000000004,230.4
spx,0.8395597301986464,0.027382008039744665,-0.5257845411914792,0.05207838172209163,0.27493428656902985,5,12,0.12000000000000001,0.32,236.6
spx,0.9788611426616776,0.03071107723914679,-0.5257845411914792,0.05841000416169042,0.2986270697958119,5,12,0.12000000000000001,0.34,261.0
spx,1.1087914556016605,0.03362015690609477,-0.5257845411914792,0.063942840217227,0.32003312435753,5,12,0.12000000000000001,0.36000000000000004,266.8
spx,1.29480006082964,0.03749972088736375,-0.5257845411914792,0.07132145955144614,0.34717269688541713,5,12,0.12000000000000001,0.38,275.4
spx,1.4786707749996606,0.04104987228818335,-0.5257845411914792,0.07807356259497536,0.37089693521210115,5,12,0.12000000000000001,0.4,288.8
spx,0.3637507958745245,0.013844553791424241,-0.4124889357106134,0.03356345490230811,0.19451236179064718,46,12,0.13999999999999999,0.02,3.130434782608696
spx,0.6054636509445019,0.021203009180744026,-0.30881132886420803,0.06866007558313222,0.26814524972720083,36,12,0.13999999999999999,0.04,4.527777777777778
spx,0.5279484383435014,0.018965743051783557,-0.3102421999068282,0.06113205443192235,0.24253783764884765,24,12,0.13999999999999999,0.06,7.583333333333333
spx,0.6595662167369236,0.022704163125887078,-0.30356445216496386,0.0747919032151667,0.2747298341650849,19,12,0.13999999999999999,0.08,11.31578947368421
spx,0.2197275901454543,0.00884191071330842,-0.44269408693685497,0.019972958695898765,0.13602438094944302,13,12,0.13999999999999999,0.1,18.76923076923077
spx,0.2373018815857697,0.009481732970245904,-0.47010502636613394,0.020169392877031705,0.1411339875037434,11,12,0.13999999999999999,0.12000000000000001,25.454545454545453
spx,0.2584794061170965,0.01024129732431156,-0.4622508912586021,0.022155278698169474,0.14829000550422186,10,12,0.13999999999999999,0.13999999999999999,28.3
spx,0.514816854223257,0.018576024066870422,-0.4364275820242718,0.042563817760347976,0.2231293332398885,9,12,0.13999999999999999,0.16,37.44444444444444
spx,0.3767747100128511,0.01427172057490167,-0.37520142622092556,0.03803749020532298,0.18309106854701507,7,12,0.13999999999999999,0.18,67.0
spx,0.3031396025703086,0.011803849568257974,-0.44821063474049416,0.026335496423667386,0.1601530680709026,6,12,0.13999999999999999,0.19999999999999998,84.16666666666667
spx,0.36680284005053054,0.013945005389939702,-0.4584384142901473,0.030418492332350357,0.17799437419167946,6,12,0.13999999999999999,0.22,91.5
spx,0.5164166258638756,0.01862367439915813,-0.44428998021845645,0.04191783571171447,0.21784035486091613,6,12,0.13999999999999999,0.24,98.33333333333333
spx,0.574855933148551,0.020332197738335944,-0.4609666316091404,0.04410774304283239,0.2309471309809953,5,12,0.13999999999999999,0.26,134.0
spx,0.752684214743613,0.02518158388328562,-0.4609666316091404,0.054627780313255755,0.2716097814342276,5,12,0.13999999999999999,0.28,138.8
spx,0.5223799553738839,0.018800874087887998,-0.4609666316091404,0.04078575931246473,0.21779892047608784,4,12,0.13999999999999999,0.30000000000000004,196.0
spx,0.56761761586159,0.02012389849514884,-0.4609666316091404,0.04365586815883054,0.22829035040508325,4,12,0.13999999999999999,0.32,202.5
spx,0.6624707346749379,0.02278342425383939,-0.4609666316091404,0.04942532211997017,0.2500432123034401,4,12,0.13999999999999999,0.34,211.25
spx,0.7456707430476406,0.02499942278005074,-0.4609666316091404,0.0542326083187038,0.26804155494615867,4,12,0.13999999999999999,0.36000000000000004,217.25
spx,0.8809151399644266,0.02839480281853568,-0.4609666316091404,0.06159839101458433,0.2944147481784295,4,12,0.13999999999999999,0.38,225.5
spx,1.002781051424324,0.03126008536930103,-0.4609666316091404,0.06781420438216634,0.31565885422460205,4,12,0.13999999999999999,0.4,238.25
spx,0.23972863246270526,0.009569399735137818,-0.3878238368678055,0.024674604357544077,0.15127370016150934,38,12,0.16,0.02,3.1842105263157894
spx,0.4494222888168178,0.016585848473087417,-0.2797935997883928,0.059278870158685736,0.22650815827099424,31,12,0.16,0.04,4.258064516129032
spx,0.39667239927773834,0.014916938322602658,-0.31024219990682844,0.048081590212687035,0.20651258938509023,21,12,0.16,0.06,7.095238095238095
spx,0.3785673943447978,0.01433021559254466,-0.3035644521649641,0.04720650092704953,0.19606545811816437,16,12,0.16,0.08,11.0625
spx,0.1217772750135846,0.005105920774078454,-0.40030221769668717,0.012755164843846204,0.10085775914919343,11,12,0.16,0.1,16.90909090909091
spx,0.15046203995492102,0.0062312998296063515,-0.42979818965980265,0.014498199339877631,0.11190400671933473,9,12,0.16,0.12000000000000001,23.0
spx,0.08698047883856774,0.003703238206324455,-0.4213466241990863,0.008789053937156205,0.08685098771195089,8,12,0.16,0.13999999999999999,24.875
spx,0.2507640074088804,0.009965997098616564,-0.3935590466468527,0.025322749365126965,0.14899051402137065,7,12,0.16,0.16,29.428571428571427
spx,0.2464249944594159,0.009810458937616007,-0.3276756799113134,0.029939539425908088,0.1446240903934797,6,12,0.16,0.18,70.33333333333333
spx,0.1601662675048332,0.006605958492305719,-0.4062383856185908,0.0162612858020461,0.11478035732431972,5,12,0.16,0.19999999999999998,87.8
spx,0.19528085706117504,0.007937076579020985,-0.4172441484681214,0.019022619270183484,0.12668649561886658,5,12,0.16,0.22,94.0
spx,0.29887086715736855,0.01165672709439769,-0.4020195037317641,0.028995426804405252,0.15991494251322103,5,12,0.16,0.24,99.6
spx,0.36231314149614846,0.013797161970375393,-0.41996467642923274,0.0328531487164262,0.17849123840677547,4,12,0.16,0.26,132.25
spx,0.46134828334227707,0.01695511136397121,-0.41996467642923274,0.040372708267116066,0.20630312798234257,4,12,0.16,0.28,136.5
spx,0.2473324003988686,0.009843028954613864,-0.41996467642923274,0.02343775442807388,0.14375796691358678,3,12,0.16,0.30000000000000004,185.66666666666666
spx,0.26235550755019243,0.010378995905574895,-0.41996467642923274,0.02471397355087752,0.1483317333122409,3,12,0.16,0.32,191.0
spx,0.32465702893077575,0.012538508747754529,-0.41996467642923274,0.029856103266502614,0.16734373555568496,3,12,0.16,0.34,200.0
spx,0.36849846864517666,0.014000720837981762,-0.41996467642923274,0.03333785345239861,0.18013907930955642,3,12,0.16,0.36000000000000004,203.0
spx,0.45076900472386305,0.01662769178533896,-0.41996467642923274,0.03959307227149818,0.2023764948107723,3,12,0.16,0.38,211.33333333333334
spx,0.5173054945933617,0.018650129226311485,-0.41996467642923274,0.04440880453300261,0.21877051521186594,3,12,0.16,0.4,225.0
spx,-0.10705823943557213,-0.0050058857275827595,-0.37944228682355674,-0.013192746041799317,-0.018551697981356797,30,12,0.18,0.02,3.6333333333333333
spx,0.06874787697493989,0.0029510419095712948,-0.2699329643224897,0.010932499174297498,0.07686995114180674,26,12,0.18,0.04,4.346153846153846
spx,-0.040482540114137766,-0.001829811932855252,-0.31024219990682844,-0.005898011081035329,0.021784633168563945,16,12,0.18,0.06,8.0625
spx,-0.03423253529164194,-0.001542550297425227,-0.3035644521649641,-0.005081458933758716,0.026070672126578397,12,12,0.18,0.08,10.75
spx,-0.14606934161367013,-0.00697383363856674,-0.40030221769668717,-0.017421421441763982,-0.03367057365843555,8,12,0.18,0.1,17.375
spx,-0.16990317087849072,-0.008218880280861374,-0.42979818965980265,-0.019122649835651585,-0.046099091218733595,6,12,0.18,0.12000000000000001,23.5
spx,-0.1457028177170845,-0.006954947420093172,-0.4213466241990863,-0.016506474766027693,-0.030868391673042988,6,12,0.18,0.13999999999999999,25.333333333333332
spx,-0.04262259673746127,-0.001928583953592744,-0.3935590466468527,-0.004900367479859498,0.024089607969152924,5,12,0.18,0.16,30.8
spx,0.12564656624420034,0.005259317296909094,-0.3276756799113134,0.01605037425521646,0.10247870915235396,5,12,0.18,0.18,36.0
spx,0.02995574642434007,0.0013089795764273937,-0.4062383856185908,0.0032221956928914362,0.0612592112764834,4,12,0.18,0.19999999999999998,48.0
spx,0.04289421116408332,0.0018631361130696522,-0.4172441484681214,0.004465337908056968,0.06749385193559497,4,12,0.18,0.22,55.0
spx,0.1125568243990589,0.004738331709865706,-0.4020195037317641,0.011786322966627065,0.09695743731631976,4,12,0.18,0.24,59.0
spx,-0.07660449514273471,-0.003525919228403729,-0.41996467642923274,-0.008395751896047556,0.008745067360097343,2,12,0.18,0.26,76.5
spx,-0.05315950507719713,-0.0024180017846905377,-0.41996467642923274,-0.0057576313447352265,0.02100109617298206,2,12,0.18,0.28,80.5
spx,0.010143401944650021,0.0004473846633377132,-0.41996467642923274,0.0010652911743473763,0.052283613778531225,2,12,0.18,0.30000000000000004,90.0
spx,0.015091833477001604,0.0006640841686684773,-0.41996467642923274,0.0015812857745915222,0.0548729532105885,2,12,0.18,0.32,96.5
spx,0.043346199173287525,0.0018823758360653198,-0.41996467642923274,0.004482224200545387,0.06753190971144775,2,12,0.18,0.34,99.5
spx,0.07151439679229088,0.003065961832491082,-0.41996467642923274,0.007300523126277074,0.07977949619475272,2,12,0.18,0.36000000000000004,102.5
spx,0.11529983205720806,0.0048479897163133945,-0.41996467642923274,0.011543803534939247,0.09807177138837538,2,12,0.18,0.38,111.5
spx,0.15067097868913715,0.006239398253171213,-0.41996467642923274,0.014856959652468771,0.11197851333354256,2,12,0.18,0.4,129.5
spx,-0.09867252045147823,-0.004593607872944161,-0.35458216554708466,-0.012954988488653075,-0.015195798185006933,29,12,0.19999999999999998,0.02,3.586206896551724
spx,0.08928310260890204,0.0037973753513687036,-0.24592859770346331,0.0154409669588224,0.0868900824420845,25,12,0.19999999999999998,0.04,4.36
spx,0.029031280561305328,0.001269130299280663,-0.2514129469817976,0.005047991022405654,0.05707622832567227,16,12,0.19999999999999998,0.06,7.6875
spx,0.011027106229240191,0.0004861577508696868,-0.2314294150073588,0.0021006739824072423,0.048490918151337714,12,12,0.19999999999999998,0.08,10.333333333333334
spx,-0.10605081034752606,-0.004956161101329348,-0.3381870342539981,-0.014655089046397278,-0.012753455954467854,8,12,0.19999999999999998,0.1,16.75
spx,-0.1310015860906807,-0.006203737482016414,-0.37073812458402244,-0.01673347592448757,-0.025645203743437747,6,12,0.19999999999999998,0.12000000000000001,22.666666666666668
spx,-0.10566710970728899,-0.004937236509038878,-0.3614111672935182,-0.013660995995259679,-0.010347507760882535,6,12,0.19999999999999998,0.13999999999999999,24.5
spx,0.0022438536817814825,9.93397352031522e-05,-0.3307454225577149,0.00030035105077173813,0.04562425025926001,5,12,0.19999999999999998,0.16,29.8
spx,0.17839876791710396,0.007301845667277984,-0.2762062693912487,0.026436205388715682,0.12483650796244265,5,12,0.19999999999999998,0.18,35.0
spx,0.07822350193380423,0.00334348148364616,-0.3447380554741739,0.009698614442340374,0.08226597767964342,4,12,0.19999999999999998,0.19999999999999998,46.75
spx,0.09176831374709304,0.003898763978962272,-0.3568837674755918,0.010924464305395785,0.08824677686049637,4,12,0.19999999999999998,0.22,53.75
spx,0.193157833568518,0.007857665552535087,-0.3400821924444175,0.023105195529516974,0.1293081952639788,4,12,0.19999999999999998,0.24,57.5
spx,-0.03333056942143886,-0.0015012410729341452,-0.3598860808598814,-0.004171434108669073,0.029432707308991165,2,12,0.19999999999999998,0.26,74.0
spx,-0.00878685540360169,-0.00039107251573033963,-0.3598860808598814,-0.0010866564074830125,0.0417733988195935,2,12,0.19999999999999998,0.28,78.0
spx,0.057482673485035995,0.002480135945594819,-0.3598860808598814,0.006891447259279914,0.07314628787066542,2,12,0.19999999999999998,0.30000000000000004,87.5
spx,0.06266300787747459,0.0026972757501400046,-0.3598860808598814,0.0074948043105622815,0.07559893071375763,2,12,0.19999999999999998,0.32,94.0
spx,0.09224148368260532,0.003918042794040177,-0.3598860808598814,0.010886897277823963,0.08840621759028404,2,12,0.19999999999999998,0.34,97.0
spx,0.12172975323725899,0.005104033650520368,-0.3598860808598814,0.014182359146331031,0.10077991882702353,2,12,0.19999999999999998,0.36000000000000004,100.0
spx,0.16756714528923156,0.006889682333918401,-0.3598860808598814,0.019144064470225625,0.11907349637965094,2,12,0.19999999999999998,0.38,109.0
spx,0.2045959222258089,0.008283917993452405,-0.3598860808598814,0.023018167231306952,0.13284001341132387,2,12,0.19999999999999998,0.4,127.0
spx,-0.05286549606043933,-0.002404275225605157,-0.3325713325841346,-0.0072293519917172,0.008499870863636036,27,12,0.22,0.02,3.5185185185185186
spx,0.10996911845942803,0.00463464513647982,-0.22501104873996258,0.020597411382389127,0.09746330224866859,23,12,0.22,0.04,4.3478260869565215
spx,0.08961161234008252,0.003810790164752609,-0.2308659509347678,0.016506505828697816,0.0872057997049102,15,12,0.22,0.06,7.333333333333333
spx,0.11037894413222604,0.0046510817933942405,-0.23086595093476758,0.02014624406311188,0.09706252687009122,12,12,0.22,0.08,9.916666666666666
spx,0.017214098485904605,0.000756712273820126,-0.3159009077489634,0.0023954102544759435,0.051002532168199013,8,12,0.22,0.1,16.0
spx,-0.023711346879311535,-0.0010629661768031262,-0.3219533201893563,-0.003301615824859158,0.03025071760512419,6,12,0.22,0.12000000000000001,21.5
spx,0.0047510316819918685,0.00021008623141871574,-0.31528132847664636,0.0006663453000334504,0.045523898256514685,6,12,0.22,0.13999999999999999,23.333333333333332
spx,0.10073257695808757,0.004262653492926649,-0.2967154160049944,0.014366134224906261,0.09210217931789569,5,12,0.22,0.16,28.8
spx,0.2941979217220194,0.01149514273850416,-0.2762062693912487,0.04161796458798401,0.1727621318341162,5,12,0.22,0.18,34.0
spx,0.18417861028579363,0.0075203002797561425,-0.31141954108883874,0.024148453412596946,0.12728303625420487,4,12,0.22,0.19999999999999998,45.5
spx,0.2708106949704778,0.010677969892912476,-0.30867850783380224,0.03459252789527438,0.16067219143592518,4,12,0.22,0.22,51.75
spx,0.05526912571324871,0.002387042336184475,-0.3065269384763414,0.007787381911846921,0.07080814146879297,3,12,0.22,0.24,45.333333333333336
spx,0.06166231848520498,0.0026554096265969385,-0.32733780760626396,0.008112138484751445,0.0740092380099981,2,12,0.22,0.26,71.5
spx,0.08861789968406386,0.0037701997047276947,-0.32733780760626396,0.011517764270183705,0.08647429249739057,2,12,0.22,0.28,75.5
spx,0.1613996174660408,0.006653360720377588,-0.32733780760626396,0.02032567141886811,0.1178780250618306,2,12,0.22,0.30000000000000004,85.0
spx,0.16708901411771038,0.006871404456261887,-0.32733780760626396,0.02099178370659557,0.1199991628936253,2,12,0.22,0.32,91.5
spx,0.19957411420175775,0.00809725343155332,-0.32733780760626396,0.024736688654348922,0.1330824274874999,2,12,0.22,0.34,94.5
spx,0.23196014362732176,0.00928818144962662,-0.32733780760626396,0.028374911891628617,0.14568333119705576,2,12,0.22,0.36000000000000004,97.5
spx,0.28230189477806067,0.011081263610315029,-0.32733780760626396,0.03385268475813845,0.16388707966552912,2,12,0.22,0.38,106.5
spx,0.3229694238522236,0.012481303333777616,-0.32733780760626396,0.038129733393921506,0.1772653366438705,2,12,0.22,0.4,124.5
spx,0.03582234548796315,0.0015610665262468792,-0.26795368418682697,0.005825881928006809,0.058383980036088405,25,12,0.24,0.02,3.4
spx,0.2823930805487951,0.01108445002122549,-0.18124256646060544,0.061158094578377016,0.1794229565568566,23,12,0.24,0.04,3.9565217391304346
spx,0.19703591040897228,0.008002622087713407,-0.2222809780546966,0.03600228034692291,0.13968563025870157,15,12,0.24,0.06,6.8
spx,0.2198506837071248,0.008846422705606871,-0.2222809780546967,0.03979837943411438,0.14798487041134348,12,12,0.24,0.08,9.25
spx,0.04791146998832052,0.0020762599050310193,-0.3159009077489634,0.006572503763366702,0.06651281600669613,8,12,0.24,0.1,15.875
spx,0.04780654871979473,0.002071813037661796,-0.2936007374229309,0.007056566192057467,0.06662892001075232,6,12,0.24,0.12000000000000001,20.833333333333332
spx,0.07835393504180832,0.0033488604306455283,-0.28664975577798746,0.011682760452931443,0.08159940187312441,6,12,0.24,0.13999999999999999,22.666666666666668
spx,0.1339503596156315,0.0055868238824703376,-0.2967154160049944,0.018828896582765684,0.1073539512029607,5,12,0.24,0.16,28.6
spx,0.36472614202253784,0.013876678591857594,-0.2762062693912487,0.05024027377235653,0.20026726911272616,5,12,0.24,0.18,33.0
spx,0.24871125131358252,0.009892477482309259,-0.31141954108883874,0.03176575704826188,0.15347427500000266,4,12,0.24,0.19999999999999998,44.25
spx,0.3639037636224709,0.013849593514085212,-0.27977083759740407,0.04950334935914607,0.19499009989108385,4,12,0.24,0.22,50.75
spx,0.13257272534075604,0.005532648073853563,-0.277529300174172,0.01993536563664226,0.10641018753966308,3,12,0.24,0.24,44.0
spx,0.09370104332117246,0.003977460784952314,-0.32733780760626396,0.012150936104932232,0.08876543825535559,2,12,0.24,0.26,71.0
spx,0.12147008698713302,0.005093720769393961,-0.32733780760626396,0.015561052377795932,0.10117458501374463,2,12,0.24,0.28,75.0
spx,0.19644820317988976,0.00798068337662139,-0.32733780760626396,0.024380573191291423,0.13235455715200994,2,12,0.24,0.30000000000000004,84.5
spx,0.20230929379736362,0.00819901461404493,-0.32733780760626396,0.025047563781288164,0.1343528603167298,2,12,0.24,0.32,91.0
spx,0.23577472554124257,0.009426479932341358,-0.32733780760626396,0.028797406572967383,0.1474342266694216,2,12,0.24,0.34,94.0
spx,0.26913809688356194,0.010618978248396083,-0.32733780760626396,0.03244042698901756,0.16002173274690049,2,12,0.24,0.36000000000000004,97.0
spx,0.32099905568139975,0.012414424677331226,-0.32733780760626396,0.03792542257221882,0.1780771300832644,2,12,0.24,0.38,106.0
spx,0.36289384482788467,0.013816310422987144,-0.32733780760626396,0.04220811070991835,0.1912505380699943,2,12,0.24,0.4,124.0
spx,0.1122657823329547,0.00472668147949995,-0.19087670170430104,0.024763008985886324,0.10203006083392792,22,12,0.26,0.02,3.272727272727273
spx,0.28739904577355224,0.011259047911213127,-0.18124256646060544,0.06212143279079186,0.19140759751301328,20,12,0.26,0.04,4.0
spx,0.22844412859254715,0.00916034464395854,-0.2222809780546965,0.0412106547493437,0.16037078376744907,13,12,0.26,0.06,7.0
spx,0.19130125612582005,0.007788110100149348,-0.2222809780546966,0.0350372315629857,0.13981305024611934,10,12,0.26,0.08,9.8
spx,-0.057095109152809465,-0.002602138730615655,-0.3159009077489633,-0.00823719928238856,0.0058635393259319525,6,12,0.26,0.1,18.5
spx,-0.032516151743391175,-0.001463973110884309,-0.258192639940242,-0.005670080724311668,0.021754572469463558,5,12,0.26,0.12000000000000001,23.0
spx,-0.006828596341300286,-0.0003036310858112179,-0.24910138845938523,-0.0012189056339231264,0.0367566325565392,5,12,0.26,0.13999999999999999,25.4
spx,-0.01589355202744147,-0.0007097980364749734,-0.2967154160049944,-0.0023921845586311764,0.03279046786213726,4,12,0.26,0.16,34.75
spx,-0.04253616141292382,-0.001924590536592885,-0.2762062693912487,-0.006967946603220237,0.013822296472358728,3,12,0.26,0.18,37.333333333333336
spx,-0.15441810220952357,-0.007406139323526517,-0.31141954108883874,-0.023781870905184355,-0.051986101836635885,2,12,0.26,0.19999999999999998,56.5
spx,-0.07550762855993687,-0.003473489289307241,-0.2561455568672911,-0.013560607225784728,-0.0033959068572948486,2,12,0.26,0.22,54.5
spx,-0.061896463050142736,-0.002827779152945964,-0.2538304915259251,-0.01114042342173516,0.005472749309165118,2,12,0.26,0.24,58.5
spx,-0.14019854852795044,-0.006672251336714119,-0.32733780760626396,-0.02038338127057963,-0.040035835310977465,1,12,0.26,0.26,127.0
spx,-0.12710920169037265,-0.0060068763545636505,-0.32733780760626396,-0.01835069526031952,-0.0316088134688358,1,12,0.26,0.28,132.0
spx,-0.08932676189233413,-0.004138427604505446,-0.32733780760626396,-0.01264268137789731,-0.007593383999977719,1,12,0.26,0.30000000000000004,143.0
spx,-0.08932676189233413,-0.004138427604505446,-0.32733780760626396,-0.01264268137789731,-0.007593383999977719,1,12,0.26,0.32,143.0
spx,-0.08932676189233413,-0.004138427604505446,-0.32733780760626396,-0.01264268137789731,-0.007593383999977719,1,12,0.26,0.34,143.0
spx,-0.0672535458679221,-0.003080842542107165,-0.32733780760626396,-0.009411813944244824,0.0053185719084149425,1,12,0.26,0.36000000000000004,147.0
spx,-0.05356192847033314,-0.0024367965497066324,-0.32733780760626396,-0.00744428688982275,0.014039572372715546,1,12,0.26,0.38,162.0
spx,-0.04527067042751176,-0.0020510954533820014,-0.32733780760626396,-0.006265990074232878,0.019734708240612308,1,12,0.26,0.4,196.0
spx,0.5163680176896333,0.0186222272780614,-0.1458084873995108,0.12771703218508168,0.34317527298067957,19,12,0.28,0.02,2.4210526315789473
spx,0.6852990519823408,0.023401815974235962,-0.15661674099883371,0.14942091008272373,0.4117587466250522,17,12,0.28,0.04,3.0588235294117645
spx,0.5691136800626029,0.020167026436682445,-0.15661674099883394,0.12876673533152241,0.3392537615359684,12,12,0.28,0.06,5.833333333333333
spx,0.6293400803466336,0.021871364146010208,-0.19178508899128888,0.11404100423575492,0.3466867999195535,10,12,0.28,0.08,7.8
spx,0.05016407779401111,0.002171629458519453,-0.3040919191946696,0.007141358653234213,0.06623902027165422,6,12,0.28,0.1,17.833333333333332
spx,0.036607137750473084,0.0015946854166224433,-0.22601791577526364,0.007055570843366624,0.058188414684845216,4,12,0.28,0.12000000000000001,22.75
spx,0.15219707890735434,0.006298507008767329,-0.22601791577526364,0.02786729090551442,0.12336488315082722,4,12,0.28,0.13999999999999999,22.75
spx,0.05526677483534681,0.0023869433678109786,-0.2762062693912486,0.00864188699652524,0.06881858588763957,3,12,0.28,0.16,35.0
spx,0.10376309736621314,0.00438503215169761,-0.2762062693912487,0.015875932727240784,0.09531391828977592,3,12,0.28,0.18,36.333333333333336
spx,-0.05822979336273593,-0.0026553641506205095,-0.29953319472454853,-0.008865007943651752,0.005367570371013971,2,12,0.28,0.19999999999999998,54.5
spx,0.059197498630212175,0.0025521272010133877,-0.25186179468058656,0.01013304619801514,0.07139253182094313,2,12,0.28,0.22,52.0
spx,0.0747919079588244,0.0032017417007847992,-0.25186179468058656,0.01271229606239119,0.07970886861450797,2,12,0.28,0.24,56.0
spx,-0.05864251802356257,-0.0026747393141166587,-0.3273378076062641,-0.00817118967612183,0.007112157368969279,1,12,0.28,0.26,125.0
spx,-0.04431158783189726,-0.002006686621115694,-0.3273378076062641,-0.006130323398296303,0.015575559686177281,1,12,0.28,0.28,130.0
spx,-0.0029453138737470796,-0.0001307185539418665,-0.3273378076062641,-0.00039933839264635256,0.03936561388141578,1,12,0.28,0.30000000000000004,141.0
spx,-0.0029453138737470796,-0.0001307185539418665,-0.3273378076062641,-0.00039933839264635256,0.03936561388141578,1,12,0.28,0.32,141.0
spx,-0.0029453138737470796,-0.0001307185539418665,-0.3273378076062641,-0.00039933839264635256,0.03936561388141578,1,12,0.28,0.34,141.0
spx,0.02122164585897668,0.0009311226152726171,-0.3273378076062641,0.0028445312262633934,0.052360914267990645,1,12,0.28,0.36000000000000004,145.0
spx,0.03621197467909276,0.0015777604829139147,-0.3273378076062641,0.0048199763249215394,0.06052538590373433,1,12,0.28,0.38,160.0
spx,0.045289695797432694,0.0019650137806863643,-0.3273378076062641,0.006003015035311678,0.06548682043079143,1,12,0.28,0.4,194.0
spx,0.42114055001177,0.01569842437975244,-0.1383847290132716,0.11344043878025664,0.31532827043516864,13,12,0.30000000000000004,0.02,2.230769230769231
spx,0.4494343791239248,0.016586224291809337,-0.1383847290132716,0.11985588590644752,0.3235639921240398,12,12,0.30000000000000004,0.04,2.6666666666666665
spx,0.48021374786568627,0.017533399605917044,-0.1383847290132716,0.12670039339554243,0.31706706979294225,10,12,0.30000000000000004,0.06,4.5
spx,0.40867967117283377,0.015302058427860254,-0.1743133360401189,0.08778478328438638,0.273591651622326,7,12,0.30000000000000004,0.08,6.428571428571429
spx,0.12940154334353715,0.005407700834613616,-0.22601791577526353,0.023925983106536815,0.11367958261973991,5,12,0.30000000000000004,0.1,12.6
spx,0.10055739388436935,0.00425556939836258,-0.22601791577526353,0.018828460495114118,0.09459235555358224,4,12,0.30000000000000004,0.12000000000000001,21.75
spx,0.22327829726819992,0.008971887386214794,-0.22601791577526353,0.03969546996060177,0.16229452328880212,4,12,0.30000000000000004,0.13999999999999999,21.75
spx,0.12036817929485943,0.005049932099628451,-0.2762062693912486,0.01828319143790027,0.10536928095243334,3,12,0.30000000000000004,0.16,33.666666666666664
spx,0.17185633174321158,0.007053329101017303,-0.2762062693912486,0.025536455477866798,0.13143692236009683,3,12,0.30000000000000004,0.18,35.0
spx,0.021734476063991925,0.0009533940026900112,-0.25186179468058656,0.003785385567902882,0.050083217881320474,2,12,0.30000000000000004,0.19999999999999998,42.0
spx,0.059197498630212175,0.0025521272010133877,-0.25186179468058656,0.01013304619801514,0.07139253182094313,2,12,0.30000000000000004,0.22,52.0
spx,0.0747919079588244,0.0032017417007847992,-0.25186179468058656,0.01271229606239119,0.07970886861450797,2,12,0.30000000000000004,0.24,56.0
spx,-0.05864251802356257,-0.0026747393141166587,-0.3273378076062641,-0.00817118967612183,0.007112157368969279,1,12,0.30000000000000004,0.26,125.0
spx,-0.04431158783189726,-0.002006686621115694,-0.3273378076062641,-0.006130323398296303,0.015575559686177281,1,12,0.30000000000000004,0.28,130.0
spx,-0.0029453138737470796,-0.0001307185539418665,-0.3273378076062641,-0.00039933839264635256,0.03936561388141578,1,12,0.30000000000000004,0.30000000000000004,141.0
spx,-0.0029453138737470796,-0.0001307185539418665,-0.3273378076062641,-0.00039933839264635256,0.03936561388141578,1,12,0.30000000000000004,0.32,141.0
spx,-0.0029453138737470796,-0.0001307185539418665,-0.3273378076062641,-0.00039933839264635256,0.03936561388141578,1,12,0.30000000000000004,0.34,141.0
spx,0.02122164585897668,0.0009311226152726171,-0.3273378076062641,0.0028445312262633934,0.052360914267990645,1,12,0.30000000000000004,0.36000000000000004,145.0
spx,0.03621197467909276,0.0015777604829139147,-0.3273378076062641,0.0048199763249215394,0.06052538590373433,1,12,0.30000000000000004,0.38,160.0
spx,0.045289695797432694,0.0019650137806863643,-0.3273378076062641,0.006003015035311678,0.06548682043079143,1,12,0.30000000000000004,0.4,194.0
spx,0.3688141198298549,0.014011085310282834,-0.12417357295837594,0.1128346795254049,0.30539923264079316,9,12,0.32,0.02,2.0
spx,0.34445607241305964,0.013204491857431,-0.12417357295837594,0.10633898616944251,0.2841072697455077,8,12,0.32,0.04,2.5
spx,0.3249088799954605,0.012547039869213794,-0.12495796362883838,0.10041008595884425,0.26748020751276147,7,12,0.32,0.06,3.7142857142857144
spx,0.33070382338998616,0.012742909020470039,-0.17431333604011878,0.07310346591919517,0.25615640602694434,5,12,0.32,0.08,6.0
spx,0.33070382338998616,0.012742909020470039,-0.17431333604011878,0.07310346591919517,0.25615640602694434,5,12,0.32,0.1,6.0
spx,0.2523395348051052,0.010022346557583717,-0.17431333604011878,0.05749615482820569,0.18486475678182845,4,12,0.32,0.12000000000000001,15.25
spx,0.32512901473948297,0.012554495373050534,-0.1743133360401189,0.07202257531323403,0.22197382159346596,4,12,0.32,0.13999999999999999,16.0
spx,0.12036817929485943,0.005049932099628451,-0.2762062693912486,0.01828319143790027,0.10536928095243334,3,12,0.32,0.16,33.666666666666664
spx,0.17185633174321158,0.007053329101017303,-0.2762062693912486,0.025536455477866798,0.13143692236009683,3,12,0.32,0.18,35.0
spx,0.1068045616566633,0.004507530315738251,-0.25186179468058656,0.017896840294712987,0.0983052405246416,2,12,0.32,0.19999999999999998,30.5
spx,0.14738677282905255,0.006111940217641498,-0.25186179468058656,0.02426703988746176,0.1189501720567939,2,12,0.32,0.22,40.5
spx,0.1642795798993777,0.006763861336778865,-0.25186179468058656,0.026855448025997177,0.12704667024907784,2,12,0.32,0.24,44.5
spx,-0.05864251802356257,-0.0026747393141166587,-0.3273378076062641,-0.00817118967612183,0.007112157368969279,1,12,0.32,0.26,125.0
spx,-0.04431158783189726,-0.002006686621115694,-0.3273378076062641,-0.006130323398296303,0.015575559686177281,1,12,0.32,0.28,130.0
spx,-0.0029453138737470796,-0.0001307185539418665,-0.3273378076062641,-0.00039933839264635256,0.03936561388141578,1,12,0.32,0.30000000000000004,141.0
spx,-0.0029453138737470796,-0.0001307185539418665,-0.3273378076062641,-0.00039933839264635256,0.03936561388141578,1,12,0.32,0.32,141.0
spx,-0.0029453138737470796,-0.0001307185539418665,-0.3273378076062641,-0.00039933839264635256,0.03936561388141578,1,12,0.32,0.34,141.0
spx,0.02122164585897668,0.0009311226152726171,-0.3273378076062641,0.0028445312262633934,0.052360914267990645,1,12,0.32,0.36000000000000004,145.0
spx,0.03621197467909276,0.0015777604829139147,-0.3273378076062641,0.0048199763249215394,0.06052538590373433,1,12,0.32,0.38,160.0
spx,0.045289695797432694,0.0019650137806863643,-0.3273378076062641,0.006003015035311678,0.06548682043079143,1,12,0.32,0.4,194.0
spx,0.22553180607935452,0.0090541921047953,-0.06712291403208603,0.13488973527679718,0.2795753419098832,5,12,0.34,0.02,1.8
spx,0.20372346745191372,0.008251541604504808,-0.06712291403208603,0.12293181432141659,0.24670238920379642,4,12,0.34,0.04,2.75
spx,0.20372346745191372,0.008251541604504808,-0.06712291403208603,0.12293181432141659,0.24670238920379642,4,12,0.34,0.06,2.75
spx,0.3969192096652441,0.01492488629590727,-0.06712291403208603,0.22235158456876422,0.3787964330230358,4,12,0.34,0.08,4.25
spx,0.3969192096652441,0.01492488629590727,-0.06712291403208603,0.22235158456876422,0.3787964330230358,4,12,0.34,0.1,4.25
spx,0.5044534322717928,0.01826617231272598,-0.06712291403208603,0.272130204359042,0.4166803513638547,4,12,0.34,0.12000000000000001,9.75
spx,0.5918964777695106,0.020818988585395104,-0.06712291403208603,0.3101621686961211,0.4645909909166622,4,12,0.34,0.13999999999999999,10.5
spx,0.2689433976350668,0.010612106482313033,-0.2762062693912486,0.038420947162791916,0.21224463519555806,3,12,0.34,0.16,28.0
spx,0.32725954076837627,0.012626590737303323,-0.2762062693912486,0.04571435241181165,0.2400797843773964,3,12,0.34,0.18,29.333333333333332
spx,0.25829525675029874,0.010234745333371986,-0.25186179468058656,0.04063635513417898,0.20219109386300294,2,12,0.34,0.19999999999999998,22.0
spx,0.3044320415049826,0.011848302802821786,-0.25186179468058656,0.04704287451714506,0.2210230554721324,2,12,0.34,0.22,32.0
spx,0.32363700301866904,0.012503940860171259,-0.25186179468058656,0.04964604050419347,0.22856821716175177,2,12,0.34,0.24,36.0
spx,0.008999670169156149,0.00039715454840605346,-0.3273378076062641,0.0012132865167954199,0.04107392148595465,1,12,0.34,0.26,113.0
spx,0.024360363756302128,0.0010672649321608052,-0.3273378076062641,0.003260438932995351,0.050540899292090595,1,12,0.34,0.28,118.0
spx,0.06869905291429124,0.002949011229385512,-0.3273378076062641,0.009009076131323972,0.07670167306802275,1,12,0.34,0.30000000000000004,129.0
spx,0.06869905291429124,0.002949011229385512,-0.3273378076062641,0.009009076131323972,0.07670167306802275,1,12,0.34,0.32,129.0
spx,0.06869905291429124,0.002949011229385512,-0.3273378076062641,0.009009076131323972,0.07670167306802275,1,12,0.34,0.34,129.0
spx,0.09460255383310567,0.004014123010003701,-0.3273378076062641,0.012262937298193369,0.09117087571170755,1,12,0.34,0.36000000000000004,133.0
spx,0.11067002780002833,0.004662752607901055,-0.3273378076062641,0.014244467029331404,0.09948089863816348,1,12,0.34,0.38,148.0
spx,0.12040003769495367,0.005051198697108239,-0.3273378076062641,0.015431149655599934,0.1040094791121021,1,12,0.34,0.4,182.0
spx,0.04572022432175449,0.001983300089296147,-0.06712291403208603,0.029547288253130546,0.09538423574678778,2,12,0.36000000000000004,0.02,2.5
spx,0.04572022432175449,0.001983300089296147,-0.06712291403208603,0.029547288253130546,0.09538423574678778,2,12,0.36000000000000004,0.04,2.5
spx,0.04572022432175449,0.001983300089296147,-0.06712291403208603,0.029547288253130546,0.09538423574678778,2,12,0.36000000000000004,0.06,2.5
spx,0.161583328598361,0.006660417305820676,-0.06712291403208603,0.0992271775125387,0.24584092724078083,2,12,0.36000000000000004,0.08,4.0
spx,0.161583328598361,0.006660417305820676,-0.06712291403208603,0.0992271775125387,0.24584092724078083,2,12,0.36000000000000004,0.1,4.0
spx,0.2039470650943822,0.008259841345260366,-0.06712291403208603,0.1230554642087202,0.29349019127925113,2,12,0.36000000000000004,0.12000000000000001,5.5
spx,0.2546456730291744,0.010104704607484472,-0.06712291403208603,0.1505403147821358,0.34528796420820423,2,12,0.36000000000000004,0.13999999999999999,6.5
spx,0.2808150290067404,0.011029275746523126,-0.06712291403208603,0.16431461454803528,0.3718270113934549,2,12,0.36000000000000004,0.16,7.0
spx,0.3396767502608604,0.013044591557863416,-0.06712291403208603,0.1943388743764589,0.3916553908724634,2,12,0.36000000000000004,0.18,9.0
spx,0.35979641581753175,0.013714083716387604,-0.08929527805052218,0.1535812868921058,0.3411663028414862,2,12,0.36000000000000004,0.19999999999999998,12.0
spx,0.4096548526273385,0.015333198421383587,-0.08929527805052218,0.17171342937874332,0.34933069185170934,2,12,0.36000000000000004,0.22,22.0
spx,0.43040899414708744,0.015991094554560492,-0.08929527805052218,0.1790810768909071,0.35378433478460425,2,12,0.36000000000000004,0.24,26.0
spx,0.06196533511864888,0.002668090998189765,-0.2762062693912486,0.009659777108137943,0.07455662997062036,1,12,0.36000000000000004,0.26,96.0
spx,0.07813236132807644,0.003339722555899094,-0.2762062693912486,0.012091407495057065,0.085676207364517,1,12,0.36000000000000004,0.28,101.0
spx,0.12479853207369374,0.0052257404828823795,-0.2762062693912486,0.018919702635279697,0.11557868780305476,1,12,0.36000000000000004,0.30000000000000004,112.0
spx,0.12479853207369374,0.0052257404828823795,-0.2762062693912486,0.018919702635279697,0.11557868780305476,1,12,0.36000000000000004,0.32,112.0
spx,0.12479853207369374,0.0052257404828823795,-0.2762062693912486,0.018919702635279697,0.11557868780305476,1,12,0.36000000000000004,0.34,112.0
spx,0.15206179176275136,0.0062932701044096095,-0.2762062693912486,0.022784675084601854,0.13240668185406496,1,12,0.36000000000000004,0.36000000000000004,116.0
spx,0.16897269954623217,0.006943372114128321,-0.2762062693912486,0.025138358117038153,0.1407048120996422,1,12,0.36000000000000004,0.38,131.0
spx,0.1792134692157008,0.007332699989512914,-0.2762062693912486,0.026547912926357515,0.14428155357651373,1,12,0.36000000000000004,0.4,165.0
spx,0.06324756791239161,0.0027217147229054994,0.0,,0.21054020229163511,1,12,0.38,0.02,1.0
spx,0.06324756791239161,0.0027217147229054994,0.0,,0.21054020229163511,1,12,0.38,0.04,1.0
spx,0.06324756791239161,0.0027217147229054994,0.0,,0.21054020229163511,1,12,0.38,0.06,1.0
spx,0.13206368614108754,0.005512614045703801,0.0,,0.29775521512895287,1,12,0.38,0.08,2.0
spx,0.13206368614108754,0.005512614045703801,0.0,,0.29775521512895287,1,12,0.38,0.1,2.0
spx,0.13206368614108754,0.005512614045703801,0.0,,0.29775521512895287,1,12,0.38,0.12000000000000001,2.0
spx,0.17973526128329165,0.007352450569273916,0.0,,0.3673382448319033,1,12,0.38,0.13999999999999999,4.0
spx,0.17973526128329165,0.007352450569273916,0.0,,0.3673382448319033,1,12,0.38,0.16,4.0
spx,0.19111158364786562,0.007780998314197651,0.0,,0.38631473001498645,1,12,0.38,0.18,5.0
spx,0.20900005316038484,0.00844701191468844,-0.08929527805052218,0.09459640082994338,0.2769826827307503,1,12,0.38,0.19999999999999998,11.0
spx,0.23837116580724027,0.009520381266713063,-0.08929527805052218,0.10661685001223187,0.2754856838674735,1,12,0.38,0.22,28.0
spx,0.24222529371112644,0.009659421033678006,-0.08929527805052218,0.1081739286170633,0.2788961074483644,1,12,0.38,0.24,30.0
spx,0.13837648184572848,0.005760457534948138,-0.2762062693912486,0.02085563643303259,0.1282242403579355,1,12,0.38,0.26,95.0
spx,0.1557067673169954,0.0064341604969166966,-0.2762062693912486,0.023294766303087248,0.13936295727280035,1,12,0.38,0.28,100.0
spx,0.2057306894901918,0.008325995163035671,-0.2762062693912486,0.030144120846300654,0.16851490741643882,1,12,0.38,0.30000000000000004,111.0
spx,0.2057306894901918,0.008325995163035671,-0.2762062693912486,0.030144120846300654,0.16851490741643882,1,12,0.38,0.32,111.0
spx,0.2057306894901918,0.008325995163035671,-0.2762062693912486,0.030144120846300654,0.16851490741643882,1,12,0.38,0.34,111.0
spx,0.23495561107862417,0.00939681719299612,-0.2762062693912486,0.03402101340315866,0.18543391123467223,1,12,0.38,0.36000000000000004,115.0
spx,0.2530833023231087,0.010048924206881527,-0.2762062693912486,0.036381955518348996,0.1923586941657066,1,12,0.38,0.38,130.0
spx,0.26406092180107366,0.010439452823074236,-0.2762062693912486,0.037795857588904545,0.19425505315782735,1,12,0.38,0.4,164.0
spx,0.06324756791239161,0.0027217147229054994,0.0,,0.21054020229163511,1,12,0.4,0.02,1.0
spx,0.06324756791239161,0.0027217147229054994,0.0,,0.21054020229163511,1,12,0.4,0.04,1.0
spx,0.06324756791239161,0.0027217147229054994,0.0,,0.21054020229163511,1,12,0.4,0.06,1.0
spx,0.13206368614108754,0.005512614045703801,0.0,,0.29775521512895287,1,12,0.4,0.08,2.0
spx,0.13206368614108754,0.005512614045703801,0.0,,0.29775521512895287,1,12,0.4,0.1,2.0
spx,0.13206368614108754,0.005512614045703801,0.0,,0.29775521512895287,1,12,0.4,0.12000000000000001,2.0
spx,0.17973526128329165,0.007352450569273916,0.0,,0.3673382448319033,1,12,0.4,0.13999999999999999,4.0
spx,0.17973526128329165,0.007352450569273916,0.0,,0.3673382448319033,1,12,0.4,0.16,4.0
spx,0.19111158364786562,0.007780998314197651,0.0,,0.38631473001498645,1,12,0.4,0.18,5.0
spx,0.20900005316038484,0.00844701191468844,-0.08929527805052218,0.09459640082994338,0.2769826827307503,1,12,0.4,0.19999999999999998,11.0
spx,0.23837116580724027,0.009520381266713063,-0.08929527805052218,0.10661685001223187,0.2754856838674735,1,12,0.4,0.22,28.0
spx,0.24222529371112644,0.009659421033678006,-0.08929527805052218,0.1081739286170633,0.2788961074483644,1,12,0.4,0.24,30.0
spx,0.13837648184572848,0.005760457534948138,-0.2762062693912486,0.02085563643303259,0.1282242403579355,1,12,0.4,0.26,95.0
spx,0.1557067673169954,0.0064341604969166966,-0.2762062693912486,0.023294766303087248,0.13936295727280035,1,12,0.4,0.28,100.0
spx,0.2057306894901918,0.008325995163035671,-0.2762062693912486,0.030144120846300654,0.16851490741643882,1,12,0.4,0.30000000000000004,111.0
spx,0.2057306894901918,0.008325995163035671,-0.2762062693912486,0.030144120846300654,0.16851490741643882,1,12,0.4,0.32,111.0
spx,0.2057306894901918,0.008325995163035671,-0.2762062693912486,0.030144120846300654,0.16851490741643882,1,12,0.4,0.34,111.0
spx,0.23495561107862417,0.00939681719299612,-0.2762062693912486,0.03402101340315866,0.18543391123467223,1,12,0.4,0.36000000000000004,115.0
spx,0.2530833023231087,0.010048924206881527,-0.2762062693912486,0.036381955518348996,0.1923586941657066,1,12,0.4,0.38,130.0
spx,0.26406092180107366,0.010439452823074236,-0.2762062693912486,0.037795857588904545,0.19425505315782735,1,12,0.4,0.4,164.0
spx,1.2674279779582012,0.03694811072218318,-0.4547531693582928,0.08124871515314795,0.358942358428668,139,18,0.02,0.02,4.784172661870503
spx,1.6360939013885032,0.04389477889345006,-0.4450838716870964,0.0986213648386456,0.4020013341617379,87,18,0.02,0.04,9.057471264367816
spx,1.2571251675268211,0.03673883558098967,-0.4029525431596487,0.0911741002871245,0.3425257201037237,53,18,0.02,0.06,15.452830188679245
spx,1.041170644653719,0.032128236280738465,-0.4079833074269137,0.07874889902571304,0.30435975376032337,36,18,0.02,0.08,26.083333333333332
spx,0.5983724132300894,0.021002679345787145,-0.5097092411015527,0.04120521593918413,0.21990807421492103,26,18,0.02,0.1,41.96153846153846
spx,0.6911855172915429,0.023559974890429825,-0.5263269944030536,0.04476299931594984,0.23728924225465178,22,18,0.02,0.12000000000000001,50.31818181818182
spx,0.8406525399816833,0.02740904968246305,-0.5269143706503063,0.05201803406620964,0.26290044398894136,19,18,0.02,0.13999999999999999,66.57894736842105
spx,1.0833861543703813,0.033065073809859236,-0.5041962734885873,0.06557976634987502,0.3033526222262769,16,18,0.02,0.16,70.8125
spx,0.749137160074586,0.025089543372045497,-0.45033246603629506,0.05571337903499806,0.24746071785058302,12,18,0.02,0.18,95.91666666666667
spx,0.7891546593400798,0.026117744356715322,-0.5145624327611922,0.05075719231302013,0.2519187346614241,11,18,0.02,0.19999999999999998,121.18181818181819
spx,1.1113702122887492,0.03367614268766084,-0.5235603380044428,0.06432141673683286,0.30058963174345105,11,18,0.02,0.22,138.45454545454547
spx,1.5590228449906958,0.042522878008736775,-0.5111132307413839,0.08319659020968047,0.3589970189173645,11,18,0.02,0.24,144.45454545454547
spx,1.2875658617534693,0.03735454906332736,-0.5257845411914793,0.07104535439303386,0.32623467903963305,9,18,0.02,0.26,172.55555555555554
spx,1.7310194857690226,0.04553275932952605,-0.5257845411914793,0.08659965396917976,0.38101390376931377,9,18,0.02,0.28,177.55555555555554
spx,2.205986790662122,0.05298918479794401,-0.5257845411914793,0.1007811767874828,0.41804557946435267,9,18,0.02,0.30000000000000004,229.0
spx,1.6991584168450737,0.04498913402548399,-0.5257845411914793,0.0855657222700656,0.3701764599846225,8,18,0.02,0.32,258.375
spx,2.027856311201851,0.05032479246598576,-0.5257845411914793,0.09571371640547827,0.402555829796707,8,18,0.02,0.34,277.875
spx,2.351734717328034,0.05506599333311035,-0.5257845411914793,0.10473109994509426,0.4317327009950721,8,18,0.02,0.36000000000000004,292.0
spx,2.6832353002629277,0.05948530957292686,-0.5257845411914793,0.11313628475673194,0.4587397694538578,8,18,0.02,0.38,298.75
spx,3.432184179824926,0.06821261038432103,-0.5257845411914793,0.12973491048204758,0.5022134631595876,8,18,0.02,0.4,336.625
spx,1.2128654135681463,0.035829301335926766,-0.45475316935829246,0.07878845877310962,0.35736292014233,123,18,0.04,0.02,4.544715447154472
spx,1.7272886127349638,0.045469416033012466,-0.4450838716870963,0.10215920846706947,0.4221991573031378,80,18,0.04,0.04,8.25
spx,1.088547478787401,0.03317836578824762,-0.3933507970854666,0.08434803242826194,0.32093446789425684,48,18,0.04,0.06,14.895833333333334
spx,0.8930905048554503,0.028688924200638954,-0.4079833074269137,0.07031886765558,0.2822475088491988,33,18,0.04,0.08,23.78787878787879
spx,0.5382876227535345,0.01927034347971235,-0.501824361406437,0.038400573909374104,0.20857274244236765,24,18,0.04,0.1,37.791666666666664
spx,0.511294347303278,0.01847093394553223,-0.5263269944030536,0.035094027366925164,0.20238091383020476,20,18,0.04,0.12000000000000001,46.25
spx,0.6228065747578357,0.021689411669138847,-0.5269143706503063,0.041163067240641484,0.22530564043202816,17,18,0.04,0.13999999999999999,59.0
spx,1.317025184891964,0.03794300191593325,-0.5041962734885872,0.07525442751371726,0.3382998341067226,16,18,0.04,0.16,69.625
spx,0.8681955439241258,0.02808558466878952,-0.45033246603629506,0.062366333291470774,0.2688063243763201,12,18,0.04,0.18,95.25
spx,0.9304433967596326,0.029580111320737013,-0.5145624327611922,0.05748595201948042,0.27589425609155377,11,18,0.04,0.19999999999999998,120.36363636363636
spx,1.2781041667639657,0.037164013497440695,-0.5235603380044428,0.07098324834744325,0.32428682147478094,11,18,0.04,0.22,137.63636363636363
spx,1.1998271030277756,0.03555804872886137,-0.5111132307413839,0.06956980682594233,0.31618047007325345,10,18,0.04,0.24,140.9
spx,1.4850577115429133,0.04116861441027564,-0.5257845411914793,0.07829940058143117,0.35269513300766625,9,18,0.04,0.26,171.22222222222223
spx,1.916911577972587,0.04858855025462483,-0.5257845411914793,0.09241152306326544,0.4019999232468181,9,18,0.04,0.28,176.66666666666666
spx,1.631845597815465,0.04382016155692536,-0.5257845411914793,0.08334243045188164,0.36538568808498273,8,18,0.04,0.30000000000000004,239.0
spx,1.8828818241333605,0.04804333609049616,-0.5257845411914793,0.09137456947978205,0.390439213182473,8,18,0.04,0.32,257.375
spx,2.233953172653787,0.05339458912284245,-0.5257845411914793,0.10155222327732397,0.42275091362042516,8,18,0.04,0.34,276.875
spx,2.5798769852108214,0.058149647153651784,-0.5257845411914793,0.11059596203014828,0.45193975906864964,8,18,0.04,0.36000000000000004,291.0
spx,2.9339417926961375,0.06258187978115703,-0.5257845411914793,0.11902571277455279,0.4789636077739037,8,18,0.04,0.38,297.75
spx,3.7338693177422737,0.07133468797754916,-0.5257845411914793,0.13567285149901473,0.5218930137299254,8,18,0.04,0.4,335.625
spx,1.0688333701688326,0.032744187297233385,-0.45410375101485767,0.07210728214434423,0.3487736184921921,102,18,0.06,0.02,4.264705882352941
spx,1.464116713970184,0.04077819580253372,-0.4179569778588692,0.09756553416438767,0.4066715085581579,68,18,0.06,0.04,7.455882352941177
spx,1.4109071595050167,0.03977172329924161,-0.37376607308648335,0.10640806152044487,0.38927424003325545,44,18,0.06,0.06,13.022727272727273
spx,1.0850640027730951,0.033101932274193224,-0.37904276462309605,0.08733033674210448,0.32739491239928337,30,18,0.06,0.08,22.5
spx,0.448544053351551,0.016558541123200543,-0.48574153736579173,0.03408920145680478,0.19331167970250296,20,18,0.06,0.1,36.15
spx,0.4321364979524187,0.01604544359317539,-0.5110351996791562,0.031397922497802926,0.18835877062981027,17,18,0.06,0.12000000000000001,46.470588235294116
spx,0.36711677972532475,0.01395532589035997,-0.5269143706503062,0.026484997691629878,0.17165706466242522,14,18,0.06,0.13999999999999999,64.35714285714286
spx,0.8681469615816804,0.028084399761228118,-0.5041962734885872,0.05570132354788978,0.2769093709657209,13,18,0.06,0.16,75.76923076923077
spx,0.9174454012150288,0.02927188172811901,-0.45033246603629495,0.06500060274526114,0.28226514477197867,11,18,0.06,0.18,100.72727272727273
spx,0.6293062357821444,0.021870423402102768,-0.5145624327611922,0.04250295398508582,0.22806207373401402,9,18,0.06,0.19999999999999998,132.66666666666666
spx,0.527393917865099,0.018949350842708768,-0.5235603380044428,0.03619325122092799,0.20687642692131758,8,18,0.06,0.22,149.0
spx,0.7412504125018129,0.024884253738197026,-0.5111132307413838,0.04868638149339576,0.24983522440621153,8,18,0.06,0.24,156.25
spx,0.8809079693348627,0.0283946290614856,-0.5257845411914792,0.05400430563656473,0.27370428557053833,7,18,0.06,0.26,197.42857142857142
spx,1.151892173371341,0.034547412388827414,-0.5257845411914792,0.06570640572760013,0.3174697400724853,7,18,0.06,0.28,202.0
spx,1.4533137103283438,0.04057554581590894,-0.5257845411914792,0.0771714317122386,0.3514122573997527,7,18,0.06,0.30000000000000004,257.7142857142857
spx,1.6440500601662187,0.04403421248561368,-0.5257845411914792,0.08374953813938281,0.37241829594276293,7,18,0.06,0.32,277.2857142857143
spx,1.9189438170385906,0.048620917503421346,-0.5257845411914792,0.09247308297281162,0.40101261135851624,7,18,0.06,0.34,298.57142857142856
spx,2.1845769837527196,0.05267653488563284,-0.5257845411914792,0.10018654174628767,0.427249584409783,7,18,0.06,0.36000000000000004,311.2857142857143
spx,2.449166053521135,0.0564067224328928,-0.5257845411914792,0.10728105909137162,0.45089922559088896,7,18,0.06,0.38,318.7142857142857
spx,3.0991351035335883,0.06452077248967214,-0.5257845411914792,0.1227133310984415,0.49287093894321815,7,18,0.06,0.4,354.7142857142857
spx,0.4619149000957412,0.016972583688806164,-0.43834177470392555,0.038719977579755344,0.2127825711350403,81,18,0.08,0.02,4.08641975308642
spx,0.7193651611649639,0.024309898280290287,-0.40417564768686987,0.060146865402252246,0.27468809559417995,54,18,0.08,0.04,7.037037037037037
spx,0.8657308289408778,0.02802543388871337,-0.3591682281200853,0.0780287110455195,0.3028303717769734,37,18,0.08,0.06,12.18918918918919
spx,0.6695908803231918,0.022977166801976256,-0.36149268298736925,0.06356191392891648,0.25536702304405023,25,18,0.08,0.08,19.64
spx,0.3701549722175468,0.014055087032950775,-0.47089305705326745,0.029847726192660476,0.17725404841457873,18,18,0.08,0.1,29.0
spx,0.4841145171335841,0.01765209172970894,-0.4969170378235569,0.03552321692776565,0.20511480825346848,16,18,0.08,0.12000000000000001,40.625
spx,0.5473134183765536,0.01953465514699837,-0.5269143706503062,0.037073680725179546,0.21932128893548464,14,18,0.08,0.13999999999999999,51.785714285714285
spx,0.769543670432596,0.025616640748987285,-0.5041962734885872,0.050806882351079365,0.2673619768981855,12,18,0.08,0.16,61.0
spx,0.738803211283668,0.024820373168218612,-0.45033246603629506,0.055115664625917035,0.25866195061569186,10,18,0.08,0.18,90.2
spx,0.7744764738762218,0.02574318238340534,-0.5145624327611922,0.05002926903401189,0.26302834100792216,9,18,0.08,0.19999999999999998,114.33333333333333
spx,0.6634838276993178,0.022811039330404403,-0.5235603380044427,0.04356907442100941,0.24074301808512616,8,18,0.08,0.22,128.375
spx,0.8963948116410914,0.02876843475328683,-0.5111132307413838,0.05628583457242425,0.28594056181245553,8,18,0.08,0.24,135.625
spx,1.0484957755708786,0.032292113952731905,-0.5257845411914794,0.06141700910330076,0.31049308750275,7,18,0.08,0.26,173.85714285714286
spx,1.3436245145976287,0.038468215546602735,-0.5257845411914794,0.07316345866584434,0.3565846745687768,7,18,0.08,0.28,178.42857142857142
spx,1.6719025352074572,0.044519194832939535,-0.5257845411914794,0.08467193564126983,0.3898137711354501,7,18,0.08,0.30000000000000004,234.14285714285714
spx,1.8796333828942093,0.047990969409578144,-0.5257845411914794,0.09127497225541453,0.41120513818764476,7,18,0.08,0.32,253.71428571428572
spx,2.1790200136409514,0.05259505745623727,-0.5257845411914794,0.10003157821462705,0.4406745377109356,7,18,0.08,0.34,275.0
spx,2.468320941031797,0.056666045112685026,-0.5257845411914794,0.10777427001614426,0.4680314127495232,7,18,0.08,0.36000000000000004,287.7142857142857
spx,2.7564847430462556,0.06041036959648283,-0.5257845411914794,0.11489567467994968,0.49261186391362527,7,18,0.08,0.38,295.14285714285717
spx,2.1890523887794084,0.05274205546812483,-0.5257845411914794,0.10031115663576975,0.44574097411912783,6,18,0.08,0.4,320.0
spx,0.6407745602188704,0.022188132961838525,-0.4229075757631219,0.05246567863392094,0.26674780080662214,72,18,0.1,0.02,3.763888888888889
spx,0.44301053298062243,0.016386120230515555,-0.40417564768686987,0.040542077001161886,0.20620097222146835,45,18,0.1,0.04,7.0
spx,0.5488467462900823,0.019579410693488564,-0.3591682281200854,0.05451320345334756,0.23372013780811923,31,18,0.1,0.06,11.290322580645162
spx,0.7443572719538862,0.02496523021475494,-0.35296414761964323,0.07073021547122586,0.2780774552744589,23,18,0.1,0.08,17.347826086956523
spx,0.37315094084847455,0.014153254920264535,-0.4641439961443229,0.030493241403177954,0.18030261802950304,16,18,0.1,0.1,26.1875
spx,0.40239234112127553,0.015100792198400992,-0.49049992763582895,0.030786532979088545,0.186629020918068,14,18,0.1,0.12000000000000001,38.42857142857143
spx,0.37539735985501577,0.01422672837987271,-0.5269143706503063,0.027000076620256892,0.17854952907799942,12,18,0.1,0.13999999999999999,49.666666666666664
spx,0.4829710658622317,0.017617329853958363,-0.5041962734885872,0.03494141226404194,0.20712068597106456,10,18,0.1,0.16,55.0
spx,0.36047590311217004,0.01373652837150674,-0.45033246603629495,0.03050308251681688,0.17430851906468833,8,18,0.1,0.18,84.125
spx,0.34806965200680917,0.013325030041450914,-0.5145624327611922,0.025895847020831864,0.17003998699017991,7,18,0.1,0.19999999999999998,100.57142857142857
spx,0.22204561433003223,0.008926804877921413,-0.5235603380044427,0.01705019312949879,0.13400566387976098,6,18,0.1,0.22,113.83333333333333
spx,0.3558138985616861,0.01358231829280987,-0.5111132307413838,0.02657399080260228,0.17215719495826698,6,18,0.1,0.24,120.66666666666667
spx,0.40806393571341015,0.015282385835420964,-0.5257845411914792,0.029065871356334635,0.18532055796399835,5,18,0.1,0.26,160.8
spx,0.5670585362946161,0.02010777147550491,-0.5257845411914792,0.03824336757778905,0.22418095351121659,5,18,0.1,0.28,165.6
spx,0.7243688346525889,0.02444182801445316,-0.5257845411914792,0.04648639528097495,0.25414494688952355,5,18,0.1,0.30000000000000004,218.0
spx,0.8085316083174376,0.02660773846444675,-0.5257845411914792,0.05060578312962761,0.26929305795827246,5,18,0.1,0.32,232.4
spx,0.937516332679641,0.029747003999710753,-0.5257845411914792,0.05657641423291208,0.2926929805870637,5,18,0.1,0.34,241.6
spx,1.0538597675996093,0.0324117622526805,-0.5257845411914792,0.06164457056731313,0.3128066844412879,5,18,0.1,0.36000000000000004,246.8
spx,1.1668504042742285,0.03486507448587406,-0.5257845411914792,0.06631057354190442,0.33076504818198427,5,18,0.1,0.38,252.2
spx,0.7906677749264124,0.026156189338535585,-0.5257845411914792,0.04974697293165581,0.2681863025766764,4,18,0.1,0.4,271.75
spx,0.34294344148332123,0.01315394307002804,-0.4124889357106132,0.03188920218518626,0.18351849730291928,59,18,0.12000000000000001,0.02,3.6440677966101696
spx,0.4851261759682848,0.017682825671195168,-0.364415671388457,0.04852377946267236,0.2229297482913971,41,18,0.12000000000000001,0.04,6.097560975609756
spx,0.3999174549740472,0.015021331012579742,-0.34019793152879196,0.04415468061512432,0.19590613522609346,27,18,0.12000000000000001,0.06,9.851851851851851
spx,0.4301925865285159,0.015984281728536276,-0.3529641476196431,0.04528585080477086,0.20121033769762553,20,18,0.12000000000000001,0.08,16.6
spx,0.09394606977306941,0.003987428267990589,-0.464143996144323,0.008590929326059236,0.09116750028224166,13,18,0.12000000000000001,0.1,25.923076923076923
spx,0.07596927271409415,0.003250420670763532,-0.49049992763582895,0.006626750561269813,0.08481421138997361,11,18,0.12000000000000001,0.12000000000000001,32.27272727272727
spx,0.12284457137879734,0.005148283757923533,-0.4829480869791738,0.010660118337202448,0.10182165075145964,10,18,0.12000000000000001,0.13999999999999999,37.3
spx,0.3597662549095648,0.013713087200360352,-0.45811868006227674,0.029933481862158932,0.17680752485567533,9,18,0.12000000000000001,0.16,48.44444444444444
spx,0.20249686200034023,0.00820598489998714,-0.3992490316139051,0.020553549915489237,0.12852055351788338,7,18,0.12000000000000001,0.18,79.14285714285714
spx,0.15564171411313477,0.006431649698938946,-0.46944821989621055,0.013700445387482581,0.11329309560025679,6,18,0.12000000000000001,0.19999999999999998,94.5
spx,0.029041987811330383,0.0012695920331371457,-0.47928234680807225,0.002648943866996945,0.06905725182394261,5,18,0.12000000000000001,0.22,106.6
spx,0.1182247679730366,0.004964637131267491,-0.46567846577117256,0.010661083765266997,0.10076611299319889,5,18,0.12000000000000001,0.24,112.2
spx,0.14931099751429477,0.00618666043817373,-0.48171325665072606,0.012843035463023322,0.1112409815029714,4,18,0.12000000000000001,0.26,148.25
spx,0.258104932821029,0.01022797268990816,-0.48171325665072606,0.021232491630024032,0.14537744456559287,4,18,0.12000000000000001,0.28,152.25
spx,0.36041339266179206,0.013734463989378165,-0.48171325665072606,0.02851170026930888,0.1733229337157861,4,18,0.12000000000000001,0.30000000000000004,198.0
spx,0.40232680232751505,0.015098689671973586,-0.48171325665072606,0.03134372879200444,0.1837220676112715,4,18,0.12000000000000001,0.32,213.5
spx,0.48653931184924626,0.017725722907721675,-0.48171325665072606,0.036797249531735424,0.204614486152023,4,18,0.12000000000000001,0.34,223.0
spx,0.5503664346700365,0.01962372636178622,-0.48171325665072606,0.04073736001833705,0.21984602085920354,4,18,0.12000000000000001,0.36000000000000004,225.75
spx,0.6317282178897772,0.021937697739478512,-0.48171325665072606,0.04554098820532314,0.23805873116406273,4,18,0.12000000000000001,0.38,230.25
spx,0.3062796522252804,0.011911778041403531,-0.48171325665072606,0.02472794318392686,0.1587284836774132,3,18,0.12000000000000001,0.4,246.0
spx,0.26946040580562314,0.010630351689547624,-0.4124889357106134,0.02577124080003318,0.16030699580370836,50,18,0.13999999999999999,0.02,3.34
spx,0.4801604275069469,0.017531775110600556,-0.3360353856538991,0.05217240760667233,0.22651774460289958,37,18,0.13999999999999999,0.04,5.324324324324325
spx,0.4360751081932779,0.016169122413639325,-0.33691106866841525,0.04799225646561593,0.21015146214631938,25,18,0.13999999999999999,0.06,9.0
spx,0.30307242831683534,0.011801537968629816,-0.3529641476196431,0.03343551476323665,0.16402605174910834,18,18,0.13999999999999999,0.08,15.777777777777779
spx,0.05959984164109744,0.0025690021064024293,-0.4641439961443229,0.005534924781411183,0.07785224366780945,12,18,0.13999999999999999,0.1,24.833333333333332
spx,0.07214139354730675,0.003091967563031872,-0.49049992763582884,0.006303706461150593,0.08289655757119392,10,18,0.13999999999999999,0.12000000000000001,30.2
spx,0.05199181254263441,0.002248867433580326,-0.4829480869791738,0.004656540721896066,0.0754435761038561,9,18,0.13999999999999999,0.13999999999999999,36.111111111111114
spx,0.25315522650178135,0.010051493532534428,-0.45811868006227685,0.02194080697859346,0.1454078050819589,8,18,0.13999999999999999,0.16,48.25
spx,0.31692509069604635,0.012275842425478523,-0.3992490316139051,0.030747331748946883,0.16520105454637013,7,18,0.13999999999999999,0.18,66.14285714285714
spx,0.2546905141642084,0.01010630456395245,-0.46944821989621055,0.021528049602971836,0.1453009983537874,6,18,0.13999999999999999,0.19999999999999998,80.66666666666667
spx,0.0801325784029967,0.003422148138343406,-0.47928234680807225,0.007140150604615945,0.08682235107636557,5,18,0.13999999999999999,0.22,91.0
spx,0.1737431671119125,0.007125136943092247,-0.46567846577117256,0.01530055063055768,0.11929113386730994,5,18,0.13999999999999999,0.24,96.6
spx,0.20637278734601194,0.008349787388334473,-0.48171325665072606,0.017333522117263675,0.1298616804589809,4,18,0.13999999999999999,0.26,128.75
spx,0.3205681994374152,0.01239978776106021,-0.48171325665072606,0.025741014161150388,0.16485193391048825,4,18,0.13999999999999999,0.28,132.75
spx,0.42795614067709153,0.015913817409157316,-0.48171325665072606,0.033035871837539824,0.1927718595276322,4,18,0.13999999999999999,0.30000000000000004,178.5
spx,0.47195049638670405,0.017280975940553223,-0.48171325665072606,0.03587398873077531,0.20312285465185204,4,18,0.13999999999999999,0.32,194.0
spx,0.5603440470103849,0.019913656842499572,-0.48171325665072606,0.041339233595014575,0.22441677813364813,4,18,0.13999999999999999,0.34,203.5
spx,0.6273401031101924,0.02181574067507075,-0.48171325665072606,0.045287814636350364,0.24000533065095675,4,18,0.13999999999999999,0.36000000000000004,206.25
spx,0.7870016124293091,0.026062986511832698,-0.48171325665072606,0.054104773227634226,0.27468540845326794,4,18,0.13999999999999999,0.38,207.5
spx,0.37113473073574244,0.014087213002261567,-0.48171325665072606,0.02924398033014011,0.17802609813832818,3,18,0.13999999999999999,0.4,220.0
spx,0.05538358800123655,0.0023918607690411875,-0.4124889357106134,0.005798605882411417,0.07076568673828508,42,18,0.16,0.02,3.3095238095238093
spx,0.2709052615459364,0.010681302989075103,-0.30881132886420803,0.03458844281510131,0.16330537250487479,32,18,0.16,0.04,4.875
spx,0.20037605808757175,0.00812711236673258,-0.3102421999068282,0.026196024812785983,0.13408756939977848,20,18,0.16,0.06,8.8
spx,0.2679178538955562,0.010575894033607147,-0.30356445216496386,0.03483903980911429,0.1583983394463927,16,18,0.16,0.08,13.625
spx,0.0715065607505041,0.003065636727655585,-0.44269408693685497,0.006924955218778112,0.08022272802292338,11,18,0.16,0.1,21.90909090909091
spx,-0.032786996753446096,-0.001476363719581597,-0.47010502636613394,-0.0031404976266553556,0.034303685868533745,8,18,0.16,0.12000000000000001,27.125
spx,0.02789979187517444,0.001220310674084013,-0.4622508912586021,0.0026399314683015315,0.0621913623782765,8,18,0.16,0.13999999999999999,33.125
spx,0.21231634838343227,0.008569446760870347,-0.4364275820242718,0.019635438074566424,0.13457947668334974,7,18,0.16,0.16,46.142857142857146
spx,0.2678587647783095,0.01057380671532937,-0.37520142622092556,0.028181680495807382,0.15393797258050454,6,18,0.16,0.18,59.166666666666664
spx,0.18011671572270727,0.007366883886420483,-0.44821063474049416,0.016436209485939074,0.12232072276916632,5,18,0.16,0.19999999999999998,74.4
spx,0.21583514269464854,0.008699008207547543,-0.4584384142901473,0.018975303849737838,0.1345965735628569,5,18,0.16,0.22,80.6
spx,0.3212065070589316,0.01242147052481224,-0.44428998021845645,0.02795802533900186,0.16928025832071883,5,18,0.16,0.24,86.2
spx,0.3579355528877828,0.013652561239531513,-0.4609666316091404,0.029617244076590117,0.1800784506975723,4,18,0.16,0.26,115.75
spx,0.486477916974706,0.017723860011227943,-0.4609666316091404,0.038449334064284794,0.21756720015679828,4,18,0.16,0.28,119.75
spx,0.6073575529300177,0.02125636946143672,-0.4609666316091404,0.046112599055673664,0.24519683549292173,4,18,0.16,0.30000000000000004,165.5
spx,0.6568791439101198,0.022630717692876612,-0.4609666316091404,0.04909404746690101,0.2553243058786893,4,18,0.16,0.32,181.0
spx,0.7563780270886364,0.02527724350421834,-0.4609666316091404,0.05483529993479277,0.2777567521089234,4,18,0.16,0.34,190.5
spx,0.8317911393831685,0.02718933013595337,-0.4609666316091404,0.058983293521791304,0.29437948319177065,4,18,0.16,0.36000000000000004,193.25
spx,0.47571671499222723,0.017396192925743792,-0.4609666316091404,0.037738508023926226,0.21322327402514343,3,18,0.16,0.38,189.0
spx,0.5433973794795552,0.019420159191370745,-0.4609666316091404,0.04212920818927594,0.23006960676212182,3,18,0.16,0.4,202.66666666666666
spx,-0.04676492749791805,-0.0021203697386182885,-0.3878238368678055,-0.005467352795390558,0.01633787785364371,35,18,0.18,0.02,3.4571428571428573
spx,0.1484759453970561,0.006154248941581564,-0.2797935997883928,0.02199567447659992,0.11429046201739879,28,18,0.18,0.04,4.857142857142857
spx,0.10543355442314906,0.00445235143582523,-0.31024219990682844,0.014351211528162046,0.09438022034448111,18,18,0.18,0.06,8.222222222222221
spx,0.13658858496060522,0.005690397405365477,-0.3035644521649641,0.01874526929876882,0.10790162781838276,14,18,0.18,0.08,13.285714285714286
spx,0.07861332333910287,0.00335955552905709,-0.40030221769668717,0.008392547881417578,0.08209432044159505,10,18,0.18,0.1,19.6
spx,-0.06825024587491291,-0.0031280788921101976,-0.42979818965980265,-0.007278017840387276,0.010897120832809172,7,18,0.18,0.12000000000000001,23.857142857142858
spx,0.0031709650530804545,0.0001403227062248824,-0.4213466241990863,0.00033303389220600455,0.0472638192167733,7,18,0.18,0.13999999999999999,29.142857142857142
spx,0.1505641617674156,0.006235258226236162,-0.3935590466468527,0.015843259809070444,0.11327397247358247,6,18,0.18,0.16,36.666666666666664
spx,0.16530684148616936,0.006803212904317402,-0.3276756799113134,0.020762031854664086,0.11956243016360131,5,18,0.18,0.18,35.2
spx,0.06624451557728173,0.0028468081830632652,-0.4062383856185908,0.007007728180901342,0.07692492853904923,4,18,0.18,0.19999999999999998,47.0
spx,0.07963884549546951,0.003401815803428798,-0.4172441484681214,0.00815305814573624,0.0830130005783474,4,18,0.18,0.22,54.0
spx,0.15175590446663412,0.006281427178100429,-0.4020195037317641,0.015624682682787277,0.11302908911404665,4,18,0.18,0.24,58.0
spx,0.16811498194490326,0.006910616103724232,-0.41996467642923274,0.016455231812546794,0.11932760823652588,3,18,0.18,0.26,85.33333333333333
spx,0.25854400782860654,0.010243595620843315,-0.41996467642923274,0.024391564804782908,0.1535931580048593,3,18,0.18,0.28,87.0
spx,0.3545848588458609,0.013541579633138623,-0.41996467642923274,0.032244568158151944,0.18524332582865413,3,18,0.18,0.30000000000000004,114.0
spx,0.38646011226824717,0.014586892201270407,-0.41996467642923274,0.034733616944396535,0.19401900889684054,3,18,0.18,0.32,133.66666666666666
spx,0.43958024735704937,0.01627891721614394,-0.41996467642923274,0.038762586783622176,0.21033507569565518,3,18,0.18,0.34,139.33333333333334
spx,0.5015117627478543,0.01817784882021911,-0.41996467642923274,0.04328423279495083,0.2285060097960238,3,18,0.18,0.36000000000000004,143.33333333333334
spx,0.15459555741467734,0.006391253599315805,-0.41996467642923274,0.015218550411567245,0.11402707996933156,2,18,0.18,0.38,109.5
spx,0.19121294727526683,0.00778479908680052,-0.41996467642923274,0.0185367949347338,0.12792400020389857,2,18,0.18,0.4,127.5
spx,-0.07378884997852053,-0.0033914515620692143,-0.3878238368678055,-0.008744824942839272,0.0008280881105407014,34,18,0.19999999999999998,0.02,3.4705882352941178
spx,0.10446815246357022,0.004413457682199917,-0.2797935997883928,0.015773976551064085,0.0941054574588377,27,18,0.19999999999999998,0.04,4.62962962962963
spx,0.03631977624244054,0.0015823782627368832,-0.31024219990682844,0.005100461069487327,0.06099912863794223,17,18,0.19999999999999998,0.06,8.0
spx,0.056273466317304566,0.0024293042818961386,-0.3035644521649641,0.008002598013604034,0.07114439425162791,13,18,0.19999999999999998,0.08,10.76923076923077
spx,-0.02343782199356792,-0.0010505641613435257,-0.40030221769668717,-0.0026244275322490174,0.03194318415138274,9,18,0.19999999999999998,0.1,16.333333333333332
spx,-0.06825024587491291,-0.0031280788921101976,-0.42979818965980265,-0.007278017840387276,0.010897120832809172,7,18,0.19999999999999998,0.12000000000000001,23.857142857142858
spx,-0.11560308445815626,-0.0054298107033708964,-0.4213466241990863,-0.01288680243657372,-0.016428840562870608,6,18,0.19999999999999998,0.13999999999999999,24.666666666666668
spx,-0.008891004191034502,-0.0003957276561178391,-0.3935590466468527,-0.001005510251865541,0.03982220038423542,5,18,0.19999999999999998,0.16,30.0
spx,0.16530684148616936,0.006803212904317402,-0.3276756799113134,0.020762031854664086,0.11956243016360131,5,18,0.19999999999999998,0.18,35.2
spx,0.06624451557728173,0.0028468081830632652,-0.4062383856185908,0.007007728180901342,0.07692492853904923,4,18,0.19999999999999998,0.19999999999999998,47.0
spx,0.07963884549546951,0.003401815803428798,-0.4172441484681214,0.00815305814573624,0.0830130005783474,4,18,0.19999999999999998,0.22,54.0
spx,0.15175590446663412,0.006281427178100429,-0.4020195037317641,0.015624682682787277,0.11302908911404665,4,18,0.19999999999999998,0.24,58.0
spx,0.16811498194490326,0.006910616103724232,-0.41996467642923274,0.016455231812546794,0.11932760823652588,3,18,0.19999999999999998,0.26,85.33333333333333
spx,0.25854400782860654,0.010243595620843315,-0.41996467642923274,0.024391564804782908,0.1535931580048593,3,18,0.19999999999999998,0.28,87.0
spx,0.04573411625620816,0.001983890016780343,-0.41996467642923274,0.004723944960439176,0.06776216812079724,2,18,0.19999999999999998,0.30000000000000004,88.0
spx,0.05085689750229272,0.0022009223331667105,-0.41996467642923274,0.005240732034608588,0.07026785211626277,2,18,0.19999999999999998,0.32,94.5
spx,0.08010675854667948,0.0034210850751423827,-0.41996467642923274,0.008146125774744443,0.08314619049741376,2,18,0.19999999999999998,0.34,97.5
spx,0.10926741552561103,0.0046064888445440655,-0.41996467642923274,0.01096875309540538,0.09559150170504072,2,18,0.19999999999999998,0.36000000000000004,100.5
spx,0.15459555741467734,0.006391253599315805,-0.41996467642923274,0.015218550411567245,0.11402707996933156,2,18,0.19999999999999998,0.38,109.5
spx,0.19121294727526683,0.00778479908680052,-0.41996467642923274,0.0185367949347338,0.12792400020389857,2,18,0.19999999999999998,0.4,127.5
spx,-0.08193866151937956,-0.0037817425662858284,-0.35458216554708466,-0.01066534906077687,-0.0057284097017857106,32,18,0.22,0.02,3.5
spx,0.13793477030160206,0.005743158510477686,-0.24592859770346331,0.023352951076485592,0.11019341885499322,26,18,0.22,0.04,4.653846153846154
spx,0.1176253347564713,0.004940755310634426,-0.2514129469817976,0.019651952574232936,0.10051879010710003,17,18,0.22,0.06,7.647058823529412
spx,0.13914451258245708,0.005790521133054671,-0.2314294150073588,0.025020679125298522,0.11008579314375808,13,18,0.22,0.08,10.307692307692308
spx,0.053179391270840703,0.0022989844430856277,-0.3381870342539981,0.006797967426979938,0.06953934746566827,9,18,0.22,0.1,15.666666666666666
spx,0.004851161519949576,0.00021450365746433775,-0.37073812458402244,0.0005785853766860807,0.046816914284361785,7,18,0.22,0.12000000000000001,23.0
spx,-0.046216793841432735,-0.0020949460244908957,-0.3614111672935182,-0.005796572474999082,0.019639932213181693,6,18,0.22,0.13999999999999999,23.666666666666668
spx,0.06886749497098132,0.0029560166617514927,-0.3307454225577149,0.008937437860491235,0.07718012144943667,5,18,0.22,0.16,28.8
spx,0.25673221593071616,0.010179095782600678,-0.2762062693912487,0.036853239446863875,0.15763600698620672,5,18,0.22,0.18,34.0
spx,0.14989785100417596,0.00620942495453769,-0.3447380554741739,0.018012008990411183,0.1129557514536705,4,18,0.22,0.19999999999999998,45.5
spx,0.1643430471702978,0.006766293554982372,-0.3568837674755918,0.018959376053563817,0.1185327160689228,4,18,0.22,0.22,52.5
spx,0.24211812588832093,0.009655560471681701,-0.3400821924444175,0.028391843754829327,0.1490186296591796,4,18,0.22,0.24,56.5
spx,0.2597606720040102,0.010286859112584645,-0.3598860808598814,0.028583653716215126,0.15501406470535337,3,18,0.22,0.26,83.33333333333333
spx,0.3572844022674875,0.013631014347402326,-0.3598860808598814,0.037875914274965936,0.18990851626173416,3,18,0.22,0.28,85.0
spx,0.12777828672227165,0.005343613362185362,-0.3598860808598814,0.014848069003996442,0.10361477594279997,2,18,0.22,0.30000000000000004,85.0
spx,0.13330298116147143,0.005561373403385694,-0.3598860808598814,0.015453149480240578,0.10585034699365585,2,18,0.22,0.32,91.5
spx,0.16484767083230234,0.006785627437936315,-0.3598860808598814,0.018854931598697316,0.11888311419449313,2,18,0.22,0.34,94.5
spx,0.196296157838858,0.00797500595060252,-0.3598860808598814,0.022159806601988373,0.13144754667583736,2,18,0.22,0.36000000000000004,97.5
spx,0.24518056679643174,0.009765755148709365,-0.3598860808598814,0.027135684507097066,0.1497318066788568,2,18,0.22,0.38,106.5
spx,0.2846708125092332,0.011163973293463192,-0.3598860808598814,0.03102085322885769,0.1632702623399715,2,18,0.22,0.4,124.5
spx,-0.12173689963453471,-0.005736540542429114,-0.35458216554708466,-0.016178310980695287,-0.03409213691681723,30,18,0.24,0.02,3.566666666666667
spx,0.0034320048884095566,0.00015185544514983995,-0.24592859770346331,0.000617477782445394,0.04192993276846004,24,18,0.24,0.04,4.75
spx,0.06743140869791486,0.0028962565763994697,-0.2514129469817976,0.011519918171155918,0.07606969059901951,16,18,0.24,0.06,8.0
spx,0.06275314823591738,0.002701045127657453,-0.2314294150073588,0.011671140107974466,0.07384304994965155,12,18,0.24,0.08,11.0
spx,-0.04814128135631213,-0.0021842698700698104,-0.3381870342539981,-0.006458762899908507,0.015909921916130696,8,18,0.24,0.1,17.375
spx,-0.1069604228071327,-0.005001055350665307,-0.37073812458402244,-0.013489455275948805,-0.01584528665131013,6,18,0.24,0.12000000000000001,26.166666666666668
spx,-0.18861689272812243,-0.009220639852960733,-0.3614111672935182,-0.02551288030752032,-0.06776929898946199,5,18,0.24,0.13999999999999999,27.8
spx,-0.09071472035618977,-0.004205744339139117,-0.3307454225577149,-0.012715956298398104,-0.008316422616509904,4,18,0.24,0.16,35.25
spx,0.055612025397707265,0.0024014756335413168,-0.2762062693912487,0.008694500812143423,0.07019741724558431,4,18,0.24,0.18,40.0
spx,-0.06443634613816895,-0.002947588113839994,-0.3447380554741739,-0.008550225503203295,0.008714070101018196,3,18,0.24,0.19999999999999998,56.666666666666664
spx,-0.05268364958853533,-0.0023957872984161632,-0.3568837674755918,-0.006713074442591501,0.01649746030972432,3,18,0.24,0.22,66.0
spx,-0.0038372113489623105,-0.00017037543656406307,-0.3400821924444175,-0.0005009831162856577,0.041931225196990676,3,18,0.24,0.24,71.0
spx,0.01062516637073041,0.0004685264010879653,-0.3598860808598814,0.0013018741929904816,0.049529056464960974,2,18,0.24,0.26,117.0
spx,0.05643572590631729,0.002436128447602215,-0.3598860808598814,0.006769165514213652,0.07161870609983645,2,18,0.24,0.28,118.5
spx,-0.1415946787272091,-0.006743791709595159,-0.3598860808598814,-0.018738684456709506,-0.03752222057882601,1,18,0.24,0.30000000000000004,144.0
spx,-0.1415946787272091,-0.006743791709595159,-0.3598860808598814,-0.018738684456709506,-0.03752222057882601,1,18,0.24,0.32,144.0
spx,-0.1415946787272091,-0.006743791709595159,-0.3598860808598814,-0.018738684456709506,-0.03752222057882601,1,18,0.24,0.34,144.0
spx,-0.12078835072713345,-0.005688973491742355,-0.3598860808598814,-0.01580770636683031,-0.0246430633807872,1,18,0.24,0.36000000000000004,148.0
spx,-0.10788256109907379,-0.005046612446685139,-0.3598860808598814,-0.014022805312801178,-0.01557606114682515,1,18,0.24,0.38,163.0
spx,-0.10006717823046873,-0.00466192041810598,-0.3598860808598814,-0.012953878090998079,-0.009431730942221132,1,18,0.24,0.4,197.0
spx,-0.13597384154171233,-0.006456443579497817,-0.3475398120517611,-0.018577565376988295,-0.045370614645109074,27,18,0.26,0.02,3.740740740740741
spx,0.04282845557973647,0.0018603364385032517,-0.24592859770346331,0.0075645388778511026,0.06277043342092083,23,18,0.26,0.04,4.521739130434782
spx,0.038998246989129015,0.0016969658800274345,-0.2514129469817976,0.006749715559200281,0.060833662035269825,15,18,0.26,0.06,7.8
spx,0.045765965478606896,0.001985242480615046,-0.23086595093476758,0.008599113349443145,0.06472798967748987,11,18,0.26,0.08,10.636363636363637
spx,-0.08587914630557258,-0.003971639717350484,-0.3159009077489634,-0.012572422617115813,-0.007234267613819546,7,18,0.26,0.1,18.0
spx,-0.16359635731608746,-0.007886129573510536,-0.3371599307236831,-0.0233898777846575,-0.054823872641318626,5,18,0.26,0.12000000000000001,25.4
spx,-0.13921213751385242,-0.006621772652891766,-0.33063757233635394,-0.020027284274140238,-0.037995750343922365,5,18,0.26,0.13999999999999999,27.6
spx,-0.03534874556804479,-0.0015937228001861037,-0.2967154160049944,-0.005371216708737768,0.022205879433136903,4,18,0.26,0.16,35.0
spx,0.11988777041705512,0.0050308282635134205,-0.2762062693912487,0.01821402633112287,0.10178164937817306,4,18,0.26,0.18,39.75
spx,-0.0074702928741046115,-0.00033226636388339337,-0.31141954108883874,-0.0010669412803116542,0.038622099299197,3,18,0.26,0.19999999999999998,56.333333333333336
spx,0.004998020122233715,0.00022098185456265185,-0.32418283371342593,0.00068165810024968,0.04590275023947662,3,18,0.26,0.22,65.66666666666667
spx,0.056818696182001194,0.002452231090634527,-0.3065269384763414,0.008000050836718864,0.07153996445454383,3,18,0.26,0.24,70.66666666666667
spx,-0.14019854852795044,-0.006672251336714119,-0.32733780760626396,-0.02038338127057963,-0.040035835310977465,1,18,0.26,0.26,127.0
spx,-0.12710920169037265,-0.0060068763545636505,-0.32733780760626396,-0.01835069526031952,-0.0316088134688358,1,18,0.26,0.28,132.0
spx,-0.08932676189233413,-0.004138427604505446,-0.32733780760626396,-0.01264268137789731,-0.007593383999977719,1,18,0.26,0.30000000000000004,143.0
spx,-0.08932676189233413,-0.004138427604505446,-0.32733780760626396,-0.01264268137789731,-0.007593383999977719,1,18,0.26,0.32,143.0
spx,-0.08932676189233413,-0.004138427604505446,-0.32733780760626396,-0.01264268137789731,-0.007593383999977719,1,18,0.26,0.34,143.0
spx,-0.0672535458679221,-0.003080842542107165,-0.32733780760626396,-0.009411813944244824,0.0053185719084149425,1,18,0.26,0.36000000000000004,147.0
spx,-0.05356192847033314,-0.0024367965497066324,-0.32733780760626396,-0.00744428688982275,0.014039572372715546,1,18,0.26,0.38,162.0
spx,-0.04527067042751176,-0.0020510954533820014,-0.32733780760626396,-0.006265990074232878,0.019734708240612308,1,18,0.26,0.4,196.0
spx,-0.13903831131080857,-0.0066128829851712645,-0.3325713325841346,-0.01988410406209117,-0.04894858154597088,26,18,0.28,0.02,3.6153846153846154
spx,0.045379987572004454,0.0019688494383314215,-0.22501104873996258,0.008750012274316148,0.06399441375841558,22,18,0.28,0.04,4.454545454545454
spx,0.026207085245158135,0.0011471805638587629,-0.2308659509347678,0.004969033151982225,0.0535435596681979,14,18,0.28,0.06,7.714285714285714
spx,0.045765965478606896,0.001985242480615046,-0.23086595093476758,0.008599113349443145,0.06472798967748987,11,18,0.28,0.08,10.636363636363637
spx,-0.08587914630557258,-0.003971639717350484,-0.3159009077489634,-0.012572422617115813,-0.007234267613819546,7,18,0.28,0.1,18.0
spx,-0.14440792102002453,-0.006888286020020451,-0.3219533201893563,-0.021395294249393414,-0.043038530652180565,5,18,0.28,0.12000000000000001,25.0
spx,-0.1194642882448822,-0.005622657440532586,-0.31528132847664636,-0.01783377870075509,-0.02629087465915963,5,18,0.28,0.13999999999999999,27.2
spx,-0.03534874556804479,-0.0015937228001861037,-0.2967154160049944,-0.005371216708737768,0.022205879433136903,4,18,0.28,0.16,35.0
spx,0.11988777041705512,0.0050308282635134205,-0.2762062693912487,0.01821402633112287,0.10178164937817306,4,18,0.28,0.18,39.75
spx,-0.0074702928741046115,-0.00033226636388339337,-0.31141954108883874,-0.0010669412803116542,0.038622099299197,3,18,0.28,0.19999999999999998,56.333333333333336
spx,0.02805428088277262,0.0012269793398915763,-0.30867850783380224,0.003974942565655406,0.05737342004121232,3,18,0.28,0.22,65.0
spx,-0.12814779429251788,-0.006059321997531786,-0.3065269384763414,-0.01976766553586109,-0.033740687795714576,2,18,0.28,0.24,61.0
spx,-0.14019854852795044,-0.006672251336714119,-0.32733780760626396,-0.02038338127057963,-0.040035835310977465,1,18,0.28,0.26,127.0
spx,-0.12710920169037265,-0.0060068763545636505,-0.32733780760626396,-0.01835069526031952,-0.0316088134688358,1,18,0.28,0.28,132.0
spx,-0.08932676189233413,-0.004138427604505446,-0.32733780760626396,-0.01264268137789731,-0.007593383999977719,1,18,0.28,0.30000000000000004,143.0
spx,-0.08932676189233413,-0.004138427604505446,-0.32733780760626396,-0.01264268137789731,-0.007593383999977719,1,18,0.28,0.32,143.0
spx,-0.08932676189233413,-0.004138427604505446,-0.32733780760626396,-0.01264268137789731,-0.007593383999977719,1,18,0.28,0.34,143.0
spx,-0.0672535458679221,-0.003080842542107165,-0.32733780760626396,-0.009411813944244824,0.0053185719084149425,1,18,0.28,0.36000000000000004,147.0
spx,-0.05356192847033314,-0.0024367965497066324,-0.32733780760626396,-0.00744428688982275,0.014039572372715546,1,18,0.28,0.38,162.0
spx,-0.04527067042751176,-0.0020510954533820014,-0.32733780760626396,-0.006265990074232878,0.019734708240612308,1,18,0.28,0.4,196.0
spx,0.18093660810096535,0.0073978915544516965,-0.2346305523414125,0.03152995839896833,0.1416074944882493,23,18,0.30000000000000004,0.02,3.347826086956522
spx,0.45835327058068476,0.016862648766581945,-0.18124256646060555,0.09303911931884483,0.2727301341491015,21,18,0.30000000000000004,0.04,4.0
spx,0.38687496973577007,0.014600344991716696,-0.2222809780546966,0.06568418548223229,0.23662889501115236,14,18,0.30000000000000004,0.06,6.928571428571429
spx,0.4133079595502476,0.015449668574075925,-0.2222809780546966,0.06950513134000261,0.24156844206341638,11,18,0.30000000000000004,0.08,9.636363636363637
spx,0.13992615291021693,0.005821097579066681,-0.3159009077489634,0.01842697325736248,0.11295307792707632,7,18,0.30000000000000004,0.1,17.428571428571427
spx,0.04480328571230929,0.0019443452915517412,-0.2437402908434979,0.007977118944196948,0.0637100387319367,5,18,0.30000000000000004,0.12000000000000001,23.2
spx,0.07254374084691828,0.0031086479299333725,-0.23447191798692846,0.013258082062120018,0.07853413670987981,5,18,0.30000000000000004,0.13999999999999999,25.6
spx,0.11204874122583908,0.004717991564301194,-0.28026245921769144,0.016834190271043523,0.09838666758388968,4,18,0.30000000000000004,0.16,34.25
spx,0.32147995836816556,0.012430756368902562,-0.2762062693912487,0.045005337483105,0.19463872495762632,4,18,0.30000000000000004,0.18,38.0
spx,0.11232707568869005,0.004729135256026362,-0.31141954108883874,0.015185737026942958,0.09809315943804964,3,18,0.30000000000000004,0.19999999999999998,54.333333333333336
spx,0.2149382680063623,0.008666019486143428,-0.27977083759740395,0.030975421028742137,0.14405247821772144,3,18,0.30000000000000004,0.22,63.0
spx,-0.005534047150731247,-0.0002459164711635653,-0.2775293001741721,-0.0008860919225798243,0.03657102804340408,2,18,0.30000000000000004,0.24,58.5
spx,-0.05864251802356257,-0.0026747393141166587,-0.3273378076062641,-0.00817118967612183,0.007112157368969279,1,18,0.30000000000000004,0.26,125.0
spx,-0.04431158783189726,-0.002006686621115694,-0.3273378076062641,-0.006130323398296303,0.015575559686177281,1,18,0.30000000000000004,0.28,130.0
spx,-0.0029453138737470796,-0.0001307185539418665,-0.3273378076062641,-0.00039933839264635256,0.03936561388141578,1,18,0.30000000000000004,0.30000000000000004,141.0
spx,-0.0029453138737470796,-0.0001307185539418665,-0.3273378076062641,-0.00039933839264635256,0.03936561388141578,1,18,0.30000000000000004,0.32,141.0
spx,-0.0029453138737470796,-0.0001307185539418665,-0.3273378076062641,-0.00039933839264635256,0.03936561388141578,1,18,0.30000000000000004,0.34,141.0
spx,0.02122164585897668,0.0009311226152726171,-0.3273378076062641,0.0028445312262633934,0.052360914267990645,1,18,0.30000000000000004,0.36000000000000004,145.0
spx,0.03621197467909276,0.0015777604829139147,-0.3273378076062641,0.0048199763249215394,0.06052538590373433,1,18,0.30000000000000004,0.38,160.0
spx,0.045289695797432694,0.0019650137806863643,-0.3273378076062641,0.006003015035311678,0.06548682043079143,1,18,0.30000000000000004,0.4,194.0
spx,0.5143888354289168,0.018563267068823164,-0.1383847290132717,0.13414245344255338,0.33158015619746956,20,18,0.32,0.02,2.85
spx,0.6882642732650501,0.023481552101069614,-0.15661674099883394,0.14993002632614122,0.3984013935023223,18,18,0.32,0.04,3.611111111111111
spx,0.39073744628817053,0.01472541118854509,-0.2222809780546965,0.06624683460283147,0.2462964400232052,12,18,0.32,0.06,6.833333333333333
spx,0.3758880007663492,0.014242760475354777,-0.2222809780546966,0.06407548050220503,0.23378928391683404,9,18,0.32,0.08,9.777777777777779
spx,0.07942169913737951,0.003392870720767993,-0.2762062693912486,0.012283829502660427,0.08230020625095759,6,18,0.32,0.1,16.833333333333332
spx,0.09326506073263063,0.0039597200786409825,-0.22601791577526342,0.01751949647468767,0.08937744213267342,5,18,0.32,0.12000000000000001,22.6
spx,0.2323338091746665,0.009301746841260616,-0.22601791577526353,0.041154909376784204,0.15855293434435477,5,18,0.32,0.13999999999999999,24.8
spx,0.2210859507188665,0.008891677318592084,-0.2762062693912486,0.0321921632633072,0.151517933195975,4,18,0.32,0.16,34.0
spx,0.10376309736621314,0.00438503215169761,-0.2762062693912487,0.015875932727240784,0.09531391828977592,3,18,0.32,0.18,36.333333333333336
spx,-0.05822979336273593,-0.0026553641506205095,-0.29953319472454853,-0.008865007943651752,0.005367570371013971,2,18,0.32,0.19999999999999998,54.5
spx,0.012184626340485005,0.0005368957148002007,-0.2561455568672911,0.002096057106617571,0.04588390414270915,2,18,0.32,0.22,53.5
spx,0.027086872049802535,0.0011852044235225456,-0.2538304915259251,0.004669275217479119,0.054401319169602676,2,18,0.32,0.24,57.5
spx,-0.05864251802356257,-0.0026747393141166587,-0.3273378076062641,-0.00817118967612183,0.007112157368969279,1,18,0.32,0.26,125.0
spx,-0.04431158783189726,-0.002006686621115694,-0.3273378076062641,-0.006130323398296303,0.015575559686177281,1,18,0.32,0.28,130.0
spx,-0.0029453138737470796,-0.0001307185539418665,-0.3273378076062641,-0.00039933839264635256,0.03936561388141578,1,18,0.32,0.30000000000000004,141.0
spx,-0.0029453138737470796,-0.0001307185539418665,-0.3273378076062641,-0.00039933839264635256,0.03936561388141578,1,18,0.32,0.32,141.0
spx,-0.0029453138737470796,-0.0001307185539418665,-0.3273378076062641,-0.00039933839264635256,0.03936561388141578,1,18,0.32,0.34,141.0
spx,0.02122164585897668,0.0009311226152726171,-0.3273378076062641,0.0028445312262633934,0.052360914267990645,1,18,0.32,0.36000000000000004,145.0
spx,0.03621197467909276,0.0015777604829139147,-0.3273378076062641,0.0048199763249215394,0.06052538590373433,1,18,0.32,0.38,160.0
spx,0.045289695797432694,0.0019650137806863643,-0.3273378076062641,0.006003015035311678,0.06548682043079143,1,18,0.32,0.4,194.0
spx,0.42624564687090905,0.015859853189980955,-0.1383847290132716,0.11460696063118307,0.3156462078894617,14,18,0.34,0.02,2.4285714285714284
spx,0.48498196855279607,0.017678445909075524,-0.1383847290132716,0.12774853146823809,0.3393603775590853,13,18,0.34,0.04,2.923076923076923
spx,0.4443511493644863,0.016427950889730702,-0.1427322376674227,0.11509628909489329,0.298689928992922,10,18,0.34,0.06,4.8
spx,0.49513561564104447,0.017985836226671825,-0.1743133360401189,0.10318106827197843,0.305897716378483,8,18,0.34,0.08,6.75
spx,0.2433195021995882,0.00969882006728584,-0.22601791577526353,0.042911731284743244,0.1732072783846951,6,18,0.34,0.1,12.0
spx,0.10055739388436935,0.00425556939836258,-0.22601791577526353,0.018828460495114118,0.09459235555358224,4,18,0.34,0.12000000000000001,21.75
spx,0.22327829726819992,0.008971887386214794,-0.22601791577526353,0.03969546996060177,0.16229452328880212,4,18,0.34,0.13999999999999999,21.75
spx,0.12036817929485943,0.005049932099628451,-0.2762062693912486,0.01828319143790027,0.10536928095243334,3,18,0.34,0.16,33.666666666666664
spx,0.17185633174321158,0.007053329101017303,-0.2762062693912486,0.025536455477866798,0.13143692236009683,3,18,0.34,0.18,35.0
spx,0.021734476063991925,0.0009533940026900112,-0.25186179468058656,0.003785385567902882,0.050083217881320474,2,18,0.34,0.19999999999999998,42.0
spx,0.059197498630212175,0.0025521272010133877,-0.25186179468058656,0.01013304619801514,0.07139253182094313,2,18,0.34,0.22,52.0
spx,0.0747919079588244,0.0032017417007847992,-0.25186179468058656,0.01271229606239119,0.07970886861450797,2,18,0.34,0.24,56.0
spx,-0.05864251802356257,-0.0026747393141166587,-0.3273378076062641,-0.00817118967612183,0.007112157368969279,1,18,0.34,0.26,125.0
spx,-0.04431158783189726,-0.002006686621115694,-0.3273378076062641,-0.006130323398296303,0.015575559686177281,1,18,0.34,0.28,130.0
spx,-0.0029453138737470796,-0.0001307185539418665,-0.3273378076062641,-0.00039933839264635256,0.03936561388141578,1,18,0.34,0.30000000000000004,141.0
spx,-0.0029453138737470796,-0.0001307185539418665,-0.3273378076062641,-0.00039933839264635256,0.03936561388141578,1,18,0.34,0.32,141.0
spx,-0.0029453138737470796,-0.0001307185539418665,-0.3273378076062641,-0.00039933839264635256,0.03936561388141578,1,18,0.34,0.34,141.0
spx,0.02122164585897668,0.0009311226152726171,-0.3273378076062641,0.0028445312262633934,0.052360914267990645,1,18,0.34,0.36000000000000004,145.0
spx,0.03621197467909276,0.0015777604829139147,-0.3273378076062641,0.0048199763249215394,0.06052538590373433,1,18,0.34,0.38,160.0
spx,0.045289695797432694,0.0019650137806863643,-0.3273378076062641,0.006003015035311678,0.06548682043079143,1,18,0.34,0.4,194.0
spx,0.2121010567720416,0.00856150809550349,-0.12417357295837594,0.0689479080896978,0.2184101967191312,8,18,0.36000000000000004,0.02,2.125
spx,0.1905317183300399,0.007759249499899257,-0.12417357295837594,0.06248712439401437,0.19561425820326445,7,18,0.36000000000000004,0.04,2.7142857142857144
spx,0.20153594267749986,0.008170264869667987,-0.12495796362883826,0.06538410704207749,0.2022092855650698,6,18,0.36000000000000004,0.06,4.0
spx,0.20679127221708882,0.008365287368699015,-0.1743133360401189,0.04798994476689788,0.19263260566693385,4,18,0.36000000000000004,0.08,7.0
spx,0.20679127221708882,0.008365287368699015,-0.1743133360401189,0.04798994476689788,0.19263260566693385,4,18,0.36000000000000004,0.1,7.0
spx,0.29968953033276846,0.011684978195107831,-0.17431333604011878,0.0670343328890137,0.24381272149775673,4,18,0.36000000000000004,0.12000000000000001,12.5
spx,0.37523112457286456,0.014221295265609557,-0.17431333604011878,0.08158466580168301,0.2879517477549401,4,18,0.36000000000000004,0.13999999999999999,13.25
spx,0.16272843927595426,0.006704378479053252,-0.2762062693912486,0.0242730858131118,0.13858379166646412,3,18,0.36000000000000004,0.16,30.0
spx,0.21616331920547371,0.008711073339393804,-0.2762062693912486,0.03153828969412165,0.16732937124649583,3,18,0.36000000000000004,0.18,31.333333333333332
spx,0.14865199167698617,0.006161083829407055,-0.25186179468058656,0.024462161231006068,0.13100242852885638,2,18,0.36000000000000004,0.19999999999999998,25.0
spx,0.190768585070898,0.007768134804224669,-0.25186179468058656,0.030842847022813796,0.1528139876895401,2,18,0.36000000000000004,0.22,35.0
spx,0.2083000961963135,0.008421129072566647,-0.25186179468058656,0.03343551602674157,0.1613537669289361,2,18,0.36000000000000004,0.24,39.0
spx,-0.023050514958312895,-0.0010330087752133954,-0.3273378076062641,-0.0031557881528183956,0.021238143704911044,1,18,0.36000000000000004,0.26,114.0
spx,-0.008177743307822949,-0.00036385637828340034,-0.3273378076062641,-0.0011115623366093487,0.030735592250888486,1,18,0.36000000000000004,0.28,119.0
spx,0.03475255768331498,0.0015151997828024566,-0.3273378076062641,0.004628856635543316,0.05716036822593572,1,18,0.36000000000000004,0.30000000000000004,130.0
spx,0.03475255768331498,0.0015151997828024566,-0.3273378076062641,0.004628856635543316,0.05716036822593572,1,18,0.36000000000000004,0.32,130.0
spx,0.03475255768331498,0.0015151997828024566,-0.3273378076062641,0.004628856635543316,0.05716036822593572,1,18,0.36000000000000004,0.34,130.0
spx,0.05983325159391861,0.0025787888843553652,-0.3273378076062641,0.007878066096957681,0.07165670390789035,1,18,0.36000000000000004,0.36000000000000004,134.0
spx,0.07539035322832666,0.0032264912042638816,-0.3273378076062641,0.009856763042003518,0.08031318103095102,1,18,0.36000000000000004,0.38,149.0
spx,0.08481129600693449,0.0036143819726692783,-0.3273378076062641,0.011041749192066477,0.08525893360881306,1,18,0.36000000000000004,0.4,183.0
spx,0.05541395077246425,0.0023931388439764056,-0.06712291403208603,0.03565308327991302,0.10052120538356131,4,18,0.38,0.02,2.25
spx,0.010524769031864833,0.00046412136140006055,-0.08713749613080957,0.005326310509350971,0.03047148642430019,3,18,0.38,0.04,3.3333333333333335
spx,0.04737929679925745,0.002053700467515185,-0.08713749613080957,0.023568504475182522,0.08373290210715786,3,18,0.38,0.06,4.333333333333333
spx,0.0785600415388743,0.003357358814452427,-0.07966371464718613,0.04214414089678675,0.12060245763028106,2,18,0.38,0.08,6.0
spx,0.0785600415388743,0.003357358814452427,-0.07966371464718613,0.04214414089678675,0.12060245763028106,2,18,0.38,0.1,6.0
spx,0.11789586211235448,0.004951534816854064,-0.07966371464718613,0.06215545984496671,0.1670249774108771,2,18,0.38,0.12000000000000001,7.5
spx,0.1649708255126081,0.006790344705806639,-0.07966371464718613,0.08523761082294053,0.21796560528542208,2,18,0.38,0.13999999999999999,8.5
spx,0.18926974662769247,0.007711882138046855,-0.07966371464718613,0.09680545493266492,0.24340490717414348,2,18,0.38,0.16,9.0
spx,0.2439243710165424,0.009720585286478123,-0.07966371464718625,0.12202023630869513,0.2769867333158544,2,18,0.38,0.18,11.0
spx,0.26260599874335955,0.01038788070445218,-0.08929527805052218,0.11633180310581309,0.2525911015897697,2,18,0.38,0.19999999999999998,14.0
spx,0.3089008416123058,0.01200168276331337,-0.08929527805052218,0.1344044503285265,0.2688309677484018,2,18,0.38,0.22,24.0
spx,0.3281715966141485,0.012657420204868153,-0.08929527805052218,0.14174792308398143,0.2757326357498186,2,18,0.38,0.24,28.0
spx,0.06196533511864888,0.002668090998189765,-0.2762062693912486,0.009659777108137943,0.07455662997062036,1,18,0.38,0.26,96.0
spx,0.07813236132807644,0.003339722555899094,-0.2762062693912486,0.012091407495057065,0.085676207364517,1,18,0.38,0.28,101.0
spx,0.12479853207369374,0.0052257404828823795,-0.2762062693912486,0.018919702635279697,0.11557868780305476,1,18,0.38,0.30000000000000004,112.0
spx,0.12479853207369374,0.0052257404828823795,-0.2762062693912486,0.018919702635279697,0.11557868780305476,1,18,0.38,0.32,112.0
spx,0.12479853207369374,0.0052257404828823795,-0.2762062693912486,0.018919702635279697,0.11557868780305476,1,18,0.38,0.34,112.0
spx,0.15206179176275136,0.0062932701044096095,-0.2762062693912486,0.022784675084601854,0.13240668185406496,1,18,0.38,0.36000000000000004,116.0
spx,0.16897269954623217,0.006943372114128321,-0.2762062693912486,0.025138358117038153,0.1407048120996422,1,18,0.38,0.38,131.0
spx,0.1792134692157008,0.007332699989512914,-0.2762062693912486,0.026547912926357515,0.14428155357651373,1,18,0.38,0.4,165.0
spx,0.14023648393257426,0.005833231646705572,-0.01002370569814759,0.5819436266752696,0.3047125268369668,3,18,0.4,0.02,2.0
spx,0.09173960484825905,0.003897594007923999,-0.05097703648631602,0.07645783820662558,0.19028172138883334,2,18,0.4,0.04,3.5
spx,0.09173960484825905,0.003897594007923999,-0.05097703648631602,0.07645783820662558,0.19028172138883334,2,18,0.4,0.06,3.5
spx,0.21270153781792756,0.00858364687940738,-0.05097703648631591,0.16838261835231524,0.3299551377372201,2,18,0.4,0.08,5.0
spx,0.21270153781792756,0.00858364687940738,-0.05097703648631591,0.16838261835231524,0.3299551377372201,2,18,0.4,0.1,5.0
spx,0.25692959028010476,0.010186126626174463,-0.05097703648631591,0.1998179440836815,0.3772417532689413,2,18,0.4,0.12000000000000001,6.5
spx,0.30985930982242915,0.01203451450854276,-0.05097703648631602,0.23607716999738176,0.4283929496387071,2,18,0.4,0.13999999999999999,7.5
spx,0.33718030992320824,0.012960852045193594,-0.05097703648631602,0.25424883317163266,0.45520323326279777,2,18,0.4,0.16,8.0
spx,0.39863237980580113,0.01498001812709382,-0.05097703648631591,0.2938581596659704,0.46376979793562717,2,18,0.4,0.18,10.0
spx,0.41963745861525625,0.015650789353609973,-0.08929527805052218,0.1752700668534225,0.39508992080563454,2,18,0.4,0.19999999999999998,13.0
spx,0.47169003332413184,0.01727299738504473,-0.08929527805052218,0.19343685088557405,0.3977463451855044,2,18,0.4,0.22,23.0
spx,0.4933575097052365,0.017932150431951177,-0.08929527805052218,0.20081857432377764,0.4005574810872905,2,18,0.4,0.24,27.0
spx,0.13837648184572848,0.005760457534948138,-0.2762062693912486,0.02085563643303259,0.1282242403579355,1,18,0.4,0.26,95.0
spx,0.1557067673169954,0.0064341604969166966,-0.2762062693912486,0.023294766303087248,0.13936295727280035,1,18,0.4,0.28,100.0
spx,0.2057306894901918,0.008325995163035671,-0.2762062693912486,0.030144120846300654,0.16851490741643882,1,18,0.4,0.30000000000000004,111.0
spx,0.2057306894901918,0.008325995163035671,-0.2762062693912486,0.030144120846300654,0.16851490741643882,1,18,0.4,0.32,111.0
spx,0.2057306894901918,0.008325995163035671,-0.2762062693912486,0.030144120846300654,0.16851490741643882,1,18,0.4,0.34,111.0
spx,0.23495561107862417,0.00939681719299612,-0.2762062693912486,0.03402101340315866,0.18543391123467223,1,18,0.4,0.36000000000000004,115.0
spx,0.2530833023231087,0.010048924206881527,-0.2762062693912486,0.036381955518348996,0.1923586941657066,1,18,0.4,0.38,130.0
spx,0.26406092180107366,0.010439452823074236,-0.2762062693912486,0.037795857588904545,0.19425505315782735,1,18,0.4,0.4,164.0
spx,1.2594094243703058,0.036785313043996126,-0.45475316935829246,0.08089072385334733,0.3696963895954456,124,24,0.02,0.02,4.725806451612903
spx,1.8121154530080146,0.04688956535780986,-0.41864939773892784,0.11200198928042042,0.4398624545613987,78,24,0.02,0.04,8.602564102564102
spx,1.576141007865421,0.04283096821782739,-0.37451106409929036,0.11436502769507512,0.39979757324218584,50,24,0.02,0.06,14.88
spx,1.3606136228144843,0.038800698647369014,-0.3815533774902802,0.10169140397232478,0.36160545517318604,35,24,0.02,0.08,23.37142857142857
spx,0.678033540010897,0.023205874952485273,-0.48635331822987027,0.04771402616711918,0.23969790197650273,24,24,0.02,0.1,37.291666666666664
spx,0.8901141951169302,0.028617192524833968,-0.5116168902681879,0.05593480799633673,0.2770252918963056,21,24,0.02,0.12000000000000001,47.714285714285715
spx,0.7242320237420019,0.024438225646904455,-0.5269143706503062,0.04637988069435899,0.2462104358600315,17,24,0.02,0.13999999999999999,62.23529411764706
spx,1.4265927653114119,0.0400706095541743,-0.5041962734885872,0.07947422791707984,0.35529130395841824,16,24,0.02,0.16,75.5
spx,1.0009488150046035,0.031218254214342434,-0.45033246603629495,0.06932268172694075,0.29249066337941776,12,24,0.02,0.18,103.16666666666667
spx,1.0023131220665094,0.031249405714764533,-0.5145624327611922,0.060730056695117,0.28488018504315743,11,24,0.02,0.19999999999999998,141.9090909090909
spx,1.010100849330569,0.03142683703981608,-0.5235603380044428,0.06002524400453993,0.2898777913390395,10,24,0.02,0.22,143.5
spx,1.333972986728563,0.038278304156774245,-0.5111132307413838,0.0748920236348617,0.33645076671343044,10,24,0.02,0.24,149.8
spx,1.5959031934442884,0.043184221338193884,-0.5257845411914792,0.08213292319385088,0.3620459392965226,9,24,0.02,0.26,199.44444444444446
spx,2.063656214089454,0.05087208828470624,-0.5257845411914792,0.0967546291289301,0.41256659001454327,9,24,0.02,0.28,203.66666666666666
spx,1.2050544656976623,0.035666984263974966,-0.5257845411914792,0.06783574158180856,0.31669948994892894,7,24,0.02,0.30000000000000004,255.28571428571428
spx,1.376489548871184,0.039109335848913185,-0.5257845411914792,0.07438281802710975,0.3379172709253854,7,24,0.02,0.32,274.85714285714283
spx,1.623565861872632,0.04367440464435246,-0.5257845411914792,0.08306521250202979,0.36656759991463606,7,24,0.02,0.34,296.14285714285717
spx,1.8623186956559685,0.04771089102965398,-0.5257845411914792,0.09074228565475971,0.3926600938416706,7,24,0.02,0.36000000000000004,308.85714285714283
spx,2.1001330882513423,0.051423482684669786,-0.5257845411914792,0.09780333702497061,0.4162200315304728,7,24,0.02,0.38,316.2857142857143
spx,2.6843295366148126,0.059499257467444,-0.5257845411914792,0.11316281253270181,0.45901477295688586,7,24,0.02,0.4,352.2857142857143
spx,1.2187295570206045,0.03595080297075537,-0.4541037510148578,0.07916869854171078,0.37241514658573666,107,24,0.04,0.02,4.336448598130841
spx,1.4338727021463806,0.040208700564948074,-0.4179569778588691,0.09620296512557636,0.3966927249801448,69,24,0.04,0.04,8.057971014492754
spx,1.3007686177305486,0.03761916561651102,-0.37376607308648335,0.1006489575307349,0.36696940139884743,44,24,0.04,0.06,13.977272727272727
spx,0.9175760942988804,0.029274990860751693,-0.37904276462309605,0.07723400521801674,0.2955530104726505,30,24,0.04,0.08,22.266666666666666
spx,0.5021795357146783,0.018197913172716795,-0.48574153736579173,0.03746418984755818,0.20508045673470687,21,24,0.04,0.1,35.76190476190476
spx,0.556561979107369,0.019803966205230727,-0.5110351996791562,0.03875264603625009,0.21624097484940707,18,24,0.04,0.12000000000000001,44.611111111111114
spx,0.6763681406742981,0.02316084717553535,-0.5269143706503062,0.04395561872216682,0.24014951448957542,16,24,0.04,0.13999999999999999,56.8125
spx,1.3015962703906059,0.0376357054906129,-0.5041962734885872,0.0746449497339746,0.34390544648778204,15,24,0.04,0.16,70.0
spx,1.1182876919596554,0.033826001638952,-0.45033246603629495,0.07511339774518003,0.31415800746687833,12,24,0.04,0.18,94.83333333333333
spx,1.2260779116048024,0.036102624087013924,-0.5145624327611922,0.07016179532050897,0.3211028208755003,11,24,0.04,0.19999999999999998,131.63636363636363
spx,1.1693919233758385,0.034918839352908515,-0.5235603380044428,0.06669496678453936,0.3176319567182369,10,24,0.04,0.22,132.8
spx,1.4934764700830163,0.0413246861501515,-0.5111132307413838,0.08085231151267383,0.36188402238156153,10,24,0.04,0.24,139.2
spx,1.8569565326034891,0.04762382550119848,-0.5257845411914792,0.09057669400716543,0.3960506035945545,9,24,0.04,0.26,186.55555555555554
spx,2.3410054807964573,0.05491608089224598,-0.5257845411914792,0.10444597851393798,0.4440491474797255,9,24,0.04,0.28,191.88888888888889
spx,1.3343624283449191,0.038285981648796596,-0.5257845411914792,0.07281686441757458,0.33769085832546214,7,24,0.04,0.30000000000000004,241.0
spx,1.5158507422554952,0.041737038261447035,-0.5257845411914792,0.07938049712695398,0.35899106620748233,7,24,0.04,0.32,260.57142857142856
spx,1.7774160101329417,0.04631365121482345,-0.5257845411914792,0.08808484766378293,0.3879096613560079,7,24,0.04,0.34,281.85714285714283
spx,2.03016969649976,0.050360345077477886,-0.5257845411914792,0.09578133461922714,0.41438681761708784,7,24,0.04,0.36000000000000004,294.57142857142856
spx,2.2819299099685297,0.05408232514400346,-0.5257845411914792,0.10286024199465359,0.43826093273987166,7,24,0.04,0.38,302.0
spx,2.900384583558987,0.06217852196721907,-0.5257845411914792,0.11825855858431375,0.48084095203057864,7,24,0.04,0.4,338.0
spx,0.48711111503028315,0.017743069524861044,-0.43834177470392555,0.04047770609325442,0.22066489792589541,82,24,0.06,0.02,4.195121951219512
spx,0.7939662915898218,0.0262398899900933,-0.4041756476868701,0.06492199651380857,0.29254468726931243,54,24,0.06,0.04,7.333333333333333
spx,0.837973387901332,0.027342726575054987,-0.3591682281200853,0.07612791008316344,0.2989718003233009,36,24,0.06,0.06,12.0
spx,1.1283224105962253,0.03404256263213745,-0.36111350928875685,0.09427108583998177,0.3495915301075063,28,24,0.06,0.08,19.285714285714285
spx,0.7311212926159245,0.024619288384166937,-0.47089305705326756,0.05228212226833066,0.2649082688302412,20,24,0.06,0.1,29.7
spx,0.735755179642156,0.02474068854659217,-0.4969170378235568,0.04978836840643204,0.2633123913816921,17,24,0.06,0.12000000000000001,39.0
spx,0.8095210131643213,0.026632623177864412,-0.5269143706503063,0.0505444995645023,0.2757842521032697,15,24,0.06,0.13999999999999999,52.06666666666667
spx,1.4495093346781132,0.04050397769359915,-0.5041962734885872,0.08033375061134002,0.381072385867656,14,24,0.06,0.16,65.35714285714286
spx,1.1827737198631958,0.03520093704311589,-0.45033246603629495,0.07816655404160631,0.3378763641248721,11,24,0.06,0.18,82.81818181818181
spx,0.854763025231853,0.027756843086411687,-0.5145624327611922,0.05394261477167262,0.2797993426945814,9,24,0.06,0.19999999999999998,110.77777777777777
spx,1.1206921949677944,0.03387798281073584,-0.5235603380044428,0.06470693127722818,0.3226706295188369,9,24,0.06,0.22,130.33333333333334
spx,1.4030609547116764,0.039621517352414815,-0.5111132307413838,0.07752003855377157,0.36519588898938476,9,24,0.06,0.24,136.22222222222223
spx,1.1411803863326657,0.03431863101820243,-0.5257845411914794,0.06527128192174125,0.3274366967002004,7,24,0.06,0.26,169.28571428571428
spx,1.4496622855794747,0.040506857063194124,-0.5257845411914794,0.07704079121725718,0.3739414438198127,7,24,0.06,0.28,173.85714285714286
spx,1.7927933124413626,0.04656971517009034,-0.5257845411914794,0.08857186075604047,0.40654202249186067,7,24,0.06,0.30000000000000004,229.57142857142858
spx,2.009922984861203,0.050048305269517535,-0.5257845411914794,0.09518785994754268,0.4278770119412002,7,24,0.06,0.32,249.14285714285714
spx,2.322855425010608,0.05466143171032045,-0.5257845411914794,0.10396165620703164,0.45740938301514383,7,24,0.06,0.34,270.42857142857144
spx,2.6252458320908962,0.0587404112189267,-0.5257845411914794,0.1117195478699605,0.48494366977842307,7,24,0.06,0.36000000000000004,283.14285714285717
spx,2.926447664324336,0.06249208627468228,-0.5257845411914794,0.11885493273170236,0.5096577336319777,7,24,0.06,0.38,290.57142857142856
spx,3.6663567956052674,0.07065287680156418,-0.5257845411914794,0.13437610136170572,0.5510556951023139,7,24,0.06,0.4,326.57142857142856
spx,0.5779841501843697,0.020421936370628835,-0.4229075757631219,0.048289360467894595,0.24950267678478247,73,24,0.08,0.02,3.9863013698630136
spx,0.7188686571723968,0.024296787165746903,-0.40417564768686987,0.06011442625205005,0.27940821871152693,48,24,0.08,0.04,6.9375
spx,0.8200842557583261,0.02689749383127027,-0.3591682281200853,0.0748882883434703,0.30021279491449593,33,24,0.08,0.06,11.242424242424242
spx,1.28085439391893,0.037219474243316286,-0.3529641476196429,0.10544831392740857,0.3824431739794143,26,24,0.08,0.08,17.96153846153846
spx,0.7318538231925467,0.024638500122938778,-0.4641439961443229,0.05308374195855714,0.2687591874272049,18,24,0.08,0.1,27.5
spx,0.8136479093218598,0.026736279503956073,-0.4904999276358287,0.05450822313638831,0.2821711223808959,16,24,0.08,0.12000000000000001,38.6875
spx,0.8174322464673229,0.026831133753223657,-0.5269143706503062,0.050921241187840936,0.27969413961564854,14,24,0.08,0.13999999999999999,52.857142857142854
spx,1.1014325423365054,0.03346003161463362,-0.5041962734885872,0.06636310773009117,0.3318575827850328,12,24,0.08,0.16,65.08333333333333
spx,0.6716222273671957,0.023032295955830673,-0.45033246603629495,0.05114509322091462,0.2501109770274491,9,24,0.08,0.18,86.11111111111111
spx,0.6827351504706647,0.023332763357389874,-0.5145624327611922,0.04534486365859239,0.24967422962130434,8,24,0.08,0.19999999999999998,112.125
spx,0.8970474299252629,0.02878412285471077,-0.5235603380044428,0.054977661150617016,0.2894486722230098,8,24,0.08,0.22,133.25
spx,1.1203762461727762,0.03387115576272315,-0.5111132307413838,0.06626937775332505,0.32860515673202806,8,24,0.08,0.24,138.25
spx,0.8453295582854732,0.02752460969274173,-0.5257845411914792,0.05234959862145865,0.28112652412255495,6,24,0.08,0.26,175.33333333333334
spx,1.090521591938728,0.033221627191461156,-0.5257845411914792,0.06318486868438106,0.32572177865034607,6,24,0.08,0.28,180.0
spx,1.346118428423289,0.0385171663214281,-0.5257845411914792,0.0732565591109705,0.35858033187233473,6,24,0.08,0.30000000000000004,225.16666666666666
spx,1.480253362503639,0.04107932204016107,-0.5257845411914792,0.07812957365971869,0.3747581907756728,6,24,0.08,0.32,247.16666666666666
spx,1.69938329838179,0.04499299248187816,-0.5257845411914792,0.08557306074446319,0.4028065275006284,6,24,0.08,0.34,257.5
spx,1.9018875843540344,0.048348593994747446,-0.5257845411914792,0.09195514551490008,0.4267808599150155,6,24,0.08,0.36000000000000004,271.5
spx,2.111992810481669,0.05160142240206156,-0.5257845411914792,0.09814176408672588,0.44964125332148214,6,24,0.08,0.38,278.5
spx,2.645918803336225,0.05900726169929604,-0.5257845411914792,0.11222707606727998,0.49004283656700404,6,24,0.08,0.4,317.8333333333333
spx,0.5262962399435183,0.018916885548890372,-0.42290757576312177,0.04473054310922551,0.2407540910783022,65,24,0.1,0.02,3.6769230769230767
spx,0.45254966107774397,0.016682960947777214,-0.40417564768686975,0.041276511940427786,0.21191357113714313,42,24,0.1,0.04,6.738095238095238
spx,0.4470898468810658,0.016513290051915153,-0.3591682281200852,0.04597647775903513,0.20881565025649393,28,24,0.1,0.06,11.071428571428571
spx,0.46818958495223284,0.01716563982941155,-0.3529641476196431,0.04863281425372804,0.21262059641501518,20,24,0.1,0.08,16.65
spx,0.09075884470237616,0.0038576075127276788,-0.464143996144323,0.008311230016488627,0.09008388857547969,13,24,0.1,0.1,28.0
spx,0.05546798838260747,0.0023954133885342177,-0.49049992763582895,0.0048836161915047,0.07732251767437263,11,24,0.1,0.12000000000000001,34.72727272727273
spx,0.12447935814654398,0.005213096938231132,-0.4829480869791738,0.010794321540517742,0.1025042918383345,10,24,0.1,0.13999999999999999,42.5
spx,0.17381818005139182,0.007127989451715333,-0.45811868006227674,0.015559263924244155,0.11936226083725467,8,24,0.1,0.16,49.625
spx,0.1995428637333332,0.008096089490545966,-0.3992490316139051,0.02027829462182719,0.12789927848814836,7,24,0.1,0.18,69.28571428571429
spx,0.1688620828476246,0.0069391489817483,-0.46944821989621055,0.014781500254239889,0.11765326201642605,6,24,0.1,0.19999999999999998,82.83333333333333
spx,0.26944540392325544,0.010629822373487974,-0.47928234680807225,0.022178622776909133,0.1489342517024188,6,24,0.1,0.22,106.83333333333333
spx,0.4052488810904784,0.015192340707423035,-0.46567846577117256,0.032624099725685675,0.18747796329192695,6,24,0.1,0.24,110.5
spx,0.16245894379572823,0.0066940361836578255,-0.48171325665072606,0.013896308833600242,0.11551360076583798,4,24,0.1,0.26,130.75
spx,0.27249746548530607,0.010737386291683748,-0.48171325665072606,0.02228999543491713,0.15042830284431807,4,24,0.1,0.28,134.75
spx,0.3759763188375138,0.014245645760726067,-0.48171325665072606,0.02957287465944725,0.17873040174749838,4,24,0.1,0.30000000000000004,180.5
spx,0.4183692116544018,0.015610559362422283,-0.48171325665072606,0.03240633124975626,0.18923734875201784,4,24,0.1,0.32,196.0
spx,0.5035450997166768,0.018238917295663404,-0.48171325665072606,0.037862601960501625,0.21053525861146627,4,24,0.1,0.34,205.5
spx,0.5681023952965911,0.020137877829517592,-0.48171325665072606,0.041804699271788745,0.22608800681122335,4,24,0.1,0.36000000000000004,208.25
spx,0.6277197896932536,0.021826305560302295,-0.48171325665072606,0.04530974653273412,0.23952236064469262,4,24,0.1,0.38,213.0
spx,0.8495851405253896,0.027629513885192747,-0.48171325665072606,0.057356764638981005,0.2797826755445398,4,24,0.1,0.4,266.5
spx,0.5094142685124508,0.018414748010505244,-0.4124889357106132,0.0446430107968383,0.23955664758188194,57,24,0.12000000000000001,0.02,3.491228070175439
spx,0.5823774995418189,0.0205476810045353,-0.36441567138845676,0.056385283668637994,0.25370766004402434,40,24,0.12000000000000001,0.04,5.975
spx,0.4221844184961543,0.01573147768032168,-0.34019793152879174,0.04624213207184151,0.20443696829872135,26,24,0.12000000000000001,0.06,9.76923076923077
spx,0.4346115585755259,0.016123202447575702,-0.3529641476196431,0.045679433892391215,0.20431605638393083,19,24,0.12000000000000001,0.08,16.157894736842106
spx,0.18702712128194277,0.007627587867800489,-0.4641439961443229,0.01643366698947612,0.12419393038522512,13,24,0.12000000000000001,0.1,26.846153846153847
spx,0.03309089082172889,0.0014438665091625058,-0.49049992763582884,0.0029436630421574763,0.06794846256469847,10,24,0.12000000000000001,0.12000000000000001,31.2
spx,0.07235904732791698,0.0031009917163271616,-0.4829480869791738,0.006420962832100184,0.08310907452507603,9,24,0.12000000000000001,0.13999999999999999,35.666666666666664
spx,0.27741711372966416,0.010910251703713847,-0.45811868006227685,0.023815339078141724,0.15310786149163128,8,24,0.12000000000000001,0.16,47.75
spx,0.2689588549428896,0.01061265207339046,-0.3992490316139051,0.026581534914412654,0.15034293042516986,7,24,0.12000000000000001,0.18,67.57142857142857
spx,0.23650261702212672,0.009452823433961699,-0.46944821989621055,0.020136029988678212,0.13960367696567488,6,24,0.12000000000000001,0.19999999999999998,80.83333333333333
spx,0.3429065645569769,0.0131527100452149,-0.47928234680807225,0.02744250885268236,0.17048168100188424,6,24,0.12000000000000001,0.22,104.83333333333333
spx,0.19646758604480286,0.007981407089998394,-0.46567846577117256,0.017139308936652307,0.1267932590609189,5,24,0.12000000000000001,0.24,95.8
spx,0.22972893661020222,0.009207098748073461,-0.48171325665072606,0.019113235147583278,0.13732191226327012,4,24,0.12000000000000001,0.26,127.75
spx,0.34613524496689707,0.013260542480801663,-0.48171325665072606,0.027527875344349164,0.17237654907773928,4,24,0.12000000000000001,0.28,131.75
spx,0.4556022854792665,0.01677755980001594,-0.48171325665072606,0.03482893519822889,0.20011074115883482,4,24,0.12000000000000001,0.30000000000000004,177.5
spx,0.5004484000726286,0.01814588070636769,-0.48171325665072606,0.03766946509326533,0.21038475953714797,4,24,0.12000000000000001,0.32,193.0
spx,0.5905533064099115,0.02078079994591464,-0.48171325665072606,0.04313935657573587,0.23168980230192854,4,24,0.12000000000000001,0.34,202.5
spx,0.6588464490345414,0.02268450095349528,-0.48171325665072606,0.0470912947491147,0.24730726659330088,4,24,0.12000000000000001,0.36000000000000004,205.25
spx,0.7219138247953512,0.024377143594044526,-0.48171325665072606,0.0506050918414304,0.2607266117901391,4,24,0.12000000000000001,0.38,210.0
spx,0.9566182359968147,0.030194838769031174,-0.48171325665072606,0.06268218354415027,0.30020211417282416,4,24,0.12000000000000001,0.4,263.5
spx,-0.0006905623284586548,-3.061539853321804e-05,-0.4124889357106132,-7.422113875727484e-05,0.044106852064989904,45,24,0.13999999999999999,0.02,3.933333333333333
spx,0.04849743240495652,0.0021010868688826623,-0.3360353856538988,0.0062525762422136295,0.06883221002693544,32,24,0.13999999999999999,0.04,5.96875
spx,0.059856387828822966,0.002579758864426296,-0.33691106866841536,0.0076570914533095075,0.07433552245676033,21,24,0.13999999999999999,0.06,9.952380952380953
spx,0.11857248736347903,0.004978484898191526,-0.3304915100737079,0.015063881359860648,0.09959772576383254,16,24,0.13999999999999999,0.08,14.5
spx,-0.05846752232620234,-0.0026665232329395883,-0.4426940869368551,-0.006023399253850742,0.02070018751703177,10,24,0.13999999999999999,0.1,21.4
spx,-0.12794340403802507,-0.006048996218699698,-0.47010502636613394,-0.012867329382665507,-0.012733135053659268,8,24,0.13999999999999999,0.12000000000000001,27.75
spx,-0.12417713814398545,-0.005859137605668252,-0.4622508912586021,-0.012675232685252759,-0.010960843723022327,7,24,0.13999999999999999,0.13999999999999999,32.142857142857146
spx,0.008328445267691276,0.00036765052396448006,-0.4364275820242718,0.0008424090023348554,0.05271237304852888,6,24,0.13999999999999999,0.16,40.0
spx,0.15408362531224773,0.00637147320015341,-0.37520142622092567,0.01698147382947784,0.11338184807827377,6,24,0.13999999999999999,0.18,43.333333333333336
spx,0.10547062739979052,0.00445384437075802,-0.44821063474049416,0.009936944877126165,0.09436854638860155,5,24,0.13999999999999999,0.19999999999999998,53.4
spx,-0.03254882777214296,-0.0014654677969276886,-0.4584384142901473,-0.0031966513957972743,0.03570353350683968,4,24,0.13999999999999999,0.22,57.5
spx,0.0320743872320004,0.0014001752103376397,-0.44428998021845645,0.0031514895061310554,0.0641807911374323,4,24,0.13999999999999999,0.24,61.5
spx,0.04673355659122702,0.002026312077562542,-0.4609666316091404,0.004395789062841925,0.07066690106496336,3,24,0.13999999999999999,0.26,90.0
spx,0.12776590130503962,0.005343124037190172,-0.4609666316091404,0.011591129749540475,0.10307955273832561,3,24,0.13999999999999999,0.28,91.66666666666667
spx,0.1871275762709783,0.007631366956123653,-0.4609666316091404,0.01655513964098466,0.12483826688771764,3,24,0.13999999999999999,0.30000000000000004,120.66666666666667
spx,0.21506232845075757,0.008670584047053786,-0.4609666316091404,0.018809569831088526,0.1342472098090232,3,24,0.13999999999999999,0.32,140.33333333333334
spx,0.2616156150960003,0.010352742443829221,-0.4609666316091404,0.02245876758517186,0.1498450576241242,3,24,0.13999999999999999,0.34,146.0
spx,0.3080179958776579,0.011971421085125389,-0.4609666316091404,0.025970255251091822,0.1649153985341448,3,24,0.13999999999999999,0.36000000000000004,148.66666666666666
spx,0.33308738315028874,0.012823236861575937,-0.4609666316091404,0.0278181455712155,0.17266459274731047,3,24,0.13999999999999999,0.38,152.66666666666666
spx,0.4943009172223318,0.0179606420420928,-0.4609666316091404,0.038962998209644516,0.21438794048857263,3,24,0.13999999999999999,0.4,222.33333333333334
spx,-0.01190240242117846,-0.0005305307613030497,-0.4124889357106134,-0.0012861696772280213,0.03794663228579179,43,24,0.16,0.02,3.86046511627907
spx,0.13340596228422386,0.005565422843703649,-0.30881132886420803,0.01802208119816389,0.10647516569629777,31,24,0.16,0.04,5.741935483870968
spx,0.11898035834414822,0.004994722932874618,-0.3102421999068282,0.01609943113597902,0.09998598281812002,20,24,0.16,0.06,9.5
spx,0.16539392512224294,0.006806547314537559,-0.30356445216496386,0.022422082908570354,0.11922207197127353,15,24,0.16,0.08,13.2
spx,-0.028903928500299325,-0.0012990374136554461,-0.44269408693685497,-0.0029343907045244503,0.034470773601206824,10,24,0.16,0.1,21.2
spx,-0.10056131408621016,-0.004686148250194644,-0.47010502636613394,-0.009968300671911793,0.0006294784157416576,8,24,0.16,0.12000000000000001,27.5
spx,-0.09667678954706582,-0.00449602931404447,-0.4622508912586021,-0.009726383224060041,0.0024339239599973127,7,24,0.16,0.13999999999999999,31.857142857142858
spx,0.03998939516147271,0.0017392966263258813,-0.4364275820242718,0.00398530408701151,0.06646477695376159,6,24,0.16,0.16,39.666666666666664
spx,0.190321206435474,0.007751351395954398,-0.37520142622092556,0.02065917359117462,0.1273849653387658,6,24,0.16,0.18,43.0
spx,0.1401817875454907,0.005831093225127981,-0.44821063474049416,0.01300971635468685,0.10790804667331565,5,24,0.16,0.19999999999999998,53.0
spx,-0.0021714014163345396,-9.633516008944465e-05,-0.4584384142901473,-0.00021013762609446986,0.04899533813565271,4,24,0.16,0.22,57.0
spx,0.06448094643814506,0.0027732370506636794,-0.44428998021845645,0.006241952720383396,0.07761059843431861,4,24,0.16,0.24,61.0
spx,0.07960040552612546,0.0034002324404460715,-0.4609666316091404,0.007376309275525116,0.08400080422908292,3,24,0.16,0.26,89.33333333333333
spx,0.16317712059644274,0.006721592220261918,-0.4609666316091404,0.014581515796052769,0.11660067267862526,3,24,0.16,0.28,91.0
spx,0.22440271899479924,0.009012972645170425,-0.4609666316091404,0.01955233204995333,0.13810170745999442,3,24,0.16,0.30000000000000004,120.0
spx,0.2532146067876915,0.010053614650302523,-0.4609666316091404,0.02180985338398011,0.14734034962017625,3,24,0.16,0.32,139.66666666666666
spx,0.3012296406272965,0.011738079525108525,-0.4609666316091404,0.025464054706374917,0.16298748696459367,3,24,0.16,0.34,145.33333333333334
spx,0.34908903024350124,0.013358977604676303,-0.4609666316091404,0.0289803571205205,0.17814058644001365,3,24,0.16,0.36000000000000004,148.0
spx,0.37494558227185415,0.014211961341515478,-0.4609666316091404,0.030830781160676255,0.1858937617758494,3,24,0.16,0.38,152.0
spx,0.10094810941052357,0.004271367767043843,-0.4609666316091404,0.009266110547163404,0.09266385055872635,2,24,0.16,0.4,133.5
spx,-0.03137042804821266,-0.001411595225575546,-0.3878238368678055,-0.0036397845913135694,0.0264169188836717,41,24,0.18,0.02,3.926829268292683
spx,0.11107499379118146,0.004678984600378744,-0.2797935997883928,0.016722986529775694,0.09687210254441433,29,24,0.18,0.04,5.9655172413793105
spx,0.06731749198412995,0.0028915128534774404,-0.31024219990682844,0.009320179054770164,0.07663390584953463,19,24,0.18,0.06,9.68421052631579
spx,0.11158816333080113,0.0046995455263734165,-0.3035644521649641,0.01548121162691201,0.09684025568308477,14,24,0.18,0.08,13.714285714285714
spx,0.05071456459284285,0.0021949059104720003,-0.40030221769668717,0.0054831220348998955,0.06938864921370202,10,24,0.18,0.1,20.0
spx,-0.02681788652652617,-0.0012040546926526119,-0.42979818965980265,-0.002801441982819088,0.033091469011230085,8,24,0.18,0.12000000000000001,26.0
spx,-0.022614876515895665,-0.0010132706276875236,-0.4213466241990863,-0.002404838604352395,0.035053050751289304,7,24,0.18,0.13999999999999999,30.142857142857142
spx,0.12525633311512951,0.0052438695256045165,-0.3935590466468527,0.013324225602949817,0.1025115269464306,6,24,0.18,0.16,37.666666666666664
spx,0.28791359047925247,0.011276957396645582,-0.3276756799113134,0.03441499655909078,0.16637128554047992,6,24,0.18,0.18,41.0
spx,0.23366332705622428,0.00934998122566899,-0.4062383856185908,0.023015996411642654,0.1446820900693082,5,24,0.18,0.19999999999999998,50.6
spx,0.07963884549546951,0.003401815803428798,-0.4172441484681214,0.00815305814573624,0.0830130005783474,4,24,0.18,0.22,54.0
spx,0.15175590446663412,0.006281427178100429,-0.4020195037317641,0.015624682682787277,0.11302908911404665,4,24,0.18,0.24,58.0
spx,0.16811498194490326,0.006910616103724232,-0.41996467642923274,0.016455231812546794,0.11932760823652588,3,24,0.18,0.26,85.33333333333333
spx,0.25854400782860654,0.010243595620843315,-0.41996467642923274,0.024391564804782908,0.1535931580048593,3,24,0.18,0.28,87.0
spx,0.3247893875094414,0.012542992412651,-0.41996467642923274,0.02986677955702922,0.17488529642000591,3,24,0.18,0.30000000000000004,116.0
spx,0.3559635123214746,0.013587275091341056,-0.41996467642923274,0.032353376019305796,0.18381130380174815,3,24,0.18,0.32,135.66666666666666
spx,0.4079152160254955,0.01527763304628249,-0.41996467642923274,0.03637837633436508,0.2000732835704962,3,24,0.18,0.34,141.33333333333334
spx,0.4596985145045127,0.01690420181831631,-0.41996467642923274,0.040251484867834586,0.2159427785503554,3,24,0.18,0.36000000000000004,144.0
spx,0.4876750006665731,0.017760169708515017,-0.41996467642923274,0.04228967507344095,0.223924900543249,3,24,0.18,0.38,148.0
spx,0.19121294727526683,0.00778479908680052,-0.41996467642923274,0.0185367949347338,0.12792400020389857,2,24,0.18,0.4,127.5
spx,0.027109525297856374,0.0011861830722454947,-0.3878238368678055,0.0030585615413057233,0.056245144936410946,40,24,0.19999999999999998,0.02,3.6
spx,0.18338718536340903,0.007490447915387222,-0.2797935997883928,0.026771334015689523,0.12906760987899238,29,24,0.19999999999999998,0.04,5.551724137931035
spx,0.13903639672907353,0.005786290245542558,-0.31024219990682844,0.018650880658015866,0.10935763252488627,19,24,0.19999999999999998,0.06,9.105263157894736
spx,0.14513354464063988,0.006024291979850549,-0.3035644521649641,0.019845182586058552,0.11152669410018022,14,24,0.19999999999999998,0.08,13.642857142857142
spx,0.08242290935557772,0.0035163498717132313,-0.40030221769668717,0.008784237798996166,0.08383328437676062,10,24,0.19999999999999998,0.1,19.9
spx,0.03857554684252529,0.0016789011253057762,-0.42979818965980265,0.0039062545299101276,0.06404262437066313,8,24,0.19999999999999998,0.12000000000000001,24.625
spx,0.006880540703729343,0.0003039431928015812,-0.4213466241990863,0.0007213614049461758,0.04919794793406176,7,24,0.19999999999999998,0.13999999999999999,30.0
spx,0.15921419089993316,0.0065693336974190775,-0.3935590466468527,0.01669211711276924,0.11678840444883738,6,24,0.19999999999999998,0.16,37.5
spx,0.37445555461739244,0.01419593879779324,-0.3276756799113134,0.04332313829831808,0.19776819871958948,6,24,0.19999999999999998,0.18,39.166666666666664
spx,0.28726710884185214,0.011254454550289728,-0.4062383856185908,0.027704064777512954,0.16449228635958418,5,24,0.19999999999999998,0.19999999999999998,50.2
spx,0.11222006392131023,0.004724851135550434,-0.4172441484681214,0.011323948227668017,0.09682917609267998,4,24,0.19999999999999998,0.22,53.75
spx,0.18651346330517127,0.007608259421421071,-0.4020195037317641,0.018925100276969305,0.1268853432159591,4,24,0.19999999999999998,0.24,57.75
spx,0.20336622316508945,0.008238277964019769,-0.41996467642923274,0.01961659736258314,0.1330482368532971,3,24,0.19999999999999998,0.26,85.0
spx,0.29652420591862505,0.011575652180842333,-0.41996467642923274,0.027563394805641277,0.16739627346844307,3,24,0.19999999999999998,0.28,86.66666666666667
spx,0.36476873114159125,0.013878080841987162,-0.41996467642923274,0.0330458289015784,0.18832042159813397,3,24,0.19999999999999998,0.30000000000000004,115.66666666666667
spx,0.39688362515063225,0.014923740459465762,-0.41996467642923274,0.035535704065293036,0.19702654923672094,3,24,0.19999999999999998,0.32,135.33333333333334
spx,0.45040312146700434,0.016616327235666084,-0.41996467642923274,0.03956601154398771,0.2132881020527918,3,24,0.19999999999999998,0.34,141.0
spx,0.5037491304446244,0.01824504071974009,-0.41996467642923274,0.043444226964204025,0.22919536019895786,3,24,0.19999999999999998,0.36000000000000004,143.66666666666666
spx,0.5876400274421545,0.020697864456209025,-0.41996467642923274,0.04928477469151331,0.25296562372557996,3,24,0.19999999999999998,0.38,144.33333333333334
spx,0.22716123626912332,0.00911361360095353,-0.41996467642923274,0.021700905129551397,0.14148726767891426,2,24,0.19999999999999998,0.4,127.0
spx,-0.06934930416302898,-0.0031802222979046,-0.35458216554708466,-0.008968929085865999,0.0009019258226501855,36,24,0.22,0.02,3.5
spx,0.057980735902426694,0.002501056936512036,-0.24592859770346331,0.010169849947779435,0.07138967358753805,26,24,0.22,0.04,5.269230769230769
spx,0.0659253267607589,0.002833501148966855,-0.2514129469817976,0.011270307209644224,0.07546433590963879,17,24,0.22,0.06,8.647058823529411
spx,0.09596687559288997,0.00406955179133206,-0.2314294150073588,0.017584418952114017,0.09009039895869218,13,24,0.22,0.08,14.23076923076923
spx,0.024135320451675657,0.0010575169242785787,-0.3381870342539981,0.003127017943225825,0.05558024011514594,9,24,0.22,0.1,21.333333333333332
spx,-0.1451733973555993,-0.00692768115006237,-0.37073812458402244,-0.01868618491242411,-0.03778466879146227,6,24,0.22,0.12000000000000001,26.333333333333332
spx,-0.10330558083417551,-0.0048209335302284995,-0.3614111672935182,-0.013339193601378686,-0.011453559164316226,6,24,0.22,0.13999999999999999,33.666666666666664
spx,0.03235771630991713,0.001412357376885165,-0.3307454225577149,0.004270225014644638,0.05983622902076863,5,24,0.22,0.16,43.4
spx,0.055612025397707265,0.0024014756335413168,-0.2762062693912487,0.008694500812143423,0.07019741724558431,4,24,0.22,0.18,40.0
spx,-0.06443634613816895,-0.002947588113839994,-0.3447380554741739,-0.008550225503203295,0.008714070101018196,3,24,0.22,0.19999999999999998,56.666666666666664
spx,-0.05268364958853533,-0.0023957872984161632,-0.3568837674755918,-0.006713074442591501,0.01649746030972432,3,24,0.22,0.22,66.0
spx,-0.0038372113489623105,-0.00017037543656406307,-0.3400821924444175,-0.0005009831162856577,0.041931225196990676,3,24,0.22,0.24,71.0
spx,-0.009652536302481973,-0.0004297800851117417,-0.3598860808598814,-0.0011942114684870876,0.03945543658420902,2,24,0.22,0.26,117.5
spx,0.05643572590631729,0.002436128447602215,-0.3598860808598814,0.006769165514213652,0.07161870609983645,2,24,0.22,0.28,118.5
spx,0.08747170253476444,0.0037233366675857305,-0.3598860808598814,0.010345875724589027,0.08624603401250787,2,24,0.22,0.30000000000000004,158.0
spx,0.10763539469079597,0.004540937045704796,-0.3598860808598814,0.012617706788923497,0.09517410511790173,2,24,0.22,0.32,181.0
spx,0.11892820202641619,0.004992646816954327,-0.3598860808598814,0.013872853334658897,0.1000617633513568,2,24,0.22,0.34,186.5
spx,0.15696532722053513,0.006482709397464426,-0.3598860808598814,0.018013226246414386,0.11619309883193621,2,24,0.22,0.36000000000000004,189.5
spx,-0.10788256109907379,-0.005046612446685139,-0.3598860808598814,-0.014022805312801178,-0.01557606114682515,1,24,0.22,0.38,163.0
spx,-0.10006717823046873,-0.00466192041810598,-0.3598860808598814,-0.012953878090998079,-0.009431730942221132,1,24,0.22,0.4,197.0
spx,-0.10212630956354918,-0.004762965119133322,-0.35458216554708466,-0.01343261331766234,-0.01984532140435831,33,24,0.24,0.02,3.515151515151515
spx,0.08177548772356458,0.003489740628447535,-0.24592859770346331,0.014190056223780072,0.08338387770116586,26,24,0.24,0.04,5.038461538461538
spx,0.08989875817537096,0.0038225127030717676,-0.2514129469817976,0.015204120348458104,0.08740109083704935,17,24,0.24,0.06,8.294117647058824
spx,0.12061596316505341,0.005059782359725373,-0.2314294150073588,0.021863177416598,0.10165725225220976,13,24,0.24,0.08,13.76923076923077
spx,0.051328342411808725,0.00222084478435014,-0.3381870342539981,0.006566912860065938,0.06881764247035733,9,24,0.24,0.1,20.88888888888889
spx,-0.1451733973555993,-0.00692768115006237,-0.37073812458402244,-0.01868618491242411,-0.03778466879146227,6,24,0.24,0.12000000000000001,26.333333333333332
spx,-0.07964856000090204,-0.003671737146158316,-0.3614111672935182,-0.010159445746114241,0.0011557846285434957,6,24,0.24,0.13999999999999999,32.5
spx,0.055576187891328566,0.0023999673746908368,-0.3307454225577149,0.007256237610581123,0.07096403843053463,5,24,0.24,0.16,42.2
spx,0.055612025397707265,0.0024014756335413168,-0.2762062693912487,0.008694500812143423,0.07019741724558431,4,24,0.24,0.18,40.0
spx,-0.06443634613816895,-0.002947588113839994,-0.3447380554741739,-0.008550225503203295,0.008714070101018196,3,24,0.24,0.19999999999999998,56.666666666666664
spx,-0.05268364958853533,-0.0023957872984161632,-0.3568837674755918,-0.006713074442591501,0.01649746030972432,3,24,0.24,0.22,66.0
spx,-0.0038372113489623105,-0.00017037543656406307,-0.3400821924444175,-0.0005009831162856577,0.041931225196990676,3,24,0.24,0.24,71.0
spx,-0.009652536302481973,-0.0004297800851117417,-0.3598860808598814,-0.0011942114684870876,0.03945543658420902,2,24,0.24,0.26,117.5
spx,0.05643572590631729,0.002436128447602215,-0.3598860808598814,0.006769165514213652,0.07161870609983645,2,24,0.24,0.28,118.5
spx,0.1119297275216311,0.004713225792701392,-0.3598860808598814,0.013096438132422374,0.09714169540859148,2,24,0.24,0.30000000000000004,155.0
spx,0.13254691569547195,0.005531632502299821,-0.3598860808598814,0.015370509715416073,0.10598490100131118,2,24,0.24,0.32,178.0
spx,0.14409370643437747,0.005983787757453118,-0.3598860808598814,0.01662689410814656,0.11089453507801898,2,24,0.24,0.34,183.5
spx,0.1901067450923155,0.007743303741552188,-0.3598860808598814,0.021515985622591993,0.12988741458586398,2,24,0.24,0.36000000000000004,188.5
spx,-0.10788256109907379,-0.005046612446685139,-0.3598860808598814,-0.014022805312801178,-0.01557606114682515,1,24,0.24,0.38,163.0
spx,-0.10006717823046873,-0.00466192041810598,-0.3598860808598814,-0.012953878090998079,-0.009431730942221132,1,24,0.24,0.4,197.0
spx,-0.07445953534356176,-0.003423446217293069,-0.3475398120517611,-0.009850515246245214,-0.004353311928423765,32,24,0.26,0.02,3.5
spx,0.10366838814849566,0.004381212461816331,-0.24592859770346331,0.0178149776102864,0.09452105082885723,25,24,0.26,0.04,4.76
spx,0.0839705262171313,0.003579895851385295,-0.2514129469817976,0.014239106992546732,0.08450946045270837,16,24,0.26,0.06,8.0
spx,0.10484170172325569,0.004428510947405595,-0.23086595093476758,0.019182174458705237,0.09470597380178826,12,24,0.26,0.08,11.0
spx,0.009816971128481677,0.000433054104425068,-0.3159009077489634,0.0013708542577826417,0.04665525446491079,8,24,0.26,0.1,17.25
spx,-0.09312338710052825,-0.00432279939680047,-0.3371599307236831,-0.012821213326037808,-0.008322673336305774,6,24,0.26,0.12000000000000001,26.166666666666668
spx,-0.13921213751385242,-0.006621772652891766,-0.33063757233635394,-0.020027284274140238,-0.037995750343922365,5,24,0.26,0.13999999999999999,27.6
spx,-0.03534874556804479,-0.0015937228001861037,-0.2967154160049944,-0.005371216708737768,0.022205879433136903,4,24,0.26,0.16,35.0
spx,0.11988777041705512,0.0050308282635134205,-0.2762062693912487,0.01821402633112287,0.10178164937817306,4,24,0.26,0.18,39.75
spx,-0.0074702928741046115,-0.00033226636388339337,-0.31141954108883874,-0.0010669412803116542,0.038622099299197,3,24,0.26,0.19999999999999998,56.333333333333336
spx,0.004998020122233715,0.00022098185456265185,-0.32418283371342593,0.00068165810024968,0.04590275023947662,3,24,0.26,0.22,65.66666666666667
spx,0.056818696182001194,0.002452231090634527,-0.3065269384763414,0.008000050836718864,0.07153996445454383,3,24,0.26,0.24,70.66666666666667
spx,0.05064927868792335,0.002192146009833529,-0.32733780760626396,0.006696892197892205,0.06875069955489384,2,24,0.26,0.26,117.0
spx,0.12076162568194881,0.0050655719737573435,-0.32733780760626396,0.015475059269201289,0.1013548705661907,2,24,0.26,0.28,118.0
spx,-0.08932676189233413,-0.004138427604505446,-0.32733780760626396,-0.01264268137789731,-0.007593383999977719,1,24,0.26,0.30000000000000004,143.0
spx,-0.08932676189233413,-0.004138427604505446,-0.32733780760626396,-0.01264268137789731,-0.007593383999977719,1,24,0.26,0.32,143.0
spx,-0.08932676189233413,-0.004138427604505446,-0.32733780760626396,-0.01264268137789731,-0.007593383999977719,1,24,0.26,0.34,143.0
spx,-0.0672535458679221,-0.003080842542107165,-0.32733780760626396,-0.009411813944244824,0.0053185719084149425,1,24,0.26,0.36000000000000004,147.0
spx,-0.05356192847033314,-0.0024367965497066324,-0.32733780760626396,-0.00744428688982275,0.014039572372715546,1,24,0.26,0.38,162.0
spx,-0.04527067042751176,-0.0020510954533820014,-0.32733780760626396,-0.006265990074232878,0.019734708240612308,1,24,0.26,0.4,196.0
spx,-0.08695476463258611,-0.0040236111001157315,-0.3475398120517611,-0.011577410588909659,-0.01316031065610809,30,24,0.28,0.02,3.566666666666667
spx,0.043171244126379626,0.001874929489237509,-0.24592859770346331,0.007623877445510702,0.06317346249776577,24,24,0.28,0.04,4.75
spx,0.1324268306904426,0.005526907043221563,-0.2514129469817976,0.02198338275562918,0.10880591363136415,16,24,0.28,0.06,7.9375
spx,0.10484170172325569,0.004428510947405595,-0.23086595093476758,0.019182174458705237,0.09470597380178826,12,24,0.28,0.08,11.0
spx,0.009816971128481677,0.000433054104425068,-0.3159009077489634,0.0013708542577826417,0.04665525446491079,8,24,0.28,0.1,17.25
spx,-0.052583641589422525,-0.002391119954989862,-0.3371599307236831,-0.007091945801084787,0.01400214010450541,6,24,0.28,0.12000000000000001,26.0
spx,-0.13921213751385242,-0.006621772652891766,-0.33063757233635394,-0.020027284274140238,-0.037995750343922365,5,24,0.28,0.13999999999999999,27.6
spx,-0.03534874556804479,-0.0015937228001861037,-0.2967154160049944,-0.005371216708737768,0.022205879433136903,4,24,0.28,0.16,35.0
spx,0.11988777041705512,0.0050308282635134205,-0.2762062693912487,0.01821402633112287,0.10178164937817306,4,24,0.28,0.18,39.75
spx,-0.0074702928741046115,-0.00033226636388339337,-0.31141954108883874,-0.0010669412803116542,0.038622099299197,3,24,0.28,0.19999999999999998,56.333333333333336
spx,0.004998020122233715,0.00022098185456265185,-0.32418283371342593,0.00068165810024968,0.04590275023947662,3,24,0.28,0.22,65.66666666666667
spx,0.056818696182001194,0.002452231090634527,-0.3065269384763414,0.008000050836718864,0.07153996445454383,3,24,0.28,0.24,70.66666666666667
spx,0.05064927868792335,0.002192146009833529,-0.32733780760626396,0.006696892197892205,0.06875069955489384,2,24,0.28,0.26,117.0
spx,0.12076162568194881,0.0050655719737573435,-0.32733780760626396,0.015475059269201289,0.1013548705661907,2,24,0.28,0.28,118.0
spx,-0.08932676189233413,-0.004138427604505446,-0.32733780760626396,-0.01264268137789731,-0.007593383999977719,1,24,0.28,0.30000000000000004,143.0
spx,-0.08932676189233413,-0.004138427604505446,-0.32733780760626396,-0.01264268137789731,-0.007593383999977719,1,24,0.28,0.32,143.0
spx,-0.08932676189233413,-0.004138427604505446,-0.32733780760626396,-0.01264268137789731,-0.007593383999977719,1,24,0.28,0.34,143.0
spx,-0.0672535458679221,-0.003080842542107165,-0.32733780760626396,-0.009411813944244824,0.0053185719084149425,1,24,0.28,0.36000000000000004,147.0
spx,-0.05356192847033314,-0.0024367965497066324,-0.32733780760626396,-0.00744428688982275,0.014039572372715546,1,24,0.28,0.38,162.0
spx,-0.04527067042751176,-0.0020510954533820014,-0.32733780760626396,-0.006265990074232878,0.019734708240612308,1,24,0.28,0.4,196.0
spx,0.04644000202044962,0.002013855930780961,-0.3325713325841345,0.006055410474297246,0.06360499503404884,27,24,0.30000000000000004,0.02,3.5185185185185186
spx,0.27900531804139916,0.010965921809510837,-0.2250110487399627,0.0487350371055946,0.1842038607181231,23,24,0.30000000000000004,0.04,4.434782608695652
spx,0.39425745040958127,0.014839099428905156,-0.2308659509347677,0.06427582486209937,0.23240378478584492,16,24,0.30000000000000004,0.06,7.625
spx,0.37186641129090625,0.014111190268042195,-0.2308659509347678,0.061122873299014,0.219320456876292,12,24,0.30000000000000004,0.08,10.333333333333334
spx,0.21541515947588508,0.008683563338893086,-0.3159009077489634,0.02748825066939549,0.14826318301314909,8,24,0.30000000000000004,0.1,16.875
spx,0.07887657876145382,0.003370407563822786,-0.3105810205332229,0.010851943103401108,0.08178348141512136,6,24,0.30000000000000004,0.12000000000000001,24.833333333333332
spx,-0.022251215692965287,-0.000996800119672514,-0.30213181706683645,-0.0032992226020737356,0.027562810804326137,5,24,0.30000000000000004,0.13999999999999999,26.4
spx,0.056152759806078256,0.0024242270677339306,-0.2967154160049945,0.008170209355395017,0.070220942954157,4,24,0.30000000000000004,0.16,34.5
spx,0.22611415676387248,0.009075437733520708,-0.2762062693912487,0.032857464653219974,0.15175223665232213,4,24,0.30000000000000004,0.18,39.25
spx,0.08667560898763704,0.0036907600633866444,-0.31141954108883874,0.011851408073116966,0.08564695083505214,3,24,0.30000000000000004,0.19999999999999998,55.666666666666664
spx,0.12556984816670114,0.0052562807387965815,-0.30867850783380235,0.017028334028447004,0.10392022119046733,3,24,0.30000000000000004,0.22,64.33333333333333
spx,0.15706269748702661,0.006486463348071236,-0.3065269384763415,0.02116115268796148,0.1181330831316527,3,24,0.30000000000000004,0.24,70.0
spx,0.18670822587627778,0.007615589087180741,-0.3273378076062641,0.023265229100394958,0.1311331413299164,2,24,0.30000000000000004,0.26,113.5
spx,0.227070901126613,0.009110321265086707,-0.3273378076062641,0.027831558266086364,0.14821903291371796,2,24,0.30000000000000004,0.28,117.0
spx,-0.0029453138737470796,-0.0001307185539418665,-0.3273378076062641,-0.00039933839264635256,0.03936561388141578,1,24,0.30000000000000004,0.30000000000000004,141.0
spx,-0.0029453138737470796,-0.0001307185539418665,-0.3273378076062641,-0.00039933839264635256,0.03936561388141578,1,24,0.30000000000000004,0.32,141.0
spx,-0.0029453138737470796,-0.0001307185539418665,-0.3273378076062641,-0.00039933839264635256,0.03936561388141578,1,24,0.30000000000000004,0.34,141.0
spx,0.02122164585897668,0.0009311226152726171,-0.3273378076062641,0.0028445312262633934,0.052360914267990645,1,24,0.30000000000000004,0.36000000000000004,145.0
spx,0.03621197467909276,0.0015777604829139147,-0.3273378076062641,0.0048199763249215394,0.06052538590373433,1,24,0.30000000000000004,0.38,160.0
spx,0.045289695797432694,0.0019650137806863643,-0.3273378076062641,0.006003015035311678,0.06548682043079143,1,24,0.30000000000000004,0.4,194.0
spx,0.3037230672032529,0.011823922957538535,-0.24246744290998268,0.04876499218053052,0.20557651943896307,25,24,0.32,0.02,3.24
spx,0.5935934751719267,0.020867193093304426,-0.18124256646060544,0.11513406315530232,0.32851197258574094,22,24,0.32,0.04,4.045454545454546
spx,0.5309500704815928,0.019054375896902398,-0.2222809780546967,0.08572202652542624,0.296455978101873,15,24,0.32,0.06,7.066666666666666
spx,0.4704301879134183,0.017234386493869325,-0.2222809780546967,0.07753423907298292,0.2660718588860111,11,24,0.32,0.08,9.909090909090908
spx,0.10023536436672198,0.004242544280858684,-0.3159009077489634,0.013429984456486911,0.0928036884296489,7,24,0.32,0.1,17.571428571428573
spx,0.04480328571230929,0.0019443452915517412,-0.2437402908434979,0.007977118944196948,0.0637100387319367,5,24,0.32,0.12000000000000001,23.2
spx,0.07254374084691828,0.0031086479299333725,-0.23447191798692846,0.013258082062120018,0.07853413670987981,5,24,0.32,0.13999999999999999,25.6
spx,0.11204874122583908,0.004717991564301194,-0.28026245921769144,0.016834190271043523,0.09838666758388968,4,24,0.32,0.16,34.25
spx,0.29100519973909766,0.011384421645652898,-0.2762062693912487,0.04121710079479319,0.18085110435064441,4,24,0.32,0.18,39.0
spx,0.08667560898763704,0.0036907600633866444,-0.31141954108883874,0.011851408073116966,0.08564695083505214,3,24,0.32,0.19999999999999998,55.666666666666664
spx,0.17263565238013867,0.007083001317522264,-0.27977083759740395,0.025317153776101747,0.12534703809060882,3,24,0.32,0.22,63.333333333333336
spx,0.23490344482746606,0.00939492745035464,-0.2775293001741721,0.0338520201090788,0.15216437378258402,3,24,0.32,0.24,68.66666666666667
spx,-0.05864251802356257,-0.0026747393141166587,-0.3273378076062641,-0.00817118967612183,0.007112157368969279,1,24,0.32,0.26,125.0
spx,-0.04431158783189726,-0.002006686621115694,-0.3273378076062641,-0.006130323398296303,0.015575559686177281,1,24,0.32,0.28,130.0
spx,-0.0029453138737470796,-0.0001307185539418665,-0.3273378076062641,-0.00039933839264635256,0.03936561388141578,1,24,0.32,0.30000000000000004,141.0
spx,-0.0029453138737470796,-0.0001307185539418665,-0.3273378076062641,-0.00039933839264635256,0.03936561388141578,1,24,0.32,0.32,141.0
spx,-0.0029453138737470796,-0.0001307185539418665,-0.3273378076062641,-0.00039933839264635256,0.03936561388141578,1,24,0.32,0.34,141.0
spx,0.02122164585897668,0.0009311226152726171,-0.3273378076062641,0.0028445312262633934,0.052360914267990645,1,24,0.32,0.36000000000000004,145.0
spx,0.03621197467909276,0.0015777604829139147,-0.3273378076062641,0.0048199763249215394,0.06052538590373433,1,24,0.32,0.38,160.0
spx,0.045289695797432694,0.0019650137806863643,-0.3273378076062641,0.006003015035311678,0.06548682043079143,1,24,0.32,0.4,194.0
spx,0.43525688849569066,0.01614345567300468,-0.15727999690111805,0.10264150553839388,0.2880334595843808,21,24,0.34,0.02,3.0952380952380953
spx,0.6676562819928507,0.02292460370466931,-0.18124256646060555,0.1264857596774991,0.38272589939573715,19,24,0.34,0.04,3.8421052631578947
spx,0.43503523091505625,0.016136500087238215,-0.2222809780546967,0.07259505616925756,0.26462018815614696,13,24,0.34,0.06,6.769230769230769
spx,0.4623861258911335,0.01698710958750116,-0.2222809780546966,0.07642178712800674,0.26825710836290617,10,24,0.34,0.08,9.7
spx,0.1919102885856605,0.007810938511287002,-0.2762062693912486,0.02827936718634992,0.1402600536209723,7,24,0.34,0.1,16.285714285714285
spx,0.07907539273218567,0.0033786014866332703,-0.22601791577526342,0.014948379092180985,0.08195787435788382,5,24,0.34,0.12000000000000001,22.8
spx,0.21633914489243455,0.008717536142061055,-0.22601791577526353,0.03857011118857129,0.15096546495841714,5,24,0.34,0.13999999999999999,25.0
spx,0.2210859507188665,0.008891677318592084,-0.2762062693912486,0.0321921632633072,0.151517933195975,4,24,0.34,0.16,34.0
spx,0.32147995836816556,0.012430756368902562,-0.2762062693912487,0.045005337483105,0.19463872495762632,4,24,0.34,0.18,38.0
spx,0.13152817952617135,0.005491529056929956,-0.29953319472454853,0.018333624298235058,0.10728717248781874,3,24,0.34,0.19999999999999998,53.666666666666664
spx,0.2547912191915891,0.010109897575794502,-0.2561455568672911,0.03946934586506388,0.16121762898164546,3,24,0.34,0.22,62.333333333333336
spx,0.027086872049802535,0.0011852044235225456,-0.2538304915259251,0.004669275217479119,0.054401319169602676,2,24,0.34,0.24,57.5
spx,-0.05864251802356257,-0.0026747393141166587,-0.3273378076062641,-0.00817118967612183,0.007112157368969279,1,24,0.34,0.26,125.0
spx,-0.04431158783189726,-0.002006686621115694,-0.3273378076062641,-0.006130323398296303,0.015575559686177281,1,24,0.34,0.28,130.0
spx,-0.0029453138737470796,-0.0001307185539418665,-0.3273378076062641,-0.00039933839264635256,0.03936561388141578,1,24,0.34,0.30000000000000004,141.0
spx,-0.0029453138737470796,-0.0001307185539418665,-0.3273378076062641,-0.00039933839264635256,0.03936561388141578,1,24,0.34,0.32,141.0
spx,-0.0029453138737470796,-0.0001307185539418665,-0.3273378076062641,-0.00039933839264635256,0.03936561388141578,1,24,0.34,0.34,141.0
spx,0.02122164585897668,0.0009311226152726171,-0.3273378076062641,0.0028445312262633934,0.052360914267990645,1,24,0.34,0.36000000000000004,145.0
spx,0.03621197467909276,0.0015777604829139147,-0.3273378076062641,0.0048199763249215394,0.06052538590373433,1,24,0.34,0.38,160.0
spx,0.045289695797432694,0.0019650137806863643,-0.3273378076062641,0.006003015035311678,0.06548682043079143,1,24,0.34,0.4,194.0
spx,0.3948060009121199,0.014856791671518765,-0.12417357295837594,0.11964535865049877,0.32430587232235325,13,24,0.36000000000000004,0.02,2.230769230769231
spx,0.45224756024878787,0.016673588709477993,-0.13349719209071942,0.12489842256867306,0.348936642140662,12,24,0.36000000000000004,0.04,2.75
spx,0.35665121105206765,0.013610052264723338,-0.14273223766742282,0.09535373708941504,0.2731620045479712,9,24,0.36000000000000004,0.06,4.555555555555555
spx,0.2776983434197744,0.01092011424969952,-0.1743133360401189,0.06264646468120037,0.21531187130734097,6,24,0.36000000000000004,0.08,7.833333333333333
spx,0.16750065939845515,0.006887141156311394,-0.22601791577526353,0.030471660322536055,0.14219082627301016,5,24,0.36000000000000004,0.1,12.6
spx,0.28596886269304367,0.01120923232971327,-0.22601791577526353,0.04959444162319836,0.20168610677101448,5,24,0.36000000000000004,0.12000000000000001,18.8
spx,0.4495504923394775,0.01658983343718612,-0.22601791577526353,0.07340052393758861,0.28706818024157005,5,24,0.36000000000000004,0.13999999999999999,21.0
spx,0.3725684404828855,0.01413418436904923,-0.2762062693912486,0.05117256896521793,0.24118258460810602,4,24,0.36000000000000004,0.16,30.0
spx,0.21616331920547371,0.008711073339393804,-0.2762062693912486,0.03153828969412165,0.16732937124649583,3,24,0.36000000000000004,0.18,31.333333333333332
spx,0.060365471514932656,0.002601096933450009,-0.25186179468058656,0.010327477165596887,0.07225213572353843,2,24,0.36000000000000004,0.19999999999999998,36.5
spx,0.09924494217822533,0.004202461860075779,-0.25186179468058656,0.01668558689262649,0.09544319245988334,2,24,0.36000000000000004,0.22,46.5
spx,0.11542896414098736,0.004853145712048201,-0.25186179468058656,0.019269082546652244,0.10443905048793956,2,24,0.36000000000000004,0.24,50.5
spx,-0.023050514958312895,-0.0010330087752133954,-0.3273378076062641,-0.0031557881528183956,0.021238143704911044,1,24,0.36000000000000004,0.26,114.0
spx,-0.008177743307822949,-0.00036385637828340034,-0.3273378076062641,-0.0011115623366093487,0.030735592250888486,1,24,0.36000000000000004,0.28,119.0
spx,0.03475255768331498,0.0015151997828024566,-0.3273378076062641,0.004628856635543316,0.05716036822593572,1,24,0.36000000000000004,0.30000000000000004,130.0
spx,0.03475255768331498,0.0015151997828024566,-0.3273378076062641,0.004628856635543316,0.05716036822593572,1,24,0.36000000000000004,0.32,130.0
spx,0.03475255768331498,0.0015151997828024566,-0.3273378076062641,0.004628856635543316,0.05716036822593572,1,24,0.36000000000000004,0.34,130.0
spx,0.05983325159391861,0.0025787888843553652,-0.3273378076062641,0.007878066096957681,0.07165670390789035,1,24,0.36000000000000004,0.36000000000000004,134.0
spx,0.07539035322832666,0.0032264912042638816,-0.3273378076062641,0.009856763042003518,0.08031318103095102,1,24,0.36000000000000004,0.38,149.0
spx,0.08481129600693449,0.0036143819726692783,-0.3273378076062641,0.011041749192066477,0.08525893360881306,1,24,0.36000000000000004,0.4,183.0
spx,0.19296304864249092,0.007850372921901938,-0.09642421831186587,0.08141495009595405,0.21741383163782013,8,24,0.38,0.02,2.25
spx,0.1961742638852324,0.007970453889840412,-0.12211720938998272,0.06526888331018665,0.2134193497797745,7,24,0.38,0.04,3.0
spx,0.16821755977903652,0.006914534734212108,-0.13147354096592812,0.052592595311660745,0.1883970180315569,5,24,0.38,0.06,4.4
spx,0.3670794416981509,0.013954098553075278,-0.131473540965928,0.1061361734882576,0.3131910918518814,5,24,0.38,0.08,6.0
spx,0.38359231008205197,0.014493791198177952,-0.131473540965928,0.1102411260219582,0.3215466697091109,5,24,0.38,0.1,6.6
spx,0.35357159011569306,0.013507966502735336,-0.13147354096592812,0.10274285155395624,0.2991374020404695,4,24,0.38,0.12000000000000001,11.5
spx,0.4322449605238252,0.016048853846062583,-0.13147354096592812,0.12206907738357566,0.34631745577862305,4,24,0.38,0.13999999999999999,12.25
spx,0.2689433976350668,0.010612106482313033,-0.2762062693912486,0.038420947162791916,0.21224463519555806,3,24,0.38,0.16,28.0
spx,0.32725954076837627,0.012626590737303323,-0.2762062693912486,0.04571435241181165,0.2400797843773964,3,24,0.38,0.18,29.333333333333332
spx,0.13210065195746035,0.005514069182673387,-0.25186179468058656,0.021893233904992933,0.12033861688412273,2,24,0.38,0.19999999999999998,25.5
spx,0.17361037220777198,0.007120086738950482,-0.25186179468058656,0.028269816579288023,0.1426089032753457,2,24,0.38,0.22,35.5
spx,0.19088926548327678,0.007772661097535938,-0.25186179468058656,0.030860818360296756,0.1513038621361749,2,24,0.38,0.24,39.5
spx,0.008999670169156149,0.00039715454840605346,-0.3273378076062641,0.0012132865167954199,0.04107392148595465,1,24,0.38,0.26,113.0
spx,0.024360363756302128,0.0010672649321608052,-0.3273378076062641,0.003260438932995351,0.050540899292090595,1,24,0.38,0.28,118.0
spx,0.06869905291429124,0.002949011229385512,-0.3273378076062641,0.009009076131323972,0.07670167306802275,1,24,0.38,0.30000000000000004,129.0
spx,0.06869905291429124,0.002949011229385512,-0.3273378076062641,0.009009076131323972,0.07670167306802275,1,24,0.38,0.32,129.0
spx,0.06869905291429124,0.002949011229385512,-0.3273378076062641,0.009009076131323972,0.07670167306802275,1,24,0.38,0.34,129.0
spx,0.09460255383310567,0.004014123010003701,-0.3273378076062641,0.012262937298193369,0.09117087571170755,1,24,0.38,0.36000000000000004,133.0
spx,0.11067002780002833,0.004662752607901055,-0.3273378076062641,0.014244467029331404,0.09948089863816348,1,24,0.38,0.38,148.0
spx,0.12040003769495367,0.005051198697108239,-0.3273378076062641,0.015431149655599934,0.1040094791121021,1,24,0.38,0.4,182.0
spx,0.09773955295793635,0.0041414725596133906,-0.06712291403208603,0.06169983260312101,0.15783671479916805,5,24,0.4,0.02,2.0
spx,0.05105016604912471,0.00220909056248475,-0.07966371464718613,0.027730197772829805,0.08819760460935067,4,24,0.4,0.04,2.75
spx,0.035768833874815,0.0015587733121220637,-0.12495796362883826,0.012474381518828818,0.06501967824480387,3,24,0.4,0.06,5.666666666666667
spx,0.06660393221693073,0.002861787765506829,-0.12495796362883838,0.022902003861131844,0.1014860371704231,2,24,0.4,0.08,8.0
spx,0.06660393221693073,0.002861787765506829,-0.12495796362883838,0.022902003861131844,0.1014860371704231,2,24,0.4,0.1,8.0
spx,0.10550370532626219,0.004455176383965087,-0.12495796362883838,0.03565340098849771,0.1461899066024863,2,24,0.4,0.12000000000000001,9.5
spx,0.15205683091771216,0.0062930780611649695,-0.12495796362883826,0.05036156062735828,0.1954568240820777,2,24,0.4,0.13999999999999999,10.5
spx,0.17608639238097545,0.007214160334265696,-0.12495796362883826,0.05773269765898126,0.21999234977217538,2,24,0.4,0.16,11.0
spx,0.23013515651265282,0.009221871358487732,-0.12495796362883838,0.073799789070502,0.25524594800900435,2,24,0.4,0.18,13.0
spx,0.24860969369762587,0.009888837190709099,-0.12495796362883838,0.07913731068859149,0.2363427084279216,2,24,0.4,0.19999999999999998,16.0
spx,0.2943913465900607,0.011501842172066512,-0.12495796362883826,0.09204569151134978,0.25393547062757366,2,24,0.4,0.22,26.0
spx,0.313448480426048,0.01215725573650106,-0.12495796362883826,0.09729076389730285,0.2612389120677224,2,24,0.4,0.24,30.0
spx,0.06196533511864888,0.002668090998189765,-0.2762062693912486,0.009659777108137943,0.07455662997062036,1,24,0.4,0.26,96.0
spx,0.07813236132807644,0.003339722555899094,-0.2762062693912486,0.012091407495057065,0.085676207364517,1,24,0.4,0.28,101.0
spx,0.12479853207369374,0.0052257404828823795,-0.2762062693912486,0.018919702635279697,0.11557868780305476,1,24,0.4,0.30000000000000004,112.0
spx,0.12479853207369374,0.0052257404828823795,-0.2762062693912486,0.018919702635279697,0.11557868780305476,1,24,0.4,0.32,112.0
spx,0.12479853207369374,0.0052257404828823795,-0.2762062693912486,0.018919702635279697,0.11557868780305476,1,24,0.4,0.34,112.0
spx,0.15206179176275136,0.0062932701044096095,-0.2762062693912486,0.022784675084601854,0.13240668185406496,1,24,0.4,0.36000000000000004,116.0
spx,0.16897269954623217,0.006943372114128321,-0.2762062693912486,0.025138358117038153,0.1407048120996422,1,24,0.4,0.38,131.0
spx,0.1792134692157008,0.007332699989512914,-0.2762062693912486,0.026547912926357515,0.14428155357651373,1,24,0.4,0.4,165.0
spx,0.8251683995760575,0.027024454176421964,-0.4383417747039253,0.06165155989222207,0.30753771498671345,93,36,0.02,0.02,4.494623655913978
spx,0.824979459437847,0.027019742046661133,-0.4041756476868701,0.06685148450011102,0.2988553272720481,55,36,0.02,0.04,8.49090909090909
spx,0.83470580851373,0.027261711623892015,-0.3591682281200853,0.07590234739465111,0.2974387330917824,36,36,0.02,0.06,14.583333333333334
spx,0.8925774255583541,0.02867656623128223,-0.36111350928875685,0.07941150218324182,0.3059386135126429,26,36,0.02,0.08,21.53846153846154
spx,0.5639878370213209,0.020019096967768713,-0.47089305705326756,0.04251304339257681,0.22737137448843522,19,36,0.02,0.1,31.894736842105264
spx,0.46128981743798847,0.016953308127389377,-0.4969170378235568,0.034116978966233565,0.2006339642204938,15,36,0.02,0.12000000000000001,43.333333333333336
spx,0.4737188635766256,0.017335109260426806,-0.5269143706503063,0.03289929109170469,0.20295706916378178,13,36,0.02,0.13999999999999999,56.23076923076923
spx,0.7146774734049146,0.024185966685089877,-0.5041962734885872,0.04796934836059898,0.25674025461082245,11,36,0.02,0.16,75.54545454545455
spx,1.2461087731928218,0.03651405344510894,-0.45033246603629495,0.08108243619762928,0.3516710948898186,11,36,0.02,0.18,88.45454545454545
spx,0.6131962821665757,0.021420497055569587,-0.5145624327611922,0.04162856767569508,0.23126173901668085,8,36,0.02,0.19999999999999998,135.0
spx,0.8143165602488429,0.026753052960478918,-0.5235603380044428,0.05109831860535605,0.27394352339750583,8,36,0.02,0.22,134.5
spx,1.0135786286343649,0.03150586076410855,-0.5111132307413838,0.06164164586075855,0.31069863957933647,8,36,0.02,0.24,138.875
spx,0.7951679115419994,0.026270344840204185,-0.5257845411914794,0.04996408753416942,0.2678493708561521,6,36,0.02,0.26,198.16666666666666
spx,1.0031299073033724,0.031268045832183455,-0.5257845411914794,0.05946931372559374,0.3059951237433443,6,36,0.02,0.28,203.5
spx,1.1426971749827546,0.03435109283948967,-0.5257845411914794,0.06533302170057477,0.32682230172901455,6,36,0.02,0.30000000000000004,222.16666666666666
spx,1.3602275405437791,0.038793168303450365,-0.5257845411914794,0.07378149272997117,0.3599119989502607,6,36,0.02,0.32,237.0
spx,1.572708687996108,0.04276935095891843,-0.5257845411914794,0.08134387302829192,0.37332435022839394,6,36,0.02,0.34,281.1666666666667
spx,1.7682029712151475,0.046159585191016594,-0.5257845411914794,0.0877918264512198,0.3963238545612071,6,36,0.02,0.36000000000000004,294.3333333333333
spx,1.96382663505883,0.04933032488146405,-0.5257845411914794,0.09382231887167448,0.4175519947082581,6,36,0.02,0.38,301.5
spx,1.580124732769828,0.042902386040706064,-0.5257845411914794,0.08159689507699303,0.38709835865027087,5,36,0.02,0.4,313.8
spx,0.6825734319404924,0.02332840448125717,-0.4229075757631219,0.055161945110966344,0.2767794910125451,82,36,0.04,0.02,4.463414634146342
spx,0.6275119413833949,0.021820522414807142,-0.40417564768686987,0.05398772177316414,0.2559123707423902,49,36,0.04,0.04,8.571428571428571
spx,0.7000877822718763,0.02379816637287413,-0.3591682281200853,0.06625910787665044,0.2713794388626113,33,36,0.04,0.06,14.0
spx,0.7853080119326614,0.02601986931795164,-0.3529641476196429,0.0737181651264787,0.28670513779604284,24,36,0.04,0.08,20.875
spx,0.4105459957999906,0.015361636864005268,-0.4641439961443229,0.0330967048838625,0.19034596274151108,17,36,0.04,0.1,32.1764705882353
spx,0.2215462536932138,0.00890852955548116,-0.4904999276358287,0.018162142446013347,0.1344260147204595,13,36,0.04,0.12000000000000001,44.69230769230769
spx,0.18918189798122098,0.007708583002964842,-0.5269143706503062,0.01462966932074955,0.12415252654339888,11,36,0.04,0.13999999999999999,56.63636363636363
spx,0.2939130655170592,0.011485274760936415,-0.5041962734885872,0.022779372567489613,0.15601362990686096,9,36,0.04,0.16,71.33333333333333
spx,0.3756228091444094,0.014234095799509516,-0.45033246603629495,0.03160797160549892,0.1800813237749325,8,36,0.04,0.18,82.125
spx,0.14815936724531276,0.006141955471254956,-0.5145624327611922,0.011936268721166885,0.11099683430142836,6,36,0.04,0.19999999999999998,118.16666666666667
spx,0.2446679901702773,0.009747329353974932,-0.5235603380044428,0.0186173944938744,0.14121419241934308,6,36,0.04,0.22,115.0
spx,0.3379807955438374,0.012987719449357726,-0.5111132307413838,0.025410650063819873,0.1683332872409524,6,36,0.04,0.24,118.16666666666667
spx,0.15863460682347785,0.006547023987908185,-0.5257845411914792,0.012451914187267637,0.11439717803586555,4,36,0.04,0.26,185.0
spx,0.25007528543425583,0.009941343330918784,-0.5257845411914792,0.018907637163296447,0.14245392680245383,4,36,0.04,0.28,189.25
spx,0.3052259299633011,0.011875587607820037,-0.5257845411914792,0.022586414543319958,0.1582115171101669,4,36,0.04,0.30000000000000004,190.75
spx,0.3849294467493958,0.01453722324152018,-0.5257845411914792,0.02764863190647905,0.18000176958999442,4,36,0.04,0.32,197.5
spx,0.455514323138545,0.016774836558068884,-0.5257845411914792,0.03190439285273672,0.19318261430524244,4,36,0.04,0.34,254.5
spx,0.5351891534869895,0.019179265986372762,-0.5257845411914792,0.036477424655564555,0.21133987888321126,4,36,0.04,0.36000000000000004,259.0
spx,0.5876566035978883,0.0206983367589908,-0.5257845411914792,0.03936657535059198,0.2226281733257385,4,36,0.04,0.38,264.25
spx,0.34630985968944894,0.013266367267977586,-0.5257845411914792,0.025231565838574676,0.16912300513570588,3,36,0.04,0.4,266.6666666666667
spx,0.7536083200862826,0.025205533738597907,-0.42290757576312177,0.05960057275662516,0.30045111759609006,75,36,0.06,0.02,4.2
spx,0.5880833417379361,0.020710494144978497,-0.40417564768686975,0.05124132110261058,0.2489248996560079,46,36,0.06,0.04,8.108695652173912
spx,0.5601523316224652,0.019908102672146155,-0.3591682281200852,0.055428351155520444,0.2391110226888139,31,36,0.06,0.06,13.709677419354838
spx,0.5877410368339255,0.020700742433780173,-0.3529641476196431,0.05864828644320967,0.24358422924488873,22,36,0.06,0.08,19.772727272727273
spx,0.2607690989453988,0.010322687620112125,-0.464143996144323,0.02224026962723513,0.1480356888933711,15,36,0.06,0.1,30.666666666666668
spx,0.13130957756848938,0.005482919102170802,-0.49049992763582895,0.011178226118397286,0.1049636724494327,12,36,0.06,0.12000000000000001,43.083333333333336
spx,0.24488498858280505,0.009755130766749609,-0.4829480869791738,0.02019912911917235,0.1423257430562111,11,36,0.06,0.13999999999999999,47.90909090909091
spx,0.33232620534035573,0.012797599497870404,-0.45811868006227674,0.027935118245190738,0.16863187271742056,9,36,0.06,0.16,61.22222222222222
spx,0.4164617130244499,0.015549986921378878,-0.3992490316139051,0.03894808926278508,0.19374029733388418,8,36,0.06,0.18,70.75
spx,0.15894452206002607,0.006558954763684399,-0.46944821989621055,0.01397162559298767,0.11440313054086515,6,36,0.06,0.19999999999999998,104.83333333333333
spx,0.2816191631773186,0.011057399239744914,-0.47928234680807225,0.02307074173164327,0.1532729114166117,6,36,0.06,0.22,99.83333333333333
spx,0.377702199361313,0.01430199349329575,-0.46567846577117256,0.03071216417450477,0.1811870161684866,6,36,0.06,0.24,103.0
spx,0.16951816006944953,0.006964191162497579,-0.48171325665072606,0.014457129975866697,0.11784782728376438,4,36,0.06,0.26,165.0
spx,0.26181778030742153,0.010359917293841336,-0.48171325665072606,0.021506398569705466,0.14651902597944746,4,36,0.06,0.28,169.25
spx,0.3394349761483577,0.013036488116758393,-0.48171325665072606,0.027062755564168973,0.16880857363351953,4,36,0.06,0.30000000000000004,169.5
spx,0.4260446421216024,0.015853507648047716,-0.48171325665072606,0.032910673370865014,0.192802773834393,4,36,0.06,0.32,174.75
spx,0.4987250122486271,0.018094024096634298,-0.48171325665072606,0.037561814724467214,0.2050212853272276,4,36,0.06,0.34,231.75
spx,0.5807651950153574,0.020501573088114844,-0.48171325665072606,0.04255970290429403,0.22360810485961044,4,36,0.06,0.36000000000000004,236.25
spx,0.6347902764316302,0.022022614738808954,-0.48171325665072606,0.04571726942274459,0.23513257335361995,4,36,0.06,0.38,241.5
spx,0.35895632731368,0.013686319299493377,-0.48171325665072606,0.02841175556315832,0.17364485941108132,3,36,0.06,0.4,240.0
spx,0.5946176105755063,0.020896260710918657,-0.4124889357106134,0.05065896052440709,0.26283188728064866,63,36,0.08,0.02,4.015873015873016
spx,0.5698491748019916,0.020188214578718,-0.364415671388457,0.055398864987883364,0.24892869229147624,42,36,0.08,0.04,6.857142857142857
spx,0.589154713654173,0.020741002814615772,-0.34019793152879174,0.060967457154748786,0.2516700386943942,29,36,0.08,0.06,10.620689655172415
spx,0.5495796991004556,0.019600789532788765,-0.3529641476196431,0.0555319560498556,0.23527287529929292,21,36,0.08,0.08,18.333333333333332
spx,0.2434547005757839,0.009703685838656773,-0.4641439961443229,0.020906627941470707,0.1431261265902887,14,36,0.08,0.1,28.714285714285715
spx,0.23909765115526782,0.009546621222075169,-0.49049992763582884,0.019463043079515085,0.14084604263238226,12,36,0.08,0.12000000000000001,40.583333333333336
spx,0.18271960907941764,0.007465252254387877,-0.4829480869791736,0.015457670204437118,0.12249167683579268,10,36,0.08,0.13999999999999999,45.0
spx,0.4270199141158162,0.015884288137167246,-0.45811868006227674,0.03467286715967996,0.19643225353933502,9,36,0.08,0.16,58.333333333333336
spx,0.47476959196658597,0.017367244802222848,-0.399249031613905,0.04349977940339225,0.21044441916076298,8,36,0.08,0.18,67.875
spx,0.17461521417436088,0.0071582874239790595,-0.46944821989621044,0.015248300282322241,0.11950643058265842,6,36,0.08,0.19999999999999998,104.16666666666667
spx,0.334376321616076,0.012866617939381708,-0.47928234680807213,0.02684559117411876,0.16925446021096494,6,36,0.08,0.22,96.0
spx,0.43441456392438327,0.01611701817447253,-0.46567846577117245,0.03460975621404876,0.1973587368674116,6,36,0.08,0.24,99.16666666666667
spx,0.18533182384689706,0.007563765111598952,-0.48171325665072595,0.01570179978892128,0.122928342156399,4,36,0.08,0.26,164.0
spx,0.2788794752921335,0.010961513150915758,-0.48171325665072595,0.022755265709582872,0.15163833685116632,4,36,0.08,0.28,168.25
spx,0.4256372210335386,0.01584064310248645,-0.48171325665072595,0.03288396755493895,0.19470041160274418,4,36,0.08,0.30000000000000004,141.75
spx,0.48474699714775116,0.017671308658663287,-0.48171325665072595,0.03668428969866644,0.2086685839693633,4,36,0.08,0.32,169.0
spx,0.5604192153310057,0.019915834359601536,-0.48171325665072595,0.04134375395452701,0.21968467204743555,4,36,0.08,0.34,226.0
spx,0.6458365377698978,0.02232769149684999,-0.48171325665072595,0.046350585516559795,0.23836777851053653,4,36,0.08,0.36000000000000004,230.5
spx,0.7020855323905262,0.023851454948501605,-0.48171325665072595,0.04951380228631634,0.24992400595730743,4,36,0.08,0.38,235.75
spx,0.377331483153156,0.014289895787064966,-0.48171325665072595,0.029664734340965185,0.17871768524051057,3,36,0.08,0.4,238.66666666666666
spx,0.1597118446209289,0.006588481188348538,-0.4124889357106132,0.015972504030922107,0.11743524228804211,54,36,0.1,0.02,4.351851851851852
spx,0.2628649576362687,0.010397064077697138,-0.3360353856538989,0.03094038461891522,0.1565585012585072,37,36,0.1,0.04,6.891891891891892
spx,0.28844002177871864,0.011295273537028194,-0.3369110686684156,0.03352597936800018,0.16433582251933945,25,36,0.1,0.06,11.36
spx,0.234442345421495,0.009378220627686673,-0.3529641476196431,0.026569895812173863,0.14311236666890237,18,36,0.1,0.08,19.11111111111111
spx,0.11232386909974745,0.004729006888828158,-0.4641439961443228,0.01018866327715613,0.09716335388744342,12,36,0.1,0.1,30.0
spx,0.0646742742828037,0.0027813078258485113,-0.49049992763582884,0.00567035318283164,0.0786295741881023,10,36,0.1,0.12000000000000001,41.5
spx,-0.04411399179115538,-0.0019975425344901376,-0.4829480869791737,-0.004136143383411473,0.031973258397370946,8,36,0.1,0.13999999999999999,45.75
spx,0.11912767605544627,0.005000586510066185,-0.45811868006227674,0.010915482663545622,0.0998486071415552,7,36,0.1,0.16,60.42857142857143
spx,0.31544025897187145,0.012225231670562442,-0.3992490316139049,0.030620566870616466,0.16842732447335046,7,36,0.1,0.18,64.28571428571429
spx,0.25652036630809616,0.010171548128407704,-0.46944821989621044,0.021667028859235028,0.1462457200218023,6,36,0.1,0.19999999999999998,102.5
spx,0.15839597219259938,0.006537835215960186,-0.47928234680807213,0.013640884667463564,0.1143015251575951,5,36,0.1,0.22,90.2
spx,0.22833254176593476,0.009156281799172605,-0.46567846577117245,0.01966224009093834,0.13863100904168468,5,36,0.1,0.24,92.4
spx,0.2624862164408084,0.010383632295542844,-0.48171325665072595,0.021555629105452803,0.14790679577680116,4,36,0.1,0.26,162.5
spx,0.3680549062932894,0.013986152514266159,-0.48171325665072595,0.029034186460861814,0.17947934613420258,4,36,0.1,0.28,165.75
spx,0.16542547202541402,0.006807755178661168,-0.48171325665072595,0.014132380798474146,0.11678688068969745,3,36,0.1,0.30000000000000004,135.0
spx,0.1928495437054749,0.007846122840461378,-0.48171325665072595,0.0162879529100241,0.1261545120690085,3,36,0.1,0.32,154.66666666666666
spx,0.23855178089323448,0.009526906284538228,-0.48171325665072595,0.019777131214484857,0.14144061595160418,3,36,0.1,0.34,160.33333333333334
spx,0.28410587095610595,0.01114426185984363,-0.48171325665072595,0.023134638098456894,0.1561825181183137,3,36,0.1,0.36000000000000004,163.0
spx,0.3087169600080246,0.011995381384144022,-0.48171325665072595,0.024901497350407087,0.16379544719652386,3,36,0.1,0.38,167.0
spx,0.466983318905166,0.017128587382746918,-0.48171325665072595,0.03555764170128762,0.20533519812433434,3,36,0.1,0.4,236.66666666666666
spx,0.08088688699535496,0.0034531940541930872,-0.4124889357106132,0.008371604072831954,0.08309363805227431,50,36,0.12000000000000001,0.02,4.22
spx,0.17877001532472403,0.0073159080558629075,-0.3355355209755928,0.021803676804743048,0.12464034316722149,35,36,0.12000000000000001,0.04,6.485714285714286
spx,0.18538195107085254,0.007565653499284508,-0.33691106866841525,0.02245593630742525,0.12674589599997774,23,36,0.12000000000000001,0.06,10.565217391304348
spx,0.18852950335637186,0.007684075187456063,-0.3304915100737078,0.02325044654170488,0.12736736462596765,17,36,0.12000000000000001,0.08,15.352941176470589
spx,0.03472800175082891,0.0015141464246102299,-0.4426940869368551,0.003420299636453478,0.06435205779831404,11,36,0.12000000000000001,0.1,24.454545454545453
spx,-0.030421216356167236,-0.001368245906642862,-0.47010502636613394,-0.0029105111196518567,0.03591313920827833,9,36,0.12000000000000001,0.12000000000000001,30.77777777777778
spx,-0.026313850731107924,-0.001181133866919648,-0.4622508912586021,-0.0025551792095061063,0.03838392341556983,8,36,0.12000000000000001,0.13999999999999999,40.375
spx,0.13996764057728028,0.005822719946314336,-0.4364275820242718,0.013341778077606717,0.10783970915257146,7,36,0.12000000000000001,0.16,54.285714285714285
spx,0.3566940243572103,0.013611469913328067,-0.37520142622092567,0.03627776698618778,0.18368243688537256,7,36,0.12000000000000001,0.18,56.142857142857146
spx,0.3184710998908722,0.012328480507160844,-0.44821063474049416,0.027505997295889265,0.16651165225937742,6,36,0.12000000000000001,0.19999999999999998,94.33333333333333
spx,0.17996717579987487,0.007361226187355907,-0.4584384142901473,0.016057175746832072,0.12231647787443187,5,36,0.12000000000000001,0.22,81.6
spx,0.25120607723388266,0.00998181477179294,-0.44428998021845645,0.0224668914812909,0.1471953788473613,5,36,0.12000000000000001,0.24,83.8
spx,0.3144416223003723,0.012191162244389542,-0.4609666316091404,0.026446951706314798,0.16496777280135758,4,36,0.12000000000000001,0.26,148.75
spx,0.4355046725675944,0.016151229889507457,-0.4609666316091404,0.03503774195786539,0.20034009654410107,4,36,0.12000000000000001,0.28,153.5
spx,0.1871275762709783,0.007631366956123653,-0.4609666316091404,0.01655513964098466,0.12483826688771764,3,36,0.12000000000000001,0.30000000000000004,120.66666666666667
spx,0.21506232845075757,0.008670584047053786,-0.4609666316091404,0.018809569831088526,0.1342472098090232,3,36,0.12000000000000001,0.32,140.33333333333334
spx,0.2616156150960003,0.010352742443829221,-0.4609666316091404,0.02245876758517186,0.1498450576241242,3,36,0.12000000000000001,0.34,146.0
spx,0.3080179958776579,0.011971421085125389,-0.4609666316091404,0.025970255251091822,0.1649153985341448,3,36,0.12000000000000001,0.36000000000000004,148.66666666666666
spx,0.33308738315028874,0.012823236861575937,-0.4609666316091404,0.0278181455712155,0.17266459274731047,3,36,0.12000000000000001,0.38,152.66666666666666
spx,0.4943009172223318,0.0179606420420928,-0.4609666316091404,0.038962998209644516,0.21438794048857263,3,36,0.12000000000000001,0.4,222.33333333333334
spx,0.028060337832811255,0.0012272407744238212,-0.4124889357106134,0.002975208952719175,0.05766345468002417,46,36,0.13999999999999999,0.02,4.130434782608695
spx,0.23778144669550638,0.00949907035689046,-0.30881132886420803,0.030760109714327986,0.15028749959550433,33,36,0.13999999999999999,0.04,6.2727272727272725
spx,0.28186907056319677,0.011066135974160618,-0.3102421999068282,0.03566934471675354,0.16682464282617096,22,36,0.13999999999999999,0.06,10.181818181818182
spx,0.37395890165236234,0.0141796940533645,-0.30356445216496386,0.04671065387346121,0.1984271546193435,17,36,0.13999999999999999,0.08,14.705882352941176
spx,0.10481952122089933,0.004427617254720184,-0.44269408693685497,0.010001527884314685,0.09389631366936788,11,36,0.13999999999999999,0.1,23.90909090909091
spx,0.03525715523187034,0.0015368398537123351,-0.47010502636613394,0.003269141505658762,0.06424651439751651,9,36,0.13999999999999999,0.12000000000000001,30.11111111111111
spx,0.039642750012024,0.001724496214723148,-0.4622508912586021,0.003730649842616299,0.06649083786486067,8,36,0.13999999999999999,0.13999999999999999,39.625
spx,0.22309123018609456,0.008965048638390316,-0.4364275820242718,0.02054189287672411,0.13955333685968274,7,36,0.13999999999999999,0.16,52.714285714285715
spx,0.2322601845208403,0.009299074314816247,-0.37520142622092556,0.02478421899532114,0.1438666128359035,6,36,0.13999999999999999,0.18,42.333333333333336
spx,0.18035418701437034,0.007375866976442769,-0.44821063474049416,0.0164562516030287,0.12355335616843284,5,36,0.13999999999999999,0.19999999999999998,52.2
spx,0.25989706282011316,0.010291706558859692,-0.4584384142901473,0.02244948555368232,0.1511893030254733,5,36,0.13999999999999999,0.22,80.4
spx,0.33596162166209576,0.012919918608652381,-0.44428998021845645,0.02907992343716526,0.1766201751308709,5,36,0.13999999999999999,0.24,82.6
spx,0.11763832126140827,0.004941272831400001,-0.4609666316091404,0.010719372059862611,0.09911327390503318,3,36,0.13999999999999999,0.26,88.0
spx,0.2041597221886442,0.008267733616186712,-0.4609666316091404,0.017935644468072973,0.13231843500570756,3,36,0.13999999999999999,0.28,89.66666666666667
spx,0.2675425022079023,0.010562633184973969,-0.4609666316091404,0.022914094992303395,0.1537058020540798,3,36,0.13999999999999999,0.30000000000000004,118.66666666666667
spx,0.2973695287080709,0.011604873427091267,-0.4609666316091404,0.02517508346879908,0.16280862421098535,3,36,0.13999999999999999,0.32,138.33333333333334
spx,0.3470762920078252,0.01329192533379664,-0.4609666316091404,0.028834896980280852,0.17867681120931164,3,36,0.13999999999999999,0.34,144.0
spx,0.39662192722012724,0.014915312818219562,-0.4609666316091404,0.03235659979585344,0.1940915652471421,3,36,0.13999999999999999,0.36000000000000004,146.66666666666666
spx,0.42338949163993966,0.015769606583050377,-0.4609666316091404,0.03420986575102389,0.2019248274451105,3,36,0.13999999999999999,0.38,150.66666666666666
spx,0.5955234816609181,0.02092195681470721,-0.4609666316091404,0.0453871395022085,0.24269494516268464,3,36,0.13999999999999999,0.4,220.33333333333334
spx,0.08838338101251741,0.0037606150902651514,-0.3878238368678055,0.0096967095180047,0.08641839245326721,45,36,0.16,0.02,4.088888888888889
spx,0.30659227232891584,0.011922509714064056,-0.2797935997883928,0.04261180285425049,0.17835481738991166,32,36,0.16,0.04,6.3125
spx,0.22027015889808155,0.008861795293982677,-0.31024219990682844,0.028564119570593686,0.14329815696269665,21,36,0.16,0.06,10.476190476190476
spx,0.3380397341359189,0.01298969705003361,-0.3035644521649641,0.04279057365707202,0.18693333957996472,16,36,0.16,0.08,15.3125
spx,0.18956416332443715,0.007722937189290846,-0.40030221769668717,0.019292766434640615,0.1293122233464968,11,36,0.16,0.1,23.09090909090909
spx,0.11466605000619645,0.004822675743606952,-0.42979818965980265,0.011220791198362738,0.09794791144594481,9,36,0.16,0.12000000000000001,29.11111111111111
spx,0.12265894977419745,0.005140918855307985,-0.4213466241990863,0.012201163033120448,0.10125637845943633,8,36,0.16,0.13999999999999999,38.375
spx,0.35115605506995395,0.013427738944111312,-0.3935590466468527,0.034118740398719004,0.18713791661798165,7,36,0.16,0.16,51.142857142857146
spx,0.3267801004979396,0.012610376495677977,-0.3276756799113134,0.038484322361339175,0.18067358396374741,6,36,0.16,0.18,40.833333333333336
spx,0.27089267878848977,0.010680859510524998,-0.4062383856185908,0.02629209815872261,0.15854031696349788,5,36,0.16,0.19999999999999998,50.4
spx,0.35653685205736463,0.01360626536146814,-0.4172441484681214,0.03260984105210932,0.18580638196066065,5,36,0.16,0.22,78.6
spx,0.4742011662520478,0.017349862752912504,-0.4020195037317641,0.043156768743460514,0.22319650142099307,5,36,0.16,0.24,80.6
spx,0.20336622316508945,0.008238277964019769,-0.41996467642923274,0.01961659736258314,0.1330482368532971,3,36,0.16,0.26,85.0
spx,0.29652420591862505,0.011575652180842333,-0.41996467642923274,0.027563394805641277,0.16739627346844307,3,36,0.16,0.28,86.66666666666667
spx,0.36476873114159125,0.013878080841987162,-0.41996467642923274,0.0330458289015784,0.18832042159813397,3,36,0.16,0.30000000000000004,115.66666666666667
spx,0.39688362515063225,0.014923740459465762,-0.41996467642923274,0.035535704065293036,0.19702654923672094,3,36,0.16,0.32,135.33333333333334
spx,0.45040312146700434,0.016616327235666084,-0.41996467642923274,0.03956601154398771,0.2132881020527918,3,36,0.16,0.34,141.0
spx,0.5037491304446244,0.01824504071974009,-0.41996467642923274,0.043444226964204025,0.22919536019895786,3,36,0.16,0.36000000000000004,143.66666666666666
spx,0.5325698878277854,0.019102137246287842,-0.41996467642923274,0.04548510462523792,0.23715552358641698,3,36,0.16,0.38,147.66666666666666
spx,0.7179073315332725,0.02427139127682154,-0.41996467642923274,0.05779388753166115,0.2767047152754054,3,36,0.16,0.4,217.33333333333334
spx,0.07479990723638452,0.0032020726084265316,-0.37944228682355674,0.008438892341789826,0.07995270615862879,43,36,0.18,0.02,3.953488372093023
spx,0.2651281110658543,0.010477245032393112,-0.2699329643224897,0.038814248043732506,0.16227285258471436,31,36,0.18,0.04,6.290322580645161
spx,0.17186324988055657,0.0070535925883483674,-0.31024219990682844,0.022735761255131295,0.12346075550229067,20,36,0.18,0.06,9.75
spx,0.23678453545392442,0.009463022510088237,-0.3035644521649641,0.031173025835534284,0.14906915162908227,15,36,0.18,0.08,14.533333333333333
spx,0.18956416332443715,0.007722937189290846,-0.40030221769668717,0.019292766434640615,0.1293122233464968,11,36,0.18,0.1,23.09090909090909
spx,0.0025506927344853825,0.00011290756953274972,-0.42979818965980265,0.0002626990346844393,0.04720606025161891,8,36,0.18,0.12000000000000001,25.875
spx,0.006880540703729343,0.0003039431928015812,-0.4213466241990863,0.0007213614049461758,0.04919794793406176,7,36,0.18,0.13999999999999999,30.0
spx,0.15921419089993316,0.0065693336974190775,-0.3935590466468527,0.01669211711276924,0.11678840444883738,6,36,0.18,0.16,37.5
spx,0.3267801004979396,0.012610376495677977,-0.3276756799113134,0.038484322361339175,0.18067358396374741,6,36,0.18,0.18,40.833333333333336
spx,0.27089267878848977,0.010680859510524998,-0.4062383856185908,0.02629209815872261,0.15854031696349788,5,36,0.18,0.19999999999999998,50.4
spx,0.35653685205736463,0.01360626536146814,-0.4172441484681214,0.03260984105210932,0.18580638196066065,5,36,0.18,0.22,78.6
spx,0.18651346330517127,0.007608259421421071,-0.4020195037317641,0.018925100276969305,0.1268853432159591,4,36,0.18,0.24,57.75
spx,0.20336622316508945,0.008238277964019769,-0.41996467642923274,0.01961659736258314,0.1330482368532971,3,36,0.18,0.26,85.0
spx,0.29652420591862505,0.011575652180842333,-0.41996467642923274,0.027563394805641277,0.16739627346844307,3,36,0.18,0.28,86.66666666666667
spx,0.36476873114159125,0.013878080841987162,-0.41996467642923274,0.0330458289015784,0.18832042159813397,3,36,0.18,0.30000000000000004,115.66666666666667
spx,0.39688362515063225,0.014923740459465762,-0.41996467642923274,0.035535704065293036,0.19702654923672094,3,36,0.18,0.32,135.33333333333334
spx,0.45040312146700434,0.016616327235666084,-0.41996467642923274,0.03956601154398771,0.2132881020527918,3,36,0.18,0.34,141.0
spx,0.5037491304446244,0.01824504071974009,-0.41996467642923274,0.043444226964204025,0.22919536019895786,3,36,0.18,0.36000000000000004,143.66666666666666
spx,0.5325698878277854,0.019102137246287842,-0.41996467642923274,0.04548510462523792,0.23715552358641698,3,36,0.18,0.38,147.66666666666666
spx,0.7179073315332725,0.02427139127682154,-0.41996467642923274,0.05779388753166115,0.2767047152754054,3,36,0.18,0.4,217.33333333333334
spx,-0.0531478117507439,-0.0024174557742128178,-0.35458216554708466,-0.006817759067162688,0.011849066103159557,40,36,0.19999999999999998,0.02,4.025
spx,0.08939909711909899,0.0038021124705607257,-0.24592859770346331,0.015460229131811871,0.08708067745294362,28,36,0.19999999999999998,0.04,6.214285714285714
spx,0.12154893252800791,0.005096852432949106,-0.2514129469817976,0.02027283198473514,0.10229000333193064,19,36,0.19999999999999998,0.06,9.947368421052632
spx,0.1836828022782353,0.007501600748551551,-0.2314294150073588,0.032414206069323645,0.1294012754106064,14,36,0.19999999999999998,0.08,15.142857142857142
spx,0.024135320451675657,0.0010575169242785787,-0.3381870342539981,0.003127017943225825,0.05558024011514594,9,36,0.19999999999999998,0.1,21.333333333333332
spx,-0.10716159984825202,-0.005010990416958738,-0.37073812458402244,-0.013516253346162325,-0.013434192087942427,7,36,0.19999999999999998,0.12000000000000001,28.428571428571427
spx,-0.10330558083417551,-0.0048209335302284995,-0.3614111672935182,-0.013339193601378686,-0.011453559164316226,6,36,0.19999999999999998,0.13999999999999999,33.666666666666664
spx,0.03235771630991713,0.001412357376885165,-0.3307454225577149,0.004270225014644638,0.05983622902076863,5,36,0.19999999999999998,0.16,43.4
spx,0.16667732942265823,0.00685566094328105,-0.2762062693912487,0.024820801346728098,0.1222302785301115,5,36,0.19999999999999998,0.18,46.0
spx,0.08246331215235192,0.003518009935767008,-0.3447380554741739,0.010204878399421616,0.0838365431661289,4,36,0.19999999999999998,0.19999999999999998,58.75
spx,-0.05268364958853533,-0.0023957872984161632,-0.3568837674755918,-0.006713074442591501,0.01649746030972432,3,36,0.19999999999999998,0.22,66.0
spx,-0.0038372113489623105,-0.00017037543656406307,-0.3400821924444175,-0.0005009831162856577,0.041931225196990676,3,36,0.19999999999999998,0.24,71.0
spx,-0.009652536302481973,-0.0004297800851117417,-0.3598860808598814,-0.0011942114684870876,0.03945543658420902,2,36,0.19999999999999998,0.26,117.5
spx,0.05643572590631729,0.002436128447602215,-0.3598860808598814,0.006769165514213652,0.07161870609983645,2,36,0.19999999999999998,0.28,118.5
spx,0.08747170253476444,0.0037233366675857305,-0.3598860808598814,0.010345875724589027,0.08624603401250787,2,36,0.19999999999999998,0.30000000000000004,158.0
spx,0.10763539469079597,0.004540937045704796,-0.3598860808598814,0.012617706788923497,0.09517410511790173,2,36,0.19999999999999998,0.32,181.0
spx,0.11892820202641619,0.004992646816954327,-0.3598860808598814,0.013872853334658897,0.1000617633513568,2,36,0.19999999999999998,0.34,186.5
spx,0.15696532722053513,0.006482709397464426,-0.3598860808598814,0.018013226246414386,0.11619309883193621,2,36,0.19999999999999998,0.36000000000000004,189.5
spx,0.14947680422689769,0.0061930933389147125,-0.3598860808598814,0.01720848254013453,0.1130080154191127,2,36,0.19999999999999998,0.38,194.0
spx,0.25981912295855536,0.010288936570920892,-0.3598860808598814,0.028589426260491588,0.1530266079773606,2,36,0.19999999999999998,0.4,297.5
spx,-0.032071829319444634,-0.0014436534411822466,-0.3475398120517611,-0.004153922489223292,0.022868456509051047,39,36,0.22,0.02,3.9743589743589745
spx,0.11027044534908859,0.004646730855643044,-0.24592859770346331,0.018894634048399677,0.0972447718868024,27,36,0.22,0.04,6.185185185185185
spx,0.1163935398605449,0.004891641330084351,-0.2514129469817976,0.019456600739175565,0.1000653331580768,18,36,0.22,0.06,9.777777777777779
spx,0.16269980942690876,0.00670327987419328,-0.23086595093476758,0.02903537679355466,0.12086657846328494,13,36,0.22,0.08,14.153846153846153
spx,0.08649446295752128,0.0036833442787471693,-0.3159009077489634,0.011659809099612364,0.08561077187229899,9,36,0.22,0.1,21.22222222222222
spx,-0.05279706821077368,-0.0024010810814929506,-0.3371599307236831,-0.007121490019111253,0.015695592841898268,7,36,0.22,0.12000000000000001,28.285714285714285
spx,-0.048706257920190676,-0.0022105256653939254,-0.33063757233635394,-0.00668564570497506,0.017755293894432103,6,36,0.22,0.13999999999999999,33.5
spx,0.09521751682923485,0.004039115496820678,-0.2967154160049944,0.013612759158939993,0.08968829468314835,5,36,0.22,0.16,43.2
spx,0.23771579122643693,0.009496697139312449,-0.2762062693912487,0.03438262701365511,0.15336033715474845,5,36,0.22,0.18,45.8
spx,0.148374020036236,0.006150291294871657,-0.31141954108883874,0.01974921443069355,0.11366108106459076,4,36,0.22,0.19999999999999998,58.5
spx,0.004998020122233715,0.00022098185456265185,-0.32418283371342593,0.00068165810024968,0.04590275023947662,3,36,0.22,0.22,65.66666666666667
spx,0.056818696182001194,0.002452231090634527,-0.3065269384763414,0.008000050836718864,0.07153996445454383,3,36,0.22,0.24,70.66666666666667
spx,0.05064927868792335,0.002192146009833529,-0.32733780760626396,0.006696892197892205,0.06875069955489384,2,36,0.22,0.26,117.0
spx,0.12076162568194881,0.0050655719737573435,-0.32733780760626396,0.015475059269201289,0.1013548705661907,2,36,0.22,0.28,118.0
spx,0.15368736907337377,0.006356156609678587,-0.32733780760626396,0.019417728297746916,0.11529064393210821,2,36,0.22,0.30000000000000004,157.5
spx,0.17507881944405956,0.00717590159727477,-0.32733780760626396,0.021922006656518743,0.12393474489478404,2,36,0.22,0.32,180.5
spx,0.18705924077742986,0.007628796227389767,-0.32733780760626396,0.023305576227742115,0.12884680202006685,2,36,0.22,0.34,186.0
spx,0.227412429545498,0.00912276732166406,-0.32733780760626396,0.02786958032247017,0.14514304641984704,2,36,0.22,0.36000000000000004,189.0
spx,0.21946793372952644,0.008832391584718158,-0.32733780760626396,0.02698249752849246,0.1418514059608011,2,36,0.22,0.38,193.5
spx,-0.04527067042751176,-0.0020510954533820014,-0.32733780760626396,-0.006265990074232878,0.019734708240612308,1,36,0.22,0.4,196.0
spx,0.025819875601022835,0.001130435720623435,-0.3475398120517611,0.0032526797835036887,0.054276794901765665,39,36,0.24,0.02,3.58974358974359
spx,0.14788939856168004,0.006131469396239542,-0.24592859770346331,0.024931908909726585,0.1151812712995022,27,36,0.24,0.04,5.777777777777778
spx,0.1565091317125029,0.006465117507286511,-0.2514129469817976,0.025715133547814416,0.1189433527490898,18,36,0.24,0.06,9.222222222222221
spx,0.16269980942690876,0.00670327987419328,-0.23086595093476758,0.02903537679355466,0.12086657846328494,13,36,0.24,0.08,14.153846153846153
spx,0.08649446295752128,0.0036833442787471693,-0.3159009077489634,0.011659809099612364,0.08561077187229899,9,36,0.24,0.1,21.22222222222222
spx,-0.018761036241813134,-0.0008390239712923186,-0.3371599307236831,-0.0024885044005419923,0.03351452920526692,7,36,0.24,0.12000000000000001,26.857142857142858
spx,-0.048706257920190676,-0.0022105256653939254,-0.33063757233635394,-0.00668564570497506,0.017755293894432103,6,36,0.24,0.13999999999999999,33.5
spx,0.09521751682923485,0.004039115496820678,-0.2967154160049944,0.013612759158939993,0.08968829468314835,5,36,0.24,0.16,43.2
spx,0.2821908797474304,0.01107738399009639,-0.2762062693912487,0.040105476296793154,0.17205018177263562,5,36,0.24,0.18,43.8
spx,0.16316989570695517,0.006721315086322344,-0.31141954108883874,0.021582830232239513,0.12015148447052815,4,36,0.24,0.19999999999999998,58.25
spx,0.004998020122233715,0.00022098185456265185,-0.32418283371342593,0.00068165810024968,0.04590275023947662,3,36,0.24,0.22,65.66666666666667
spx,0.056818696182001194,0.002452231090634527,-0.3065269384763414,0.008000050836718864,0.07153996445454383,3,36,0.24,0.24,70.66666666666667
spx,0.05064927868792335,0.002192146009833529,-0.32733780760626396,0.006696892197892205,0.06875069955489384,2,36,0.24,0.26,117.0
spx,0.12076162568194881,0.0050655719737573435,-0.32733780760626396,0.015475059269201289,0.1013548705661907,2,36,0.24,0.28,118.0
spx,0.15368736907337377,0.006356156609678587,-0.32733780760626396,0.019417728297746916,0.11529064393210821,2,36,0.24,0.30000000000000004,157.5
spx,0.17507881944405956,0.00717590159727477,-0.32733780760626396,0.021922006656518743,0.12393474489478404,2,36,0.24,0.32,180.5
spx,0.18705924077742986,0.007628796227389767,-0.32733780760626396,0.023305576227742115,0.12884680202006685,2,36,0.24,0.34,186.0
spx,0.227412429545498,0.00912276732166406,-0.32733780760626396,0.02786958032247017,0.14514304641984704,2,36,0.24,0.36000000000000004,189.0
spx,0.2632873183455955,0.010412038254728806,-0.32733780760626396,0.03180823605702417,0.15918702704051355,2,36,0.24,0.38,188.5
spx,-0.04527067042751176,-0.0020510954533820014,-0.32733780760626396,-0.006265990074232878,0.019734708240612308,1,36,0.24,0.4,196.0
spx,0.0703363625474045,0.0030170615530886735,-0.3475398120517611,0.008681196940508574,0.07752455767835827,38,36,0.26,0.02,3.4210526315789473
spx,0.17222150721837237,0.007067235309196951,-0.24592859770346331,0.02873693980770186,0.12658237154917112,27,36,0.26,0.04,5.62962962962963
spx,0.18102395508359215,0.007401193734093203,-0.2514129469817976,0.02943839536883139,0.13027594221855482,18,36,0.26,0.06,9.0
spx,0.16269980942690876,0.00670327987419328,-0.23086595093476758,0.02903537679355466,0.12086657846328494,13,36,0.26,0.08,14.153846153846153
spx,0.08649446295752128,0.0036833442787471693,-0.3159009077489634,0.011659809099612364,0.08561077187229899,9,36,0.26,0.1,21.22222222222222
spx,0.0020385400189844027,9.025894188985362e-05,-0.3371599307236831,0.0002677036434789894,0.044110330612994963,7,36,0.26,0.12000000000000001,26.285714285714285
spx,-0.048706257920190676,-0.0022105256653939254,-0.33063757233635394,-0.00668564570497506,0.017755293894432103,6,36,0.26,0.13999999999999999,33.5
spx,0.09521751682923485,0.004039115496820678,-0.2967154160049944,0.013612759158939993,0.08968829468314835,5,36,0.26,0.16,43.2
spx,0.3093698116582282,0.012017749916497289,-0.2762062693912487,0.043510054797032995,0.18332259194802553,5,36,0.26,0.18,43.0
spx,0.18782590901624996,0.0076576295930843585,-0.31141954108883874,0.02458943188442971,0.13088983945916385,4,36,0.26,0.19999999999999998,57.25
spx,0.004998020122233715,0.00022098185456265185,-0.32418283371342593,0.00068165810024968,0.04590275023947662,3,36,0.26,0.22,65.66666666666667
spx,0.056818696182001194,0.002452231090634527,-0.3065269384763414,0.008000050836718864,0.07153996445454383,3,36,0.26,0.24,70.66666666666667
spx,0.05064927868792335,0.002192146009833529,-0.32733780760626396,0.006696892197892205,0.06875069955489384,2,36,0.26,0.26,117.0
spx,0.12076162568194881,0.0050655719737573435,-0.32733780760626396,0.015475059269201289,0.1013548705661907,2,36,0.26,0.28,118.0
spx,0.15368736907337377,0.006356156609678587,-0.32733780760626396,0.019417728297746916,0.11529064393210821,2,36,0.26,0.30000000000000004,157.5
spx,0.17507881944405956,0.00717590159727477,-0.32733780760626396,0.021922006656518743,0.12393474489478404,2,36,0.26,0.32,180.5
spx,0.18705924077742986,0.007628796227389767,-0.32733780760626396,0.023305576227742115,0.12884680202006685,2,36,0.26,0.34,186.0
spx,0.26257181355772996,0.010386668272071242,-0.32733780760626396,0.03173073207774635,0.15901661101056033,2,36,0.26,0.36000000000000004,188.0
spx,0.2900655465730906,0.011351785367506917,-0.32733780760626396,0.034679114675202245,0.1696092297394672,2,36,0.26,0.38,186.5
spx,-0.04527067042751176,-0.0020510954533820014,-0.32733780760626396,-0.006265990074232878,0.019734708240612308,1,36,0.26,0.4,196.0
spx,0.1168044363806433,0.0049080303015409665,-0.347539812051761,0.014122210265827004,0.10255113283476992,32,36,0.28,0.02,3.375
spx,0.32837467416590416,0.012664281912935671,-0.24592859770346331,0.05149576759757747,0.2033527807675516,25,36,0.28,0.04,4.64
spx,0.3046663382147967,0.011856356894208941,-0.2514129469817977,0.0471588955005859,0.1921865591055524,16,36,0.28,0.06,7.8125
spx,0.32978687374895177,0.012711970466196654,-0.2308659509347678,0.0550621276750701,0.20029467561832479,12,36,0.28,0.08,10.75
spx,0.21541515947588508,0.008683563338893086,-0.3159009077489634,0.02748825066939549,0.14826318301314909,8,36,0.28,0.1,16.875
spx,-0.004584628455236883,-0.00020363435767034588,-0.33547933652961615,-0.0006069952318877589,0.03919956412848036,6,36,0.28,0.12000000000000001,25.666666666666668
spx,-0.05756254149312601,-0.002624057485717146,-0.33063757233635405,-0.00793635601415474,0.008635799020753211,5,36,0.28,0.13999999999999999,27.2
spx,0.056152759806078256,0.0024242270677339306,-0.2967154160049945,0.008170209355395017,0.070220942954157,4,36,0.28,0.16,34.5
spx,0.22611415676387248,0.009075437733520708,-0.2762062693912487,0.032857464653219974,0.15175223665232213,4,36,0.28,0.18,39.25
spx,0.08667560898763704,0.0036907600633866444,-0.31141954108883874,0.011851408073116966,0.08564695083505214,3,36,0.28,0.19999999999999998,55.666666666666664
spx,0.10032659748810113,0.004246234753818134,-0.32418283371342593,0.013098271445093726,0.09210546388920557,3,36,0.28,0.22,65.0
spx,0.15706269748702661,0.006486463348071236,-0.3065269384763415,0.02116115268796148,0.1181330831316527,3,36,0.28,0.24,70.0
spx,0.15030808302627685,0.00622533159034111,-0.3273378076062641,0.019018064658846878,0.11481608073261719,2,36,0.28,0.26,116.0
spx,0.227070901126613,0.009110321265086707,-0.3273378076062641,0.027831558266086364,0.14821903291371796,2,36,0.28,0.28,117.0
spx,-0.0029453138737470796,-0.0001307185539418665,-0.3273378076062641,-0.00039933839264635256,0.03936561388141578,1,36,0.28,0.30000000000000004,141.0
spx,-0.0029453138737470796,-0.0001307185539418665,-0.3273378076062641,-0.00039933839264635256,0.03936561388141578,1,36,0.28,0.32,141.0
spx,-0.0029453138737470796,-0.0001307185539418665,-0.3273378076062641,-0.00039933839264635256,0.03936561388141578,1,36,0.28,0.34,141.0
spx,0.02122164585897668,0.0009311226152726171,-0.3273378076062641,0.0028445312262633934,0.052360914267990645,1,36,0.28,0.36000000000000004,145.0
spx,0.03621197467909276,0.0015777604829139147,-0.3273378076062641,0.0048199763249215394,0.06052538590373433,1,36,0.28,0.38,160.0
spx,0.045289695797432694,0.0019650137806863643,-0.3273378076062641,0.006003015035311678,0.06548682043079143,1,36,0.28,0.4,194.0
spx,0.23702190005232704,0.009471608021624833,-0.3169572052827486,0.029882923826184918,0.16781481992480046,30,36,0.30000000000000004,0.02,3.3333333333333335
spx,0.4708312382860431,0.01724668104387561,-0.21390288321768613,0.0806285580841091,0.2695703991099809,24,36,0.30000000000000004,0.04,4.583333333333333
spx,0.5634365237207466,0.020003158731862092,-0.2308659509347678,0.08664404019245815,0.30523510669470716,16,36,0.30000000000000004,0.06,7.5
spx,0.4911430931014904,0.017865205767482184,-0.2308659509347677,0.07738345864839154,0.26959913061176555,12,36,0.30000000000000004,0.08,10.583333333333334
spx,0.21541515947588508,0.008683563338893086,-0.3159009077489634,0.02748825066939549,0.14826318301314909,8,36,0.30000000000000004,0.1,16.875
spx,0.13597519886233567,0.005666337127006038,-0.27409411074776646,0.020672961967506308,0.1099595931313375,6,36,0.30000000000000004,0.12000000000000001,24.666666666666668
spx,0.02949530238729281,0.0012891363231701813,-0.2651977404150492,0.0048610381112320624,0.05575892902917334,5,36,0.30000000000000004,0.13999999999999999,26.2
spx,0.11204874122583908,0.004717991564301194,-0.28026245921769144,0.016834190271043523,0.09838666758388968,4,36,0.30000000000000004,0.16,34.25
spx,0.29100519973909766,0.011384421645652898,-0.2762062693912487,0.04121710079479319,0.18085110435064441,4,36,0.30000000000000004,0.18,39.0
spx,0.08667560898763704,0.0036907600633866444,-0.31141954108883874,0.011851408073116966,0.08564695083505214,3,36,0.30000000000000004,0.19999999999999998,55.666666666666664
spx,0.12556984816670114,0.0052562807387965815,-0.30867850783380235,0.017028334028447004,0.10392022119046733,3,36,0.30000000000000004,0.22,64.33333333333333
spx,0.15706269748702661,0.006486463348071236,-0.3065269384763415,0.02116115268796148,0.1181330831316527,3,36,0.30000000000000004,0.24,70.0
spx,0.15030808302627685,0.00622533159034111,-0.3273378076062641,0.019018064658846878,0.11481608073261719,2,36,0.30000000000000004,0.26,116.0
spx,0.227070901126613,0.009110321265086707,-0.3273378076062641,0.027831558266086364,0.14821903291371796,2,36,0.30000000000000004,0.28,117.0
spx,-0.0029453138737470796,-0.0001307185539418665,-0.3273378076062641,-0.00039933839264635256,0.03936561388141578,1,36,0.30000000000000004,0.30000000000000004,141.0
spx,-0.0029453138737470796,-0.0001307185539418665,-0.3273378076062641,-0.00039933839264635256,0.03936561388141578,1,36,0.30000000000000004,0.32,141.0
spx,-0.0029453138737470796,-0.0001307185539418665,-0.3273378076062641,-0.00039933839264635256,0.03936561388141578,1,36,0.30000000000000004,0.34,141.0
spx,0.02122164585897668,0.0009311226152726171,-0.3273378076062641,0.0028445312262633934,0.052360914267990645,1,36,0.30000000000000004,0.36000000000000004,145.0
spx,0.03621197467909276,0.0015777604829139147,-0.3273378076062641,0.0048199763249215394,0.06052538590373433,1,36,0.30000000000000004,0.38,160.0
spx,0.045289695797432694,0.0019650137806863643,-0.3273378076062641,0.006003015035311678,0.06548682043079143,1,36,0.30000000000000004,0.4,194.0
spx,0.2124712461412004,0.00857515762921901,-0.27233893473459836,0.031487079280734256,0.15834722839364385,25,36,0.32,0.02,3.44
spx,0.38371006866961044,0.014497617769966942,-0.21390288321768625,0.06777663560155428,0.23724648536274057,21,36,0.32,0.04,4.619047619047619
spx,0.50628041955547,0.01832094447543864,-0.2222809780546967,0.08242245753899104,0.2859389468698552,15,36,0.32,0.06,7.533333333333333
spx,0.4660453796520527,0.017099756907544617,-0.22228097805469682,0.07692856607521706,0.2625819356383542,11,36,0.32,0.08,10.818181818181818
spx,0.24927668384418444,0.009912740010723953,-0.2762062693912487,0.035888903001989665,0.16604723508216235,8,36,0.32,0.1,16.125
spx,0.18347610374892187,0.0074938028475002305,-0.2437402908434979,0.03074503120336347,0.13252390701907102,6,36,0.32,0.12000000000000001,24.166666666666668
spx,0.07254374084691828,0.0031086479299333725,-0.23447191798692846,0.013258082062120018,0.07853413670987981,5,36,0.32,0.13999999999999999,25.6
spx,0.11204874122583908,0.004717991564301194,-0.28026245921769144,0.016834190271043523,0.09838666758388968,4,36,0.32,0.16,34.25
spx,0.29100519973909766,0.011384421645652898,-0.2762062693912487,0.04121710079479319,0.18085110435064441,4,36,0.32,0.18,39.0
spx,0.08667560898763704,0.0036907600633866444,-0.31141954108883874,0.011851408073116966,0.08564695083505214,3,36,0.32,0.19999999999999998,55.666666666666664
spx,0.17263565238013867,0.007083001317522264,-0.27977083759740395,0.025317153776101747,0.12534703809060882,3,36,0.32,0.22,63.333333333333336
spx,0.20544537802106566,0.00831541937653335,-0.2775293001741721,0.029962311623726763,0.1395075612716669,3,36,0.32,0.24,69.0
spx,0.1738610340310811,0.007129618976997154,-0.3273378076062641,0.021780615655533946,0.12525442454763128,2,36,0.32,0.26,115.5
spx,0.227070901126613,0.009110321265086707,-0.3273378076062641,0.027831558266086364,0.14821903291371796,2,36,0.32,0.28,117.0
spx,-0.0029453138737470796,-0.0001307185539418665,-0.3273378076062641,-0.00039933839264635256,0.03936561388141578,1,36,0.32,0.30000000000000004,141.0
spx,-0.0029453138737470796,-0.0001307185539418665,-0.3273378076062641,-0.00039933839264635256,0.03936561388141578,1,36,0.32,0.32,141.0
spx,-0.0029453138737470796,-0.0001307185539418665,-0.3273378076062641,-0.00039933839264635256,0.03936561388141578,1,36,0.32,0.34,141.0
spx,0.02122164585897668,0.0009311226152726171,-0.3273378076062641,0.0028445312262633934,0.052360914267990645,1,36,0.32,0.36000000000000004,145.0
spx,0.03621197467909276,0.0015777604829139147,-0.3273378076062641,0.0048199763249215394,0.06052538590373433,1,36,0.32,0.38,160.0
spx,0.045289695797432694,0.0019650137806863643,-0.3273378076062641,0.006003015035311678,0.06548682043079143,1,36,0.32,0.4,194.0
spx,0.39258767381938653,0.01478520362850455,-0.15727999690111805,0.09400562003952741,0.29080459689627514,20,36,0.34,0.02,3.0
spx,0.6417051084836767,0.0222138189834018,-0.18124256646060544,0.12256402796100417,0.4055952212061083,18,36,0.34,0.04,3.7222222222222223
spx,0.35736035454233606,0.013633528154168628,-0.2222809780546967,0.061334659733294064,0.24556071708930544,12,36,0.34,0.06,7.083333333333333
spx,0.30370263516697027,0.01182322016331594,-0.2222809780546966,0.05319042711970884,0.21161140694249914,8,36,0.34,0.08,11.0
spx,0.1535280771341787,0.006349998042125771,-0.2762062693912486,0.02299005759760993,0.1274809371703257,6,36,0.34,0.1,16.666666666666668
spx,0.1889615755677967,0.007700307822285479,-0.22601791577526342,0.03406945770591979,0.14762604042059976,5,36,0.34,0.12000000000000001,19.8
spx,0.340203396237599,0.013062238092421241,-0.2260179157752633,0.05779293224440417,0.2301854881187241,5,36,0.34,0.13999999999999999,22.0
spx,0.34543358661384227,0.013237129321848284,-0.2762062693912486,0.04792479675071305,0.2277749240633067,4,36,0.34,0.16,30.25
spx,0.42247296777063603,0.015740610283052625,-0.2762062693912486,0.056988606079595945,0.2590442369930226,4,36,0.34,0.18,35.25
spx,0.15386006617479997,0.006362832531484619,-0.295484766431512,0.02153353828803695,0.12224918168048135,3,36,0.34,0.19999999999999998,50.666666666666664
spx,0.25689177138907504,0.010184779528244592,-0.25614555686729124,0.03976168727190266,0.17137818746246605,3,36,0.34,0.22,59.0
spx,0.32363362406151785,0.012503826307631583,-0.2538304915259252,0.04926053695308112,0.20119807829459208,3,36,0.34,0.24,64.33333333333333
spx,-0.023050514958312895,-0.0010330087752133954,-0.3273378076062641,-0.0031557881528183956,0.021238143704911044,1,36,0.34,0.26,114.0
spx,-0.008177743307822949,-0.00036385637828340034,-0.3273378076062641,-0.0011115623366093487,0.030735592250888486,1,36,0.34,0.28,119.0
spx,0.03475255768331498,0.0015151997828024566,-0.3273378076062641,0.004628856635543316,0.05716036822593572,1,36,0.34,0.30000000000000004,130.0
spx,0.03475255768331498,0.0015151997828024566,-0.3273378076062641,0.004628856635543316,0.05716036822593572,1,36,0.34,0.32,130.0
spx,0.03475255768331498,0.0015151997828024566,-0.3273378076062641,0.004628856635543316,0.05716036822593572,1,36,0.34,0.34,130.0
spx,0.05983325159391861,0.0025787888843553652,-0.3273378076062641,0.007878066096957681,0.07165670390789035,1,36,0.34,0.36000000000000004,134.0
spx,0.07539035322832666,0.0032264912042638816,-0.3273378076062641,0.009856763042003518,0.08031318103095102,1,36,0.34,0.38,149.0
spx,0.08481129600693449,0.0036143819726692783,-0.3273378076062641,0.011041749192066477,0.08525893360881306,1,36,0.34,0.4,183.0
spx,0.5024974827588231,0.01820746342663604,-0.12417357295837617,0.14662913366227534,0.38911999262336755,16,36,0.36000000000000004,0.02,2.4375
spx,0.7305160499862193,0.02460340910478709,-0.13349719209071942,0.18429907565447207,0.48928353127542573,15,36,0.36000000000000004,0.04,3.0
spx,0.38579222392190493,0.014565226167925882,-0.2222809780546965,0.06552619254870216,0.2793675047317346,10,36,0.36000000000000004,0.06,5.7
spx,0.44068173911361375,0.016313367534370515,-0.2222809780546965,0.07339074929909792,0.3078378059134344,7,36,0.36000000000000004,0.08,8.857142857142858
spx,0.39863688535583686,0.014980163035889671,-0.22601791577526364,0.06627865310812305,0.2801137534713681,6,36,0.36000000000000004,0.1,12.0
spx,0.34983426324552,0.013383780013606517,-0.22601791577526353,0.05921557133070112,0.24322241649164458,5,36,0.36000000000000004,0.12000000000000001,18.4
spx,0.448461112176215,0.01655596138021931,-0.22601791577526364,0.07325065945958635,0.2870806364844894,5,36,0.36000000000000004,0.13999999999999999,21.2
spx,0.38957240462637044,0.014687722377689783,-0.2762062693912487,0.05317664370928702,0.24980696412671685,4,36,0.36000000000000004,0.16,30.0
spx,0.5038188608542775,0.018247133305152596,-0.2762062693912486,0.06606342913710396,0.2979574938365489,4,36,0.36000000000000004,0.18,34.0
spx,0.31581526456503006,0.012238018954431107,-0.25186179468058656,0.04859021579653029,0.2086298413894426,3,36,0.36000000000000004,0.19999999999999998,41.333333333333336
spx,0.4074245628446318,0.015261949330926505,-0.25186179468058656,0.060596524178198004,0.24071317664744243,3,36,0.36000000000000004,0.22,57.333333333333336
spx,0.15202216096910615,0.006291735902960394,-0.25186179468058656,0.024980906337698543,0.12540941819747706,2,36,0.36000000000000004,0.24,50.0
spx,0.008999670169156149,0.00039715454840605346,-0.3273378076062641,0.0012132865167954199,0.04107392148595465,1,36,0.36000000000000004,0.26,113.0
spx,0.024360363756302128,0.0010672649321608052,-0.3273378076062641,0.003260438932995351,0.050540899292090595,1,36,0.36000000000000004,0.28,118.0
spx,0.06869905291429124,0.002949011229385512,-0.3273378076062641,0.009009076131323972,0.07670167306802275,1,36,0.36000000000000004,0.30000000000000004,129.0
spx,0.06869905291429124,0.002949011229385512,-0.3273378076062641,0.009009076131323972,0.07670167306802275,1,36,0.36000000000000004,0.32,129.0
spx,0.06869905291429124,0.002949011229385512,-0.3273378076062641,0.009009076131323972,0.07670167306802275,1,36,0.36000000000000004,0.34,129.0
spx,0.09460255383310567,0.004014123010003701,-0.3273378076062641,0.012262937298193369,0.09117087571170755,1,36,0.36000000000000004,0.36000000000000004,133.0
spx,0.11067002780002833,0.004662752607901055,-0.3273378076062641,0.014244467029331404,0.09948089863816348,1,36,0.36000000000000004,0.38,148.0
spx,0.12040003769495367,0.005051198697108239,-0.3273378076062641,0.015431149655599934,0.1040094791121021,1,36,0.36000000000000004,0.4,182.0
spx,0.18752761913674343,0.007646413424535092,-0.108137258907263,0.07071025751718517,0.22523750582086688,9,36,0.38,0.02,2.3333333333333335
spx,0.19072420330260442,0.007766470091590705,-0.13349719209071942,0.058177029568628816,0.21999963312197737,8,36,0.38,0.04,3.0
spx,0.20974338617960253,0.008474483031393198,-0.1427322376674227,0.059373293447128654,0.23454635181662792,6,36,0.38,0.06,5.0
spx,0.3221238435838467,0.012452614135958218,-0.1427322376674227,0.08724458005747646,0.3035189813792326,5,36,0.38,0.08,7.4
spx,0.2080945922330537,0.008413527274805599,-0.22601791577526364,0.03722504583739025,0.19813090672355765,4,36,0.38,0.1,13.25
spx,0.3117417229333972,0.01209892865255835,-0.22601791577526364,0.053530838964945926,0.25159667046910716,4,36,0.38,0.12000000000000001,20.5
spx,0.38628445408015644,0.01458119488609455,-0.22601791577526364,0.06451344724633717,0.2891501096532936,4,36,0.38,0.13999999999999999,23.75
spx,0.2643714724793318,0.010450453451070318,-0.2762062693912486,0.03783568517145844,0.20744561456855987,3,36,0.38,0.16,36.0
spx,0.12029547039432265,0.005047041275944686,-0.2762062693912486,0.01827272526097338,0.12013398561958319,2,36,0.38,0.18,41.0
spx,0.15264032639062153,0.006315660803197565,-0.22601791577526353,0.02794318663427291,0.14748467080728042,2,36,0.38,0.19999999999999998,27.5
spx,0.19490315647995549,0.007922958669969615,-0.22601791577526364,0.03505456035550584,0.17055392000550426,2,36,0.38,0.22,37.5
spx,0.2124955402934532,0.00857605325811095,-0.22601791577526353,0.037944130352207915,0.17955980116996137,2,36,0.38,0.24,41.5
spx,0.06196533511864888,0.002668090998189765,-0.2762062693912486,0.009659777108137943,0.07455662997062036,1,36,0.38,0.26,96.0
spx,0.07813236132807644,0.003339722555899094,-0.2762062693912486,0.012091407495057065,0.085676207364517,1,36,0.38,0.28,101.0
spx,0.12479853207369374,0.0052257404828823795,-0.2762062693912486,0.018919702635279697,0.11557868780305476,1,36,0.38,0.30000000000000004,112.0
spx,0.12479853207369374,0.0052257404828823795,-0.2762062693912486,0.018919702635279697,0.11557868780305476,1,36,0.38,0.32,112.0
spx,0.12479853207369374,0.0052257404828823795,-0.2762062693912486,0.018919702635279697,0.11557868780305476,1,36,0.38,0.34,112.0
spx,0.15206179176275136,0.0062932701044096095,-0.2762062693912486,0.022784675084601854,0.13240668185406496,1,36,0.38,0.36000000000000004,116.0
spx,0.16897269954623217,0.006943372114128321,-0.2762062693912486,0.025138358117038153,0.1407048120996422,1,36,0.38,0.38,131.0
spx,0.1792134692157008,0.007332699989512914,-0.2762062693912486,0.026547912926357515,0.14428155357651373,1,36,0.38,0.4,165.0
spx,0.1631070369440344,0.006718903866304471,-0.08964570532095695,0.07494953430561896,0.26414762047584844,6,36,0.4,0.02,2.1666666666666665
spx,0.13686563139561603,0.005701260578108824,-0.11553144201856458,0.049348129638966134,0.21366756805015819,5,36,0.4,0.04,3.0
spx,0.11029507472588951,0.004647718560298886,-0.12495796362883838,0.037194256574986824,0.17792857358969316,3,36,0.4,0.06,5.333333333333333
spx,0.2436516102678763,0.009710771687621467,-0.12495796362883826,0.07771230744816954,0.29078365289665015,3,36,0.4,0.08,7.0
spx,0.2586736014773048,0.010248205756814954,-0.12495796362883826,0.0820132263619078,0.3009341452104244,3,36,0.4,0.1,8.0
spx,0.18504755015955632,0.0075530545382715975,-0.12495796362883826,0.06044476333422318,0.2551287584140979,2,36,0.4,0.12000000000000001,9.0
spx,0.234950293287981,0.009396624557463706,-0.12495796362883838,0.07519828496384931,0.30554096518360496,2,36,0.4,0.13999999999999999,10.0
spx,0.26070884371730285,0.01032054757519818,-0.12495796362883838,0.08259215559764738,0.33114085039852065,2,36,0.4,0.16,10.5
spx,0.31864655592469227,0.012334450656834361,-0.12495796362883838,0.09870880013274928,0.35614585779956304,2,36,0.4,0.18,12.5
spx,0.338450383741735,0.013003473503574448,-0.12495796362883826,0.10406278340289356,0.3160530916639231,2,36,0.4,0.19999999999999998,15.5
spx,0.3875261447193281,0.014621453214528568,-0.12495796362883826,0.11701097545058084,0.32690724362065515,2,36,0.4,0.22,25.5
spx,0.4079544885200703,0.01527888816469658,-0.12495796362883838,0.12227222436242109,0.33214363814020675,2,36,0.4,0.24,29.5
spx,0.13837648184572848,0.005760457534948138,-0.2762062693912486,0.02085563643303259,0.1282242403579355,1,36,0.4,0.26,95.0
spx,0.1557067673169954,0.0064341604969166966,-0.2762062693912486,0.023294766303087248,0.13936295727280035,1,36,0.4,0.28,100.0
spx,0.2057306894901918,0.008325995163035671,-0.2762062693912486,0.030144120846300654,0.16851490741643882,1,36,0.4,0.30000000000000004,111.0
spx,0.2057306894901918,0.008325995163035671,-0.2762062693912486,0.030144120846300654,0.16851490741643882,1,36,0.4,0.32,111.0
spx,0.2057306894901918,0.008325995163035671,-0.2762062693912486,0.030144120846300654,0.16851490741643882,1,36,0.4,0.34,111.0
spx,0.23495561107862417,0.00939681719299612,-0.2762062693912486,0.03402101340315866,0.18543391123467223,1,36,0.4,0.36000000000000004,115.0
spx,0.2530833023231087,0.010048924206881527,-0.2762062693912486,0.036381955518348996,0.1923586941657066,1,36,0.4,0.38,130.0
spx,0.26406092180107366,0.010439452823074236,-0.2762062693912486,0.037795857588904545,0.19425505315782735,1,36,0.4,0.4,164.0
