asset,total_return,cagr,maxdd,calmar,sharpe,n_trades,W,d,p,avg_hold
hongli,0.057904018084239395,0.0032475433683174515,-0.4151444403093566,0.007822683030266413,0.0931709012867792,174,1,0.02,0.02,6.850574712643678
hongli,-0.11348220050275937,-0.006914141308620447,-0.4240050679571461,-0.01630674213856155,0.03346195762482666,105,1,0.02,0.04,17.895238095238096
hongli,0.02481993254147774,0.0014131722716899109,-0.47821006372597363,0.0029551286743720517,0.09187660277108356,77,1,0.02,0.06,30.103896103896105
hongli,-0.021003902082817216,-0.0012219638346712136,-0.49902495033933536,-0.00244870288317304,0.08126363534689887,57,1,0.02,0.08,48.771929824561404
hongli,0.23513480674609832,0.012238256901532463,-0.4948318005579896,0.024732155224729248,0.1585320199017466,47,1,0.02,0.1,66.0
hongli,0.27529155572770425,0.014105425657572557,-0.4542407470330313,0.031052752862232424,0.16919810170460411,37,1,0.02,0.12000000000000001,88.25
hongli,0.6162145016953269,0.028038886034433386,-0.403070226855444,0.0695632774794085,0.24062029775104476,34,1,0.02,0.13999999999999999,99.48484848484848
hongli,0.8731570856393545,0.03681261792934731,-0.4346710007618575,0.08469076120749952,0.28245345521136656,29,1,0.02,0.16,124.35714285714286
hongli,1.1501147684991757,0.045080611207722665,-0.40716049222336537,0.11071951249875138,0.32140050864425834,25,1,0.02,0.18,136.41666666666666
hongli,1.1532372689863393,0.04516797191405186,-0.46069915300368736,0.09804222911972739,0.31969072160224576,22,1,0.02,0.19999999999999998,161.8095238095238
hongli,1.4265793681259376,0.05238750542725268,-0.45488750099875985,0.11516584938524284,0.3530675575110329,21,1,0.02,0.22,173.65
hongli,1.680773255253945,0.05844374496358418,-0.4407908674851144,0.13258837529241196,0.3768815450059735,20,1,0.02,0.24,204.0
hongli,1.8477177557420679,0.06213329723946148,-0.4335589055468181,0.14330993192516026,0.3922442870870618,19,1,0.02,0.26,217.44444444444446
hongli,1.9775246718103752,0.06486381416125231,-0.41667035112373363,0.1556717774286524,0.4029996096656949,17,1,0.02,0.28,246.875
hongli,1.227092627039366,0.0472002203762405,-0.41667035112373363,0.11327952720644625,0.3239435666054586,14,1,0.02,0.30000000000000004,303.6923076923077
hongli,1.372332672119418,0.051017903339219295,-0.4130359311089846,0.12351928608786723,0.3391571832206458,12,1,0.02,0.32,261.8181818181818
hongli,1.2855750581611387,0.04876489065143663,-0.4130359311089846,0.11806452412143634,0.3292687250833581,11,1,0.02,0.34,279.9
hongli,0.9705554914517214,0.03984428039531873,-0.4650853914322699,0.08567089211857395,0.28918095308753977,9,1,0.02,0.36000000000000004,362.875
hongli,1.2403981166515052,0.04755957661780541,-0.4650853914322699,0.10225988064544805,0.3230155194106438,9,1,0.02,0.38,366.625
hongli,1.139567167944676,0.04478462585493137,-0.4650853914322698,0.09629334027674645,0.3100844605652046,7,1,0.02,0.4,487.6666666666667
hongli,0.196080464677171,0.010366641180098668,-0.33451329697872856,0.030990221535970437,0.1473479927370205,102,1,0.04,0.02,5.519607843137255
hongli,0.13398124949163703,0.007268606014908308,-0.3939548256642126,0.01845035405430902,0.12121306937024177,69,1,0.04,0.04,14.217391304347826
hongli,0.04425579814775693,0.002497451314314114,-0.37302414037350984,0.006695146624594888,0.09063751172879814,53,1,0.04,0.06,26.71698113207547
hongli,-0.012527319470111764,-0.0007258678280385178,-0.47214955770076494,-0.0015373684380290203,0.07456815934677687,42,1,0.04,0.08,46.214285714285715
hongli,0.09383238320663012,0.0051793654912051235,-0.49526714170450437,0.01045772080372603,0.11481450980307366,35,1,0.04,0.1,63.51428571428571
hongli,0.08831294866049966,0.004886515905099698,-0.49775835966221316,0.009817044375539501,0.11586189155260232,29,1,0.04,0.12000000000000001,86.85714285714286
hongli,0.4615370206678002,0.022099193636814896,-0.42493397946442235,0.05200618144180478,0.21206688304892723,28,1,0.04,0.13999999999999999,98.51851851851852
hongli,0.4989784028933586,0.023589479728397533,-0.4279369140426902,0.05512373192008458,0.219002196900151,24,1,0.04,0.16,121.82608695652173
hongli,0.3137945900302965,0.01584437988393672,-0.467424381900301,0.0338972045478711,0.1780619892192541,20,1,0.04,0.18,137.42105263157896
hongli,0.5718002277286962,0.026390177491731004,-0.4331780151481007,0.06092224574857146,0.23182193405233295,19,1,0.04,0.19999999999999998,155.11111111111111
hongli,0.6325133516454435,0.028633225820959618,-0.42845252104209275,0.06682940212679152,0.24254925102210215,17,1,0.04,0.22,185.0625
hongli,0.8330565237667926,0.0355210445998182,-0.42110181036314387,0.08435262857024067,0.2746373586469602,16,1,0.04,0.24,222.2
hongli,1.399423990981079,0.05170554336974953,-0.41361522005161866,0.12500880253704577,0.3500510686746399,16,1,0.04,0.26,226.6
hongli,1.5048694785921901,0.05431411740298819,-0.39613204066014673,0.13711114433579955,0.36012127228237273,15,1,0.04,0.28,255.35714285714286
hongli,1.5005153977083268,0.05420846974702043,-0.39613204066014673,0.13684444625252482,0.3573432251343005,14,1,0.04,0.30000000000000004,286.15384615384613
hongli,1.5170736502921782,0.05460932033577359,-0.4130359311089846,0.13221445453704184,0.3564493952292001,12,1,0.04,0.32,243.54545454545453
hongli,1.581991401454233,0.05615727771537715,-0.4130359311089846,0.1359622093036728,0.36284795459047703,11,1,0.04,0.34,274.8
hongli,1.1022339101684389,0.043725821050550895,-0.4650853914322698,0.09401675876314569,0.3067686945518801,9,1,0.04,0.36000000000000004,356.875
hongli,1.3901082276208965,0.05146991700441994,-0.4650853914322699,0.11066767082473601,0.3407195583091748,9,1,0.04,0.38,360.625
hongli,1.2689107358542646,0.04832292416704709,-0.4650853914322698,0.103901186872872,0.3260459252947156,7,1,0.04,0.4,480.1666666666667
hongli,-0.03100980161856759,-0.0018127999520172189,-0.36721045442124767,-0.004936678491015004,0.02759046564394126,50,1,0.06,0.02,4.04
hongli,-0.10911367838559383,-0.006632918855765002,-0.3687769716368273,-0.017986260981331343,-0.009670015166663538,35,1,0.06,0.04,9.657142857142857
hongli,-0.052413120815366865,-0.0030961881147167913,-0.38806359172612126,-0.00797855861959333,0.03301047286357074,30,1,0.06,0.06,20.133333333333333
hongli,-0.12810131761882004,-0.007864835240284251,-0.5113516816531205,-0.01538048181411756,0.003448762639768765,26,1,0.06,0.08,37.57692307692308
hongli,0.11832867688426352,0.006462506781270472,-0.45832999641370553,0.014100117452136332,0.11636737817663763,24,1,0.06,0.1,50.458333333333336
hongli,0.017896389282974656,0.0010222386628355729,-0.4938389455645241,0.0020699838925563414,0.08272825722392078,20,1,0.06,0.12000000000000001,73.47368421052632
hongli,0.19852690133295137,0.01048556171317716,-0.4346476816169582,0.024124278482676384,0.1451528194932394,19,1,0.06,0.13999999999999999,82.27777777777777
hongli,-0.2014478457772847,-0.012873822095435195,-0.561087942754385,-0.02294439269580006,0.002310689740584314,15,1,0.06,0.16,120.85714285714286
hongli,-0.1377440090631895,-0.008500164923546216,-0.5157808294271042,-0.016480187782449467,0.03186636466367009,14,1,0.06,0.18,153.92307692307693
hongli,0.10490551427418948,0.005762706732936218,-0.44126520011818404,0.013059508729428,0.1206389397656232,14,1,0.06,0.19999999999999998,178.46153846153845
hongli,0.3046892831851047,0.015437525396602148,-0.414115192250483,0.037278336282974514,0.17547360091367178,14,1,0.06,0.22,188.46153846153845
hongli,0.41135118673706206,0.020044177831603616,-0.4474596684243991,0.04479549609953326,0.2001115374147016,13,1,0.06,0.24,230.16666666666666
hongli,0.7191717697741016,0.031702279301582426,-0.41374793240928687,0.0766222059817376,0.260555458491478,13,1,0.06,0.26,235.08333333333334
hongli,1.0530654136423552,0.042303990595540686,-0.38098394920926726,0.11103877389937997,0.30939101198408003,13,1,0.06,0.28,281.6666666666667
hongli,0.9396811223488881,0.038898854788972814,-0.38098394920926737,0.10210103304799961,0.2912507460953042,12,1,0.06,0.30000000000000004,320.45454545454544
hongli,0.7967287960567584,0.034327790708190475,-0.38078803906215364,0.09014934080581077,0.2678732704585565,10,1,0.06,0.32,280.6666666666667
hongli,0.7591974621945405,0.033070881107010175,-0.38078803906215364,0.08684852914093823,0.26169958213087235,9,1,0.06,0.34,324.125
hongli,0.6039739887063225,0.027588808481092908,-0.4433825433531847,0.06222348826015128,0.23521702713303133,8,1,0.06,0.36000000000000004,394.7142857142857
hongli,0.8236179184217043,0.03521317320744366,-0.4310067792692803,0.0816998128594249,0.2704171098430025,8,1,0.06,0.38,399.0
hongli,0.4314203797743441,0.020874111225338998,-0.4752465225117205,0.043922701664427646,0.2039413423743998,6,1,0.06,0.4,558.0
hongli,0.04975931033830361,0.00280102395304227,-0.2102298019800498,0.013323629317350918,0.0750223707037425,31,1,0.08,0.02,3.193548387096774
hongli,0.04685519591298615,0.0026410209942095975,-0.24459245400809226,0.010797638892499194,0.07397941879285733,23,1,0.08,0.04,7.3478260869565215
hongli,-0.10229822236665065,-0.006196760443262117,-0.39579336751881156,-0.015656554535284355,-0.013946985608942601,19,1,0.08,0.06,18.36842105263158
hongli,0.034957022678153926,0.0019810901190036034,-0.38215257046238305,0.00518402929125034,0.07352066544249328,19,1,0.08,0.08,37.68421052631579
hongli,0.30530224485362734,0.015464998377858752,-0.2808546452908829,0.05506406476503729,0.18754501299226717,18,1,0.08,0.1,49.666666666666664
hongli,0.3566460506808087,0.017724134457439922,-0.2853151569058241,0.06212125093406884,0.19934061050370805,16,1,0.08,0.12000000000000001,67.4375
hongli,0.4805929446287296,0.022862118538488296,-0.2657891933818526,0.08601598224365305,0.23476799372211338,15,1,0.08,0.13999999999999999,77.86666666666666
hongli,0.03843514207087595,0.002174740077713011,-0.35470740201076123,0.006131081746207916,0.08761245054819086,12,1,0.08,0.16,105.91666666666667
hongli,0.3374881761198487,0.016890760173555952,-0.2878840148158909,0.05867210162522577,0.18744540893818573,12,1,0.08,0.18,132.66666666666666
hongli,0.6752853393078821,0.030166716424085083,-0.2878840148158909,0.10478774392311245,0.26785125406427884,12,1,0.08,0.19999999999999998,158.75
hongli,0.9596099780215919,0.03951071764525338,-0.2878840148158909,0.13724526410582916,0.320729569989068,12,1,0.08,0.22,169.5
hongli,0.8720664397199309,0.03677783617234254,-0.3294380837013011,0.11163808312365217,0.29717918390486925,11,1,0.08,0.24,212.8181818181818
hongli,1.2803706154445673,0.04862718689518686,-0.3294380837013011,0.1476064526263962,0.362261153811044,11,1,0.08,0.26,218.1818181818182
hongli,1.6699727787014647,0.0581976521468166,-0.3294380837013011,0.176657329635222,0.4022250652877444,11,1,0.08,0.28,268.8181818181818
hongli,1.3914819803092846,0.051504718085211065,-0.32943808370130123,0.15634111729447153,0.36483890311825895,10,1,0.08,0.30000000000000004,309.0
hongli,1.2659713751324193,0.04824465002905498,-0.34924192098784723,0.13814106248354355,0.34319654212789513,9,1,0.08,0.32,274.25
hongli,0.9266151217345793,0.03849447409743356,-0.34924192098784734,0.11022294800277732,0.29219425606354954,8,1,0.08,0.34,335.57142857142856
hongli,0.6420530017685102,0.02897850133948432,-0.3752611168853274,0.0772222328281872,0.2437360233514031,7,1,0.08,0.36000000000000004,419.1666666666667
hongli,0.8548166059299991,0.036225167743280995,-0.35341887588626864,0.10249924442331816,0.2789393141312905,7,1,0.08,0.38,424.0
hongli,0.28449546054183505,0.01452556726403964,-0.4752465225117204,0.030564278907861793,0.17310436540915194,5,1,0.08,0.4,676.25
hongli,0.2421614099885383,0.012569064014387177,-0.184265216132521,0.0682118105532608,0.2512610275613361,19,1,0.1,0.02,2.5789473684210527
hongli,0.2380581755476474,0.012376101768909464,-0.188412594569199,0.06568617027543797,0.21460585449151776,15,1,0.1,0.04,5.6
hongli,-0.011927681309923277,-0.0006909258837487497,-0.262946713607737,-0.0026276269981433216,0.03141878644653582,12,1,0.1,0.06,11.5
hongli,0.16111514965146534,0.008641462364449293,-0.23627393084689052,0.03657391373426257,0.1457607854600333,11,1,0.1,0.08,15.090909090909092
hongli,0.1964559674446713,0.010384909137495901,-0.22408073150717045,0.04634449855481479,0.16058292225547394,10,1,0.1,0.1,22.4
hongli,0.36149270007131173,0.017933207288322484,-0.22408073150717045,0.08003011757282054,0.236249016410696,9,1,0.1,0.12000000000000001,29.444444444444443
hongli,0.5667938200034826,0.026201588429015876,-0.22408073150717045,0.11692923462353763,0.31059119159711746,9,1,0.1,0.13999999999999999,39.77777777777778
hongli,0.7888026458547692,0.034064421592666205,-0.22408073150717045,0.15201852191193943,0.383608372544791,9,1,0.1,0.16,42.333333333333336
hongli,1.0333627662034726,0.0417252148086964,-0.22408073150717045,0.18620617010687157,0.4325116598306457,9,1,0.1,0.18,58.55555555555556
hongli,1.4329367942537234,0.05254612231645761,-0.22408073150717045,0.23449638870344444,0.48565295658378493,9,1,0.1,0.19999999999999998,92.44444444444444
hongli,1.7511735009379672,0.06002531167795899,-0.22408073150717056,0.26787359749420575,0.5255244305761725,9,1,0.1,0.22,106.33333333333333
hongli,1.5192691027708118,0.05466228226283798,-0.3294380837013011,0.16592581418850116,0.46504633888776425,8,1,0.1,0.24,127.375
hongli,1.898554920700684,0.06321637406055891,-0.32943808370130123,0.19189151827958262,0.522490466943706,8,1,0.1,0.26,131.375
hongli,2.241442769005231,0.07008562358511994,-0.3294380837013011,0.2127429312291229,0.562360484139613,8,1,0.1,0.28,146.125
hongli,1.6849626513434872,0.05853895045715296,-0.3294380837013011,0.17769333101824913,0.4762284778642574,7,1,0.1,0.30000000000000004,184.42857142857142
hongli,1.561838529402499,0.05568069790536079,-0.34924192098784723,0.15943303068504866,0.44466096908676533,6,1,0.1,0.32,225.5
hongli,1.094207017414801,0.04349585806692069,-0.34924192098784734,0.12454363423466058,0.35823429438647514,5,1,0.1,0.34,301.4
hongli,1.2118881917623727,0.0467870917889921,-0.34924192098784723,0.1339675708364351,0.37693968027910474,5,1,0.1,0.36000000000000004,317.8
hongli,1.4295404573257238,0.05246143284989646,-0.34924192098784734,0.1502151651826528,0.4113286008857676,5,1,0.1,0.38,323.0
hongli,0.5748816511393315,0.026505972047388804,-0.4752465225117204,0.05577310046857865,0.23802252063847854,4,1,0.1,0.4,569.5
hongli,0.1085827717120933,0.005955209409546303,-0.20559303452783384,0.028966007643318612,0.1444020353455986,13,1,0.12000000000000001,0.02,2.6153846153846154
hongli,0.04943460398494892,0.0027831548970556064,-0.2181871023230052,0.012755817678606002,0.0761262974284598,10,1,0.12000000000000001,0.04,6.2
hongli,-0.07003601434334972,-0.004173568868917399,-0.257650068423658,-0.01619859406384762,-0.023704231191349286,8,1,0.12000000000000001,0.06,9.75
hongli,0.062376862333236804,0.003491383048022545,-0.22408073150717045,0.015580915969612598,0.084244183017618,8,1,0.12000000000000001,0.08,12.0
hongli,0.06780828899067148,0.003786183006946553,-0.22408073150717056,0.016896513062415613,0.08733258630068697,7,1,0.12000000000000001,0.1,21.285714285714285
hongli,0.10783044914302065,0.005915874694602197,-0.22408073150717045,0.02640063987122825,0.11196867387966845,6,1,0.12000000000000001,0.12000000000000001,28.666666666666668
hongli,0.21383818334939564,0.011224683032740268,-0.22408073150717045,0.050092138477248256,0.1722282514584093,6,1,0.12000000000000001,0.13999999999999999,30.0
hongli,0.3310370637385396,0.016607601123871163,-0.22408073150717045,0.07411436499768714,0.23141615177094427,6,1,0.12000000000000001,0.16,33.333333333333336
hongli,0.42848152652367877,0.020753267006137888,-0.22408073150717056,0.09261513413737578,0.2638511094430268,6,1,0.12000000000000001,0.18,52.833333333333336
hongli,0.615161213476517,0.028000283692555694,-0.22408073150717034,0.12495623119500444,0.31408812532804276,6,1,0.12000000000000001,0.19999999999999998,96.33333333333333
hongli,0.7343534137385572,0.032224887013481585,-0.22408073150717045,0.14380927265247886,0.3424540482108312,6,1,0.12000000000000001,0.22,107.83333333333333
hongli,0.535604664486806,0.025013758236738015,-0.329438083701301,0.07592855675853737,0.2674770478049253,5,1,0.12000000000000001,0.24,140.6
hongli,0.6592304716458723,0.029595478726326396,-0.3294380837013011,0.08983623992045917,0.3038042631726312,5,1,0.12000000000000001,0.26,145.6
hongli,0.7716578526480145,0.03349095376489197,-0.3294380837013011,0.10166084439483916,0.3345967951827337,5,1,0.12000000000000001,0.28,149.2
hongli,0.8833001049515525,0.03713517767220553,-0.3294380837013011,0.11272278315544022,0.3528583608269602,5,1,0.12000000000000001,0.30000000000000004,175.8
hongli,0.6667027704373674,0.02986199070951412,-0.34924192098784734,0.08550517253211774,0.2894972726245417,4,1,0.12000000000000001,0.32,231.0
hongli,0.5826628740067601,0.026797429293657915,-0.34924192098784734,0.07673027687472372,0.2572302337118074,4,1,0.12000000000000001,0.34,296.0
hongli,0.6504194036247986,0.02927976022105172,-0.34924192098784723,0.08383804595459943,0.27375988990386757,4,1,0.12000000000000001,0.36000000000000004,300.5
hongli,0.7742973682487551,0.03357958133573491,-0.34924192098784734,0.09614991591145035,0.30221398694063806,4,1,0.12000000000000001,0.38,306.75
hongli,0.13702042865702935,0.0074239056238818435,-0.4752465225117204,0.015621167693444316,0.1278798373745799,3,1,0.12000000000000001,0.4,629.3333333333334
hongli,-0.00747604341536412,-0.00043214443457573193,-0.20559303452783395,-0.0021019410291219114,0.012449444256167546,6,1,0.13999999999999999,0.02,2.5
hongli,0.026524912373601328,0.0015090609300869584,-0.20559303452783395,0.0073400391873814,0.05535358063801173,6,1,0.13999999999999999,0.04,4.0
hongli,0.0490880108451337,0.00276407562986436,-0.2504400410151787,0.011036875807318824,0.07879563898979565,5,1,0.13999999999999999,0.06,5.4
hongli,0.13898925153124742,0.0075243022273854265,-0.22408073150717056,0.03357853295451532,0.16439130131446764,5,1,0.13999999999999999,0.08,6.0
hongli,0.029703024295966385,0.0016873990994690224,-0.22408073150717056,0.007530317703443528,0.058253207541047215,4,1,0.13999999999999999,0.1,9.75
hongli,0.10759782765499804,0.005903707130275659,-0.22408073150717056,0.02634633995777875,0.1205101847453288,4,1,0.13999999999999999,0.12000000000000001,16.25
hongli,0.19464452909826613,0.01029673399101183,-0.22408073150717056,0.0459510013277618,0.18183496005305982,4,1,0.13999999999999999,0.13999999999999999,18.0
hongli,0.26846234799885327,0.013791833854794433,-0.22408073150717067,0.06154850424679682,0.2298867630582486,4,1,0.13999999999999999,0.16,18.75
hongli,0.31210110912057276,0.015768911261577312,-0.22408073150717056,0.07037156276452404,0.24371827766343593,4,1,0.13999999999999999,0.18,26.5
hongli,0.4319459769205689,0.020895698874278335,-0.22408073150717056,0.09325076160602266,0.2986588609385011,4,1,0.13999999999999999,0.19999999999999998,32.0
hongli,0.5033787488912305,0.023762317930631216,-0.22408073150717056,0.106043557475047,0.3176733471998945,4,1,0.13999999999999999,0.22,37.0
hongli,0.28621547157868243,0.01460376789672968,-0.32943808370130134,0.04432932505147398,0.19973922409469755,3,1,0.13999999999999999,0.24,58.0
hongli,0.3400055599290899,0.01700090685046307,-0.32943808370130123,0.05160577265219176,0.2238822244564007,3,1,0.13999999999999999,0.26,59.0
hongli,0.3712538773039933,0.01835216077021129,-0.32943808370130123,0.05570746576722757,0.2372653846098597,3,1,0.13999999999999999,0.28,62.333333333333336
hongli,0.440076831036728,0.021228706454906154,-0.32943808370130123,0.06443913896170561,0.25652857507867144,3,1,0.13999999999999999,0.30000000000000004,81.66666666666667
hongli,0.47485096093915846,0.02263321065287527,-0.34924192098784734,0.06480668354147222,0.248385536135724,3,1,0.13999999999999999,0.32,189.0
hongli,0.3763341836551266,0.01856909870371548,-0.3806320457129625,0.04878490634947374,0.2067939656331763,3,1,0.13999999999999999,0.34,275.3333333333333
hongli,0.4040401694041573,0.019739074802942458,-0.3762310215250232,0.05246530369274616,0.2153112217058843,3,1,0.13999999999999999,0.36000000000000004,280.3333333333333
hongli,0.5034805594568514,0.023766311233120785,-0.36846418027443273,0.06450100852522381,0.24483794382052151,3,1,0.13999999999999999,0.38,288.3333333333333
hongli,0.31688620145845303,0.015981918930766392,-0.45448115724495886,0.03516519590745622,0.1791899243508579,3,1,0.13999999999999999,0.4,626.0
hongli,-0.04174033452418657,-0.002452848557994547,-0.13280518136299013,-0.01846952455334022,-0.06788521885611523,2,1,0.16,0.02,3.5
hongli,-0.04174033452418657,-0.002452848557994547,-0.13280518136299013,-0.01846952455334022,-0.06788521885611523,2,1,0.16,0.04,3.5
hongli,0.011240046271551174,0.000644022443065495,-0.13280518136299013,0.004849377384646002,0.03601726663804608,2,1,0.16,0.06,4.0
hongli,0.07094720878227645,0.003955909562532778,-0.13280518136299013,0.02978731343109481,0.12894058114388002,2,1,0.16,0.08,4.5
hongli,0.07094720878227645,0.003955909562532778,-0.13280518136299013,0.02978731343109481,0.12894058114388002,2,1,0.16,0.1,4.5
hongli,0.07941075490141958,0.004411221909200513,-0.13280518136299013,0.03321573649407193,0.11721152548680963,2,1,0.16,0.12000000000000001,16.5
hongli,0.14335670881319662,0.007746430377338687,-0.13280518136299013,0.05832927825433056,0.1826376606334506,2,1,0.16,0.13999999999999999,18.5
hongli,0.16348571732669326,0.008759962519714337,-0.13280518136299013,0.06596099963728934,0.20270454883352362,2,1,0.16,0.16,19.0
hongli,0.18934852564345128,0.010038216551206292,-0.13280518136299013,0.07558603096794325,0.21973404564130816,2,1,0.16,0.18,23.0
hongli,0.24458784905344233,0.012682889384906249,-0.13280518136299013,0.09549995907343936,0.25638241459804106,2,1,0.16,0.19999999999999998,30.0
hongli,0.28533475800816066,0.014563738404968829,-0.13280518136299013,0.10966242623593465,0.2619718495303638,2,1,0.16,0.22,39.0
hongli,-0.06016390471428035,-0.0035676882753877814,-0.29712465952610123,-0.01200737859011118,-0.01202140480379814,1,1,0.16,0.24,85.0
hongli,-0.05413921637562247,-0.003200875555275373,-0.29712465952610123,-0.010772837099352868,-0.006964283477555751,1,1,0.16,0.26,87.0
hongli,-0.03208217508936584,-0.0018764630448886432,-0.29712465952610123,-0.006315406630609209,0.011560986727494638,1,1,0.16,0.28,97.0
hongli,-0.01801292283638567,-0.0010464547964057491,-0.29712465952610123,-0.003521938563008508,0.024457576243306443,1,1,0.16,0.30000000000000004,115.0
hongli,-0.03918340251862096,-0.002299723437004353,-0.31788281553994546,-0.0072345006542682,0.022846852315696047,1,1,0.16,0.32,428.0
hongli,-0.02237585407982101,-0.0013026383503695893,-0.31788281553994546,-0.004097857092894342,0.03384228534936461,1,1,0.16,0.34,473.0
hongli,-0.00973252480079656,-0.0005631806078825186,-0.31788281553994546,-0.0017716610661256357,0.04182273517672107,1,1,0.16,0.36000000000000004,483.0
hongli,0.007791260598887684,0.00044713730690282283,-0.31788281553994546,0.0014066105025002055,0.05263329974599877,1,1,0.16,0.38,502.0
hongli,0.021902002188016523,0.0012487174967010795,-0.31788281553994546,0.003928232152405119,0.06121498570490053,1,1,0.16,0.4,527.0
hongli,-0.04174033452418657,-0.002452848557994547,-0.13280518136299013,-0.01846952455334022,-0.06788521885611523,2,1,0.18,0.02,3.5
hongli,-0.04174033452418657,-0.002452848557994547,-0.13280518136299013,-0.01846952455334022,-0.06788521885611523,2,1,0.18,0.04,3.5
hongli,0.011240046271551174,0.000644022443065495,-0.13280518136299013,0.004849377384646002,0.03601726663804608,2,1,0.18,0.06,4.0
hongli,0.07094720878227645,0.003955909562532778,-0.13280518136299013,0.02978731343109481,0.12894058114388002,2,1,0.18,0.08,4.5
hongli,0.07094720878227645,0.003955909562532778,-0.13280518136299013,0.02978731343109481,0.12894058114388002,2,1,0.18,0.1,4.5
hongli,0.07941075490141958,0.004411221909200513,-0.13280518136299013,0.03321573649407193,0.11721152548680963,2,1,0.18,0.12000000000000001,16.5
hongli,0.14335670881319662,0.007746430377338687,-0.13280518136299013,0.05832927825433056,0.1826376606334506,2,1,0.18,0.13999999999999999,18.5
hongli,0.16348571732669326,0.008759962519714337,-0.13280518136299013,0.06596099963728934,0.20270454883352362,2,1,0.18,0.16,19.0
hongli,0.18934852564345128,0.010038216551206292,-0.13280518136299013,0.07558603096794325,0.21973404564130816,2,1,0.18,0.18,23.0
hongli,0.24458784905344233,0.012682889384906249,-0.13280518136299013,0.09549995907343936,0.25638241459804106,2,1,0.18,0.19999999999999998,30.0
hongli,0.28533475800816066,0.014563738404968829,-0.13280518136299013,0.10966242623593465,0.2619718495303638,2,1,0.18,0.22,39.0
hongli,-0.06016390471428035,-0.0035676882753877814,-0.29712465952610123,-0.01200737859011118,-0.01202140480379814,1,1,0.18,0.24,85.0
hongli,-0.05413921637562247,-0.003200875555275373,-0.29712465952610123,-0.010772837099352868,-0.006964283477555751,1,1,0.18,0.26,87.0
hongli,-0.03208217508936584,-0.0018764630448886432,-0.29712465952610123,-0.006315406630609209,0.011560986727494638,1,1,0.18,0.28,97.0
hongli,-0.01801292283638567,-0.0010464547964057491,-0.29712465952610123,-0.003521938563008508,0.024457576243306443,1,1,0.18,0.30000000000000004,115.0
hongli,-0.03918340251862096,-0.002299723437004353,-0.31788281553994546,-0.0072345006542682,0.022846852315696047,1,1,0.18,0.32,428.0
hongli,-0.02237585407982101,-0.0013026383503695893,-0.31788281553994546,-0.004097857092894342,0.03384228534936461,1,1,0.18,0.34,473.0
hongli,-0.00973252480079656,-0.0005631806078825186,-0.31788281553994546,-0.0017716610661256357,0.04182273517672107,1,1,0.18,0.36000000000000004,483.0
hongli,0.007791260598887684,0.00044713730690282283,-0.31788281553994546,0.0014066105025002055,0.05263329974599877,1,1,0.18,0.38,502.0
hongli,0.021902002188016523,0.0012487174967010795,-0.31788281553994546,0.003928232152405119,0.06121498570490053,1,1,0.18,0.4,527.0
hongli,0.026574845592909346,0.00151186692891625,-0.082963291376002,0.018223323880247756,0.07275599219018894,2,1,0.19999999999999998,0.02,3.0
hongli,0.026574845592909346,0.00151186692891625,-0.082963291376002,0.018223323880247756,0.07275599219018894,2,1,0.19999999999999998,0.04,3.0
hongli,0.08333224465116151,0.004621046333043832,-0.082963291376002,0.05569989155927483,0.17678473446628148,2,1,0.19999999999999998,0.06,3.5
hongli,0.14729598364961327,0.007946096429453542,-0.082963291376002,0.09577846174690259,0.2655474922440537,2,1,0.19999999999999998,0.08,4.0
hongli,0.14729598364961327,0.007946096429453542,-0.082963291376002,0.09577846174690259,0.2655474922440537,2,1,0.19999999999999998,0.1,4.0
hongli,0.15636290346629322,0.0084032183987639,-0.10896289238454016,0.07712000126711177,0.21170109655523828,2,1,0.19999999999999998,0.12000000000000001,16.0
hongli,0.224867621058344,0.01175168253371095,-0.10896289238454016,0.10785031744787181,0.27668303591689697,2,1,0.19999999999999998,0.13999999999999999,18.0
hongli,0.24643164441355925,0.012769242923348356,-0.10896289238454016,0.11718891306853817,0.2974845892356654,2,1,0.19999999999999998,0.16,18.5
hongli,0.27413823523744774,0.01405257732978571,-0.10896289238454004,0.12896663278901294,0.3095724967021689,2,1,0.19999999999999998,0.18,22.5
hongli,0.3333156189292794,0.016707761321105075,-0.10896289238454004,0.15333441463853448,0.3407238462709925,2,1,0.19999999999999998,0.19999999999999998,29.5
hongli,0.3769674111058898,0.018596085708349586,-0.11128476870676285,0.1671036020872773,0.3341619091476017,2,1,0.19999999999999998,0.22,38.5
hongli,0.0068378427693849275,0.0003925963209265859,-0.2971246595261011,0.0013213185386657482,0.04152577009811699,1,1,0.19999999999999998,0.24,84.0
hongli,0.013292036474733093,0.0007608669250798172,-0.2971246595261011,0.0025607666704384672,0.04670007550097622,1,1,0.19999999999999998,0.26,86.0
hongli,0.03692154376640455,0.002090543265635736,-0.2971246595261011,0.007035913037208178,0.06538158720026725,1,1,0.19999999999999998,0.28,96.0
hongli,0.05199380547120991,0.0029238503522261983,-0.2971246595261011,0.009840483643766197,0.07688616957318606,1,1,0.19999999999999998,0.30000000000000004,114.0
hongli,0.02931406354538524,0.00166560064022514,-0.31788281553994546,0.005239668704317988,0.06476426394361769,1,1,0.19999999999999998,0.32,427.0
hongli,0.04731983699593445,0.0026666486058866123,-0.31788281553994546,0.0083887787433779,0.07569091960024792,1,1,0.19999999999999998,0.34,472.0
hongli,0.06086452041527668,0.0034090452967325824,-0.31788281553994546,0.010724220153084048,0.08369549437880652,1,1,0.19999999999999998,0.36000000000000004,482.0
hongli,0.07963759199389919,0.0044233786839471545,-0.31788281553994546,0.013915123648422916,0.09456757769792719,1,1,0.19999999999999998,0.38,501.0
hongli,0.09475430084636738,0.005228144725549777,-0.31788281553994546,0.016446767393416405,0.10313805595699597,1,1,0.19999999999999998,0.4,526.0
hongli,-0.009769015191567254,-0.0005653019531928205,-0.082963291376002,-0.006813880498433793,-0.015213494190932148,1,1,0.22,0.02,4.0
hongli,-0.009769015191567254,-0.0005653019531928205,-0.082963291376002,-0.006813880498433793,-0.015213494190932148,1,1,0.22,0.04,4.0
hongli,-0.009769015191567254,-0.0005653019531928205,-0.082963291376002,-0.006813880498433793,-0.015213494190932148,1,1,0.22,0.06,4.0
hongli,0.04869769857348061,0.0027425825981268748,-0.082963291376002,0.03305778438438612,0.11826706878671245,1,1,0.22,0.08,5.0
hongli,0.04869769857348061,0.0027425825981268748,-0.082963291376002,0.03305778438438612,0.11826706878671245,1,1,0.22,0.1,5.0
hongli,0.04869769857348061,0.0027425825981268748,-0.082963291376002,0.03305778438438612,0.11826706878671245,1,1,0.22,0.12000000000000001,5.0
hongli,0.09475897949348977,0.005228392176929164,-0.082963291376002,0.06302054909120362,0.19988743198299816,1,1,0.22,0.13999999999999999,6.0
hongli,0.09475897949348977,0.005228392176929164,-0.082963291376002,0.06302054909120362,0.19988743198299816,1,1,0.22,0.16,6.0
hongli,0.09761295423815253,0.00537915210712181,-0.082963291376002,0.06483773748491596,0.18292295755716184,1,1,0.22,0.18,12.0
hongli,0.12706503787364842,0.006913726087622196,-0.082963291376002,0.08333476134991027,0.22752701749802784,1,1,0.22,0.19999999999999998,14.0
hongli,0.14226830169788096,0.007691149075633286,-0.11128476870676285,0.06911232475937104,0.19588229493321344,1,1,0.22,0.22,31.0
hongli,0.0068378427693849275,0.0003925963209265859,-0.2971246595261011,0.0013213185386657482,0.04152577009811699,1,1,0.22,0.24,84.0
hongli,0.013292036474733093,0.0007608669250798172,-0.2971246595261011,0.0025607666704384672,0.04670007550097622,1,1,0.22,0.26,86.0
hongli,0.03692154376640455,0.002090543265635736,-0.2971246595261011,0.007035913037208178,0.06538158720026725,1,1,0.22,0.28,96.0
hongli,0.05199380547120991,0.0029238503522261983,-0.2971246595261011,0.009840483643766197,0.07688616957318606,1,1,0.22,0.30000000000000004,114.0
hongli,0.02931406354538524,0.00166560064022514,-0.31788281553994546,0.005239668704317988,0.06476426394361769,1,1,0.22,0.32,427.0
hongli,0.04731983699593445,0.0026666486058866123,-0.31788281553994546,0.0083887787433779,0.07569091960024792,1,1,0.22,0.34,472.0
hongli,0.06086452041527668,0.0034090452967325824,-0.31788281553994546,0.010724220153084048,0.08369549437880652,1,1,0.22,0.36000000000000004,482.0
hongli,0.07963759199389919,0.0044233786839471545,-0.31788281553994546,0.013915123648422916,0.09456757769792719,1,1,0.22,0.38,501.0
hongli,0.09475430084636738,0.005228144725549777,-0.31788281553994546,0.016446767393416405,0.10313805595699597,1,1,0.22,0.4,526.0
hongli,0.0,0.0,0.0,,0.0,0,1,0.24,0.02,0.0
hongli,0.0,0.0,0.0,,0.0,0,1,0.24,0.04,0.0
hongli,0.0,0.0,0.0,,0.0,0,1,0.24,0.06,0.0
hongli,0.0,0.0,0.0,,0.0,0,1,0.24,0.08,0.0
hongli,0.0,0.0,0.0,,0.0,0,1,0.24,0.1,0.0
hongli,0.0,0.0,0.0,,0.0,0,1,0.24,0.12000000000000001,0.0
hongli,0.0,0.0,0.0,,0.0,0,1,0.24,0.13999999999999999,0.0
hongli,0.0,0.0,0.0,,0.0,0,1,0.24,0.16,0.0
hongli,0.0,0.0,0.0,,0.0,0,1,0.24,0.18,0.0
hongli,0.0,0.0,0.0,,0.0,0,1,0.24,0.19999999999999998,0.0
hongli,0.0,0.0,0.0,,0.0,0,1,0.24,0.22,0.0
hongli,0.0,0.0,0.0,,0.0,0,1,0.24,0.24,0.0
hongli,0.0,0.0,0.0,,0.0,0,1,0.24,0.26,0.0
hongli,0.0,0.0,0.0,,0.0,0,1,0.24,0.28,0.0
hongli,0.0,0.0,0.0,,0.0,0,1,0.24,0.30000000000000004,0.0
hongli,0.0,0.0,0.0,,0.0,0,1,0.24,0.32,0.0
hongli,0.0,0.0,0.0,,0.0,0,1,0.24,0.34,0.0
hongli,0.0,0.0,0.0,,0.0,0,1,0.24,0.36000000000000004,0.0
hongli,0.0,0.0,0.0,,0.0,0,1,0.24,0.38,0.0
hongli,0.0,0.0,0.0,,0.0,0,1,0.24,0.4,0.0
hongli,0.0,0.0,0.0,,0.0,0,1,0.26,0.02,0.0
hongli,0.0,0.0,0.0,,0.0,0,1,0.26,0.04,0.0
hongli,0.0,0.0,0.0,,0.0,0,1,0.26,0.06,0.0
hongli,0.0,0.0,0.0,,0.0,0,1,0.26,0.08,0.0
hongli,0.0,0.0,0.0,,0.0,0,1,0.26,0.1,0.0
hongli,0.0,0.0,0.0,,0.0,0,1,0.26,0.12000000000000001,0.0
hongli,0.0,0.0,0.0,,0.0,0,1,0.26,0.13999999999999999,0.0
hongli,0.0,0.0,0.0,,0.0,0,1,0.26,0.16,0.0
hongli,0.0,0.0,0.0,,0.0,0,1,0.26,0.18,0.0
hongli,0.0,0.0,0.0,,0.0,0,1,0.26,0.19999999999999998,0.0
hongli,0.0,0.0,0.0,,0.0,0,1,0.26,0.22,0.0
hongli,0.0,0.0,0.0,,0.0,0,1,0.26,0.24,0.0
hongli,0.0,0.0,0.0,,0.0,0,1,0.26,0.26,0.0
hongli,0.0,0.0,0.0,,0.0,0,1,0.26,0.28,0.0
hongli,0.0,0.0,0.0,,0.0,0,1,0.26,0.30000000000000004,0.0
hongli,0.0,0.0,0.0,,0.0,0,1,0.26,0.32,0.0
hongli,0.0,0.0,0.0,,0.0,0,1,0.26,0.34,0.0
hongli,0.0,0.0,0.0,,0.0,0,1,0.26,0.36000000000000004,0.0
hongli,0.0,0.0,0.0,,0.0,0,1,0.26,0.38,0.0
hongli,0.0,0.0,0.0,,0.0,0,1,0.26,0.4,0.0
hongli,0.0,0.0,0.0,,0.0,0,1,0.28,0.02,0.0
hongli,0.0,0.0,0.0,,0.0,0,1,0.28,0.04,0.0
hongli,0.0,0.0,0.0,,0.0,0,1,0.28,0.06,0.0
hongli,0.0,0.0,0.0,,0.0,0,1,0.28,0.08,0.0
hongli,0.0,0.0,0.0,,0.0,0,1,0.28,0.1,0.0
hongli,0.0,0.0,0.0,,0.0,0,1,0.28,0.12000000000000001,0.0
hongli,0.0,0.0,0.0,,0.0,0,1,0.28,0.13999999999999999,0.0
hongli,0.0,0.0,0.0,,0.0,0,1,0.28,0.16,0.0
hongli,0.0,0.0,0.0,,0.0,0,1,0.28,0.18,0.0
hongli,0.0,0.0,0.0,,0.0,0,1,0.28,0.19999999999999998,0.0
hongli,0.0,0.0,0.0,,0.0,0,1,0.28,0.22,0.0
hongli,0.0,0.0,0.0,,0.0,0,1,0.28,0.24,0.0
hongli,0.0,0.0,0.0,,0.0,0,1,0.28,0.26,0.0
hongli,0.0,0.0,0.0,,0.0,0,1,0.28,0.28,0.0
hongli,0.0,0.0,0.0,,0.0,0,1,0.28,0.30000000000000004,0.0
hongli,0.0,0.0,0.0,,0.0,0,1,0.28,0.32,0.0
hongli,0.0,0.0,0.0,,0.0,0,1,0.28,0.34,0.0
hongli,0.0,0.0,0.0,,0.0,0,1,0.28,0.36000000000000004,0.0
hongli,0.0,0.0,0.0,,0.0,0,1,0.28,0.38,0.0
hongli,0.0,0.0,0.0,,0.0,0,1,0.28,0.4,0.0
hongli,0.0,0.0,0.0,,0.0,0,1,0.30000000000000004,0.02,0.0
hongli,0.0,0.0,0.0,,0.0,0,1,0.30000000000000004,0.04,0.0
hongli,0.0,0.0,0.0,,0.0,0,1,0.30000000000000004,0.06,0.0
hongli,0.0,0.0,0.0,,0.0,0,1,0.30000000000000004,0.08,0.0
hongli,0.0,0.0,0.0,,0.0,0,1,0.30000000000000004,0.1,0.0
hongli,0.0,0.0,0.0,,0.0,0,1,0.30000000000000004,0.12000000000000001,0.0
hongli,0.0,0.0,0.0,,0.0,0,1,0.30000000000000004,0.13999999999999999,0.0
hongli,0.0,0.0,0.0,,0.0,0,1,0.30000000000000004,0.16,0.0
hongli,0.0,0.0,0.0,,0.0,0,1,0.30000000000000004,0.18,0.0
hongli,0.0,0.0,0.0,,0.0,0,1,0.30000000000000004,0.19999999999999998,0.0
hongli,0.0,0.0,0.0,,0.0,0,1,0.30000000000000004,0.22,0.0
hongli,0.0,0.0,0.0,,0.0,0,1,0.30000000000000004,0.24,0.0
hongli,0.0,0.0,0.0,,0.0,0,1,0.30000000000000004,0.26,0.0
hongli,0.0,0.0,0.0,,0.0,0,1,0.30000000000000004,0.28,0.0
hongli,0.0,0.0,0.0,,0.0,0,1,0.30000000000000004,0.30000000000000004,0.0
hongli,0.0,0.0,0.0,,0.0,0,1,0.30000000000000004,0.32,0.0
hongli,0.0,0.0,0.0,,0.0,0,1,0.30000000000000004,0.34,0.0
hongli,0.0,0.0,0.0,,0.0,0,1,0.30000000000000004,0.36000000000000004,0.0
hongli,0.0,0.0,0.0,,0.0,0,1,0.30000000000000004,0.38,0.0
hongli,0.0,0.0,0.0,,0.0,0,1,0.30000000000000004,0.4,0.0
hongli,0.0,0.0,0.0,,0.0,0,1,0.32,0.02,0.0
hongli,0.0,0.0,0.0,,0.0,0,1,0.32,0.04,0.0
hongli,0.0,0.0,0.0,,0.0,0,1,0.32,0.06,0.0
hongli,0.0,0.0,0.0,,0.0,0,1,0.32,0.08,0.0
hongli,0.0,0.0,0.0,,0.0,0,1,0.32,0.1,0.0
hongli,0.0,0.0,0.0,,0.0,0,1,0.32,0.12000000000000001,0.0
hongli,0.0,0.0,0.0,,0.0,0,1,0.32,0.13999999999999999,0.0
hongli,0.0,0.0,0.0,,0.0,0,1,0.32,0.16,0.0
hongli,0.0,0.0,0.0,,0.0,0,1,0.32,0.18,0.0
hongli,0.0,0.0,0.0,,0.0,0,1,0.32,0.19999999999999998,0.0
hongli,0.0,0.0,0.0,,0.0,0,1,0.32,0.22,0.0
hongli,0.0,0.0,0.0,,0.0,0,1,0.32,0.24,0.0
hongli,0.0,0.0,0.0,,0.0,0,1,0.32,0.26,0.0
hongli,0.0,0.0,0.0,,0.0,0,1,0.32,0.28,0.0
hongli,0.0,0.0,0.0,,0.0,0,1,0.32,0.30000000000000004,0.0
hongli,0.0,0.0,0.0,,0.0,0,1,0.32,0.32,0.0
hongli,0.0,0.0,0.0,,0.0,0,1,0.32,0.34,0.0
hongli,0.0,0.0,0.0,,0.0,0,1,0.32,0.36000000000000004,0.0
hongli,0.0,0.0,0.0,,0.0,0,1,0.32,0.38,0.0
hongli,0.0,0.0,0.0,,0.0,0,1,0.32,0.4,0.0
hongli,0.0,0.0,0.0,,0.0,0,1,0.34,0.02,0.0
hongli,0.0,0.0,0.0,,0.0,0,1,0.34,0.04,0.0
hongli,0.0,0.0,0.0,,0.0,0,1,0.34,0.06,0.0
hongli,0.0,0.0,0.0,,0.0,0,1,0.34,0.08,0.0
hongli,0.0,0.0,0.0,,0.0,0,1,0.34,0.1,0.0
hongli,0.0,0.0,0.0,,0.0,0,1,0.34,0.12000000000000001,0.0
hongli,0.0,0.0,0.0,,0.0,0,1,0.34,0.13999999999999999,0.0
hongli,0.0,0.0,0.0,,0.0,0,1,0.34,0.16,0.0
hongli,0.0,0.0,0.0,,0.0,0,1,0.34,0.18,0.0
hongli,0.0,0.0,0.0,,0.0,0,1,0.34,0.19999999999999998,0.0
hongli,0.0,0.0,0.0,,0.0,0,1,0.34,0.22,0.0
hongli,0.0,0.0,0.0,,0.0,0,1,0.34,0.24,0.0
hongli,0.0,0.0,0.0,,0.0,0,1,0.34,0.26,0.0
hongli,0.0,0.0,0.0,,0.0,0,1,0.34,0.28,0.0
hongli,0.0,0.0,0.0,,0.0,0,1,0.34,0.30000000000000004,0.0
hongli,0.0,0.0,0.0,,0.0,0,1,0.34,0.32,0.0
hongli,0.0,0.0,0.0,,0.0,0,1,0.34,0.34,0.0
hongli,0.0,0.0,0.0,,0.0,0,1,0.34,0.36000000000000004,0.0
hongli,0.0,0.0,0.0,,0.0,0,1,0.34,0.38,0.0
hongli,0.0,0.0,0.0,,0.0,0,1,0.34,0.4,0.0
hongli,0.0,0.0,0.0,,0.0,0,1,0.36000000000000004,0.02,0.0
hongli,0.0,0.0,0.0,,0.0,0,1,0.36000000000000004,0.04,0.0
hongli,0.0,0.0,0.0,,0.0,0,1,0.36000000000000004,0.06,0.0
hongli,0.0,0.0,0.0,,0.0,0,1,0.36000000000000004,0.08,0.0
hongli,0.0,0.0,0.0,,0.0,0,1,0.36000000000000004,0.1,0.0
hongli,0.0,0.0,0.0,,0.0,0,1,0.36000000000000004,0.12000000000000001,0.0
hongli,0.0,0.0,0.0,,0.0,0,1,0.36000000000000004,0.13999999999999999,0.0
hongli,0.0,0.0,0.0,,0.0,0,1,0.36000000000000004,0.16,0.0
hongli,0.0,0.0,0.0,,0.0,0,1,0.36000000000000004,0.18,0.0
hongli,0.0,0.0,0.0,,0.0,0,1,0.36000000000000004,0.19999999999999998,0.0
hongli,0.0,0.0,0.0,,0.0,0,1,0.36000000000000004,0.22,0.0
hongli,0.0,0.0,0.0,,0.0,0,1,0.36000000000000004,0.24,0.0
hongli,0.0,0.0,0.0,,0.0,0,1,0.36000000000000004,0.26,0.0
hongli,0.0,0.0,0.0,,0.0,0,1,0.36000000000000004,0.28,0.0
hongli,0.0,0.0,0.0,,0.0,0,1,0.36000000000000004,0.30000000000000004,0.0
hongli,0.0,0.0,0.0,,0.0,0,1,0.36000000000000004,0.32,0.0
hongli,0.0,0.0,0.0,,0.0,0,1,0.36000000000000004,0.34,0.0
hongli,0.0,0.0,0.0,,0.0,0,1,0.36000000000000004,0.36000000000000004,0.0
hongli,0.0,0.0,0.0,,0.0,0,1,0.36000000000000004,0.38,0.0
hongli,0.0,0.0,0.0,,0.0,0,1,0.36000000000000004,0.4,0.0
hongli,0.0,0.0,0.0,,0.0,0,1,0.38,0.02,0.0
hongli,0.0,0.0,0.0,,0.0,0,1,0.38,0.04,0.0
hongli,0.0,0.0,0.0,,0.0,0,1,0.38,0.06,0.0
hongli,0.0,0.0,0.0,,0.0,0,1,0.38,0.08,0.0
hongli,0.0,0.0,0.0,,0.0,0,1,0.38,0.1,0.0
hongli,0.0,0.0,0.0,,0.0,0,1,0.38,0.12000000000000001,0.0
hongli,0.0,0.0,0.0,,0.0,0,1,0.38,0.13999999999999999,0.0
hongli,0.0,0.0,0.0,,0.0,0,1,0.38,0.16,0.0
hongli,0.0,0.0,0.0,,0.0,0,1,0.38,0.18,0.0
hongli,0.0,0.0,0.0,,0.0,0,1,0.38,0.19999999999999998,0.0
hongli,0.0,0.0,0.0,,0.0,0,1,0.38,0.22,0.0
hongli,0.0,0.0,0.0,,0.0,0,1,0.38,0.24,0.0
hongli,0.0,0.0,0.0,,0.0,0,1,0.38,0.26,0.0
hongli,0.0,0.0,0.0,,0.0,0,1,0.38,0.28,0.0
hongli,0.0,0.0,0.0,,0.0,0,1,0.38,0.30000000000000004,0.0
hongli,0.0,0.0,0.0,,0.0,0,1,0.38,0.32,0.0
hongli,0.0,0.0,0.0,,0.0,0,1,0.38,0.34,0.0
hongli,0.0,0.0,0.0,,0.0,0,1,0.38,0.36000000000000004,0.0
hongli,0.0,0.0,0.0,,0.0,0,1,0.38,0.38,0.0
hongli,0.0,0.0,0.0,,0.0,0,1,0.38,0.4,0.0
hongli,0.0,0.0,0.0,,0.0,0,1,0.4,0.02,0.0
hongli,0.0,0.0,0.0,,0.0,0,1,0.4,0.04,0.0
hongli,0.0,0.0,0.0,,0.0,0,1,0.4,0.06,0.0
hongli,0.0,0.0,0.0,,0.0,0,1,0.4,0.08,0.0
hongli,0.0,0.0,0.0,,0.0,0,1,0.4,0.1,0.0
hongli,0.0,0.0,0.0,,0.0,0,1,0.4,0.12000000000000001,0.0
hongli,0.0,0.0,0.0,,0.0,0,1,0.4,0.13999999999999999,0.0
hongli,0.0,0.0,0.0,,0.0,0,1,0.4,0.16,0.0
hongli,0.0,0.0,0.0,,0.0,0,1,0.4,0.18,0.0
hongli,0.0,0.0,0.0,,0.0,0,1,0.4,0.19999999999999998,0.0
hongli,0.0,0.0,0.0,,0.0,0,1,0.4,0.22,0.0
hongli,0.0,0.0,0.0,,0.0,0,1,0.4,0.24,0.0
hongli,0.0,0.0,0.0,,0.0,0,1,0.4,0.26,0.0
hongli,0.0,0.0,0.0,,0.0,0,1,0.4,0.28,0.0
hongli,0.0,0.0,0.0,,0.0,0,1,0.4,0.30000000000000004,0.0
hongli,0.0,0.0,0.0,,0.0,0,1,0.4,0.32,0.0
hongli,0.0,0.0,0.0,,0.0,0,1,0.4,0.34,0.0
hongli,0.0,0.0,0.0,,0.0,0,1,0.4,0.36000000000000004,0.0
hongli,0.0,0.0,0.0,,0.0,0,1,0.4,0.38,0.0
hongli,0.0,0.0,0.0,,0.0,0,1,0.4,0.4,0.0
hongli,0.4669914472496448,0.022318520723315416,-0.5173933708129881,0.04313646440472553,0.2322904664175185,185,3,0.02,0.02,7.091891891891892
hongli,0.6752006283957057,0.03016371594284495,-0.402037916941163,0.07502704265393782,0.2770913828137196,105,3,0.02,0.04,16.076923076923077
hongli,1.2160648447101337,0.046900844026003474,-0.3894077610726009,0.12044147219053325,0.37860382939590914,71,3,0.02,0.06,26.914285714285715
hongli,0.8560344482603122,0.03626434485209917,-0.372716221304918,0.09729746863480734,0.3013293479670277,51,3,0.02,0.08,46.64
hongli,0.8025517080675577,0.03452057695818156,-0.46963411515927467,0.07350525833600063,0.2885105371474202,39,3,0.02,0.1,62.76923076923077
hongli,0.5353074267171196,0.025002329022765224,-0.49494313489227915,0.050515558778700516,0.23068398085382985,30,3,0.02,0.12000000000000001,86.48275862068965
hongli,1.336633543749353,0.05010038803401895,-0.3854792530286696,0.12996909078863653,0.3713654639252588,28,3,0.02,0.13999999999999999,104.11111111111111
hongli,1.2790347266743867,0.04859179299917571,-0.44371536311153215,0.10951118000158515,0.35709397816164207,24,3,0.02,0.16,130.6086956521739
hongli,1.0336823402139492,0.041734644556671974,-0.45058964116595845,0.09262229031426074,0.31690987854137154,19,3,0.02,0.18,156.77777777777777
hongli,1.008266890634859,0.040980308329174875,-0.46066222686703806,0.08895955852052768,0.3113748756838542,17,3,0.02,0.19999999999999998,185.5
hongli,1.337194320882094,0.050114902594314614,-0.4107181392097573,0.12201774845089201,0.35882250202170535,16,3,0.02,0.22,203.13333333333333
hongli,1.5533857832706062,0.05547975287896345,-0.42768030779397326,0.1297224863242704,0.3828680489583224,15,3,0.02,0.24,244.35714285714286
hongli,1.7430776628080715,0.05984538917814608,-0.4005146219775644,0.14942123431762858,0.40319219880657675,14,3,0.02,0.26,268.7692307692308
hongli,0.9650907791548757,0.03967796303778304,-0.38344049513090517,0.10347880190441838,0.2998095517956922,11,3,0.02,0.28,354.4
hongli,1.3073450123877008,0.04933771448098412,-0.3807880390621535,0.12956739555816524,0.34651346887412215,11,3,0.02,0.30000000000000004,366.6
hongli,1.2573816380663692,0.04801535874803342,-0.38078803906215364,0.12609471365300992,0.3376414657627728,9,3,0.02,0.32,326.5
hongli,1.1159116789747014,0.04411577672103517,-0.38083521652070584,0.11583954111196704,0.31837140826152166,8,3,0.02,0.34,358.57142857142856
hongli,0.9341763131496053,0.038728799897356225,-0.4213562675932777,0.09191461685990618,0.2914308455155185,7,3,0.02,0.36000000000000004,437.3333333333333
hongli,1.1022476195947624,0.043726213104489764,-0.40849077400269596,0.10704333093261288,0.31548910650876283,7,3,0.02,0.38,442.0
hongli,0.6939676375184853,0.03082498002487344,-0.45448115724495886,0.06782455011277666,0.25195895388248385,5,3,0.02,0.4,666.5
hongli,0.6836786354513578,0.030463302397102154,-0.39543361247532305,0.07703771615773611,0.31761389192064776,129,3,0.04,0.02,6.232558139534884
hongli,0.9392836055641127,0.038886589922480175,-0.3925982117217576,0.09904933023495252,0.36322494737036476,78,3,0.04,0.04,14.461538461538462
hongli,1.2126770972804515,0.04680859333503218,-0.389407761072601,0.12020457221011886,0.40536983471557547,55,3,0.04,0.06,24.22222222222222
hongli,0.5806310211483781,0.026721453725806477,-0.5424108553021532,0.04926423109825325,0.25502110117152266,39,3,0.04,0.08,44.76923076923077
hongli,1.0162224189140683,0.04121739288041515,-0.4510215750728709,0.09138674324782738,0.3428437611434635,34,3,0.04,0.1,56.3235294117647
hongli,0.8525033309230146,0.036150684554443924,-0.4608795155375325,0.07843847108778679,0.3023945851603997,27,3,0.04,0.12000000000000001,83.53846153846153
hongli,1.2728372127439145,0.04842733590236059,-0.4238962837524832,0.11424336036556937,0.373223109776726,25,3,0.04,0.13999999999999999,97.04166666666667
hongli,0.9763104893732721,0.040018963282517195,-0.4672111269908238,0.08565498758616505,0.31660218570899995,21,3,0.04,0.16,127.55
hongli,1.0742061288571998,0.04291921768774665,-0.46232407657045826,0.09283362010069521,0.3287068476840975,18,3,0.04,0.18,146.1764705882353
hongli,1.054016466624784,0.042331795667968075,-0.454729994775671,0.0930921561241003,0.32117603198394534,16,3,0.04,0.19999999999999998,178.0
hongli,1.3829443587466135,0.05128812971213059,-0.40587942986968517,0.1263629687481269,0.3674468294606547,15,3,0.04,0.22,201.57142857142858
hongli,1.551362107858337,0.055431551546004654,-0.4268133670505344,0.1298730448136166,0.38539064824616126,14,3,0.04,0.24,246.0
hongli,2.0667939195560248,0.06667724998141034,-0.39960653108643995,0.16685725781340446,0.44149745119533246,14,3,0.04,0.26,250.6153846153846
hongli,1.0731918961391536,0.04288983720412265,-0.38250654062470035,0.11212837598561325,0.31774303504346474,11,3,0.04,0.28,334.4
hongli,1.4342737913291401,0.05257943048991032,-0.38078803906215375,0.13808057264458376,0.36484539587332937,11,3,0.04,0.30000000000000004,346.6
hongli,1.2219909934371231,0.0470618980110431,-0.38078803906215364,0.12359079903599988,0.3342270790029606,9,3,0.04,0.32,302.0
hongli,1.2611955645599848,0.04811726761093227,-0.38078803906215375,0.1263623398713907,0.33798618007716735,8,3,0.04,0.34,358.0
hongli,1.0487454830481653,0.04217753972321581,-0.4213562675932777,0.10009947155675988,0.3082691519398002,7,3,0.04,0.36000000000000004,437.0
hongli,1.2267723400459154,0.04719154511298207,-0.40849077400269596,0.11552658741974578,0.3323200322657615,7,3,0.04,0.38,441.6666666666667
hongli,0.7460515774417709,0.032624648025111114,-0.45448115724495886,0.07178437984729671,0.2606543869322476,5,3,0.04,0.4,666.5
hongli,0.24175333071185334,0.012549900247299073,-0.4164650064693224,0.030134345148692638,0.17377747757674025,84,3,0.06,0.02,5.726190476190476
hongli,0.4682670184976254,0.022369701630350125,-0.382082610008871,0.0585467672287696,0.2565024517549922,54,3,0.06,0.04,11.62962962962963
hongli,0.6488054675886121,0.029221757534355852,-0.33601684926996556,0.08696515546123182,0.30224134988681417,40,3,0.06,0.06,21.5
hongli,0.47661755973317765,0.022703726571942084,-0.44164861408125267,0.05140676512519328,0.23832957804736893,32,3,0.06,0.08,37.90625
hongli,0.8730192701934643,0.036808223914611915,-0.44124304035187256,0.08341938693301297,0.3367659210395518,28,3,0.06,0.1,48.892857142857146
hongli,0.5704242965032469,0.02633840327312753,-0.45573441566183925,0.05779331638774229,0.2518473662032492,22,3,0.06,0.12000000000000001,77.0
hongli,0.9625979626855095,0.039601949885888166,-0.35764578804385283,0.11072952963459019,0.33661726068872205,21,3,0.06,0.13999999999999999,85.3
hongli,0.8393189323582526,0.035724490438826306,-0.4059417306140515,0.08800398615039486,0.30240787682845477,18,3,0.06,0.16,111.52941176470588
hongli,0.9036658680272183,0.0377779184476863,-0.4181382619567735,0.0903479109299778,0.31051928506636456,16,3,0.06,0.18,140.46666666666667
hongli,0.7849297409161184,0.03393533297653062,-0.4370914520110707,0.07763897651256539,0.28468444773690105,14,3,0.06,0.19999999999999998,171.6153846153846
hongli,0.8221406940472831,0.03516485278624537,-0.38851326230403604,0.0905113317823541,0.29043203329351097,13,3,0.06,0.22,198.08333333333334
hongli,1.1021560473798329,0.04372359433159034,-0.4100590992896871,0.1066275432183538,0.3302919141129488,12,3,0.06,0.24,273.09090909090907
hongli,1.4313722093484458,0.052507122410120566,-0.3820570064433405,0.1374326907361858,0.3766018163849689,12,3,0.06,0.26,278.45454545454544
hongli,1.4911213081030517,0.05397993926038924,-0.38078803906215364,0.14175849481337946,0.3784850174077346,11,3,0.06,0.28,326.7
hongli,1.924992772077574,0.06377257178828066,-0.38078803906215364,0.1674752493417249,0.42587667156866166,11,3,0.06,0.30000000000000004,338.9
hongli,1.5744142415366071,0.05597850385955283,-0.38078803906215375,0.14700699107414925,0.38164613536195546,9,3,0.06,0.32,292.5
hongli,1.554522611375361,0.05550681486478459,-0.38078803906215364,0.14576827308308538,0.37727668963311434,8,3,0.06,0.34,347.2857142857143
hongli,1.2665692923928114,0.0482605801039373,-0.41715296892374487,0.11569036708152804,0.34047853283083507,7,3,0.06,0.36000000000000004,425.8333333333333
hongli,1.46352406819637,0.05330385152189199,-0.40419401970742397,0.13187689308336625,0.36494519880206194,7,3,0.06,0.38,430.5
hongli,0.8973601847454136,0.03757960730733578,-0.4505184795254227,0.08341413064103882,0.2856256961223382,5,3,0.06,0.4,657.5
hongli,0.6313505945229307,0.02859101137482356,-0.30946637753182504,0.09238810239371903,0.3682927330603801,58,3,0.08,0.02,4.224137931034483
hongli,0.6392651389196085,0.02887779409889646,-0.2884639360522506,0.10010885413997024,0.33928531563259595,39,3,0.08,0.04,8.743589743589743
hongli,1.1780094261862666,0.04585684195327122,-0.24446284368181792,0.1875820523995723,0.4839574406642876,31,3,0.08,0.06,16.29032258064516
hongli,0.9384307657824817,0.03886026865740755,-0.31206828870123127,0.12452488786712863,0.3908141676027497,25,3,0.08,0.08,30.0
hongli,1.147928107379144,0.045019362021916365,-0.3161918006778649,0.14237991600478575,0.4236517941926781,22,3,0.08,0.1,41.09090909090909
hongli,1.199234400381827,0.04644122264916861,-0.38243669238159217,0.12143505990484288,0.4198689832632674,19,3,0.08,0.12000000000000001,55.55555555555556
hongli,1.6410404115373307,0.05753376556898315,-0.3351586691730314,0.17166127825647967,0.49375692703817736,18,3,0.08,0.13999999999999999,64.0
hongli,1.558835788050545,0.05560938613619548,-0.32662252230637245,0.17025582235885678,0.4584516356643119,16,3,0.08,0.16,81.2
hongli,1.6997585323254025,0.05887407540670253,-0.3768382537852968,0.15623168512039115,0.4714811875535727,14,3,0.08,0.18,109.84615384615384
hongli,1.8689964600209588,0.06258883598496823,-0.34993427495155194,0.17885883282977522,0.4784112093071002,13,3,0.08,0.19999999999999998,142.0
hongli,2.1600778558775415,0.0685198445161388,-0.34993427495155205,0.19580775425792538,0.5108489634975497,13,3,0.08,0.22,151.41666666666666
hongli,2.6456991475059444,0.07735436508614346,-0.341573735813413,0.22646461649615476,0.5377761464158166,12,3,0.08,0.24,222.1818181818182
hongli,3.216647761206689,0.08642091524142792,-0.3330586501238114,0.25947656729318325,0.5867626131000743,12,3,0.08,0.26,227.54545454545453
hongli,2.9453267965518446,0.08226690889023969,-0.32549164762303273,0.25274660499281654,0.5490713973418202,11,3,0.08,0.28,274.4
hongli,3.632473065788065,0.09232235846862191,-0.3254916476230326,0.2836397159276567,0.5972425642026247,11,3,0.08,0.30000000000000004,286.6
hongli,2.8525598210763286,0.08078464251922468,-0.3254916476230326,0.2481926744024634,0.5246581986825976,9,3,0.08,0.32,246.25
hongli,2.70511534999023,0.07835803789504991,-0.345693916705198,0.22666883652995357,0.5078476576681871,8,3,0.08,0.34,295.0
hongli,2.1578677618145505,0.06847678578646921,-0.34591419571698745,0.19795887718494806,0.45043894061895345,7,3,0.08,0.36000000000000004,371.8333333333333
hongli,2.4322724046079203,0.07361731910116354,-0.3331324745262174,0.2209851177249004,0.4758084100347101,7,3,0.08,0.38,376.5
hongli,1.2549579353850437,0.04795051258254057,-0.43118142978898966,0.11120727672805032,0.33935819315706656,5,3,0.08,0.4,641.5
hongli,0.41815030419324395,0.02032658455037306,-0.28411116451937,0.07154447655993908,0.3070936518727925,35,3,0.1,0.02,3.5428571428571427
hongli,0.4471548571124875,0.021517154906854907,-0.2701063719184321,0.07966178196400621,0.30843228120469063,24,3,0.1,0.04,6.708333333333333
hongli,0.45905372961994706,0.021999082757206745,-0.21672081213699623,0.10150886082551414,0.29908137137228935,18,3,0.1,0.06,12.055555555555555
hongli,0.7278738350951037,0.03200236566070869,-0.24641192018948144,0.12987344782711843,0.39158119384997053,16,3,0.1,0.08,22.5625
hongli,0.8135617509025526,0.03488350128657336,-0.22483825929769452,0.15514931220129338,0.4006901726546771,14,3,0.1,0.1,32.0
hongli,0.9693147028911759,0.03980655543513811,-0.22677790143872245,0.17553101595260254,0.43849580486371625,12,3,0.1,0.12000000000000001,40.54545454545455
hongli,1.314591147936214,0.0495272496676642,-0.22677790143872245,0.21839539634794147,0.5243989009469331,12,3,0.1,0.13999999999999999,41.81818181818182
hongli,1.3322644280158324,0.04998718992259188,-0.29712465952610123,0.16823642306336645,0.5163179827998146,11,3,0.1,0.16,49.1
hongli,1.4597920020488449,0.05321187459671517,-0.29712465952610123,0.17908939191242293,0.5300435877456904,10,3,0.1,0.18,69.0
hongli,1.8981343225423792,0.06320748696870204,-0.29712465952610123,0.2127305322604821,0.5554712152015622,10,3,0.1,0.19999999999999998,104.22222222222223
hongli,2.1182544935251246,0.06770015476347657,-0.22677790143872245,0.298530651946128,0.5827415999803043,10,3,0.1,0.22,116.0
hongli,2.401808077315136,0.07306612461950701,-0.29712465952610134,0.24591067175657433,0.6118509958745835,9,3,0.1,0.24,137.0
hongli,2.6797873239203236,0.07793205914247459,-0.2971246595261011,0.26228741588386606,0.6451014563674773,9,3,0.1,0.26,140.875
hongli,3.247191570651097,0.08687266564655416,-0.29712465952610123,0.2923778382619324,0.6809044125371341,9,3,0.1,0.28,161.125
hongli,3.8852589599613614,0.09567038996488941,-0.29712465952610123,0.32198737768005803,0.7272209696516336,9,3,0.1,0.30000000000000004,176.125
hongli,3.48461028715852,0.0902832579026307,-0.31788281553994546,0.28401427661095324,0.6711018123075666,8,3,0.1,0.32,209.85714285714286
hongli,2.9627004984758893,0.08254085600034777,-0.3331324745262174,0.2477718694874697,0.6056049269773958,7,3,0.1,0.34,270.8333333333333
hongli,3.242676565529101,0.08680608083335484,-0.3331324745262174,0.2605752590071288,0.6271228826351759,7,3,0.1,0.36000000000000004,284.6666666666667
hongli,3.528884743630753,0.090900390110499,-0.3331324745262174,0.2728655927038574,0.6507505404427915,7,3,0.1,0.38,289.0
hongli,1.159497343381493,0.04534275602432314,-0.43118142978898966,0.10515934335695498,0.33912940084287363,5,3,0.1,0.4,640.25
hongli,0.4640054411124641,0.022198546288676457,-0.24327848767144444,0.0912474691089675,0.3696783896658945,25,3,0.12000000000000001,0.02,3.36
hongli,0.33990444024720357,0.016996486177769388,-0.2132881823902184,0.0796878945063806,0.27397153584077655,18,3,0.12000000000000001,0.04,6.111111111111111
hongli,0.3385326552809589,0.01693648445148299,-0.17204434230737153,0.09844255396219047,0.2609240319737164,13,3,0.12000000000000001,0.06,10.23076923076923
hongli,0.5140208496294179,0.024178358984509263,-0.1877492484006934,0.1287800573928687,0.3514759619962795,11,3,0.12000000000000001,0.08,13.454545454545455
hongli,0.5887310640496053,0.027023786658416205,-0.18062479025857725,0.14961283343072526,0.362586195574829,10,3,0.12000000000000001,0.1,20.7
hongli,0.5722046974437458,0.026405388954479747,-0.1826750651917649,0.14454840307165315,0.3481736517111565,8,3,0.12000000000000001,0.12000000000000001,27.5
hongli,0.7987252108907643,0.03439395469372131,-0.1826750651917649,0.18827941655647376,0.43247488764317576,8,3,0.12000000000000001,0.13999999999999999,28.75
hongli,0.6610656982703367,0.02966103976925183,-0.29712465952610123,0.09982692051396772,0.3664177747403006,7,3,0.12000000000000001,0.16,36.714285714285715
hongli,0.9156944682981853,0.038154502205826724,-0.29712465952610123,0.12841243896309792,0.44389996414475125,7,3,0.12000000000000001,0.18,53.857142857142854
hongli,1.226927614500526,0.047195751009041276,-0.29712465952610123,0.15884158213026178,0.4782845237528111,7,3,0.12000000000000001,0.19999999999999998,94.57142857142857
hongli,1.4915019397073426,0.053989214679261766,-0.1826750651917649,0.29554780573137374,0.5374639846050183,7,3,0.12000000000000001,0.22,102.28571428571429
hongli,1.4387120744189348,0.05268987651997192,-0.29712465952610123,0.1773325600238284,0.5125322318592569,6,3,0.12000000000000001,0.24,125.66666666666667
hongli,1.578401509351703,0.05607264030465009,-0.29712465952610123,0.18871755846210514,0.5392136940789042,6,3,0.12000000000000001,0.26,130.0
hongli,1.9348336695685004,0.06397839466391964,-0.2971246595261011,0.2153250920538267,0.5864643611548646,6,3,0.12000000000000001,0.28,139.83333333333334
hongli,2.1514233673423875,0.06835106887030817,-0.2971246595261011,0.23004172383175697,0.6077415312311399,6,3,0.12000000000000001,0.30000000000000004,156.0
hongli,1.816607594375168,0.06146147781402611,-0.31788281553994546,0.193346336478207,0.535324985148585,5,3,0.12000000000000001,0.32,197.2
hongli,1.3151718978357736,0.049542415970286635,-0.3331324745262174,0.14871686118486677,0.4321349993736191,4,3,0.12000000000000001,0.34,283.5
hongli,1.4142884032159904,0.052079733969385256,-0.3331324745262174,0.1563334047317161,0.44928821387774304,4,3,0.12000000000000001,0.36000000000000004,288.0
hongli,1.4974410185377804,0.054133768369255764,-0.3331324745262174,0.16249922330822014,0.463181673934828,4,3,0.12000000000000001,0.38,294.0
hongli,0.6380905209908685,0.02883531450288701,-0.43118142978898955,0.06687513077035429,0.26044354923609514,3,3,0.12000000000000001,0.4,612.6666666666666
hongli,0.04619498143783929,0.0026045879489078327,-0.24327848767144455,0.010706199195160292,0.07528911505893664,14,3,0.13999999999999999,0.02,3.642857142857143
hongli,0.17869637334173705,0.009514943791245178,-0.2130052714692875,0.044669992088046076,0.1935545340189166,12,3,0.13999999999999999,0.04,5.5
hongli,0.16167030394340576,0.008669233899585294,-0.17204434230737164,0.05038953204341344,0.16718418276801617,9,3,0.13999999999999999,0.06,11.333333333333334
hongli,0.33586345354012015,0.016819567588773898,-0.17204434230737176,0.09776297995736657,0.27939453368113687,8,3,0.13999999999999999,0.08,14.5
hongli,0.5042469130689493,0.023796361644561115,-0.17204434230737164,0.13831528154553852,0.3617595914012016,8,3,0.13999999999999999,0.1,20.25
hongli,0.5636010905899871,0.026081023003447834,-0.18267506519176502,0.14277275870173642,0.3762246988786475,7,3,0.13999999999999999,0.12000000000000001,27.0
hongli,0.7713167443484972,0.033479491221321656,-0.1826750651917649,0.18327345982428547,0.46167684331493725,7,3,0.13999999999999999,0.13999999999999999,28.285714285714285
hongli,0.6213999187680785,0.028228583280453856,-0.29712465952610123,0.09500585823296194,0.37911291955699833,6,3,0.13999999999999999,0.16,37.0
hongli,0.7985067577334128,0.034386718222889634,-0.29712465952610123,0.1157316201143813,0.427696520411983,6,3,0.13999999999999999,0.18,57.0
hongli,1.0565574753525713,0.04240602536293303,-0.29712465952610134,0.1427213258925344,0.45344823860569494,6,3,0.13999999999999999,0.19999999999999998,104.16666666666667
hongli,1.270828129730381,0.04837393220482622,-0.1826750651917649,0.2648086215491163,0.5085603638050102,6,3,0.13999999999999999,0.22,112.33333333333333
hongli,1.1488716949300453,0.04504579946195153,-0.29712465952610123,0.15160572513165785,0.4654268457552484,5,3,0.13999999999999999,0.24,142.2
hongli,1.2719590720568927,0.048403999405354226,-0.2971246595261011,0.1629080517334245,0.49358685985140366,5,3,0.13999999999999999,0.26,147.4
hongli,1.5261039838272792,0.05482688525392687,-0.29712465952610123,0.18452485681051506,0.5322423811297167,5,3,0.13999999999999999,0.28,158.2
hongli,1.6962910880392839,0.05879569376835936,-0.29712465952610123,0.19788224195910062,0.5546610175613825,5,3,0.13999999999999999,0.30000000000000004,177.2
hongli,1.214253904779909,0.04685154743370146,-0.31788281553994546,0.14738622266863005,0.43827394517402013,4,3,0.13999999999999999,0.32,234.25
hongli,1.3825352455522824,0.05127773269009639,-0.31788281553994535,0.16131017527008407,0.47068700208160835,4,3,0.13999999999999999,0.34,246.0
hongli,1.4845356921303914,0.05381924589872655,-0.31788281553994535,0.16930530141212868,0.48895005511668166,4,3,0.13999999999999999,0.36000000000000004,250.5
hongli,1.5701077556774719,0.055876676445510975,-0.31788281553994546,0.1757775938614381,0.5037616851167567,4,3,0.13999999999999999,0.38,256.5
hongli,0.6857531854607406,0.03053639403623465,-0.38924639049667453,0.07845003776983138,0.27776427873072596,3,3,0.13999999999999999,0.4,562.6666666666666
hongli,-0.0014922584802791183,-8.601458572954357e-05,-0.1772769006614745,-0.00048519906095264957,0.02058003173942827,8,3,0.16,0.02,3.0
hongli,0.028470500962158862,0.0016182983235781823,-0.15794335434197448,0.010246067840716416,0.057923557765239504,7,3,0.16,0.04,5.142857142857143
hongli,0.16069473834444659,0.008620423005524902,-0.11411660257006251,0.07554048062579104,0.19609294449953796,6,3,0.16,0.06,7.0
hongli,0.2455116988672863,0.012726172640400879,-0.10127709272211649,0.125656970380448,0.26427324952573683,5,3,0.16,0.08,9.8
hongli,0.3038562790946093,0.015400170596086227,-0.10127709272211649,0.15205976180952516,0.3100512947121374,5,3,0.16,0.1,10.2
hongli,0.30308541831054003,0.015365582475793449,-0.10896289238454016,0.14101665383080034,0.2901180318705872,4,3,0.16,0.12000000000000001,17.75
hongli,0.4502144595872024,0.021641430506730508,-0.10896289238454027,0.1986128491372629,0.38358622301075446,4,3,0.16,0.13999999999999999,19.25
hongli,0.5033374512412674,0.023760698045656614,-0.10896289238454027,0.21806229190211732,0.41174125600813916,4,3,0.16,0.16,23.5
hongli,0.6093697634735344,0.02778760596547647,-0.10896289238454016,0.25501898267725337,0.4405851613998491,4,3,0.16,0.18,46.75
hongli,0.744771395169086,0.032581023592088476,-0.10896289238454004,0.2990102674322104,0.46172191147841485,4,3,0.16,0.19999999999999998,53.75
hongli,0.8381465837314297,0.03568645425525285,-0.11128476870676274,0.32067689648784975,0.46831353864872727,4,3,0.16,0.22,69.25
hongli,0.5392556322107351,0.02515397330422342,-0.29712465952610123,0.08465797939606472,0.32509789428019437,3,3,0.16,0.24,100.66666666666667
hongli,0.5809610898922073,0.02673380200073372,-0.29712465952610123,0.08997503621332803,0.3423236793486472,3,3,0.16,0.26,103.0
hongli,0.6596488198297816,0.029610429672987548,-0.29712465952610123,0.0996565876430946,0.35851491313092276,3,3,0.16,0.28,118.66666666666667
hongli,0.7714616464054169,0.03348436073879579,-0.29712465952610123,0.11269465413002627,0.38810879063846426,3,3,0.16,0.30000000000000004,150.33333333333334
hongli,0.37569456616168106,0.018541827485659468,-0.31788281553994535,0.05832912815423799,0.2292273412162681,2,3,0.16,0.32,243.0
hongli,0.45472010186011347,0.021823992545970672,-0.31788281553994535,0.0686542067676768,0.2588746476031039,2,3,0.16,0.34,266.0
hongli,0.47353357463836754,0.022580573760422773,-0.31788281553994535,0.0710342700408896,0.2656602798548809,2,3,0.16,0.36000000000000004,271.0
hongli,0.4996092428672956,0.023614287400880896,-0.31788281553994535,0.07428614019531203,0.2749819029391125,2,3,0.16,0.38,280.5
hongli,0.5563869054712913,0.025807740751806252,-0.31788281553994546,0.08118633499571236,0.2945908609001894,2,3,0.16,0.4,293.5
hongli,0.04375770605066398,0.0024699022948981852,-0.12209084273836845,0.020230037237035058,0.08007382646790438,6,3,0.18,0.02,2.5
hongli,0.08600265496250681,0.004763520838325652,-0.10851271854210509,0.04389827203967166,0.13305667803147533,6,3,0.18,0.04,3.3333333333333335
hongli,0.12248388711850966,0.006677529543497984,-0.1012770927221166,0.06593326648721784,0.16686585834562817,5,3,0.18,0.06,5.2
hongli,0.31473073521620076,0.0158860591086063,-0.10127709272211649,0.15685737694104607,0.3288128597955076,5,3,0.18,0.08,9.0
hongli,0.3763178025459655,0.01856840041532215,-0.10127709272211649,0.18334254979326886,0.37450561596169113,5,3,0.18,0.1,9.4
hongli,0.37550410134483614,0.01853370437391888,-0.10896289238454016,0.17009189062742314,0.3486182360445673,4,3,0.18,0.12000000000000001,16.75
hongli,0.5308098064500053,0.024829134171186373,-0.10896289238454016,0.22786779634631996,0.44133460505867395,4,3,0.18,0.13999999999999999,18.25
hongli,0.5868850965799581,0.0269550142032029,-0.10896289238454016,0.24737792484505783,0.4688308465829659,4,3,0.18,0.16,22.5
hongli,0.6988101310413617,0.030994486794686527,-0.10896289238454016,0.28444992709356604,0.4925604343878517,4,3,0.18,0.18,45.75
hongli,0.8417366783796651,0.0358028607400982,-0.10896289238454016,0.32857847251105066,0.5075112737154832,4,3,0.18,0.19999999999999998,52.75
hongli,0.9403011723311603,0.03891798090136733,-0.11128476870676296,0.34971525172431095,0.5101355773938555,4,3,0.18,0.22,68.25
hongli,0.6247994224883886,0.028352636729328085,-0.2971246595261011,0.09542337137061971,0.3623862845228496,3,3,0.18,0.24,99.33333333333333
hongli,0.6688226517281908,0.02993739477343027,-0.2971246595261011,0.10075701835444728,0.37972160209198536,3,3,0.18,0.26,101.66666666666667
hongli,0.7518834348002443,0.032822998037607354,-0.29712465952610123,0.11046877795319436,0.3938241304227321,3,3,0.18,0.28,117.33333333333333
hongli,0.8699102344072471,0.03670901645998259,-0.2971246595261011,0.1235475255353481,0.4222908524396798,3,3,0.18,0.30000000000000004,149.0
hongli,0.4069252699867181,0.019859654120205184,-0.31788281553994546,0.0624747647540249,0.24217212036093083,2,3,0.18,0.32,242.0
hongli,0.4877448253467229,0.02314606576560374,-0.3178828155399456,0.07281320233145845,0.2718127639484937,2,3,0.18,0.34,265.0
hongli,0.5069853972868921,0.023903625872477186,-0.3178828155399456,0.07519634501750355,0.27859923779419854,2,3,0.18,0.36000000000000004,270.0
hongli,0.5336530293801314,0.024938676969415763,-0.3178828155399456,0.0784524225603568,0.28793000537971564,2,3,0.18,0.38,279.5
hongli,0.5917196455122424,0.027134968290436712,-0.31788281553994546,0.0853615450849274,0.30755508888287547,2,3,0.18,0.4,292.5
hongli,0.17167173575622297,0.009167423794743668,-0.09368865856297126,0.0978498778332058,0.26711794623116275,5,3,0.19999999999999998,0.02,2.0
hongli,0.1992053856473035,0.010518502108144201,-0.09368865856297126,0.11227081558729295,0.3005192271266246,5,3,0.19999999999999998,0.04,2.2
hongli,0.1373403132868789,0.007440228710129837,-0.10127709272211627,0.07346408264842584,0.1955493166033306,4,3,0.19999999999999998,0.06,4.0
hongli,0.28925164142349447,0.014741567731084038,-0.10127709272211649,0.14555678223832774,0.3267609525464015,4,3,0.19999999999999998,0.08,7.75
hongli,0.3496451695570717,0.017420887127547635,-0.10127709272211649,0.1720121170475042,0.37545954233116263,4,3,0.19999999999999998,0.1,8.25
hongli,0.2897449569961499,0.01476392850220809,-0.10896289238454016,0.13549501283523951,0.3189314624725235,3,3,0.19999999999999998,0.12000000000000001,11.666666666666666
hongli,0.41296788374860594,0.020111444621728758,-0.10896289238454016,0.18457150119284282,0.40740422076896254,3,3,0.19999999999999998,0.13999999999999999,13.333333333333334
hongli,0.43784344737808367,0.02113741276883707,-0.10896289238454016,0.1939872584718216,0.4254579931757247,3,3,0.19999999999999998,0.16,13.666666666666666
hongli,0.5091398196576131,0.02398788384116335,-0.10896289238454004,0.22014727506046652,0.45733531033861624,3,3,0.19999999999999998,0.18,16.666666666666668
hongli,0.5966872436655972,0.027319339047271685,-0.10896289238454016,0.25072149288089013,0.44865841022390957,3,3,0.19999999999999998,0.19999999999999998,25.666666666666668
hongli,0.6711113447391628,0.030018702192343705,-0.11128476870676296,0.2697467276177159,0.44983033574301373,3,3,0.19999999999999998,0.22,32.0
hongli,0.37820839884583224,0.018648940449847773,-0.297124659526101,0.06276470111767869,0.27470011083873186,2,3,0.19999999999999998,0.24,51.5
hongli,0.3870432117567395,0.019023931690385965,-0.297124659526101,0.06402676816097387,0.27935830452698374,2,3,0.19999999999999998,0.26,52.5
hongli,0.4352235219591081,0.021030147986471848,-0.2971246595261011,0.07077887113110663,0.28937811427776533,2,3,0.19999999999999998,0.28,75.0
hongli,0.5134330490290226,0.02415545158925725,-0.29712465952610123,0.08129736396764903,0.31851558244425976,2,3,0.19999999999999998,0.30000000000000004,85.0
hongli,0.4808052228997446,0.022870565103056073,-0.31788281553994546,0.0719465286734952,0.2717507994690913,2,3,0.19999999999999998,0.32,241.5
hongli,0.5658687456344382,0.02616667915493487,-0.31788281553994535,0.08231548821061309,0.30132547341196436,2,3,0.19999999999999998,0.34,264.5
hongli,0.5861196715566441,0.026926475791155147,-0.31788281553994535,0.08470566660050093,0.30810250244631116,2,3,0.19999999999999998,0.36000000000000004,269.5
hongli,0.6141876647389759,0.027964582648465353,-0.31788281553994535,0.08797135699507892,0.3174387031430944,2,3,0.19999999999999998,0.38,279.0
hongli,0.6753034540981055,0.03016735803583126,-0.31788281553994535,0.09490087718202059,0.33706845643598987,2,3,0.19999999999999998,0.4,292.0
hongli,0.1050108290337024,0.005768228303241196,-0.012508698430732212,0.4611373705412407,0.29652461385336565,2,3,0.22,0.02,1.5
hongli,0.1050108290337024,0.005768228303241196,-0.012508698430732212,0.4611373705412407,0.29652461385336565,2,3,0.22,0.04,1.5
hongli,0.16610480660036764,0.008890621520962538,-0.012508698430732212,0.710755125338977,0.37979328025907794,2,3,0.22,0.06,2.0
hongli,0.2349557282474415,0.012229802867600448,-0.012508698430732101,0.977703870256681,0.44913897837220623,2,3,0.22,0.08,2.5
hongli,0.2349557282474415,0.012229802867600448,-0.012508698430732101,0.977703870256681,0.44913897837220623,2,3,0.22,0.1,2.5
hongli,0.24471541077465675,0.012688867576041263,-0.10896289238454016,0.11645127344143061,0.3246271178099553,2,3,0.22,0.12000000000000001,14.5
hongli,0.31845426683964373,0.016051562469382663,-0.10896289238454004,0.1473121915003433,0.38742315752409584,2,3,0.22,0.13999999999999999,16.5
hongli,0.34166590058202906,0.01707344742558936,-0.10896289238454004,0.15669047555506876,0.40882629366242845,2,3,0.22,0.16,17.0
hongli,0.37148942784595684,0.01836223592116748,-0.10896289238454016,0.16851824983101077,0.41378400089027795,2,3,0.22,0.18,21.0
hongli,0.4351882902270907,0.02102870427461534,-0.10896289238454016,0.19298959319474643,0.43707231153010817,2,3,0.22,0.19999999999999998,28.0
hongli,0.48217532022198983,0.022925053919721883,-0.11128476870676285,0.2060035185958805,0.41506095988340586,2,3,0.22,0.22,37.0
hongli,0.08376581027419161,0.004644200866759762,-0.2971246595261011,0.015630479389247023,0.10175462208395902,1,3,0.22,0.24,81.0
hongli,0.09071313999662589,0.005014036597424942,-0.2971246595261011,0.01687519509630092,0.10703665115769671,1,3,0.22,0.26,83.0
hongli,0.11614807204675537,0.006349363977377731,-0.2971246595261011,0.021369360548884254,0.1257802739485299,1,3,0.22,0.28,93.0
hongli,0.13237193772332057,0.0071862125657846665,-0.2971246595261011,0.024185850401128986,0.1355136566575147,1,3,0.22,0.30000000000000004,111.0
hongli,0.10795933835434668,0.005922615372989659,-0.31788281553994546,0.0186314424166959,0.11098753879749126,1,3,0.22,0.32,424.0
hongli,0.1273408522628554,0.006927917728474897,-0.31788281553994546,0.02179393597199446,0.12179505142081873,1,3,0.22,0.34,469.0
hongli,0.1419204242428822,0.007673469557770485,-0.31788281553994546,0.024139302858308266,0.12979914799067852,1,3,0.22,0.36000000000000004,479.0
hongli,0.16212786209084662,0.008692113797000633,-0.31788281553994546,0.027343767489401684,0.14070418170438284,1,3,0.22,0.38,498.0
hongli,0.1783995709224413,0.009500300042804666,-0.31788281553994546,0.029886170558379395,0.14923198045683125,1,3,0.22,0.4,523.0
hongli,0.0367024071575659,0.0020783437739040345,-0.012508698430732101,0.16615188106204862,0.1743608764263067,1,3,0.24,0.02,2.0
hongli,0.0367024071575659,0.0020783437739040345,-0.012508698430732101,0.16615188106204862,0.1743608764263067,1,3,0.24,0.04,2.0
hongli,0.09401974011219205,0.005189281797372436,-0.012508698430732101,0.41485385758626214,0.29454371191834405,1,3,0.24,0.06,3.0
hongli,0.09401974011219205,0.005189281797372436,-0.012508698430732101,0.41485385758626214,0.29454371191834405,1,3,0.24,0.08,3.0
hongli,0.09401974011219205,0.005189281797372436,-0.012508698430732101,0.41485385758626214,0.29454371191834405,1,3,0.24,0.1,3.0
hongli,0.1026656252218987,0.005645153500881683,-0.10896289238454016,0.05180803645482733,0.1757583525385112,1,3,0.24,0.12000000000000001,27.0
hongli,0.1188468366115174,0.006489361430246587,-0.10896289238454016,0.05955570092013553,0.19532883274819204,1,3,0.24,0.13999999999999999,30.0
hongli,0.1385443442448342,0.007501629286543299,-0.10896289238454016,0.06884572465339257,0.22164698164855384,1,3,0.24,0.16,31.0
hongli,0.16082652843854284,0.008627019174294315,-0.10896289238454016,0.0791739186203755,0.25116820195161754,1,3,0.24,0.18,33.0
hongli,0.18299794077966336,0.00972678689319073,-0.10896289238454016,0.08926696676574991,0.2544640751110453,1,3,0.24,0.19999999999999998,45.0
hongli,0.20546758503159834,0.010821705284123517,-0.10896289238454016,0.09931551051281491,0.2792243346326524,1,3,0.24,0.22,46.0
hongli,0.2224582830362849,0.011636944380563952,-0.10896289238454016,0.10679731536031639,0.2977536454786621,1,3,0.24,0.24,47.0
hongli,0.23029468153092392,0.012009354322481736,-0.10896289238454016,0.11021508386634608,0.3064468782755626,1,3,0.24,0.26,49.0
hongli,0.2589845913512745,0.013353976139078627,-0.10896289238454016,0.12255526488734537,0.3335003553029259,1,3,0.24,0.28,59.0
hongli,0.27728466945963226,0.014196649543409379,-0.10896289238454016,0.13028884634695714,0.3278420218843784,1,3,0.24,0.30000000000000004,77.0
hongli,0.24974792302776394,0.012924257186051058,-0.26311888690511753,0.04911945827253227,0.21474197652625043,1,3,0.24,0.32,390.0
hongli,0.27160974224241996,0.013936556866081418,-0.26311888690511753,0.05296676734234983,0.22723188932813668,1,3,0.24,0.34,435.0
hongli,0.2880551018959028,0.01468729804770108,-0.26311888690511753,0.05582000676750134,0.23684035137104315,1,3,0.24,0.36000000000000004,445.0
hongli,0.31084854079386504,0.015713032476563082,-0.26311888690511753,0.05971837545143351,0.2500558592131499,1,3,0.24,0.38,464.0
hongli,0.3292025846765603,0.016526844036406807,-0.26311888690511753,0.06281131784495006,0.2600453768582859,1,3,0.24,0.4,489.0
hongli,0.0367024071575659,0.0020783437739040345,-0.012508698430732101,0.16615188106204862,0.1743608764263067,1,3,0.26,0.02,2.0
hongli,0.0367024071575659,0.0020783437739040345,-0.012508698430732101,0.16615188106204862,0.1743608764263067,1,3,0.26,0.04,2.0
hongli,0.09401974011219205,0.005189281797372436,-0.012508698430732101,0.41485385758626214,0.29454371191834405,1,3,0.26,0.06,3.0
hongli,0.09401974011219205,0.005189281797372436,-0.012508698430732101,0.41485385758626214,0.29454371191834405,1,3,0.26,0.08,3.0
hongli,0.09401974011219205,0.005189281797372436,-0.012508698430732101,0.41485385758626214,0.29454371191834405,1,3,0.26,0.1,3.0
hongli,0.1026656252218987,0.005645153500881683,-0.10896289238454016,0.05180803645482733,0.1757583525385112,1,3,0.26,0.12000000000000001,27.0
hongli,0.1188468366115174,0.006489361430246587,-0.10896289238454016,0.05955570092013553,0.19532883274819204,1,3,0.26,0.13999999999999999,30.0
hongli,0.1385443442448342,0.007501629286543299,-0.10896289238454016,0.06884572465339257,0.22164698164855384,1,3,0.26,0.16,31.0
hongli,0.16082652843854284,0.008627019174294315,-0.10896289238454016,0.0791739186203755,0.25116820195161754,1,3,0.26,0.18,33.0
hongli,0.18299794077966336,0.00972678689319073,-0.10896289238454016,0.08926696676574991,0.2544640751110453,1,3,0.26,0.19999999999999998,45.0
hongli,0.20546758503159834,0.010821705284123517,-0.10896289238454016,0.09931551051281491,0.2792243346326524,1,3,0.26,0.22,46.0
hongli,0.2224582830362849,0.011636944380563952,-0.10896289238454016,0.10679731536031639,0.2977536454786621,1,3,0.26,0.24,47.0
hongli,0.23029468153092392,0.012009354322481736,-0.10896289238454016,0.11021508386634608,0.3064468782755626,1,3,0.26,0.26,49.0
hongli,0.2589845913512745,0.013353976139078627,-0.10896289238454016,0.12255526488734537,0.3335003553029259,1,3,0.26,0.28,59.0
hongli,0.27728466945963226,0.014196649543409379,-0.10896289238454016,0.13028884634695714,0.3278420218843784,1,3,0.26,0.30000000000000004,77.0
hongli,0.24974792302776394,0.012924257186051058,-0.26311888690511753,0.04911945827253227,0.21474197652625043,1,3,0.26,0.32,390.0
hongli,0.27160974224241996,0.013936556866081418,-0.26311888690511753,0.05296676734234983,0.22723188932813668,1,3,0.26,0.34,435.0
hongli,0.2880551018959028,0.01468729804770108,-0.26311888690511753,0.05582000676750134,0.23684035137104315,1,3,0.26,0.36000000000000004,445.0
hongli,0.31084854079386504,0.015713032476563082,-0.26311888690511753,0.05971837545143351,0.2500558592131499,1,3,0.26,0.38,464.0
hongli,0.3292025846765603,0.016526844036406807,-0.26311888690511753,0.06281131784495006,0.2600453768582859,1,3,0.26,0.4,489.0
hongli,0.0,0.0,0.0,,0.0,0,3,0.28,0.02,0.0
hongli,0.0,0.0,0.0,,0.0,0,3,0.28,0.04,0.0
hongli,0.0,0.0,0.0,,0.0,0,3,0.28,0.06,0.0
hongli,0.0,0.0,0.0,,0.0,0,3,0.28,0.08,0.0
hongli,0.0,0.0,0.0,,0.0,0,3,0.28,0.1,0.0
hongli,0.0,0.0,0.0,,0.0,0,3,0.28,0.12000000000000001,0.0
hongli,0.0,0.0,0.0,,0.0,0,3,0.28,0.13999999999999999,0.0
hongli,0.0,0.0,0.0,,0.0,0,3,0.28,0.16,0.0
hongli,0.0,0.0,0.0,,0.0,0,3,0.28,0.18,0.0
hongli,0.0,0.0,0.0,,0.0,0,3,0.28,0.19999999999999998,0.0
hongli,0.0,0.0,0.0,,0.0,0,3,0.28,0.22,0.0
hongli,0.0,0.0,0.0,,0.0,0,3,0.28,0.24,0.0
hongli,0.0,0.0,0.0,,0.0,0,3,0.28,0.26,0.0
hongli,0.0,0.0,0.0,,0.0,0,3,0.28,0.28,0.0
hongli,0.0,0.0,0.0,,0.0,0,3,0.28,0.30000000000000004,0.0
hongli,0.0,0.0,0.0,,0.0,0,3,0.28,0.32,0.0
hongli,0.0,0.0,0.0,,0.0,0,3,0.28,0.34,0.0
hongli,0.0,0.0,0.0,,0.0,0,3,0.28,0.36000000000000004,0.0
hongli,0.0,0.0,0.0,,0.0,0,3,0.28,0.38,0.0
hongli,0.0,0.0,0.0,,0.0,0,3,0.28,0.4,0.0
hongli,0.0,0.0,0.0,,0.0,0,3,0.30000000000000004,0.02,0.0
hongli,0.0,0.0,0.0,,0.0,0,3,0.30000000000000004,0.04,0.0
hongli,0.0,0.0,0.0,,0.0,0,3,0.30000000000000004,0.06,0.0
hongli,0.0,0.0,0.0,,0.0,0,3,0.30000000000000004,0.08,0.0
hongli,0.0,0.0,0.0,,0.0,0,3,0.30000000000000004,0.1,0.0
hongli,0.0,0.0,0.0,,0.0,0,3,0.30000000000000004,0.12000000000000001,0.0
hongli,0.0,0.0,0.0,,0.0,0,3,0.30000000000000004,0.13999999999999999,0.0
hongli,0.0,0.0,0.0,,0.0,0,3,0.30000000000000004,0.16,0.0
hongli,0.0,0.0,0.0,,0.0,0,3,0.30000000000000004,0.18,0.0
hongli,0.0,0.0,0.0,,0.0,0,3,0.30000000000000004,0.19999999999999998,0.0
hongli,0.0,0.0,0.0,,0.0,0,3,0.30000000000000004,0.22,0.0
hongli,0.0,0.0,0.0,,0.0,0,3,0.30000000000000004,0.24,0.0
hongli,0.0,0.0,0.0,,0.0,0,3,0.30000000000000004,0.26,0.0
hongli,0.0,0.0,0.0,,0.0,0,3,0.30000000000000004,0.28,0.0
hongli,0.0,0.0,0.0,,0.0,0,3,0.30000000000000004,0.30000000000000004,0.0
hongli,0.0,0.0,0.0,,0.0,0,3,0.30000000000000004,0.32,0.0
hongli,0.0,0.0,0.0,,0.0,0,3,0.30000000000000004,0.34,0.0
hongli,0.0,0.0,0.0,,0.0,0,3,0.30000000000000004,0.36000000000000004,0.0
hongli,0.0,0.0,0.0,,0.0,0,3,0.30000000000000004,0.38,0.0
hongli,0.0,0.0,0.0,,0.0,0,3,0.30000000000000004,0.4,0.0
hongli,0.0,0.0,0.0,,0.0,0,3,0.32,0.02,0.0
hongli,0.0,0.0,0.0,,0.0,0,3,0.32,0.04,0.0
hongli,0.0,0.0,0.0,,0.0,0,3,0.32,0.06,0.0
hongli,0.0,0.0,0.0,,0.0,0,3,0.32,0.08,0.0
hongli,0.0,0.0,0.0,,0.0,0,3,0.32,0.1,0.0
hongli,0.0,0.0,0.0,,0.0,0,3,0.32,0.12000000000000001,0.0
hongli,0.0,0.0,0.0,,0.0,0,3,0.32,0.13999999999999999,0.0
hongli,0.0,0.0,0.0,,0.0,0,3,0.32,0.16,0.0
hongli,0.0,0.0,0.0,,0.0,0,3,0.32,0.18,0.0
hongli,0.0,0.0,0.0,,0.0,0,3,0.32,0.19999999999999998,0.0
hongli,0.0,0.0,0.0,,0.0,0,3,0.32,0.22,0.0
hongli,0.0,0.0,0.0,,0.0,0,3,0.32,0.24,0.0
hongli,0.0,0.0,0.0,,0.0,0,3,0.32,0.26,0.0
hongli,0.0,0.0,0.0,,0.0,0,3,0.32,0.28,0.0
hongli,0.0,0.0,0.0,,0.0,0,3,0.32,0.30000000000000004,0.0
hongli,0.0,0.0,0.0,,0.0,0,3,0.32,0.32,0.0
hongli,0.0,0.0,0.0,,0.0,0,3,0.32,0.34,0.0
hongli,0.0,0.0,0.0,,0.0,0,3,0.32,0.36000000000000004,0.0
hongli,0.0,0.0,0.0,,0.0,0,3,0.32,0.38,0.0
hongli,0.0,0.0,0.0,,0.0,0,3,0.32,0.4,0.0
hongli,0.0,0.0,0.0,,0.0,0,3,0.34,0.02,0.0
hongli,0.0,0.0,0.0,,0.0,0,3,0.34,0.04,0.0
hongli,0.0,0.0,0.0,,0.0,0,3,0.34,0.06,0.0
hongli,0.0,0.0,0.0,,0.0,0,3,0.34,0.08,0.0
hongli,0.0,0.0,0.0,,0.0,0,3,0.34,0.1,0.0
hongli,0.0,0.0,0.0,,0.0,0,3,0.34,0.12000000000000001,0.0
hongli,0.0,0.0,0.0,,0.0,0,3,0.34,0.13999999999999999,0.0
hongli,0.0,0.0,0.0,,0.0,0,3,0.34,0.16,0.0
hongli,0.0,0.0,0.0,,0.0,0,3,0.34,0.18,0.0
hongli,0.0,0.0,0.0,,0.0,0,3,0.34,0.19999999999999998,0.0
hongli,0.0,0.0,0.0,,0.0,0,3,0.34,0.22,0.0
hongli,0.0,0.0,0.0,,0.0,0,3,0.34,0.24,0.0
hongli,0.0,0.0,0.0,,0.0,0,3,0.34,0.26,0.0
hongli,0.0,0.0,0.0,,0.0,0,3,0.34,0.28,0.0
hongli,0.0,0.0,0.0,,0.0,0,3,0.34,0.30000000000000004,0.0
hongli,0.0,0.0,0.0,,0.0,0,3,0.34,0.32,0.0
hongli,0.0,0.0,0.0,,0.0,0,3,0.34,0.34,0.0
hongli,0.0,0.0,0.0,,0.0,0,3,0.34,0.36000000000000004,0.0
hongli,0.0,0.0,0.0,,0.0,0,3,0.34,0.38,0.0
hongli,0.0,0.0,0.0,,0.0,0,3,0.34,0.4,0.0
hongli,0.0,0.0,0.0,,0.0,0,3,0.36000000000000004,0.02,0.0
hongli,0.0,0.0,0.0,,0.0,0,3,0.36000000000000004,0.04,0.0
hongli,0.0,0.0,0.0,,0.0,0,3,0.36000000000000004,0.06,0.0
hongli,0.0,0.0,0.0,,0.0,0,3,0.36000000000000004,0.08,0.0
hongli,0.0,0.0,0.0,,0.0,0,3,0.36000000000000004,0.1,0.0
hongli,0.0,0.0,0.0,,0.0,0,3,0.36000000000000004,0.12000000000000001,0.0
hongli,0.0,0.0,0.0,,0.0,0,3,0.36000000000000004,0.13999999999999999,0.0
hongli,0.0,0.0,0.0,,0.0,0,3,0.36000000000000004,0.16,0.0
hongli,0.0,0.0,0.0,,0.0,0,3,0.36000000000000004,0.18,0.0
hongli,0.0,0.0,0.0,,0.0,0,3,0.36000000000000004,0.19999999999999998,0.0
hongli,0.0,0.0,0.0,,0.0,0,3,0.36000000000000004,0.22,0.0
hongli,0.0,0.0,0.0,,0.0,0,3,0.36000000000000004,0.24,0.0
hongli,0.0,0.0,0.0,,0.0,0,3,0.36000000000000004,0.26,0.0
hongli,0.0,0.0,0.0,,0.0,0,3,0.36000000000000004,0.28,0.0
hongli,0.0,0.0,0.0,,0.0,0,3,0.36000000000000004,0.30000000000000004,0.0
hongli,0.0,0.0,0.0,,0.0,0,3,0.36000000000000004,0.32,0.0
hongli,0.0,0.0,0.0,,0.0,0,3,0.36000000000000004,0.34,0.0
hongli,0.0,0.0,0.0,,0.0,0,3,0.36000000000000004,0.36000000000000004,0.0
hongli,0.0,0.0,0.0,,0.0,0,3,0.36000000000000004,0.38,0.0
hongli,0.0,0.0,0.0,,0.0,0,3,0.36000000000000004,0.4,0.0
hongli,0.0,0.0,0.0,,0.0,0,3,0.38,0.02,0.0
hongli,0.0,0.0,0.0,,0.0,0,3,0.38,0.04,0.0
hongli,0.0,0.0,0.0,,0.0,0,3,0.38,0.06,0.0
hongli,0.0,0.0,0.0,,0.0,0,3,0.38,0.08,0.0
hongli,0.0,0.0,0.0,,0.0,0,3,0.38,0.1,0.0
hongli,0.0,0.0,0.0,,0.0,0,3,0.38,0.12000000000000001,0.0
hongli,0.0,0.0,0.0,,0.0,0,3,0.38,0.13999999999999999,0.0
hongli,0.0,0.0,0.0,,0.0,0,3,0.38,0.16,0.0
hongli,0.0,0.0,0.0,,0.0,0,3,0.38,0.18,0.0
hongli,0.0,0.0,0.0,,0.0,0,3,0.38,0.19999999999999998,0.0
hongli,0.0,0.0,0.0,,0.0,0,3,0.38,0.22,0.0
hongli,0.0,0.0,0.0,,0.0,0,3,0.38,0.24,0.0
hongli,0.0,0.0,0.0,,0.0,0,3,0.38,0.26,0.0
hongli,0.0,0.0,0.0,,0.0,0,3,0.38,0.28,0.0
hongli,0.0,0.0,0.0,,0.0,0,3,0.38,0.30000000000000004,0.0
hongli,0.0,0.0,0.0,,0.0,0,3,0.38,0.32,0.0
hongli,0.0,0.0,0.0,,0.0,0,3,0.38,0.34,0.0
hongli,0.0,0.0,0.0,,0.0,0,3,0.38,0.36000000000000004,0.0
hongli,0.0,0.0,0.0,,0.0,0,3,0.38,0.38,0.0
hongli,0.0,0.0,0.0,,0.0,0,3,0.38,0.4,0.0
hongli,0.0,0.0,0.0,,0.0,0,3,0.4,0.02,0.0
hongli,0.0,0.0,0.0,,0.0,0,3,0.4,0.04,0.0
hongli,0.0,0.0,0.0,,0.0,0,3,0.4,0.06,0.0
hongli,0.0,0.0,0.0,,0.0,0,3,0.4,0.08,0.0
hongli,0.0,0.0,0.0,,0.0,0,3,0.4,0.1,0.0
hongli,0.0,0.0,0.0,,0.0,0,3,0.4,0.12000000000000001,0.0
hongli,0.0,0.0,0.0,,0.0,0,3,0.4,0.13999999999999999,0.0
hongli,0.0,0.0,0.0,,0.0,0,3,0.4,0.16,0.0
hongli,0.0,0.0,0.0,,0.0,0,3,0.4,0.18,0.0
hongli,0.0,0.0,0.0,,0.0,0,3,0.4,0.19999999999999998,0.0
hongli,0.0,0.0,0.0,,0.0,0,3,0.4,0.22,0.0
hongli,0.0,0.0,0.0,,0.0,0,3,0.4,0.24,0.0
hongli,0.0,0.0,0.0,,0.0,0,3,0.4,0.26,0.0
hongli,0.0,0.0,0.0,,0.0,0,3,0.4,0.28,0.0
hongli,0.0,0.0,0.0,,0.0,0,3,0.4,0.30000000000000004,0.0
hongli,0.0,0.0,0.0,,0.0,0,3,0.4,0.32,0.0
hongli,0.0,0.0,0.0,,0.0,0,3,0.4,0.34,0.0
hongli,0.0,0.0,0.0,,0.0,0,3,0.4,0.36000000000000004,0.0
hongli,0.0,0.0,0.0,,0.0,0,3,0.4,0.38,0.0
hongli,0.0,0.0,0.0,,0.0,0,3,0.4,0.4,0.0
hongli,0.6752093468961331,0.03016402476086455,-0.32973698262980367,0.09147904648211619,0.30707473871065133,177,6,0.02,0.02,7.6022727272727275
hongli,0.9193094888927111,0.03826724353209188,-0.28412325891713297,0.13468536042398715,0.35371523802884364,91,6,0.02,0.04,17.733333333333334
hongli,1.6084772779970309,0.056778318720052345,-0.32092340692025745,0.17692171245757882,0.47316950345487635,62,6,0.02,0.06,28.868852459016395
hongli,1.623936119556423,0.05713805682533901,-0.2709419539394228,0.21088670836895915,0.462439119679624,45,6,0.02,0.08,45.09090909090909
hongli,1.2360028680088115,0.04744109219578263,-0.33354138291954505,0.1422345011000512,0.3886225877536647,34,6,0.02,0.1,65.18181818181819
hongli,1.0730603866283794,0.04288602661994645,-0.30407880552568567,0.14103589543442827,0.3520536834540183,25,6,0.02,0.12000000000000001,91.625
hongli,1.9963523424274876,0.06525050790297349,-0.2790361007990464,0.23384253046871878,0.48915530658344086,24,6,0.02,0.13999999999999999,105.0
hongli,1.9588853994402022,0.06447871329528954,-0.32737678936613535,0.19695566512254203,0.4733694514418255,21,6,0.02,0.16,128.05
hongli,1.8371507020729236,0.06190588229617111,-0.38078803906215375,0.16257307463921308,0.4513125295109737,17,6,0.02,0.18,149.25
hongli,1.1454886433176936,0.04495096234857754,-0.38078803906215364,0.11804720142809022,0.34843441092346966,14,6,0.02,0.19999999999999998,194.30769230769232
hongli,1.1466705123162284,0.04498410969841515,-0.38078803906215375,0.11813425077428093,0.3464778764887742,13,6,0.02,0.22,223.08333333333334
hongli,1.0915732280153523,0.043420221440994,-0.38078803906215364,0.114027272358486,0.33291772515876883,12,6,0.02,0.24,277.09090909090907
hongli,1.4258196263377236,0.052368523786057164,-0.38078803906215364,0.13752670360927324,0.38136519234207406,12,6,0.02,0.26,282.27272727272725
hongli,1.1752173497430465,0.04577956949139095,-0.38078803906215364,0.12022323391286625,0.34327312958565614,10,6,0.02,0.28,352.44444444444446
hongli,1.4846246758101573,0.05382141983295918,-0.38078803906215375,0.14134220172859535,0.3858010768562486,10,6,0.02,0.30000000000000004,362.6666666666667
hongli,1.4068062980011034,0.05189165475190127,-0.38078803906215375,0.13627438214631346,0.3719624076000148,8,6,0.02,0.32,316.0
hongli,1.2664073043289346,0.04825626471069078,-0.38078803906215364,0.12672736472905394,0.3508532580185919,7,6,0.02,0.34,383.1666666666667
hongli,0.9637593339067605,0.03963737475210549,-0.38078803906215364,0.1040930141863929,0.3036914795879861,6,6,0.02,0.36000000000000004,492.0
hongli,1.1344012730876436,0.04463915919067052,-0.38078803906215364,0.11722836489458208,0.3295003793169412,6,6,0.02,0.38,497.6
hongli,0.5699246393798856,0.026319591347262028,-0.43118142978898966,0.06104064212631382,0.2323694140003056,4,6,0.02,0.4,856.6666666666666
hongli,0.4907233664912305,0.023263941908319374,-0.29861517907419965,0.0779060929871176,0.2707975074048893,129,6,0.04,0.02,6.627906976744186
hongli,0.6202969504396949,0.028188281494015754,-0.31204947548672146,0.09033273153255225,0.2979642607141012,72,6,0.04,0.04,17.194444444444443
hongli,1.238240447587168,0.047501438895640735,-0.2727528284369204,0.17415562349200864,0.443342964304714,49,6,0.04,0.06,28.708333333333332
hongli,1.3502622372998898,0.05045221262745003,-0.3423343328543079,0.14737701651713003,0.45314033468633247,36,6,0.04,0.08,45.611111111111114
hongli,1.0608097253308908,0.042530051885923736,-0.3435226296757752,0.12380567744857045,0.3782286782807433,27,6,0.04,0.1,66.18518518518519
hongli,0.5355257233869646,0.02501072304278318,-0.33225129414131527,0.07527652558110265,0.24541172660819682,20,6,0.04,0.12000000000000001,103.3157894736842
hongli,1.1019050877546457,0.0437164168626516,-0.2847270619521681,0.15353797620401677,0.3692856660816862,19,6,0.04,0.13999999999999999,120.94444444444444
hongli,1.4163845153202312,0.052132325872791485,-0.27094195393942266,0.1924114191796493,0.4200066430386227,18,6,0.04,0.16,131.8235294117647
hongli,0.6748075709062646,0.030149791879153787,-0.4031621261294629,0.0747832941764776,0.27272927860313223,13,6,0.04,0.18,170.91666666666666
hongli,0.6226305629435351,0.028273519779751455,-0.3773946369930905,0.0749176512019939,0.2571106692379779,12,6,0.04,0.19999999999999998,201.1818181818182
hongli,0.6504104428367496,0.029279438329994356,-0.3773946369930905,0.0775830800439552,0.2607171727396583,11,6,0.04,0.22,236.8
hongli,0.4813421111048801,0.022891922823916167,-0.36938726742342654,0.06197269056833864,0.22015936974886965,10,6,0.04,0.24,303.3333333333333
hongli,0.7133333398189838,0.03150014053042449,-0.3612318797256454,0.08720199489133894,0.27038398259320795,10,6,0.04,0.26,309.8888888888889
hongli,0.7360691115467639,0.032283676226996016,-0.342186880574588,0.09434516067005964,0.2729069927086603,9,6,0.04,0.28,369.75
hongli,1.0602653690862902,0.042514187968482275,-0.342186880574588,0.12424260070138857,0.3315399734381851,9,6,0.04,0.30000000000000004,380.625
hongli,0.8404286382142716,0.03576047317067399,-0.3254916476230326,0.10986602400344815,0.29050233022027644,7,6,0.04,0.32,341.8333333333333
hongli,0.9713898421709115,0.039869635425687555,-0.3254916476230326,0.1224905023426668,0.3131734943015244,7,6,0.04,0.34,350.5
hongli,0.7567027184379491,0.032986439919858945,-0.3254916476230326,0.1013434297339086,0.2722543095745048,6,6,0.04,0.36000000000000004,452.8
hongli,0.9093523600018252,0.03795622614139771,-0.3254916476230325,0.11661198196199687,0.29910269966587505,6,6,0.04,0.38,458.4
hongli,0.38365896479584105,0.018880554942341643,-0.38924639049667453,0.048505407894085396,0.1942260974208617,4,6,0.04,0.4,820.6666666666666
hongli,-0.1062130549506971,-0.006446909016823876,-0.4117038068468175,-0.015659094984328322,-0.020047579895493522,87,6,0.06,0.02,6.689655172413793
hongli,0.15227076029642572,0.008197326806299143,-0.333166263856864,0.0246043123076258,0.13103642204122845,53,6,0.06,0.04,13.754716981132075
hongli,0.48541141177625136,0.02305356516301882,-0.26165123772452403,0.08810799201068735,0.26438595227426714,36,6,0.06,0.06,23.72222222222222
hongli,0.7475844776993057,0.03267684462410636,-0.26588583710284186,0.12289802638666797,0.337316403368401,28,6,0.06,0.08,39.285714285714285
hongli,1.0053773939757358,0.04089397860043276,-0.2440595922706904,0.16755735031744456,0.395611531067037,23,6,0.06,0.1,52.17391304347826
hongli,0.5842913921947728,0.02685825693479771,-0.32009555317060046,0.0839069979847022,0.2741068616116491,17,6,0.06,0.12000000000000001,82.5625
hongli,0.8593715243188718,0.036371572171711275,-0.31525891007528517,0.11537048124357718,0.3401492535499875,16,6,0.06,0.13999999999999999,99.06666666666666
hongli,0.9954805506568418,0.04059739881557545,-0.30646726274800007,0.13246895753742421,0.3634314721552569,15,6,0.06,0.16,113.57142857142857
hongli,0.6382452111469634,0.02884091045259507,-0.3581860309862438,0.08051936133071229,0.2734568274370031,12,6,0.06,0.18,152.45454545454547
hongli,0.6865254951824493,0.03056358280831839,-0.33047677324949154,0.09248330074091043,0.283692831765078,11,6,0.06,0.19999999999999998,177.9
hongli,0.884809559887773,0.0371830400759956,-0.33047677324949154,0.11251332343385136,0.3231601676440467,11,6,0.06,0.22,190.5
hongli,0.8587342933859092,0.0363511106093497,-0.3254916476230325,0.11168062490945901,0.3055122662606412,10,6,0.06,0.24,280.8888888888889
hongli,1.1498284635597495,0.045072595041329766,-0.3254916476230324,0.13847542746636166,0.3574433098179862,10,6,0.06,0.26,287.44444444444446
hongli,1.1413613600704315,0.04483507115750207,-0.3254916476230325,0.13774568866795536,0.3519058668725831,9,6,0.06,0.28,344.875
hongli,1.3629866677471205,0.050778962440316766,-0.3254916476230325,0.1560069599669922,0.38393526959485536,9,6,0.06,0.30000000000000004,359.25
hongli,1.0652067714588234,0.04265804834245057,-0.3254916476230326,0.13105727490695826,0.3329276880619778,7,6,0.06,0.32,328.1666666666667
hongli,1.2121627357346654,0.04679457527904951,-0.3254916476230326,0.14376582508576238,0.3560516192908264,7,6,0.06,0.34,336.8333333333333
hongli,0.9494226601428328,0.03919867941652755,-0.3254916476230324,0.12042914066392706,0.30912359415278623,6,6,0.06,0.36000000000000004,437.2
hongli,1.1188188062317428,0.04419835325426558,-0.3254916476230325,0.1357895158816911,0.33650663070850867,6,6,0.06,0.38,442.8
hongli,0.4766838345201616,0.022706370462349135,-0.38924639049667464,0.05833418373739067,0.2153983384175209,4,6,0.06,0.4,799.6666666666666
hongli,-0.20299719585191256,-0.012984239817563914,-0.39912149924547147,-0.03253204811595034,-0.1142859889110141,60,6,0.08,0.02,6.5
hongli,0.16321998335810628,0.008746690314735073,-0.2778153164219457,0.03148383043593826,0.14172320017181514,40,6,0.08,0.04,11.125
hongli,0.6218398555859317,0.028244651094581297,-0.21991497945098337,0.1284344120854974,0.33831654257565047,29,6,0.08,0.06,19.75862068965517
hongli,0.5685752474775474,0.02626875897802905,-0.2720026718891896,0.09657537110051112,0.304294887284285,22,6,0.08,0.08,36.5
hongli,0.9056984417316976,0.0378417101347428,-0.22114952760157536,0.1711136828784853,0.39916982017717567,19,6,0.08,0.1,47.94736842105263
hongli,0.5544168981341999,0.025732906936142275,-0.26924116892184446,0.09557567677776664,0.28400990653347247,14,6,0.08,0.12000000000000001,69.3076923076923
hongli,0.6536588380143471,0.029396019986546174,-0.2634416561491456,0.11158455506331856,0.3091495256235033,13,6,0.08,0.13999999999999999,84.16666666666667
hongli,0.641130953688297,0.028945211621390188,-0.2575718561910585,0.11237722959887188,0.2926427398747151,12,6,0.08,0.16,111.36363636363636
hongli,0.4480979672203165,0.021555488736891393,-0.3254916476230326,0.06622439898014167,0.22822452156464731,10,6,0.08,0.18,159.88888888888889
hongli,0.7533579657830121,0.03287305043655864,-0.3254916476230325,0.10099506600744021,0.3063746007730324,10,6,0.08,0.19999999999999998,187.22222222222223
hongli,0.9334191179615272,0.03870537290331377,-0.3254916476230325,0.1189135671712852,0.34535911539030884,10,6,0.08,0.22,199.33333333333334
hongli,1.2171357566726457,0.046929978049538246,-0.32549164762303273,0.14418181969415717,0.38435917635055084,10,6,0.08,0.24,268.1111111111111
hongli,1.5643587543587247,0.05574048967195888,-0.3254916476230326,0.17125013830313274,0.4390970152091851,10,6,0.08,0.26,274.6666666666667
hongli,1.4863460817421825,0.053863460564812504,-0.3254916476230326,0.16548338784777158,0.42019137621564956,9,6,0.08,0.28,333.625
hongli,1.743676407035207,0.059858712839019335,-0.3254916476230326,0.18390245426003854,0.45282826550819216,9,6,0.08,0.30000000000000004,348.0
hongli,1.2657814343162577,0.048239588681361356,-0.32549164762303273,0.14820530429472004,0.37504104360804086,7,6,0.08,0.32,313.5
hongli,1.4270098885901326,0.05239825920760266,-0.32549164762303273,0.1609818856804816,0.39921641323374635,7,6,0.08,0.34,322.1666666666667
hongli,1.0685391845638805,0.04275488274781303,-0.3254916476230325,0.13135477687381247,0.33640692555551527,6,6,0.08,0.36000000000000004,419.8
hongli,1.2482860260586564,0.047771665784311024,-0.32549164762303273,0.14676771626299195,0.36499265042057477,6,6,0.08,0.38,425.4
hongli,0.498631003632789,0.023575814111472138,-0.38924639049667453,0.06056784259807684,0.2220297461918944,4,6,0.08,0.4,772.6666666666666
hongli,0.17220703426102268,0.009193974881853029,-0.17502226142090427,0.05253031704202926,0.16393910230775813,48,6,0.1,0.02,5.3125
hongli,0.4307392917163917,0.020846126043543967,-0.16818985338794323,0.12394401697622462,0.3049176125887363,30,6,0.1,0.04,9.666666666666666
hongli,0.5138640773540213,0.024172250173704057,-0.18544256164233686,0.13034898763060168,0.3359321717055699,20,6,0.1,0.06,18.05
hongli,0.37403199540003573,0.018470884917638486,-0.18935634464354456,0.09754563520123478,0.25305780340347683,15,6,0.1,0.08,30.2
hongli,0.5848193066505181,0.026877962699580094,-0.18544256164233686,0.14493955681770418,0.3314296221184471,13,6,0.1,0.1,42.23076923076923
hongli,0.42261080570775333,0.020511162702945507,-0.22132350143498203,0.09267503256526533,0.259476329483358,10,6,0.1,0.12000000000000001,63.22222222222222
hongli,0.6192413473508098,0.028149686184610223,-0.21656554305931874,0.1299822944451502,0.3310865711637207,10,6,0.1,0.13999999999999999,67.88888888888889
hongli,0.8959100230446571,0.03753391248265259,-0.20650673462674352,0.1817563603942231,0.41115430541524506,10,6,0.1,0.16,75.66666666666667
hongli,0.5263807357828156,0.02465810975833138,-0.26588127316420385,0.09274105492605696,0.27385873276553035,8,6,0.1,0.18,127.71428571428571
hongli,0.8105434529531845,0.03478421608508908,-0.26588127316420385,0.1308261227694924,0.35590111852026507,8,6,0.1,0.19999999999999998,157.71428571428572
hongli,0.9254695797384942,0.03845889749832798,-0.26588127316420385,0.14464688332741812,0.38538029485369507,8,6,0.1,0.22,165.28571428571428
hongli,1.1562879691910304,0.045253208580336546,-0.26588127316420385,0.1702008119706457,0.41937700815391726,8,6,0.1,0.24,220.14285714285714
hongli,1.4279144747626167,0.05242084861004481,-0.26588127316420385,0.19715885961502286,0.4720803890351659,8,6,0.1,0.26,225.0
hongli,1.3283788942220611,0.04988635277593123,-0.26588127316420385,0.18762642506650798,0.4450644323953142,7,6,0.1,0.28,208.33333333333334
hongli,1.5130782866334531,0.05451282651162792,-0.26588127316420385,0.20502695004759403,0.4723572168766588,7,6,0.1,0.30000000000000004,225.66666666666666
hongli,1.2954266829935457,0.049024746499065186,-0.26588127316420385,0.18438585732507878,0.4230650640248869,6,6,0.1,0.32,279.8
hongli,1.4120622164352934,0.052023831324349956,-0.26588127316420385,0.1956656469454353,0.443244226659176,6,6,0.1,0.34,289.4
hongli,0.8946590601207478,0.03749446797293343,-0.26588127316420385,0.14101958940815465,0.3323082481170184,5,6,0.1,0.36000000000000004,387.75
hongli,1.0155334127368532,0.041196894548778173,-0.26588127316420385,0.15494470166515134,0.3570866554250625,5,6,0.1,0.38,394.5
hongli,0.6796491553505375,0.03032109078265055,-0.38924639049667464,0.07789690931741494,0.2665560492271501,4,6,0.1,0.4,769.3333333333334
hongli,0.19688550773325475,0.010405799359823664,-0.1716642279563274,0.06061716808274682,0.19893662761541564,34,6,0.12000000000000001,0.02,4.382352941176471
hongli,0.3166606986759466,0.015971897097680987,-0.13852602915199463,0.11529888783685682,0.268360746269634,21,6,0.12000000000000001,0.04,9.571428571428571
hongli,0.6491298210486764,0.029233418655434162,-0.14815405525352265,0.1973177082828388,0.4279153231764606,17,6,0.12000000000000001,0.06,16.058823529411764
hongli,0.4593870478067059,0.022012529403149905,-0.14815405525352265,0.14857864920053557,0.30804934395670897,13,6,0.12000000000000001,0.08,29.384615384615383
hongli,0.5556766549598242,0.02578077106853427,-0.14815405525352265,0.17401326628837777,0.3361558752777619,11,6,0.12000000000000001,0.1,43.0
hongli,0.38081265878483817,0.018759712469331946,-0.16384924099958098,0.11449374043410993,0.25143459095568405,8,6,0.12000000000000001,0.12000000000000001,64.875
hongli,0.5958991979652879,0.027290127099480754,-0.16185517188754728,0.1686083106349003,0.33903880049407464,8,6,0.12000000000000001,0.13999999999999999,69.625
hongli,0.7708202724574664,0.03346280414905234,-0.16185517188754728,0.2067453499249404,0.3947514860280526,8,6,0.12000000000000001,0.16,78.375
hongli,0.2959919114680165,0.015046392300611,-0.2631188869051174,0.057184767226675134,0.1933953115262817,6,6,0.12000000000000001,0.18,142.66666666666666
hongli,0.5740590810784179,0.026475082194030053,-0.2385314433757616,0.11099200096787039,0.29492589015115206,6,6,0.12000000000000001,0.19999999999999998,176.66666666666666
hongli,0.6581643142374212,0.029557360274578448,-0.2385314433757616,0.12391389519249403,0.3212802912434171,6,6,0.12000000000000001,0.22,185.33333333333334
hongli,0.8336489294201017,0.035540318012636796,-0.2385314433757616,0.14899636504798106,0.371129810225162,6,6,0.12000000000000001,0.24,193.16666666666666
hongli,1.0211415383024152,0.04136354800540287,-0.2385314433757616,0.17340920517653663,0.4192524429902481,6,6,0.12000000000000001,0.26,198.5
hongli,1.2684707664913786,0.04831121402193128,-0.2385314433757616,0.2025360402730051,0.47370043234812226,6,6,0.12000000000000001,0.28,203.16666666666666
hongli,1.448417927717451,0.052930746684381136,-0.2385314433757616,0.22190259671970652,0.5023259889984519,6,6,0.12000000000000001,0.30000000000000004,220.5
hongli,1.1840888243707215,0.046024770686700966,-0.26311888690511753,0.17492005696762397,0.43072017287316083,5,6,0.12000000000000001,0.32,274.8
hongli,1.2950670433667733,0.049015278801126216,-0.26311888690511753,0.18628567252491252,0.4528247377283216,5,6,0.12000000000000001,0.34,284.4
hongli,0.8027601185701192,0.03452746617457936,-0.2631188869051174,0.13122382273922514,0.3288770351112683,4,6,0.12000000000000001,0.36000000000000004,381.5
hongli,0.9177715561637567,0.03821930463969392,-0.26311888690511753,0.14525488872821227,0.3559361976296801,4,6,0.12000000000000001,0.38,388.25
hongli,0.5564575202066377,0.025810421505656267,-0.38924639049667453,0.06630869838695852,0.24474693304821943,3,6,0.12000000000000001,0.4,768.0
hongli,0.14445827279299706,0.007802329456367385,-0.1716642279563273,0.045451108534693425,0.17826196752939455,22,6,0.13999999999999999,0.02,4.454545454545454
hongli,0.2274934273323359,0.011876487433937433,-0.13852602915199486,0.08573469915106134,0.2436372317145123,14,6,0.13999999999999999,0.04,8.285714285714286
hongli,0.45328773718301085,0.02176601306568693,-0.14465754760006544,0.15046579612882283,0.3972139471658795,11,6,0.13999999999999999,0.06,12.272727272727273
hongli,0.45445223825272696,0.021813154012169766,-0.14465754760006544,0.15079167574772226,0.3853400812632536,9,6,0.13999999999999999,0.08,18.0
hongli,0.5751257279371906,0.026515134902609594,-0.14465754760006544,0.18329589670575613,0.4185197454124913,8,6,0.13999999999999999,0.1,26.625
hongli,0.4339187526023598,0.020976659370227635,-0.1618551718875474,0.12960141542342343,0.3183364094009785,6,6,0.13999999999999999,0.12000000000000001,45.166666666666664
hongli,0.3701797851619475,0.018306198180804145,-0.16185517188754728,0.11310233690600144,0.2905951343569126,5,6,0.13999999999999999,0.13999999999999999,51.8
hongli,0.47830884817142993,0.0227711619340083,-0.1618551718875474,0.14068850360758994,0.33957280190160033,5,6,0.13999999999999999,0.16,64.8
hongli,0.47477737625300453,0.022630271704938032,-0.2385314433757616,0.09487332732602585,0.30152421079956737,5,6,0.13999999999999999,0.18,120.2
hongli,0.6572592619003466,0.02952498370128076,-0.23853144337576182,0.12377816225582323,0.3451791537892393,5,6,0.13999999999999999,0.19999999999999998,174.0
hongli,0.7458100528475018,0.03261641996279874,-0.23853144337576182,0.1367384505002875,0.3737038171540358,5,6,0.13999999999999999,0.22,184.4
hongli,0.8943217596871007,0.037483828244684325,-0.2385314433757617,0.15714418071765726,0.41681470177658503,5,6,0.13999999999999999,0.24,192.8
hongli,1.0643559404241842,0.04263330100455587,-0.2385314433757617,0.17873241532100684,0.4625927389578228,5,6,0.13999999999999999,0.26,199.0
hongli,1.269953797015971,0.04835067754640776,-0.23853144337576182,0.20270148397266133,0.5135881464917981,5,6,0.13999999999999999,0.28,202.8
hongli,1.3608541878892422,0.0507243184677042,-0.23853144337576182,0.21265254487978547,0.5249128368298892,5,6,0.13999999999999999,0.30000000000000004,221.6
hongli,1.0110357112462336,0.04106292285409863,-0.26311888690511753,0.15606223991402865,0.4156496093136741,4,6,0.13999999999999999,0.32,290.5
hongli,1.0821197424633575,0.04314799689719462,-0.26311888690511753,0.1639866959180094,0.43211647630014965,4,6,0.13999999999999999,0.34,302.0
hongli,0.6134040815337793,0.02793583309596226,-0.26311888690511753,0.10617190360050478,0.2912387991679127,3,6,0.13999999999999999,0.36000000000000004,437.0
hongli,0.6993612430104246,0.031013749063920848,-0.2631188869051174,0.11786971824301093,0.31569508954387326,3,6,0.13999999999999999,0.38,445.6666666666667
hongli,0.27229315212483773,0.013967936705480799,-0.38924639049667453,0.0358845632136957,0.17221096662279045,2,6,0.13999999999999999,0.4,798.5
hongli,0.12704717633302054,0.0069128069343757925,-0.1716642279563274,0.04026935032809782,0.18434140515765837,13,6,0.16,0.02,3.230769230769231
hongli,0.12333678414124027,0.006721572239754003,-0.13852602915199486,0.048522088454429714,0.16038718096661655,9,6,0.16,0.04,7.888888888888889
hongli,0.15213094590811904,0.008190280034910735,-0.14465754760006544,0.0566184078936164,0.18077134261841624,6,6,0.16,0.06,14.333333333333334
hongli,0.2285350991647599,0.011925928534919139,-0.14465754760006544,0.08244249078444728,0.24227966276169435,6,6,0.16,0.08,16.833333333333332
hongli,0.2808980259500915,0.014361689662090615,-0.14465754760006544,0.09928061065846604,0.2711929414199994,5,6,0.16,0.1,28.2
hongli,0.3153559779980155,0.015913880705515027,-0.14465754760006544,0.11001071820678252,0.28086764407224507,4,6,0.16,0.12000000000000001,41.25
hongli,0.36410122976386505,0.018045442845368465,-0.14465754760006544,0.12474594754819625,0.3114606328315804,4,6,0.16,0.13999999999999999,42.5
hongli,0.45196771881861,0.02171253345419366,-0.14465754760006544,0.15009609809107421,0.36185456639406854,4,6,0.16,0.16,47.5
hongli,0.5645101548283313,0.026115375143722863,-0.14465754760006544,0.18053240620340125,0.40157878483310105,4,6,0.16,0.18,75.75
hongli,0.7231911311471537,0.031841062431293254,-0.15598042238932242,0.2041349929917418,0.4146855826494754,4,6,0.16,0.19999999999999998,142.75
hongli,0.7959115687554408,0.03430068666306996,-0.15598042238932242,0.21990379393547532,0.4396201381287729,4,6,0.16,0.22,155.25
hongli,0.9090171838168053,0.03794573012455649,-0.1559804223893223,0.2432723898506001,0.4777507982548177,4,6,0.16,0.24,163.25
hongli,1.0183656938281205,0.04128111436700199,-0.1559804223893223,0.26465574162868727,0.5120788229091331,4,6,0.16,0.26,169.75
hongli,1.219383189088258,0.04699107606784092,-0.15598042238932242,0.3012626542999904,0.5706609672042489,4,6,0.16,0.28,174.5
hongli,1.279142393423157,0.04859464631553423,-0.15598042238932242,0.31154324094753033,0.5715389389296819,4,6,0.16,0.30000000000000004,197.75
hongli,0.8133937138206078,0.0348779778967947,-0.2631188869051174,0.13255596474673423,0.3978570628185581,3,6,0.16,0.32,281.3333333333333
hongli,0.877491698078819,0.03695066453476348,-0.26311888690511753,0.14043334163270513,0.4163784479385259,3,6,0.16,0.34,296.6666666666667
hongli,0.957870358586878,0.03945754138439406,-0.26311888690511753,0.14996088592691073,0.43866006094192056,3,6,0.16,0.36000000000000004,302.6666666666667
hongli,1.025303081438318,0.04148693276821347,-0.26311888690511753,0.1576737164564471,0.45669867623889565,3,6,0.16,0.38,310.6666666666667
hongli,0.2850412876963566,0.014550394084312801,-0.38924639049667453,0.03738093515972401,0.17667772350999722,2,6,0.16,0.4,797.5
hongli,0.09462251735958982,0.005221174351370372,-0.08903493288670761,0.058641863166382674,0.17888229180561724,7,6,0.18,0.02,4.0
hongli,0.1648585798024893,0.008828485295915955,-0.08903493288670761,0.09915754423210214,0.27997311486530296,6,6,0.18,0.04,5.5
hongli,0.14400617160118023,0.007779393630467313,-0.13936617029400533,0.05581981347450382,0.20685640704107514,4,6,0.18,0.06,15.25
hongli,0.09313696706307062,0.005142544949313876,-0.13936617029400533,0.036899521156857656,0.1423172554779913,3,6,0.18,0.08,22.0
hongli,0.15902080430852772,0.008536580187194609,-0.13936617029400533,0.061252886329486805,0.21759283872422702,3,6,0.18,0.1,23.333333333333332
hongli,0.13804923110735667,0.007476387984890476,-0.13936617029400533,0.05364564419843331,0.1897093961249475,2,6,0.18,0.12000000000000001,38.0
hongli,0.16180556771335652,0.008675998560481624,-0.13936617029400533,0.06225326090383938,0.21366842274310924,2,6,0.18,0.13999999999999999,40.0
hongli,0.19743884273234924,0.01043269979195216,-0.13936617029400533,0.07485819384965126,0.2501843151013756,2,6,0.18,0.16,41.5
hongli,0.24359798550977296,0.012636479708669768,-0.13936617029400533,0.09067106947124966,0.28461683533636023,2,6,0.18,0.18,55.0
hongli,0.3220660615915518,0.01621167903366527,-0.13936617029400533,0.11632434901142288,0.3260078716676745,2,6,0.18,0.19999999999999998,69.5
hongli,0.3471771400283754,0.017313629453222124,-0.13936617029400533,0.12423122065202397,0.34513838777660144,2,6,0.18,0.22,70.0
hongli,0.38373553366863344,0.018883802505647695,-0.13936617029400533,0.13549775003367484,0.3726058741333034,2,6,0.18,0.24,71.0
hongli,0.4106156264034375,0.020013548935199132,-0.13936617029400533,0.14360406756516858,0.3926781620098509,2,6,0.18,0.26,73.0
hongli,0.48654909342016706,0.02309868195033138,-0.13936617029400533,0.1657409535011449,0.4413708699599365,2,6,0.18,0.28,78.5
hongli,0.5081569547938309,0.023949458746579833,-0.13936617029400533,0.17184556837614406,0.4360901886656684,2,6,0.18,0.30000000000000004,87.5
hongli,0.5368724297076237,0.025062482210417736,-0.26311888690511753,0.0952515515142607,0.34772186083245404,2,6,0.18,0.32,247.0
hongli,0.5637569130463576,0.026086912630946202,-0.26311888690511753,0.09914496423190373,0.3581303505727779,2,6,0.18,0.34,269.5
hongli,0.5952357698983695,0.027265524042813682,-0.2631188869051174,0.10362435157551357,0.3698392963465382,2,6,0.18,0.36000000000000004,277.0
hongli,0.6436796098040074,0.02903718563491009,-0.26311888690511753,0.11035766370272422,0.3889399063347887,2,6,0.18,0.38,288.5
hongli,0.43968539144362073,0.021212715285769512,-0.38924639049667453,0.05449688373141315,0.22903151127369334,2,6,0.18,0.4,795.0
hongli,0.13714382068970732,0.007430202590334556,-0.047491250808311514,0.15645413552751036,0.2814439209842574,6,6,0.19999999999999998,0.02,3.0
hongli,0.18729381056075645,0.009937626148531775,-0.0474912508083114,0.20925172488387273,0.34839061624837253,5,6,0.19999999999999998,0.04,4.8
hongli,0.25421227379335076,0.01313232523791319,-0.10127709272211638,0.1296672809708865,0.383269978362987,4,6,0.19999999999999998,0.06,7.75
hongli,0.19844266146643075,0.010481470643621815,-0.10127709272211649,0.10349300480396702,0.30407167339487673,3,6,0.19999999999999998,0.08,12.0
hongli,0.27067331840615827,0.013893533674704583,-0.10127709272211638,0.13718337781304205,0.3846984263176484,3,6,0.19999999999999998,0.1,13.333333333333334
hongli,0.2476814804575478,0.01282771014436812,-0.10896289238454016,0.11772549226298015,0.34669333075543207,2,6,0.19999999999999998,0.12000000000000001,23.0
hongli,0.2737263477766716,0.014033692584086932,-0.10896289238454016,0.12879331923900045,0.37008441318940916,2,6,0.19999999999999998,0.13999999999999999,25.0
hongli,0.31279230038575867,0.0157997247282613,-0.10896289238454004,0.14500096668233275,0.40918574091572774,2,6,0.19999999999999998,0.16,26.5
hongli,0.36339811428464297,0.01801521026552111,-0.10896289238454027,0.16533344399434388,0.4351873974037659,2,6,0.19999999999999998,0.18,40.0
hongli,0.4494252936528913,0.021609399656785655,-0.10896289238454004,0.19831888805341272,0.45830205281983216,2,6,0.19999999999999998,0.19999999999999998,54.5
hongli,0.47695540980564854,0.02271720320776005,-0.10896289238454004,0.208485684535511,0.4784798589711161,2,6,0.19999999999999998,0.22,55.0
hongli,0.5170356009374886,0.02429571640785544,-0.10896289238454016,0.22297238882126588,0.5077164459653107,2,6,0.19999999999999998,0.24,56.0
hongli,0.5465051467018343,0.025431463610402716,-0.10896289238454004,0.23339563638465788,0.5293380606593742,2,6,0.19999999999999998,0.26,58.0
hongli,0.6297535492788668,0.02853298365044754,-0.10896289238454004,0.2618596388736821,0.5786462486160312,2,6,0.19999999999999998,0.28,63.5
hongli,0.6534429712575469,0.029388279441658893,-0.10896289238454004,0.2697090614843901,0.5628916702984779,2,6,0.19999999999999998,0.30000000000000004,72.5
hongli,0.6849247079638061,0.03050721485261243,-0.26311888690511753,0.11594460288064969,0.425950318167509,2,6,0.19999999999999998,0.32,232.0
hongli,0.7143990672942624,0.03153708664851784,-0.26311888690511753,0.11985869589015984,0.4360489353895091,2,6,0.19999999999999998,0.34,254.5
hongli,0.748910392153217,0.032721958385134364,-0.26311888690511753,0.12436187599461124,0.44737022271413757,2,6,0.19999999999999998,0.36000000000000004,262.0
hongli,0.8020209960184841,0.034503030353543185,-0.26311888690511753,0.13113095285320667,0.46654076944401235,2,6,0.19999999999999998,0.38,273.5
hongli,0.5783753035373143,0.026636999465550426,-0.38924639049667464,0.06843223242625801,0.27289545636642787,2,6,0.19999999999999998,0.4,780.0
hongli,0.08057916182401859,0.0044738140790170355,-0.047491250808311514,0.09420291112303293,0.20527585695696232,3,6,0.22,0.02,2.0
hongli,0.09248055959170975,0.005107769561162101,-0.047491250808311514,0.10755180110497706,0.2100141046353105,3,6,0.22,0.04,4.666666666666667
hongli,0.20688719814165513,0.010890233690275197,-0.047491250808311625,0.22931031516165618,0.37062714703686167,3,6,0.22,0.06,5.666666666666667
hongli,0.12599148699032314,0.0068584568594454165,-0.047491250808311625,0.144415165798183,0.24569882133951051,2,6,0.22,0.08,8.0
hongli,0.17873727870607792,0.009516961722894512,-0.047491250808311625,0.20039400017716344,0.3211092001504325,2,6,0.22,0.1,9.0
hongli,0.1026656252218987,0.005645153500881683,-0.10896289238454016,0.05180803645482733,0.1757583525385112,1,6,0.22,0.12000000000000001,27.0
hongli,0.1188468366115174,0.006489361430246587,-0.10896289238454016,0.05955570092013553,0.19532883274819204,1,6,0.22,0.13999999999999999,30.0
hongli,0.1385443442448342,0.007501629286543299,-0.10896289238454016,0.06884572465339257,0.22164698164855384,1,6,0.22,0.16,31.0
hongli,0.16082652843854284,0.008627019174294315,-0.10896289238454016,0.0791739186203755,0.25116820195161754,1,6,0.22,0.18,33.0
hongli,0.18299794077966336,0.00972678689319073,-0.10896289238454016,0.08926696676574991,0.2544640751110453,1,6,0.22,0.19999999999999998,45.0
hongli,0.20546758503159834,0.010821705284123517,-0.10896289238454016,0.09931551051281491,0.2792243346326524,1,6,0.22,0.22,46.0
hongli,0.2224582830362849,0.011636944380563952,-0.10896289238454016,0.10679731536031639,0.2977536454786621,1,6,0.22,0.24,47.0
hongli,0.23029468153092392,0.012009354322481736,-0.10896289238454016,0.11021508386634608,0.3064468782755626,1,6,0.22,0.26,49.0
hongli,0.2589845913512745,0.013353976139078627,-0.10896289238454016,0.12255526488734537,0.3335003553029259,1,6,0.22,0.28,59.0
hongli,0.27728466945963226,0.014196649543409379,-0.10896289238454016,0.13028884634695714,0.3278420218843784,1,6,0.22,0.30000000000000004,77.0
hongli,0.24974792302776394,0.012924257186051058,-0.26311888690511753,0.04911945827253227,0.21474197652625043,1,6,0.22,0.32,390.0
hongli,0.27160974224241996,0.013936556866081418,-0.26311888690511753,0.05296676734234983,0.22723188932813668,1,6,0.22,0.34,435.0
hongli,0.2880551018959028,0.01468729804770108,-0.26311888690511753,0.05582000676750134,0.23684035137104315,1,6,0.22,0.36000000000000004,445.0
hongli,0.31084854079386504,0.015713032476563082,-0.26311888690511753,0.05971837545143351,0.2500558592131499,1,6,0.22,0.38,464.0
hongli,0.3292025846765603,0.016526844036406807,-0.26311888690511753,0.06281131784495006,0.2600453768582859,1,6,0.22,0.4,489.0
hongli,0.1139519859754341,0.006235207181460867,0.0,,0.33775814807448457,2,6,0.24,0.02,1.0
hongli,0.1139519859754341,0.006235207181460867,0.0,,0.33775814807448457,2,6,0.24,0.04,1.0
hongli,0.17554030335060244,0.009359050128494806,0.0,,0.4144143476977958,2,6,0.24,0.06,1.5
hongli,0.19710668141425836,0.01041655314455503,-0.03230782136662158,0.3224158331925396,0.3954268444095164,2,6,0.24,0.08,7.0
hongli,0.253183783602827,0.013084452790571577,-0.03230782136662158,0.40499334950791865,0.4680430939370356,2,6,0.24,0.1,8.0
hongli,0.11663325385206136,0.006374556114591146,-0.10896289238454016,0.05850208245293954,0.19670621092575347,1,6,0.24,0.12000000000000001,26.0
hongli,0.13301943504059865,0.007219376354837381,-0.10896289238454016,0.06625536636233492,0.2158124828753646,1,6,0.24,0.13999999999999999,29.0
hongli,0.15296645391764052,0.008232378417247999,-0.10896289238454016,0.07555212822540697,0.24207908526237346,1,6,0.24,0.16,30.0
hongli,0.17553088983550547,0.009358584559442829,-0.10896289238454016,0.0858878133155232,0.2716130785029643,1,6,0.24,0.18,32.0
hongli,0.19798315073733508,0.010459149948815583,-0.10896289238454016,0.09598818203085388,0.27260142041565866,1,6,0.24,0.19999999999999998,44.0
hongli,0.22073742129772111,0.011554862492967999,-0.10896289238454016,0.10604401406847587,0.2973141168579629,1,6,0.24,0.22,45.0
hongli,0.23794334298805486,0.012370692888959312,-0.10896289238454016,0.11353124552991847,0.31583053451194976,1,6,0.24,0.24,46.0
hongli,0.24587900630193493,0.01274337294283856,-0.10896289238454016,0.11695149297125865,0.3245380416251801,1,6,0.24,0.26,48.0
hongli,0.274932335455071,0.014088970024581648,-0.10896289238454016,0.12930062442597767,0.3513579336706459,1,6,0.24,0.28,58.0
hongli,0.29346422336059086,0.014932254626790042,-0.10896289238454016,0.13703981511515617,0.34415554625106437,1,6,0.24,0.30000000000000004,76.0
hongli,0.2655786648872067,0.013658939392900304,-0.2631188869051174,0.05191166454662685,0.22495481028092254,1,6,0.24,0.32,389.0
hongli,0.28771741100063,0.01467197330212655,-0.2631188869051174,0.05576176410102165,0.23736272209989084,1,6,0.24,0.34,434.0
hongli,0.30437108645817457,0.015423259002434797,-0.2631188869051174,0.058617073003947966,0.24694259231147875,1,6,0.24,0.36000000000000004,444.0
hongli,0.3274532532192791,0.01644973740482536,-0.2631188869051174,0.06251826920641107,0.2601315176633808,1,6,0.24,0.38,463.0
hongli,0.3460397904915855,0.017264139228816422,-0.2631188869051174,0.0656134549362167,0.2700766013903018,1,6,0.24,0.4,488.0
hongli,0.0,0.0,0.0,,0.0,0,6,0.26,0.02,0.0
hongli,0.0,0.0,0.0,,0.0,0,6,0.26,0.04,0.0
hongli,0.0,0.0,0.0,,0.0,0,6,0.26,0.06,0.0
hongli,0.0,0.0,0.0,,0.0,0,6,0.26,0.08,0.0
hongli,0.0,0.0,0.0,,0.0,0,6,0.26,0.1,0.0
hongli,0.0,0.0,0.0,,0.0,0,6,0.26,0.12000000000000001,0.0
hongli,0.0,0.0,0.0,,0.0,0,6,0.26,0.13999999999999999,0.0
hongli,0.0,0.0,0.0,,0.0,0,6,0.26,0.16,0.0
hongli,0.0,0.0,0.0,,0.0,0,6,0.26,0.18,0.0
hongli,0.0,0.0,0.0,,0.0,0,6,0.26,0.19999999999999998,0.0
hongli,0.0,0.0,0.0,,0.0,0,6,0.26,0.22,0.0
hongli,0.0,0.0,0.0,,0.0,0,6,0.26,0.24,0.0
hongli,0.0,0.0,0.0,,0.0,0,6,0.26,0.26,0.0
hongli,0.0,0.0,0.0,,0.0,0,6,0.26,0.28,0.0
hongli,0.0,0.0,0.0,,0.0,0,6,0.26,0.30000000000000004,0.0
hongli,0.0,0.0,0.0,,0.0,0,6,0.26,0.32,0.0
hongli,0.0,0.0,0.0,,0.0,0,6,0.26,0.34,0.0
hongli,0.0,0.0,0.0,,0.0,0,6,0.26,0.36000000000000004,0.0
hongli,0.0,0.0,0.0,,0.0,0,6,0.26,0.38,0.0
hongli,0.0,0.0,0.0,,0.0,0,6,0.26,0.4,0.0
hongli,0.0,0.0,0.0,,0.0,0,6,0.28,0.02,0.0
hongli,0.0,0.0,0.0,,0.0,0,6,0.28,0.04,0.0
hongli,0.0,0.0,0.0,,0.0,0,6,0.28,0.06,0.0
hongli,0.0,0.0,0.0,,0.0,0,6,0.28,0.08,0.0
hongli,0.0,0.0,0.0,,0.0,0,6,0.28,0.1,0.0
hongli,0.0,0.0,0.0,,0.0,0,6,0.28,0.12000000000000001,0.0
hongli,0.0,0.0,0.0,,0.0,0,6,0.28,0.13999999999999999,0.0
hongli,0.0,0.0,0.0,,0.0,0,6,0.28,0.16,0.0
hongli,0.0,0.0,0.0,,0.0,0,6,0.28,0.18,0.0
hongli,0.0,0.0,0.0,,0.0,0,6,0.28,0.19999999999999998,0.0
hongli,0.0,0.0,0.0,,0.0,0,6,0.28,0.22,0.0
hongli,0.0,0.0,0.0,,0.0,0,6,0.28,0.24,0.0
hongli,0.0,0.0,0.0,,0.0,0,6,0.28,0.26,0.0
hongli,0.0,0.0,0.0,,0.0,0,6,0.28,0.28,0.0
hongli,0.0,0.0,0.0,,0.0,0,6,0.28,0.30000000000000004,0.0
hongli,0.0,0.0,0.0,,0.0,0,6,0.28,0.32,0.0
hongli,0.0,0.0,0.0,,0.0,0,6,0.28,0.34,0.0
hongli,0.0,0.0,0.0,,0.0,0,6,0.28,0.36000000000000004,0.0
hongli,0.0,0.0,0.0,,0.0,0,6,0.28,0.38,0.0
hongli,0.0,0.0,0.0,,0.0,0,6,0.28,0.4,0.0
hongli,0.0,0.0,0.0,,0.0,0,6,0.30000000000000004,0.02,0.0
hongli,0.0,0.0,0.0,,0.0,0,6,0.30000000000000004,0.04,0.0
hongli,0.0,0.0,0.0,,0.0,0,6,0.30000000000000004,0.06,0.0
hongli,0.0,0.0,0.0,,0.0,0,6,0.30000000000000004,0.08,0.0
hongli,0.0,0.0,0.0,,0.0,0,6,0.30000000000000004,0.1,0.0
hongli,0.0,0.0,0.0,,0.0,0,6,0.30000000000000004,0.12000000000000001,0.0
hongli,0.0,0.0,0.0,,0.0,0,6,0.30000000000000004,0.13999999999999999,0.0
hongli,0.0,0.0,0.0,,0.0,0,6,0.30000000000000004,0.16,0.0
hongli,0.0,0.0,0.0,,0.0,0,6,0.30000000000000004,0.18,0.0
hongli,0.0,0.0,0.0,,0.0,0,6,0.30000000000000004,0.19999999999999998,0.0
hongli,0.0,0.0,0.0,,0.0,0,6,0.30000000000000004,0.22,0.0
hongli,0.0,0.0,0.0,,0.0,0,6,0.30000000000000004,0.24,0.0
hongli,0.0,0.0,0.0,,0.0,0,6,0.30000000000000004,0.26,0.0
hongli,0.0,0.0,0.0,,0.0,0,6,0.30000000000000004,0.28,0.0
hongli,0.0,0.0,0.0,,0.0,0,6,0.30000000000000004,0.30000000000000004,0.0
hongli,0.0,0.0,0.0,,0.0,0,6,0.30000000000000004,0.32,0.0
hongli,0.0,0.0,0.0,,0.0,0,6,0.30000000000000004,0.34,0.0
hongli,0.0,0.0,0.0,,0.0,0,6,0.30000000000000004,0.36000000000000004,0.0
hongli,0.0,0.0,0.0,,0.0,0,6,0.30000000000000004,0.38,0.0
hongli,0.0,0.0,0.0,,0.0,0,6,0.30000000000000004,0.4,0.0
hongli,0.0,0.0,0.0,,0.0,0,6,0.32,0.02,0.0
hongli,0.0,0.0,0.0,,0.0,0,6,0.32,0.04,0.0
hongli,0.0,0.0,0.0,,0.0,0,6,0.32,0.06,0.0
hongli,0.0,0.0,0.0,,0.0,0,6,0.32,0.08,0.0
hongli,0.0,0.0,0.0,,0.0,0,6,0.32,0.1,0.0
hongli,0.0,0.0,0.0,,0.0,0,6,0.32,0.12000000000000001,0.0
hongli,0.0,0.0,0.0,,0.0,0,6,0.32,0.13999999999999999,0.0
hongli,0.0,0.0,0.0,,0.0,0,6,0.32,0.16,0.0
hongli,0.0,0.0,0.0,,0.0,0,6,0.32,0.18,0.0
hongli,0.0,0.0,0.0,,0.0,0,6,0.32,0.19999999999999998,0.0
hongli,0.0,0.0,0.0,,0.0,0,6,0.32,0.22,0.0
hongli,0.0,0.0,0.0,,0.0,0,6,0.32,0.24,0.0
hongli,0.0,0.0,0.0,,0.0,0,6,0.32,0.26,0.0
hongli,0.0,0.0,0.0,,0.0,0,6,0.32,0.28,0.0
hongli,0.0,0.0,0.0,,0.0,0,6,0.32,0.30000000000000004,0.0
hongli,0.0,0.0,0.0,,0.0,0,6,0.32,0.32,0.0
hongli,0.0,0.0,0.0,,0.0,0,6,0.32,0.34,0.0
hongli,0.0,0.0,0.0,,0.0,0,6,0.32,0.36000000000000004,0.0
hongli,0.0,0.0,0.0,,0.0,0,6,0.32,0.38,0.0
hongli,0.0,0.0,0.0,,0.0,0,6,0.32,0.4,0.0
hongli,0.0,0.0,0.0,,0.0,0,6,0.34,0.02,0.0
hongli,0.0,0.0,0.0,,0.0,0,6,0.34,0.04,0.0
hongli,0.0,0.0,0.0,,0.0,0,6,0.34,0.06,0.0
hongli,0.0,0.0,0.0,,0.0,0,6,0.34,0.08,0.0
hongli,0.0,0.0,0.0,,0.0,0,6,0.34,0.1,0.0
hongli,0.0,0.0,0.0,,0.0,0,6,0.34,0.12000000000000001,0.0
hongli,0.0,0.0,0.0,,0.0,0,6,0.34,0.13999999999999999,0.0
hongli,0.0,0.0,0.0,,0.0,0,6,0.34,0.16,0.0
hongli,0.0,0.0,0.0,,0.0,0,6,0.34,0.18,0.0
hongli,0.0,0.0,0.0,,0.0,0,6,0.34,0.19999999999999998,0.0
hongli,0.0,0.0,0.0,,0.0,0,6,0.34,0.22,0.0
hongli,0.0,0.0,0.0,,0.0,0,6,0.34,0.24,0.0
hongli,0.0,0.0,0.0,,0.0,0,6,0.34,0.26,0.0
hongli,0.0,0.0,0.0,,0.0,0,6,0.34,0.28,0.0
hongli,0.0,0.0,0.0,,0.0,0,6,0.34,0.30000000000000004,0.0
hongli,0.0,0.0,0.0,,0.0,0,6,0.34,0.32,0.0
hongli,0.0,0.0,0.0,,0.0,0,6,0.34,0.34,0.0
hongli,0.0,0.0,0.0,,0.0,0,6,0.34,0.36000000000000004,0.0
hongli,0.0,0.0,0.0,,0.0,0,6,0.34,0.38,0.0
hongli,0.0,0.0,0.0,,0.0,0,6,0.34,0.4,0.0
hongli,0.0,0.0,0.0,,0.0,0,6,0.36000000000000004,0.02,0.0
hongli,0.0,0.0,0.0,,0.0,0,6,0.36000000000000004,0.04,0.0
hongli,0.0,0.0,0.0,,0.0,0,6,0.36000000000000004,0.06,0.0
hongli,0.0,0.0,0.0,,0.0,0,6,0.36000000000000004,0.08,0.0
hongli,0.0,0.0,0.0,,0.0,0,6,0.36000000000000004,0.1,0.0
hongli,0.0,0.0,0.0,,0.0,0,6,0.36000000000000004,0.12000000000000001,0.0
hongli,0.0,0.0,0.0,,0.0,0,6,0.36000000000000004,0.13999999999999999,0.0
hongli,0.0,0.0,0.0,,0.0,0,6,0.36000000000000004,0.16,0.0
hongli,0.0,0.0,0.0,,0.0,0,6,0.36000000000000004,0.18,0.0
hongli,0.0,0.0,0.0,,0.0,0,6,0.36000000000000004,0.19999999999999998,0.0
hongli,0.0,0.0,0.0,,0.0,0,6,0.36000000000000004,0.22,0.0
hongli,0.0,0.0,0.0,,0.0,0,6,0.36000000000000004,0.24,0.0
hongli,0.0,0.0,0.0,,0.0,0,6,0.36000000000000004,0.26,0.0
hongli,0.0,0.0,0.0,,0.0,0,6,0.36000000000000004,0.28,0.0
hongli,0.0,0.0,0.0,,0.0,0,6,0.36000000000000004,0.30000000000000004,0.0
hongli,0.0,0.0,0.0,,0.0,0,6,0.36000000000000004,0.32,0.0
hongli,0.0,0.0,0.0,,0.0,0,6,0.36000000000000004,0.34,0.0
hongli,0.0,0.0,0.0,,0.0,0,6,0.36000000000000004,0.36000000000000004,0.0
hongli,0.0,0.0,0.0,,0.0,0,6,0.36000000000000004,0.38,0.0
hongli,0.0,0.0,0.0,,0.0,0,6,0.36000000000000004,0.4,0.0
hongli,0.0,0.0,0.0,,0.0,0,6,0.38,0.02,0.0
hongli,0.0,0.0,0.0,,0.0,0,6,0.38,0.04,0.0
hongli,0.0,0.0,0.0,,0.0,0,6,0.38,0.06,0.0
hongli,0.0,0.0,0.0,,0.0,0,6,0.38,0.08,0.0
hongli,0.0,0.0,0.0,,0.0,0,6,0.38,0.1,0.0
hongli,0.0,0.0,0.0,,0.0,0,6,0.38,0.12000000000000001,0.0
hongli,0.0,0.0,0.0,,0.0,0,6,0.38,0.13999999999999999,0.0
hongli,0.0,0.0,0.0,,0.0,0,6,0.38,0.16,0.0
hongli,0.0,0.0,0.0,,0.0,0,6,0.38,0.18,0.0
hongli,0.0,0.0,0.0,,0.0,0,6,0.38,0.19999999999999998,0.0
hongli,0.0,0.0,0.0,,0.0,0,6,0.38,0.22,0.0
hongli,0.0,0.0,0.0,,0.0,0,6,0.38,0.24,0.0
hongli,0.0,0.0,0.0,,0.0,0,6,0.38,0.26,0.0
hongli,0.0,0.0,0.0,,0.0,0,6,0.38,0.28,0.0
hongli,0.0,0.0,0.0,,0.0,0,6,0.38,0.30000000000000004,0.0
hongli,0.0,0.0,0.0,,0.0,0,6,0.38,0.32,0.0
hongli,0.0,0.0,0.0,,0.0,0,6,0.38,0.34,0.0
hongli,0.0,0.0,0.0,,0.0,0,6,0.38,0.36000000000000004,0.0
hongli,0.0,0.0,0.0,,0.0,0,6,0.38,0.38,0.0
hongli,0.0,0.0,0.0,,0.0,0,6,0.38,0.4,0.0
hongli,0.0,0.0,0.0,,0.0,0,6,0.4,0.02,0.0
hongli,0.0,0.0,0.0,,0.0,0,6,0.4,0.04,0.0
hongli,0.0,0.0,0.0,,0.0,0,6,0.4,0.06,0.0
hongli,0.0,0.0,0.0,,0.0,0,6,0.4,0.08,0.0
hongli,0.0,0.0,0.0,,0.0,0,6,0.4,0.1,0.0
hongli,0.0,0.0,0.0,,0.0,0,6,0.4,0.12000000000000001,0.0
hongli,0.0,0.0,0.0,,0.0,0,6,0.4,0.13999999999999999,0.0
hongli,0.0,0.0,0.0,,0.0,0,6,0.4,0.16,0.0
hongli,0.0,0.0,0.0,,0.0,0,6,0.4,0.18,0.0
hongli,0.0,0.0,0.0,,0.0,0,6,0.4,0.19999999999999998,0.0
hongli,0.0,0.0,0.0,,0.0,0,6,0.4,0.22,0.0
hongli,0.0,0.0,0.0,,0.0,0,6,0.4,0.24,0.0
hongli,0.0,0.0,0.0,,0.0,0,6,0.4,0.26,0.0
hongli,0.0,0.0,0.0,,0.0,0,6,0.4,0.28,0.0
hongli,0.0,0.0,0.0,,0.0,0,6,0.4,0.30000000000000004,0.0
hongli,0.0,0.0,0.0,,0.0,0,6,0.4,0.32,0.0
hongli,0.0,0.0,0.0,,0.0,0,6,0.4,0.34,0.0
hongli,0.0,0.0,0.0,,0.0,0,6,0.4,0.36000000000000004,0.0
hongli,0.0,0.0,0.0,,0.0,0,6,0.4,0.38,0.0
hongli,0.0,0.0,0.0,,0.0,0,6,0.4,0.4,0.0
hongli,0.48674482344402015,0.023106440691397667,-0.3189071683667609,0.07245506838160495,0.2542178346899103,176,9,0.02,0.02,7.662857142857143
hongli,0.6994098609313879,0.031015448057586825,-0.3128051034793967,0.09915262798654977,0.3047668265957782,88,9,0.02,0.04,18.64367816091954
hongli,0.9448532711543596,0.03905821920336838,-0.31944252287286523,0.12226994343803484,0.3564756291050464,55,9,0.02,0.06,32.370370370370374
hongli,0.6735750549850075,0.030106110018595977,-0.2917172293526926,0.1032030575821664,0.28821503989393527,39,9,0.02,0.08,51.078947368421055
hongli,0.6134275806513323,0.027936695466500572,-0.34719987581036493,0.08046286134548951,0.2693462932166067,28,9,0.02,0.1,75.77777777777777
hongli,0.4125649097854722,0.02009468465436215,-0.33629054116107737,0.0597539395101129,0.21148076636279395,20,9,0.02,0.12000000000000001,112.57894736842105
hongli,0.612956273769016,0.02791939718565617,-0.3210810479900412,0.08695436046577912,0.26370224315827673,18,9,0.02,0.13999999999999999,133.1764705882353
hongli,0.8409236826560333,0.03577651862373887,-0.28717592682859194,0.12458049328449795,0.31339952585994263,17,9,0.02,0.16,146.0
hongli,0.6921974709530101,0.03076290307368046,-0.3254916476230326,0.09451211205673837,0.27830873665724787,13,9,0.02,0.18,173.25
hongli,0.5481591219415471,0.025494601199210543,-0.34548777031328815,0.07379306415417267,0.24286581054524953,11,9,0.02,0.19999999999999998,213.1
hongli,0.5313344497737356,0.024849361882036458,-0.34548777031328815,0.07192544575312483,0.23747999563509853,10,9,0.02,0.22,253.77777777777777
hongli,0.6038681343236998,0.027584902169548675,-0.3370700443790704,0.08183729948582015,0.2533532134690686,10,9,0.02,0.24,293.55555555555554
hongli,0.8550480180168927,0.03623261396824584,-0.3284967147818837,0.11029825364403929,0.3064751263401173,10,9,0.02,0.26,300.1111111111111
hongli,0.8796643301503848,0.0370197444892153,-0.3254916476230325,0.11373485236736287,0.3080354962221091,9,9,0.02,0.28,358.75
hongli,1.1341784482220194,0.044632877193567344,-0.3254916476230325,0.13712449311528516,0.35318820729324124,9,9,0.02,0.30000000000000004,370.0
hongli,1.0218920306877313,0.04138581688883747,-0.32549164762303273,0.127148629438161,0.33106694448086893,7,9,0.02,0.32,327.1666666666667
hongli,1.1657658050417976,0.04551729651420544,-0.32549164762303273,0.1398416728865534,0.3549594299041683,7,9,0.02,0.34,335.8333333333333
hongli,0.8458809967683907,0.03593697195808221,-0.3254916476230326,0.11040827689594827,0.29461652307501585,6,9,0.02,0.36000000000000004,436.2
hongli,1.0062798335031657,0.0409209534419237,-0.32549164762303273,0.12572044087999515,0.3228610436054768,6,9,0.02,0.38,441.8
hongli,0.4303196051904963,0.02082887531957822,-0.38924639049667464,0.05351077319689664,0.20589451799784234,4,9,0.02,0.4,793.3333333333334
hongli,0.6368346548921486,0.028789864833786538,-0.3005975222916252,0.0957754562123636,0.3197774009012438,140,9,0.04,0.02,7.207142857142857
hongli,0.7175580817841452,0.03164647478801963,-0.267105913536257,0.1184791245129956,0.32812634079901926,72,9,0.04,0.04,17.09722222222222
hongli,0.8691566089940428,0.036684945321877827,-0.2576740074320961,0.14236959981904762,0.359472723851351,47,9,0.04,0.06,29.391304347826086
hongli,0.9310948933881569,0.038633409272476715,-0.28610030816722376,0.135034490245623,0.36744345820119967,34,9,0.04,0.08,44.05882352941177
hongli,0.6338265589702665,0.02868086837410533,-0.3363575359893428,0.08526899297720524,0.28463089887776705,24,9,0.04,0.1,67.0
hongli,0.4416050214085334,0.021291097207966292,-0.3112261750833476,0.06841036812621706,0.22540400336832356,18,9,0.04,0.12000000000000001,95.70588235294117
hongli,0.7764825759231895,0.03365286055082839,-0.29906909642153,0.11252536939957036,0.31291272054501346,17,9,0.04,0.13999999999999999,111.125
hongli,1.146038252277057,0.044966379124511624,-0.26731070748697416,0.1682176503412337,0.38914502978208293,16,9,0.04,0.16,122.93333333333334
hongli,0.9617530019490461,0.03957616395150043,-0.3254916476230324,0.12158887713559857,0.34748201400791306,13,9,0.04,0.18,156.5
hongli,0.7199074301387736,0.031727703508090954,-0.3346169941778093,0.09481796818493754,0.29135807055413265,11,9,0.04,0.19999999999999998,193.8
hongli,0.6629712608567531,0.029729041273675705,-0.3346169941778093,0.0888449833419944,0.2755664451061379,10,9,0.04,0.22,233.0
hongli,0.8617163967753163,0.03644680945159706,-0.3260594584584565,0.11177964173746174,0.3122261553005025,10,9,0.04,0.24,280.8888888888889
hongli,1.1532775906192954,0.045169099243801414,-0.3254916476230324,0.138771914958979,0.3661398070630494,10,9,0.04,0.26,287.44444444444446
hongli,1.1328012142882007,0.044594035759868644,-0.3254916476230326,0.1370051615318717,0.35780327015122915,9,9,0.04,0.28,345.25
hongli,1.4344370316896309,0.05258349606289192,-0.3254916476230326,0.16155098432446222,0.40523016479661794,9,9,0.04,0.30000000000000004,357.75
hongli,1.2238553605122187,0.04711248191287165,-0.3254916476230325,0.14474252183403144,0.3680589868404799,7,9,0.04,0.32,325.6666666666667
hongli,1.382100439615471,0.051266680879606286,-0.3254916476230325,0.15750536535727236,0.39223203528337874,7,9,0.04,0.34,334.3333333333333
hongli,1.0302628860625895,0.041633673342147404,-0.3254916476230326,0.127910112736181,0.3296915670976327,6,9,0.04,0.36000000000000004,434.4
hongli,1.2066836877070881,0.046645062144180516,-0.3254916476230326,0.14330647955121228,0.35827095851854324,6,9,0.04,0.38,440.0
hongli,0.5160453666309643,0.02425719309315233,-0.38924639049667464,0.06231835075516149,0.22587159730198036,4,9,0.04,0.4,792.3333333333334
hongli,0.5549644826924935,0.025753716758672995,-0.21144680099301316,0.12179761830269532,0.3231612098303038,105,9,0.06,0.02,6.371428571428571
hongli,1.1940416194920749,0.04629874410745116,-0.2190662840601646,0.21134582305114386,0.4948569590648541,62,9,0.06,0.04,13.306451612903226
hongli,1.3301731834319472,0.0499329377562836,-0.22694669206224027,0.22002055770255274,0.5035562895304494,41,9,0.06,0.06,24.4390243902439
hongli,1.672852920614912,0.058263368836806606,-0.259269889348809,0.22472092298547605,0.5647102315209039,31,9,0.06,0.08,36.12903225806452
hongli,0.8923765090510456,0.03742243283982405,-0.3252961772904711,0.11504110854154899,0.36524486314094845,22,9,0.06,0.1,58.77272727272727
hongli,1.117081858732258,0.04414902835868384,-0.2915406355401593,0.15143353267679344,0.40792515503256377,18,9,0.06,0.12000000000000001,82.82352941176471
hongli,1.5983335590042613,0.05654117392368185,-0.2790361007990464,0.20263031830566305,0.4916074294578084,17,9,0.06,0.13999999999999999,98.1875
hongli,2.1106414924870256,0.06754983494674738,-0.2575718561910587,0.26225627265985546,0.563478910992434,16,9,0.06,0.16,108.13333333333334
hongli,1.7384874689866234,0.05974315394463203,-0.3254916476230326,0.1835474255051344,0.4985116098787077,13,9,0.06,0.18,139.41666666666666
hongli,1.3293292187413548,0.049911030184146554,-0.3254916476230326,0.15334043299922367,0.4274621376842321,11,9,0.06,0.19999999999999998,173.7
hongli,1.204666907128841,0.04658993981285753,-0.3254916476230326,0.14313712856563238,0.39901866003218234,10,9,0.06,0.22,213.11111111111111
hongli,1.4511298666930434,0.052997888037844776,-0.3254916476230326,0.16282411061811378,0.42642973270618206,10,9,0.06,0.24,265.6666666666667
hongli,1.8349984040478815,0.06185946457635039,-0.3254916476230326,0.19004931471542022,0.4814684025372425,10,9,0.06,0.26,272.22222222222223
hongli,1.7487523583308033,0.05997155638091112,-0.3254916476230325,0.1842491407041174,0.4611528783820665,9,9,0.06,0.28,330.875
hongli,2.033241047863359,0.06600155658661278,-0.3254916476230325,0.20277496233344933,0.4934375974563228,9,9,0.06,0.30000000000000004,345.25
hongli,1.7428077083618239,0.05983938107307063,-0.3254916476230326,0.18384306175000062,0.4496578512944449,7,9,0.06,0.32,309.0
hongli,1.9379803938168516,0.06404407134064849,-0.3254916476230326,0.19676102845754426,0.4741232343265252,7,9,0.06,0.34,317.6666666666667
hongli,1.3373788610344022,0.050119678318096605,-0.32549164762303273,0.15398145754001827,0.38205178985466126,6,9,0.06,0.36000000000000004,414.8
hongli,1.5404866729544215,0.05517189401676226,-0.3254916476230326,0.1695032558275027,0.4109390118616855,6,9,0.06,0.38,420.4
hongli,0.7309078676442293,0.03210665797617329,-0.38924639049667453,0.08248415081050724,0.2712380910009629,4,9,0.06,0.4,786.0
hongli,0.4185679579619881,0.020343890505276407,-0.16359237453585895,0.12435720529759221,0.2857301182887285,78,9,0.08,0.02,5.910256410256411
hongli,0.35330974336896115,0.01757980472185383,-0.24057267127567694,0.07307482029706021,0.23604319727204473,43,9,0.08,0.04,13.232558139534884
hongli,0.7117093496015892,0.03144379916575457,-0.21484060676026795,0.14635873376042663,0.3737369276128019,29,9,0.08,0.06,21.82758620689655
hongli,0.9672789202145673,0.039744610905117606,-0.22744873150544898,0.17474096532459865,0.44235900729184635,23,9,0.08,0.08,32.82608695652174
hongli,1.2615381097822556,0.04812641255703798,-0.2340200925465148,0.20565077140746868,0.5046129319301181,19,9,0.08,0.1,41.89473684210526
hongli,1.526105060292632,0.054826911145141155,-0.2393285567108504,0.229086373555419,0.5415325484980205,16,9,0.08,0.12000000000000001,61.46666666666667
hongli,1.4732612135821306,0.053543207054689956,-0.22726958544970743,0.23559336788836865,0.5274502821071284,14,9,0.08,0.13999999999999999,76.0
hongli,1.5588751305358617,0.0556103209862453,-0.21282201417834312,0.261299664891078,0.513243985323458,13,9,0.08,0.16,100.66666666666667
hongli,1.3106757703559322,0.049424905764655414,-0.2989023457079295,0.16535469351234414,0.4551628177455203,11,9,0.08,0.18,137.2
hongli,1.3157663518606695,0.049557936443879624,-0.26878092353643135,0.18438040837062009,0.43871084835842444,10,9,0.08,0.19999999999999998,169.66666666666666
hongli,1.5535840511723191,0.055484473427583,-0.26878092353643135,0.2064301018746313,0.47768999032548143,10,9,0.08,0.22,181.77777777777777
hongli,1.9283058468421537,0.06384193768874113,-0.26878092353643135,0.23752406550566754,0.5069230195997694,10,9,0.08,0.24,250.55555555555554
hongli,2.386904347733288,0.07279477307691806,-0.26878092353643135,0.2708331086861946,0.5629308517820322,10,9,0.08,0.26,257.1111111111111
hongli,2.1933786944772393,0.06916522418085291,-0.26878092353643135,0.2573293642674684,0.5282777954093378,9,9,0.08,0.28,314.75
hongli,2.523885048467126,0.07524752561897086,-0.26878092353643135,0.2799585797567646,0.560150266580238,9,9,0.08,0.30000000000000004,329.125
hongli,2.0792500222379178,0.06692632107313456,-0.26878092353643135,0.248999520474016,0.5003994306458247,7,9,0.08,0.32,287.5
hongli,2.298363266741148,0.0711591272875034,-0.26878092353643135,0.26474768503374935,0.5252968137348963,7,9,0.08,0.34,296.1666666666667
hongli,1.6240898652415359,0.05714162455450822,-0.26878092353643135,0.21259553618120922,0.42882158078290833,6,9,0.08,0.36000000000000004,389.0
hongli,1.8521115863650164,0.06222762343783672,-0.26878092353643135,0.2315180058878033,0.45822246165420777,6,9,0.08,0.38,394.6
hongli,0.811006558852692,0.03479945981700672,-0.38924639049667453,0.0894021387651224,0.287122312232298,4,9,0.08,0.4,771.3333333333334
hongli,0.4600239521015994,0.022038215203403988,-0.1311445333430109,0.16804524475116805,0.3382389857495135,59,9,0.1,0.02,5.220338983050848
hongli,0.6255799473082297,0.028381084826666347,-0.1640119874703827,0.17304274684063203,0.39246039292506624,34,9,0.1,0.04,10.882352941176471
hongli,0.5559127224531235,0.025789736327517243,-0.1888822221350518,0.13653871728106548,0.34038960204231006,22,9,0.1,0.06,20.59090909090909
hongli,0.6530746263410088,0.029375069139373933,-0.16401198747038281,0.17910318381257628,0.3686552842042272,17,9,0.1,0.08,31.176470588235293
hongli,0.6407458311697731,0.02893130189980786,-0.1790162550774168,0.16161270878611733,0.35230033351211804,13,9,0.1,0.1,45.61538461538461
hongli,0.5961484358575211,0.027299367531020025,-0.1919589997968204,0.1422145747785471,0.3339923561104043,10,9,0.1,0.12000000000000001,65.0
hongli,0.8488931233875876,0.03603426720693115,-0.1919589997968204,0.1877185609691222,0.420162490684782,10,9,0.1,0.13999999999999999,66.88888888888889
hongli,1.189983061248677,0.04618716472806117,-0.1919589997968204,0.24060953003999874,0.5050455319250929,10,9,0.1,0.16,74.88888888888889
hongli,0.7816510736667708,0.03382584453955939,-0.26588127316420396,0.12722161338030413,0.37389390625272684,8,9,0.1,0.18,119.14285714285714
hongli,1.0021040401438945,0.04079603860646519,-0.26588127316420385,0.15343705151159795,0.4099694388110668,8,9,0.1,0.19999999999999998,157.57142857142858
hongli,1.1291896742277672,0.04449206894650026,-0.26588127316420385,0.16733810703179047,0.43947649439149766,8,9,0.1,0.22,165.14285714285714
hongli,1.384429298169772,0.051325853178316505,-0.26588127316420396,0.19304049723960248,0.4696202728236801,8,9,0.1,0.24,220.0
hongli,1.6847946516375423,0.05853513530024612,-0.26588127316420385,0.22015516400847004,0.5224722213773111,8,9,0.1,0.26,224.85714285714286
hongli,1.5426965300016415,0.05522474036892744,-0.26588127316420385,0.2077045130396286,0.4878975860343745,7,9,0.1,0.28,208.5
hongli,1.744396736674735,0.0598747384698326,-0.26588127316420385,0.22519351497483978,0.5144580791743765,7,9,0.1,0.30000000000000004,225.83333333333334
hongli,1.6450133561568374,0.05762533416175142,-0.26588127316420396,0.21673333167079784,0.488855515519033,6,9,0.1,0.32,279.2
hongli,1.7794121352777506,0.06064900743648294,-0.26588127316420396,0.22810560034826935,0.5090889191055765,6,9,0.1,0.34,288.8
hongli,1.1832100134199885,0.0460005229074163,-0.26588127316420396,0.17301151886318492,0.39370096258233117,5,9,0.1,0.36000000000000004,387.0
hongli,1.3224931712987065,0.049733304386171184,-0.26588127316420396,0.18705079825406395,0.41864395261953924,5,9,0.1,0.38,393.75
hongli,0.9354547380994329,0.038768333701908464,-0.38924639049667453,0.09959844111191489,0.3189129063889874,4,9,0.1,0.4,768.3333333333334
hongli,0.3524328964097345,0.017541816393662257,-0.13114453334301102,0.13375941754111323,0.3063300915304346,42,9,0.12000000000000001,0.02,5.190476190476191
hongli,0.2902501157815356,0.014786817745614522,-0.16401198747038281,0.09015693287836486,0.24260429633998234,22,9,0.12000000000000001,0.04,11.863636363636363
hongli,0.5529896829067125,0.025678636076812422,-0.1640119874703827,0.15656560519059298,0.36203106593414686,18,9,0.12000000000000001,0.06,19.72222222222222
hongli,0.298999719390048,0.015181936737619361,-0.16843455750543368,0.09013552184580409,0.22458034113561542,12,9,0.12000000000000001,0.08,34.25
hongli,0.5030005942093707,0.023747483387416946,-0.16401198747038281,0.14479114456012096,0.30776225380252403,11,9,0.12000000000000001,0.1,48.27272727272727
hongli,0.2801440232300245,0.01432728683214246,-0.1661430652389403,0.08623463646549154,0.20603747114767096,7,9,0.12000000000000001,0.12000000000000001,73.42857142857143
hongli,0.4139081475417492,0.02015053333594996,-0.1640119874703827,0.12286012532827056,0.2694465005185717,7,9,0.12000000000000001,0.13999999999999999,75.42857142857143
hongli,0.5608951015482693,0.025978656324811222,-0.1640119874703827,0.1583948632382889,0.32579299892431623,7,9,0.12000000000000001,0.16,85.28571428571429
hongli,0.45208819153319735,0.021717416220746744,-0.2385314433757616,0.09104634556097085,0.26754352549350985,6,9,0.12000000000000001,0.18,133.0
hongli,0.6317626261861451,0.02860597362159978,-0.2385314433757617,0.11992537846063511,0.31368944486549216,6,9,0.12000000000000001,0.19999999999999998,177.83333333333334
hongli,0.718951079138946,0.03169465029871743,-0.2385314433757617,0.1328740976458539,0.3399028482581333,6,9,0.12000000000000001,0.22,186.5
hongli,0.9008687974558289,0.03769002824412082,-0.2385314433757616,0.15800863697767192,0.3894724670121141,6,9,0.12000000000000001,0.24,194.33333333333334
hongli,1.0952347113773628,0.043525346860456615,-0.2385314433757617,0.18247215647746098,0.43738938583939746,6,9,0.12000000000000001,0.26,199.66666666666666
hongli,1.351630799537988,0.0504874357521361,-0.2385314433757616,0.21165945687337584,0.4915255846084853,6,9,0.12000000000000001,0.28,204.33333333333334
hongli,1.5381746566947503,0.05511655824557238,-0.2385314433757616,0.2310662169546619,0.5196756393490385,6,9,0.12000000000000001,0.30000000000000004,221.66666666666666
hongli,1.4462592370485292,0.052877252367717675,-0.26311888690511764,0.2009633477462435,0.4896381489449204,5,9,0.12000000000000001,0.32,274.2
hongli,1.5705588947826903,0.055887351224776616,-0.26311888690511753,0.21240341916211425,0.5117947309636144,5,9,0.12000000000000001,0.34,283.8
hongli,0.999195762364911,0.04070889514702958,-0.26311888690511753,0.1547167351833222,0.3784552132380533,4,9,0.12000000000000001,0.36000000000000004,381.25
hongli,1.1267392864822896,0.044422792801480426,-0.26311888690511753,0.16883163851897712,0.40569779205301254,4,9,0.12000000000000001,0.38,388.0
hongli,0.7379075242068169,0.03234660958801627,-0.38924639049667453,0.08310060254314065,0.28811545716802395,3,9,0.12000000000000001,0.4,767.3333333333334
hongli,0.44109779848554975,0.02127039595522806,-0.10352058388105523,0.20547020851106934,0.4629570774343179,26,9,0.13999999999999999,0.02,3.923076923076923
hongli,0.26792725456224,0.013767195616200212,-0.11504605827760372,0.11966681711928155,0.26767072138098374,15,9,0.13999999999999999,0.04,10.066666666666666
hongli,0.5186809942674051,0.024359675154482563,-0.14465754760006544,0.16839546611027673,0.4184644278776529,13,9,0.13999999999999999,0.06,15.461538461538462
hongli,0.2484499463769536,0.012863631517736174,-0.14465754760006544,0.08892471724531265,0.23191155892160636,8,9,0.13999999999999999,0.08,28.25
hongli,0.41998898372656535,0.020402736369917962,-0.14465754760006544,0.14104163044658674,0.32823596539251093,8,9,0.13999999999999999,0.1,38.5
hongli,0.14795197558038886,0.007979283264371029,-0.1618551718875474,0.04929890822342594,0.1433028939507567,5,9,0.13999999999999999,0.12000000000000001,71.8
hongli,0.22227076290824677,0.011628005309275657,-0.1618551718875474,0.07184203738237344,0.19033530655906444,5,9,0.13999999999999999,0.13999999999999999,73.4
hongli,0.33098881447537365,0.01660547844747473,-0.16185517188754728,0.10259467308843107,0.24739473284144078,5,9,0.13999999999999999,0.16,87.0
hongli,0.36966388843495657,0.018284109837193308,-0.23853144337576182,0.07665282856814018,0.24393525083795511,5,9,0.13999999999999999,0.18,143.0
hongli,0.522258451547402,0.024498510890388348,-0.2385314433757617,0.1027055827260288,0.3028068608421119,5,9,0.13999999999999999,0.19999999999999998,149.2
hongli,0.5782327701017673,0.02663165918157051,-0.2385314433757617,0.1116484217119221,0.32309892641655846,5,9,0.13999999999999999,0.22,158.4
hongli,0.7123174640700196,0.03146490248044587,-0.23853144337576182,0.1319109214078698,0.36897485644723704,5,9,0.13999999999999999,0.24,165.4
hongli,0.8572301884578604,0.03630278738836146,-0.23853144337576182,0.15219288021149138,0.4154888181654872,5,9,0.13999999999999999,0.26,168.4
hongli,1.0267761776641349,0.04153055105492931,-0.2385314433757617,0.17410933530262376,0.46108129528225084,5,9,0.13999999999999999,0.28,172.8
hongli,1.1875508391667773,0.0461202037603301,-0.2385314433757617,0.19335062542541337,0.492057849336987,5,9,0.13999999999999999,0.30000000000000004,193.6
hongli,1.0066302415423891,0.04093142441514708,-0.26311888690511753,0.15556247176549978,0.42795740481473865,4,9,0.13999999999999999,0.32,250.25
hongli,1.0722299037428429,0.04286195750840238,-0.26311888690511753,0.16289958509842242,0.4437215349820493,4,9,0.13999999999999999,0.34,262.0
hongli,1.1678288894560143,0.04557463739374179,-0.2631188869051174,0.17320929686881936,0.41789677450920604,4,9,0.13999999999999999,0.36000000000000004,375.0
hongli,1.3061307713675747,0.04930589904767557,-0.2631188869051174,0.18739019318463307,0.4452481359374253,4,9,0.13999999999999999,0.38,381.75
hongli,0.8191484766469634,0.03506686329267272,-0.38924639049667453,0.09008911617119365,0.30611022227100193,3,9,0.13999999999999999,0.4,764.6666666666666
hongli,0.3286176481486349,0.016501071985994376,-0.09132302991447172,0.1806890551205802,0.4264131395372548,16,9,0.16,0.02,3.625
hongli,0.26605302242958717,0.013680819745359507,-0.11504605827760372,0.11891602328823797,0.3293189966383246,10,9,0.16,0.04,7.6
hongli,0.286914099259997,0.014635502997822458,-0.13936617029400533,0.10501474616793705,0.3375701378378412,8,9,0.16,0.06,11.5
hongli,0.38117627665107556,0.01877516326384132,-0.13936617029400533,0.1347182262684943,0.3845909338634014,7,9,0.16,0.08,19.428571428571427
hongli,0.5709521259707966,0.026358269752851715,-0.13936617029400533,0.18912961228142094,0.479856796837815,7,9,0.16,0.1,31.142857142857142
hongli,0.39093640609550073,0.019188463257154398,-0.1618551718875474,0.11855329078076063,0.33761049419125105,5,9,0.16,0.12000000000000001,52.2
hongli,0.48098608513274677,0.02287776072143921,-0.16185517188754728,0.14134710960817537,0.3916635854756742,5,9,0.16,0.13999999999999999,53.8
hongli,0.61271624383388,0.027910585584858927,-0.1618551718875474,0.17244172836349306,0.44514280355988495,5,9,0.16,0.16,67.4
hongli,0.6595775843107956,0.02960788410563997,-0.2385314433757617,0.12412570723012933,0.40128158835275807,5,9,0.16,0.18,123.4
hongli,0.8444714977500107,0.035891392075126705,-0.2385314433757617,0.15046817965456455,0.45898031609711404,5,9,0.16,0.19999999999999998,129.6
hongli,0.9122937752841302,0.038048261928392835,-0.2385314433757617,0.15951046700562202,0.4799570388523352,5,9,0.16,0.22,138.8
hongli,1.0747598769225055,0.042935253052234,-0.23853144337576182,0.17999829475142828,0.5282301166986674,5,9,0.16,0.24,145.8
hongli,1.2503459539930395,0.04782693740188182,-0.2385314433757617,0.20050579799888024,0.5785349329397712,5,9,0.16,0.26,148.8
hongli,1.455779364023324,0.05311283613617501,-0.2385314433757617,0.22266597386284903,0.6248606953721445,5,9,0.16,0.28,153.2
hongli,1.650584839007279,0.057753527830306295,-0.2385314433757617,0.24212123572876892,0.6505400517396235,5,9,0.16,0.30000000000000004,174.0
hongli,1.3844339511747572,0.05132597134865957,-0.2631188869051174,0.19506760594942807,0.5576783951723832,4,9,0.16,0.32,226.25
hongli,1.4623845663394759,0.05327578238508557,-0.2631188869051174,0.2024779863267558,0.5739520905109315,4,9,0.16,0.34,238.0
hongli,1.5759827083953564,0.05601555058548824,-0.26311888690511753,0.21289064895477391,0.5204304894074158,4,9,0.16,0.36000000000000004,351.0
hongli,1.7403237493675126,0.05978407192192692,-0.2631188869051174,0.22721315305459425,0.5490205457385712,4,9,0.16,0.38,357.75
hongli,1.0775953441623796,0.04301729899528395,-0.38924639049667453,0.11051431701240517,0.36583549740310184,3,9,0.16,0.4,736.3333333333334
hongli,0.17159937869558317,0.009163833969502377,-0.03933613760359822,0.23296222069001832,0.36961486987477393,8,9,0.18,0.02,4.5
hongli,0.2015888065213065,0.010634078074343689,-0.03933613760359822,0.2703386433489329,0.4134782859483459,6,9,0.18,0.04,6.666666666666667
hongli,0.2517300370607438,0.013016723025941701,-0.03933613760359811,0.33091004401893925,0.48356703453360095,5,9,0.18,0.06,8.8
hongli,0.2712080966254016,0.013918107260101342,-0.03933613760359833,0.35382495862603863,0.4598119775236232,4,9,0.18,0.08,14.25
hongli,0.3389654821999044,0.016955422509433937,-0.03933613760359822,0.4310393328470298,0.5017225428480311,4,9,0.18,0.1,19.75
hongli,0.31479141719980386,0.015888759837507482,-0.07635342672220313,0.20809491491869248,0.4283236587828295,3,9,0.18,0.12000000000000001,32.0
hongli,0.36751446641976515,0.018191996930462695,-0.07635342672220313,0.23826038609440128,0.4824995163770063,3,9,0.18,0.13999999999999999,33.333333333333336
hongli,0.4301931689030867,0.02082367736879287,-0.08479937116334757,0.24556405410932328,0.4860801181896209,3,9,0.18,0.16,54.333333333333336
hongli,0.37570508705295635,0.018542276159033477,-0.21774786578423788,0.0851548009081598,0.3249807228066279,3,9,0.18,0.18,145.33333333333334
hongli,0.5003171281534775,0.023642113159836775,-0.217747865784238,0.10857563666439456,0.39350786290820916,3,9,0.18,0.19999999999999998,151.66666666666666
hongli,0.5264907680989337,0.024662364214876442,-0.217747865784238,0.11326110649145874,0.4044355325676458,3,9,0.18,0.22,166.66666666666666
hongli,0.6024962937785092,0.027534255572513544,-0.21774786578423788,0.1264501742570313,0.4388547121086355,3,9,0.18,0.24,176.33333333333334
hongli,0.7074723428049108,0.03129656647349832,-0.21774786578423788,0.14372846484984372,0.4885301723584447,3,9,0.18,0.26,180.33333333333334
hongli,0.7839326056529101,0.03390205452148809,-0.21774786578423788,0.15569408407006374,0.5229563687213246,3,9,0.18,0.28,181.33333333333334
hongli,0.8287877576959317,0.035381990138204644,-0.21774786578423788,0.16249064031361837,0.5336418668894187,3,9,0.18,0.30000000000000004,206.66666666666666
hongli,1.0069944586834385,0.040942306208896495,-0.21774786578423777,0.18802621123949592,0.6023064433771638,3,9,0.18,0.32,213.0
hongli,1.04210277869909,0.04198260666179765,-0.21774786578423777,0.1928037572749274,0.6114099652432319,3,9,0.18,0.34,228.0
hongli,1.107460984276032,0.043875127383171675,-0.2537640824062052,0.1728973106325579,0.4943735399623896,3,9,0.18,0.36000000000000004,378.3333333333333
hongli,1.2197399639839137,0.04700076987921209,-0.2537640824062052,0.1852144300073839,0.5232395742164039,3,9,0.18,0.38,387.0
hongli,0.5702831269210007,0.026333088856686393,-0.38924639049667464,0.06765146575434039,0.29076818605388,2,9,0.18,0.4,730.0
hongli,0.050983179098602616,0.002868328421787192,-0.03114228118809581,0.09210399214055055,0.2022445197342694,4,9,0.19999999999999998,0.02,2.25
hongli,0.047373979265568744,0.0026696341645005006,-0.03114228118809592,0.0857237833149154,0.18095708606177077,2,9,0.19999999999999998,0.04,7.0
hongli,0.08249270077311621,0.004576185728290438,-0.03114228118809581,0.14694446115397908,0.2716783553187062,2,9,0.19999999999999998,0.06,9.0
hongli,0.1455451326178956,0.007857432698150868,-0.0311422811880957,0.25230755096882285,0.3814962499015574,2,9,0.19999999999999998,0.08,14.0
hongli,0.16023761975170436,0.008597538490238588,-0.03114228118809581,0.27607285536696685,0.41300245801657165,2,9,0.19999999999999998,0.1,15.0
hongli,0.21276561249487913,0.011173193822422878,-0.07635342672220302,0.14633519806615036,0.3723309580006039,2,9,0.19999999999999998,0.12000000000000001,26.5
hongli,0.23951951710397745,0.012444893085478803,-0.07635342672220313,0.16299062949403817,0.40947803474858097,2,9,0.19999999999999998,0.13999999999999999,27.5
hongli,0.27890675013561284,0.01427079245909968,-0.07635342672220302,0.18690441374715455,0.44030495867384273,2,9,0.19999999999999998,0.16,36.5
hongli,0.32870833238391417,0.016505068194458516,-0.07635342672220313,0.21616669877186978,0.40838396905883256,2,9,0.19999999999999998,0.18,91.0
hongli,0.4202946753371939,0.020415388061392648,-0.07635342672220302,0.2673801155732019,0.47034280482900287,2,9,0.19999999999999998,0.19999999999999998,100.0
hongli,0.42966582500667316,0.020801992943866088,-0.07635342672220302,0.2724434755174782,0.46789249531440724,2,9,0.19999999999999998,0.22,121.5
hongli,0.470298516707198,0.022451126838192836,-0.07635342672220313,0.29404216420930035,0.4984242065306769,2,9,0.19999999999999998,0.24,131.0
hongli,0.5199221636071207,0.02440787795255961,-0.07635342672220313,0.31966971228891733,0.5377673506037828,2,9,0.19999999999999998,0.26,134.5
hongli,0.5879839677280545,0.02699596228158918,-0.07635342672220313,0.353565824619878,0.5846556108034056,2,9,0.19999999999999998,0.28,136.0
hongli,0.6073779113077269,0.027714293043773264,-0.07635342672220313,0.3629737948056509,0.5765582391003041,2,9,0.19999999999999998,0.30000000000000004,173.5
hongli,0.7006341218862522,0.031058215781859078,-0.07635342672220313,0.40676911456584997,0.6302762838773033,2,9,0.19999999999999998,0.32,181.5
hongli,0.7303832857279327,0.032088638238942035,-0.07635342672220313,0.4202645462880168,0.6393758053354839,2,9,0.19999999999999998,0.34,204.0
hongli,0.7652163773012444,0.033274143513508214,-0.07635342672220302,0.43579109598537946,0.6492350196124704,2,9,0.19999999999999998,0.36000000000000004,211.5
hongli,0.8188221584618804,0.035056167801605254,-0.07635342672220313,0.4591302487202074,0.6724996375381223,2,9,0.19999999999999998,0.38,223.0
hongli,0.5930913029235412,0.02718593103298761,-0.38924639049667453,0.06984247432146674,0.298390416396991,2,9,0.19999999999999998,0.4,729.5
hongli,0.05187336721179148,0.0029172363374618815,0.0,,0.33447093819463997,2,9,0.22,0.02,1.0
hongli,0.10359048315592623,0.005693718888274191,-0.01223887818541669,0.46521574951686145,0.4304817094132769,2,9,0.22,0.04,4.5
hongli,0.14059415863725722,0.007606020674532976,-0.01223887818541669,0.6214638759617671,0.4928292590483084,2,9,0.22,0.06,6.5
hongli,0.20703085183497172,0.010897163993597747,-0.028512632902709445,0.3821872231435432,0.5602105605379987,2,9,0.22,0.08,11.5
hongli,0.22251194005728192,0.011639501969192168,-0.028512632902709445,0.408222629208196,0.5919899693192163,2,9,0.22,0.1,12.5
hongli,0.27785930789173974,0.01422292556290361,-0.07635342672220313,0.186277501527874,0.48257543533736785,2,9,0.22,0.12000000000000001,24.0
hongli,0.306049195265651,0.015498460312927342,-0.07635342672220302,0.20298316628689703,0.5197786638360752,2,9,0.22,0.13999999999999999,25.0
hongli,0.347550489351683,0.017329866659348214,-0.07635342672220313,0.22696907530292665,0.5435964134583202,2,9,0.22,0.16,34.0
hongli,0.4000251099775187,0.01957088104409843,-0.07635342672220313,0.2563196163454879,0.48682807211781903,2,9,0.22,0.18,88.5
hongli,0.49652723669749776,0.023492994564866088,-0.07635342672220313,0.3076874945029083,0.5441746840035505,2,9,0.22,0.19999999999999998,97.5
hongli,0.506401371243707,0.023880765460430275,-0.07635342672220313,0.31276612570796236,0.5396229454770941,2,9,0.22,0.22,119.0
hongli,0.5492149724534217,0.02553487319703507,-0.07635342672220313,0.33442995675804654,0.5698088015419014,2,9,0.22,0.24,128.5
hongli,0.6015021072709639,0.02749752593737287,-0.07635342672220313,0.36013479836886936,0.6094299859005,2,9,0.22,0.26,132.0
hongli,0.6732170446106862,0.030093416014194574,-0.07635342672220324,0.3941331424938331,0.6559123568269809,2,9,0.22,0.28,133.5
hongli,0.6936519341430742,0.030813913285675953,-0.07635342672220324,0.4035694874283278,0.6443882372632601,2,9,0.22,0.30000000000000004,171.0
hongli,0.7919135565692983,0.0341679214051529,-0.07635342672220313,0.447496895319003,0.6972094900706333,2,9,0.22,0.32,179.0
hongli,0.823259470013268,0.03520145165038979,-0.07635342672220313,0.4610330297088476,0.7050671793642315,2,9,0.22,0.34,201.5
hongli,0.8599621847266521,0.03639053244800827,-0.07635342672220313,0.47660640799276816,0.7135229321859623,2,9,0.22,0.36000000000000004,209.0
hongli,0.9164451899398431,0.03817793138019887,-0.07635342672220313,0.5000159523828804,0.7359346076307587,2,9,0.22,0.38,220.5
hongli,0.6785985097106486,0.030283957717619714,-0.38924639049667464,0.07780151199084384,0.32621574087586613,2,9,0.22,0.4,727.0
hongli,0.0,0.0,0.0,,0.0,0,9,0.24,0.02,0.0
hongli,0.0,0.0,0.0,,0.0,0,9,0.24,0.04,0.0
hongli,0.0,0.0,0.0,,0.0,0,9,0.24,0.06,0.0
hongli,0.0,0.0,0.0,,0.0,0,9,0.24,0.08,0.0
hongli,0.0,0.0,0.0,,0.0,0,9,0.24,0.1,0.0
hongli,0.0,0.0,0.0,,0.0,0,9,0.24,0.12000000000000001,0.0
hongli,0.0,0.0,0.0,,0.0,0,9,0.24,0.13999999999999999,0.0
hongli,0.0,0.0,0.0,,0.0,0,9,0.24,0.16,0.0
hongli,0.0,0.0,0.0,,0.0,0,9,0.24,0.18,0.0
hongli,0.0,0.0,0.0,,0.0,0,9,0.24,0.19999999999999998,0.0
hongli,0.0,0.0,0.0,,0.0,0,9,0.24,0.22,0.0
hongli,0.0,0.0,0.0,,0.0,0,9,0.24,0.24,0.0
hongli,0.0,0.0,0.0,,0.0,0,9,0.24,0.26,0.0
hongli,0.0,0.0,0.0,,0.0,0,9,0.24,0.28,0.0
hongli,0.0,0.0,0.0,,0.0,0,9,0.24,0.30000000000000004,0.0
hongli,0.0,0.0,0.0,,0.0,0,9,0.24,0.32,0.0
hongli,0.0,0.0,0.0,,0.0,0,9,0.24,0.34,0.0
hongli,0.0,0.0,0.0,,0.0,0,9,0.24,0.36000000000000004,0.0
hongli,0.0,0.0,0.0,,0.0,0,9,0.24,0.38,0.0
hongli,0.0,0.0,0.0,,0.0,0,9,0.24,0.4,0.0
hongli,0.0,0.0,0.0,,0.0,0,9,0.26,0.02,0.0
hongli,0.0,0.0,0.0,,0.0,0,9,0.26,0.04,0.0
hongli,0.0,0.0,0.0,,0.0,0,9,0.26,0.06,0.0
hongli,0.0,0.0,0.0,,0.0,0,9,0.26,0.08,0.0
hongli,0.0,0.0,0.0,,0.0,0,9,0.26,0.1,0.0
hongli,0.0,0.0,0.0,,0.0,0,9,0.26,0.12000000000000001,0.0
hongli,0.0,0.0,0.0,,0.0,0,9,0.26,0.13999999999999999,0.0
hongli,0.0,0.0,0.0,,0.0,0,9,0.26,0.16,0.0
hongli,0.0,0.0,0.0,,0.0,0,9,0.26,0.18,0.0
hongli,0.0,0.0,0.0,,0.0,0,9,0.26,0.19999999999999998,0.0
hongli,0.0,0.0,0.0,,0.0,0,9,0.26,0.22,0.0
hongli,0.0,0.0,0.0,,0.0,0,9,0.26,0.24,0.0
hongli,0.0,0.0,0.0,,0.0,0,9,0.26,0.26,0.0
hongli,0.0,0.0,0.0,,0.0,0,9,0.26,0.28,0.0
hongli,0.0,0.0,0.0,,0.0,0,9,0.26,0.30000000000000004,0.0
hongli,0.0,0.0,0.0,,0.0,0,9,0.26,0.32,0.0
hongli,0.0,0.0,0.0,,0.0,0,9,0.26,0.34,0.0
hongli,0.0,0.0,0.0,,0.0,0,9,0.26,0.36000000000000004,0.0
hongli,0.0,0.0,0.0,,0.0,0,9,0.26,0.38,0.0
hongli,0.0,0.0,0.0,,0.0,0,9,0.26,0.4,0.0
hongli,0.0,0.0,0.0,,0.0,0,9,0.28,0.02,0.0
hongli,0.0,0.0,0.0,,0.0,0,9,0.28,0.04,0.0
hongli,0.0,0.0,0.0,,0.0,0,9,0.28,0.06,0.0
hongli,0.0,0.0,0.0,,0.0,0,9,0.28,0.08,0.0
hongli,0.0,0.0,0.0,,0.0,0,9,0.28,0.1,0.0
hongli,0.0,0.0,0.0,,0.0,0,9,0.28,0.12000000000000001,0.0
hongli,0.0,0.0,0.0,,0.0,0,9,0.28,0.13999999999999999,0.0
hongli,0.0,0.0,0.0,,0.0,0,9,0.28,0.16,0.0
hongli,0.0,0.0,0.0,,0.0,0,9,0.28,0.18,0.0
hongli,0.0,0.0,0.0,,0.0,0,9,0.28,0.19999999999999998,0.0
hongli,0.0,0.0,0.0,,0.0,0,9,0.28,0.22,0.0
hongli,0.0,0.0,0.0,,0.0,0,9,0.28,0.24,0.0
hongli,0.0,0.0,0.0,,0.0,0,9,0.28,0.26,0.0
hongli,0.0,0.0,0.0,,0.0,0,9,0.28,0.28,0.0
hongli,0.0,0.0,0.0,,0.0,0,9,0.28,0.30000000000000004,0.0
hongli,0.0,0.0,0.0,,0.0,0,9,0.28,0.32,0.0
hongli,0.0,0.0,0.0,,0.0,0,9,0.28,0.34,0.0
hongli,0.0,0.0,0.0,,0.0,0,9,0.28,0.36000000000000004,0.0
hongli,0.0,0.0,0.0,,0.0,0,9,0.28,0.38,0.0
hongli,0.0,0.0,0.0,,0.0,0,9,0.28,0.4,0.0
hongli,0.0,0.0,0.0,,0.0,0,9,0.30000000000000004,0.02,0.0
hongli,0.0,0.0,0.0,,0.0,0,9,0.30000000000000004,0.04,0.0
hongli,0.0,0.0,0.0,,0.0,0,9,0.30000000000000004,0.06,0.0
hongli,0.0,0.0,0.0,,0.0,0,9,0.30000000000000004,0.08,0.0
hongli,0.0,0.0,0.0,,0.0,0,9,0.30000000000000004,0.1,0.0
hongli,0.0,0.0,0.0,,0.0,0,9,0.30000000000000004,0.12000000000000001,0.0
hongli,0.0,0.0,0.0,,0.0,0,9,0.30000000000000004,0.13999999999999999,0.0
hongli,0.0,0.0,0.0,,0.0,0,9,0.30000000000000004,0.16,0.0
hongli,0.0,0.0,0.0,,0.0,0,9,0.30000000000000004,0.18,0.0
hongli,0.0,0.0,0.0,,0.0,0,9,0.30000000000000004,0.19999999999999998,0.0
hongli,0.0,0.0,0.0,,0.0,0,9,0.30000000000000004,0.22,0.0
hongli,0.0,0.0,0.0,,0.0,0,9,0.30000000000000004,0.24,0.0
hongli,0.0,0.0,0.0,,0.0,0,9,0.30000000000000004,0.26,0.0
hongli,0.0,0.0,0.0,,0.0,0,9,0.30000000000000004,0.28,0.0
hongli,0.0,0.0,0.0,,0.0,0,9,0.30000000000000004,0.30000000000000004,0.0
hongli,0.0,0.0,0.0,,0.0,0,9,0.30000000000000004,0.32,0.0
hongli,0.0,0.0,0.0,,0.0,0,9,0.30000000000000004,0.34,0.0
hongli,0.0,0.0,0.0,,0.0,0,9,0.30000000000000004,0.36000000000000004,0.0
hongli,0.0,0.0,0.0,,0.0,0,9,0.30000000000000004,0.38,0.0
hongli,0.0,0.0,0.0,,0.0,0,9,0.30000000000000004,0.4,0.0
hongli,0.0,0.0,0.0,,0.0,0,9,0.32,0.02,0.0
hongli,0.0,0.0,0.0,,0.0,0,9,0.32,0.04,0.0
hongli,0.0,0.0,0.0,,0.0,0,9,0.32,0.06,0.0
hongli,0.0,0.0,0.0,,0.0,0,9,0.32,0.08,0.0
hongli,0.0,0.0,0.0,,0.0,0,9,0.32,0.1,0.0
hongli,0.0,0.0,0.0,,0.0,0,9,0.32,0.12000000000000001,0.0
hongli,0.0,0.0,0.0,,0.0,0,9,0.32,0.13999999999999999,0.0
hongli,0.0,0.0,0.0,,0.0,0,9,0.32,0.16,0.0
hongli,0.0,0.0,0.0,,0.0,0,9,0.32,0.18,0.0
hongli,0.0,0.0,0.0,,0.0,0,9,0.32,0.19999999999999998,0.0
hongli,0.0,0.0,0.0,,0.0,0,9,0.32,0.22,0.0
hongli,0.0,0.0,0.0,,0.0,0,9,0.32,0.24,0.0
hongli,0.0,0.0,0.0,,0.0,0,9,0.32,0.26,0.0
hongli,0.0,0.0,0.0,,0.0,0,9,0.32,0.28,0.0
hongli,0.0,0.0,0.0,,0.0,0,9,0.32,0.30000000000000004,0.0
hongli,0.0,0.0,0.0,,0.0,0,9,0.32,0.32,0.0
hongli,0.0,0.0,0.0,,0.0,0,9,0.32,0.34,0.0
hongli,0.0,0.0,0.0,,0.0,0,9,0.32,0.36000000000000004,0.0
hongli,0.0,0.0,0.0,,0.0,0,9,0.32,0.38,0.0
hongli,0.0,0.0,0.0,,0.0,0,9,0.32,0.4,0.0
hongli,0.0,0.0,0.0,,0.0,0,9,0.34,0.02,0.0
hongli,0.0,0.0,0.0,,0.0,0,9,0.34,0.04,0.0
hongli,0.0,0.0,0.0,,0.0,0,9,0.34,0.06,0.0
hongli,0.0,0.0,0.0,,0.0,0,9,0.34,0.08,0.0
hongli,0.0,0.0,0.0,,0.0,0,9,0.34,0.1,0.0
hongli,0.0,0.0,0.0,,0.0,0,9,0.34,0.12000000000000001,0.0
hongli,0.0,0.0,0.0,,0.0,0,9,0.34,0.13999999999999999,0.0
hongli,0.0,0.0,0.0,,0.0,0,9,0.34,0.16,0.0
hongli,0.0,0.0,0.0,,0.0,0,9,0.34,0.18,0.0
hongli,0.0,0.0,0.0,,0.0,0,9,0.34,0.19999999999999998,0.0
hongli,0.0,0.0,0.0,,0.0,0,9,0.34,0.22,0.0
hongli,0.0,0.0,0.0,,0.0,0,9,0.34,0.24,0.0
hongli,0.0,0.0,0.0,,0.0,0,9,0.34,0.26,0.0
hongli,0.0,0.0,0.0,,0.0,0,9,0.34,0.28,0.0
hongli,0.0,0.0,0.0,,0.0,0,9,0.34,0.30000000000000004,0.0
hongli,0.0,0.0,0.0,,0.0,0,9,0.34,0.32,0.0
hongli,0.0,0.0,0.0,,0.0,0,9,0.34,0.34,0.0
hongli,0.0,0.0,0.0,,0.0,0,9,0.34,0.36000000000000004,0.0
hongli,0.0,0.0,0.0,,0.0,0,9,0.34,0.38,0.0
hongli,0.0,0.0,0.0,,0.0,0,9,0.34,0.4,0.0
hongli,0.0,0.0,0.0,,0.0,0,9,0.36000000000000004,0.02,0.0
hongli,0.0,0.0,0.0,,0.0,0,9,0.36000000000000004,0.04,0.0
hongli,0.0,0.0,0.0,,0.0,0,9,0.36000000000000004,0.06,0.0
hongli,0.0,0.0,0.0,,0.0,0,9,0.36000000000000004,0.08,0.0
hongli,0.0,0.0,0.0,,0.0,0,9,0.36000000000000004,0.1,0.0
hongli,0.0,0.0,0.0,,0.0,0,9,0.36000000000000004,0.12000000000000001,0.0
hongli,0.0,0.0,0.0,,0.0,0,9,0.36000000000000004,0.13999999999999999,0.0
hongli,0.0,0.0,0.0,,0.0,0,9,0.36000000000000004,0.16,0.0
hongli,0.0,0.0,0.0,,0.0,0,9,0.36000000000000004,0.18,0.0
hongli,0.0,0.0,0.0,,0.0,0,9,0.36000000000000004,0.19999999999999998,0.0
hongli,0.0,0.0,0.0,,0.0,0,9,0.36000000000000004,0.22,0.0
hongli,0.0,0.0,0.0,,0.0,0,9,0.36000000000000004,0.24,0.0
hongli,0.0,0.0,0.0,,0.0,0,9,0.36000000000000004,0.26,0.0
hongli,0.0,0.0,0.0,,0.0,0,9,0.36000000000000004,0.28,0.0
hongli,0.0,0.0,0.0,,0.0,0,9,0.36000000000000004,0.30000000000000004,0.0
hongli,0.0,0.0,0.0,,0.0,0,9,0.36000000000000004,0.32,0.0
hongli,0.0,0.0,0.0,,0.0,0,9,0.36000000000000004,0.34,0.0
hongli,0.0,0.0,0.0,,0.0,0,9,0.36000000000000004,0.36000000000000004,0.0
hongli,0.0,0.0,0.0,,0.0,0,9,0.36000000000000004,0.38,0.0
hongli,0.0,0.0,0.0,,0.0,0,9,0.36000000000000004,0.4,0.0
hongli,0.0,0.0,0.0,,0.0,0,9,0.38,0.02,0.0
hongli,0.0,0.0,0.0,,0.0,0,9,0.38,0.04,0.0
hongli,0.0,0.0,0.0,,0.0,0,9,0.38,0.06,0.0
hongli,0.0,0.0,0.0,,0.0,0,9,0.38,0.08,0.0
hongli,0.0,0.0,0.0,,0.0,0,9,0.38,0.1,0.0
hongli,0.0,0.0,0.0,,0.0,0,9,0.38,0.12000000000000001,0.0
hongli,0.0,0.0,0.0,,0.0,0,9,0.38,0.13999999999999999,0.0
hongli,0.0,0.0,0.0,,0.0,0,9,0.38,0.16,0.0
hongli,0.0,0.0,0.0,,0.0,0,9,0.38,0.18,0.0
hongli,0.0,0.0,0.0,,0.0,0,9,0.38,0.19999999999999998,0.0
hongli,0.0,0.0,0.0,,0.0,0,9,0.38,0.22,0.0
hongli,0.0,0.0,0.0,,0.0,0,9,0.38,0.24,0.0
hongli,0.0,0.0,0.0,,0.0,0,9,0.38,0.26,0.0
hongli,0.0,0.0,0.0,,0.0,0,9,0.38,0.28,0.0
hongli,0.0,0.0,0.0,,0.0,0,9,0.38,0.30000000000000004,0.0
hongli,0.0,0.0,0.0,,0.0,0,9,0.38,0.32,0.0
hongli,0.0,0.0,0.0,,0.0,0,9,0.38,0.34,0.0
hongli,0.0,0.0,0.0,,0.0,0,9,0.38,0.36000000000000004,0.0
hongli,0.0,0.0,0.0,,0.0,0,9,0.38,0.38,0.0
hongli,0.0,0.0,0.0,,0.0,0,9,0.38,0.4,0.0
hongli,0.0,0.0,0.0,,0.0,0,9,0.4,0.02,0.0
hongli,0.0,0.0,0.0,,0.0,0,9,0.4,0.04,0.0
hongli,0.0,0.0,0.0,,0.0,0,9,0.4,0.06,0.0
hongli,0.0,0.0,0.0,,0.0,0,9,0.4,0.08,0.0
hongli,0.0,0.0,0.0,,0.0,0,9,0.4,0.1,0.0
hongli,0.0,0.0,0.0,,0.0,0,9,0.4,0.12000000000000001,0.0
hongli,0.0,0.0,0.0,,0.0,0,9,0.4,0.13999999999999999,0.0
hongli,0.0,0.0,0.0,,0.0,0,9,0.4,0.16,0.0
hongli,0.0,0.0,0.0,,0.0,0,9,0.4,0.18,0.0
hongli,0.0,0.0,0.0,,0.0,0,9,0.4,0.19999999999999998,0.0
hongli,0.0,0.0,0.0,,0.0,0,9,0.4,0.22,0.0
hongli,0.0,0.0,0.0,,0.0,0,9,0.4,0.24,0.0
hongli,0.0,0.0,0.0,,0.0,0,9,0.4,0.26,0.0
hongli,0.0,0.0,0.0,,0.0,0,9,0.4,0.28,0.0
hongli,0.0,0.0,0.0,,0.0,0,9,0.4,0.30000000000000004,0.0
hongli,0.0,0.0,0.0,,0.0,0,9,0.4,0.32,0.0
hongli,0.0,0.0,0.0,,0.0,0,9,0.4,0.34,0.0
hongli,0.0,0.0,0.0,,0.0,0,9,0.4,0.36000000000000004,0.0
hongli,0.0,0.0,0.0,,0.0,0,9,0.4,0.38,0.0
hongli,0.0,0.0,0.0,,0.0,0,9,0.4,0.4,0.0
hongli,0.7128290086080955,0.03148264907293452,-0.26526043218247986,0.11868580931541554,0.33970697156006485,166,12,0.02,0.02,7.484848484848484
hongli,0.7015001808939814,0.031088452738204042,-0.28545170398901387,0.10890967650135498,0.32065298156058253,78,12,0.02,0.04,18.428571428571427
hongli,1.2967686464796873,0.0490600620415258,-0.2844916592379363,0.1724481560301004,0.44694961866880545,52,12,0.02,0.06,31.137254901960784
hongli,0.9996049969026222,0.04072116464577635,-0.3016886447946914,0.1349774522454711,0.38274786321951315,37,12,0.02,0.08,47.361111111111114
hongli,1.4255572105714736,0.05236196620163458,-0.3252961772904711,0.16096705051310303,0.46533092719096136,28,12,0.02,0.1,66.14814814814815
hongli,0.8932352979710358,0.03744954500185482,-0.3267049226976443,0.11462804016734472,0.34364867651565395,20,12,0.02,0.12000000000000001,99.47368421052632
hongli,1.115439612035737,0.04410235763764958,-0.3272810104950472,0.13475379329506498,0.38688486755496965,18,12,0.02,0.13999999999999999,118.17647058823529
hongli,1.0693252245452887,0.042777702338470114,-0.36560646956484777,0.11700477398385484,0.36965378085596795,16,12,0.02,0.16,143.6
hongli,1.0977069934974684,0.04359623106747912,-0.38078803906215375,0.11448949703055974,0.3721129977643163,13,12,0.02,0.18,159.16666666666666
hongli,1.0167908185886239,0.04123429813030399,-0.38078803906215375,0.10828674721995027,0.3507634831196969,11,12,0.02,0.19999999999999998,200.5
hongli,0.9701185084698427,0.03983099691031944,-0.38078803906215375,0.10460149170761654,0.3385760103614836,10,12,0.02,0.22,239.88888888888889
hongli,1.1160577115296282,0.04411992730463976,-0.38078803906215375,0.11586479295227635,0.36175537659388957,10,12,0.02,0.24,288.1111111111111
hongli,1.4474509966105216,0.05290679075070992,-0.38078803906215364,0.13894026419793684,0.4156021477656564,10,12,0.02,0.26,294.6666666666667
hongli,1.4491545303595297,0.05294899019671995,-0.38078803906215364,0.13905108555176393,0.4098728757842651,9,12,0.02,0.28,352.75
hongli,1.7026356272262597,0.058939040202550474,-0.38078803906215364,0.1547817529870738,0.4422106420243013,9,12,0.02,0.30000000000000004,367.125
hongli,1.5510559638003167,0.055424256452778486,-0.38078803906215375,0.1455514637205606,0.4164594393136287,7,12,0.02,0.32,338.1666666666667
hongli,1.7325839803955243,0.05961143064022889,-0.38078803906215375,0.15654753964186063,0.4404287638624999,7,12,0.02,0.34,346.8333333333333
hongli,1.3289798138577962,0.04990195816879628,-0.3807880390621535,0.13104917447433562,0.37671024300072703,6,12,0.02,0.36000000000000004,449.4
hongli,1.5313577859890275,0.05495312639717942,-0.38078803906215364,0.14431421357804194,0.4050859466271588,6,12,0.02,0.38,455.0
hongli,0.7182327788709879,0.031669813152090276,-0.38924639049667453,0.08136186725246163,0.26863745482968,4,12,0.02,0.4,789.6666666666666
hongli,0.5733575788916037,0.02644872676368437,-0.2193303454294646,0.12058854287534113,0.31235846174684273,132,12,0.04,0.02,7.015151515151516
hongli,0.707154869916585,0.03128552067611756,-0.2657585335917242,0.11772160334155232,0.3387874936241594,67,12,0.04,0.04,16.895522388059703
hongli,0.7438375692994135,0.03254918282357333,-0.27512763045055155,0.1183057578414443,0.3448107277851261,43,12,0.04,0.06,28.285714285714285
hongli,0.6457791905121952,0.02911285284056353,-0.2917124974216153,0.09979981350777166,0.3084468576980802,30,12,0.04,0.08,45.43333333333333
hongli,1.126037280100264,0.04440293216378666,-0.325296177290471,0.13650001218470317,0.42474147542693996,23,12,0.04,0.1,63.73913043478261
hongli,0.9747951040657112,0.039973012956173504,-0.3267049226976443,0.12235203750868284,0.3859078368897628,18,12,0.04,0.12000000000000001,89.82352941176471
hongli,1.4119465669069493,0.052020925875504886,-0.3272810104950472,0.15894880609424214,0.47003595839565326,17,12,0.04,0.13999999999999999,108.5625
hongli,1.7335094585667603,0.05963209835606165,-0.2990819964207847,0.19938377792611764,0.5178275306023039,16,12,0.04,0.16,120.66666666666667
hongli,1.6439405377584109,0.05760062058025639,-0.3254916476230326,0.17696497283692642,0.4963256439258618,13,12,0.04,0.18,133.08333333333334
hongli,1.4944375334434405,0.05406070584435807,-0.3254916476230326,0.16608937967885537,0.45990740384637613,11,12,0.04,0.19999999999999998,170.3
hongli,1.4037613012952312,0.051814954247874745,-0.3254916476230326,0.15918981216957098,0.4383667385513463,10,12,0.04,0.22,207.44444444444446
hongli,1.6043562957082158,0.05668208138755726,-0.32549164762303273,0.17414296742017618,0.46113015485107245,10,12,0.04,0.24,259.8888888888889
hongli,2.012221442132778,0.06557466250994848,-0.32549164762303273,0.20146342613956594,0.5177474324294578,10,12,0.04,0.26,266.44444444444446
hongli,1.9735571482898413,0.06478203295273666,-0.32549164762303273,0.1990282498055489,0.502739775457643,9,12,0.04,0.28,322.25
hongli,2.281312546408295,0.07083939915193405,-0.32549164762303273,0.21763814730501627,0.5351758821286818,9,12,0.04,0.30000000000000004,336.625
hongli,1.8678066544387368,0.06256344856292739,-0.3254916476230326,0.1922121474385269,0.473842053479606,7,12,0.04,0.32,298.0
hongli,2.0718740137385634,0.06677894599644696,-0.3254916476230326,0.20516331673673802,0.4988249991461907,7,12,0.04,0.34,306.6666666666667
hongli,1.6181565214606501,0.057003795870897545,-0.3254916476230326,0.17513136293105855,0.429464850890453,6,12,0.04,0.36000000000000004,401.2
hongli,1.8456626614377472,0.062089131648626505,-0.3254916476230326,0.19075491522453714,0.45901503858517223,6,12,0.04,0.38,406.8
hongli,0.8153979139583734,0.03494382467668644,-0.38924639049667464,0.08977302174105829,0.2890460057525747,4,12,0.04,0.4,780.3333333333334
hongli,0.41982877510723937,0.02039610477347642,-0.21959687974975528,0.09287975674663086,0.2710612292068911,105,12,0.06,0.02,6.942857142857143
hongli,0.7465055329373806,0.03264011010745338,-0.21112159571183076,0.1546033696714064,0.376826667604012,56,12,0.06,0.04,15.732142857142858
hongli,1.0113939503410734,0.04107360395967863,-0.22726322405588817,0.1807314145538034,0.4521734269790168,37,12,0.06,0.06,25.56756756756757
hongli,1.371502107684956,0.05099670499240139,-0.19699143011291742,0.25887778449635895,0.5275602479105634,29,12,0.06,0.08,37.44827586206897
hongli,1.4124413823036903,0.052033356141024445,-0.2685690186199865,0.19374295817288362,0.5171112287679839,21,12,0.06,0.1,56.666666666666664
hongli,1.3327071693926165,0.04999866987169255,-0.27009620729300354,0.18511429824504497,0.4875353099789026,17,12,0.06,0.12000000000000001,76.9375
hongli,1.7109597076530147,0.05912663151614184,-0.26399949336003503,0.22396494312777568,0.5516595002630451,16,12,0.06,0.13999999999999999,91.06666666666666
hongli,2.074620263961684,0.06683385590801816,-0.21150156608800408,0.31599697886023753,0.6014475975402487,15,12,0.06,0.16,101.64285714285714
hongli,2.255455711155074,0.07035154228972162,-0.26878092353643135,0.2617430633249014,0.6228858533044073,13,12,0.06,0.18,120.33333333333333
hongli,1.9688152086981447,0.06468415396277916,-0.26878092353643135,0.2406575329517821,0.5592055780271197,11,12,0.06,0.19999999999999998,158.2
hongli,1.7794286544021718,0.06064937053713759,-0.26878092353643135,0.22564611260038697,0.5203603751899026,10,12,0.06,0.22,196.55555555555554
hongli,2.124054585407484,0.06781444648079527,-0.26878092353643135,0.25230379294981287,0.5448808340626758,10,12,0.06,0.24,248.44444444444446
hongli,2.6133090637656573,0.07680071279139922,-0.26878092353643135,0.28573721594862156,0.6021436995518092,10,12,0.06,0.26,255.0
hongli,2.4653584375472732,0.07421074987947418,-0.26878092353643135,0.27610125340392855,0.5719494564421725,9,12,0.06,0.28,312.25
hongli,2.8240139845522676,0.08032175446610301,-0.26878092353643135,0.2988372590185552,0.6037128885121469,9,12,0.06,0.30000000000000004,326.625
hongli,2.3082794412889043,0.07134435573529152,-0.26878092353643135,0.2654368278693011,0.5348122000168577,7,12,0.06,0.32,284.6666666666667
hongli,2.543689959067293,0.07559468957476789,-0.26878092353643135,0.2812502039956774,0.5600721102660692,7,12,0.06,0.34,293.3333333333333
hongli,1.8192652401002043,0.06151914177181039,-0.26878092353643135,0.22888209833638698,0.46013516300954616,6,12,0.06,0.36000000000000004,385.6
hongli,2.0642468319528438,0.06662620126533714,-0.26878092353643135,0.24788292408819865,0.4899633486884168,6,12,0.06,0.38,391.2
hongli,0.9457061698216354,0.039084460375671704,-0.38924639049667453,0.10041059167125563,0.31384826254333925,4,12,0.06,0.4,765.6666666666666
hongli,0.16678204689381926,0.008924362132650465,-0.15461608328408427,0.057719494266668656,0.15092228779395123,82,12,0.08,0.02,7.170731707317073
hongli,0.5103426018310191,0.024034874524634375,-0.17794128622487704,0.1350719388094104,0.31687300098161647,44,12,0.08,0.04,15.659090909090908
hongli,0.46232091044915236,0.022130761921053566,-0.1888822221350518,0.11716699258879935,0.29010582547106817,27,12,0.08,0.06,27.444444444444443
hongli,0.8708448582349659,0.03673885607302685,-0.19380709839411703,0.1895640375272346,0.43466393831291406,22,12,0.08,0.08,38.5
hongli,0.7175033267156976,0.03164458038315732,-0.26566852793848716,0.11911301887623021,0.36724615033475155,16,12,0.08,0.1,58.9375
hongli,0.9922219398602818,0.04049944426582175,-0.2503550747092266,0.16176801813528083,0.43822148197793137,14,12,0.08,0.12000000000000001,79.3076923076923
hongli,1.2009654553799276,0.04648864855624324,-0.23712360162545332,0.19605238887048457,0.48249086377893136,13,12,0.08,0.13999999999999999,97.0
hongli,1.8074372575802276,0.061262111020679466,-0.19195899979682052,0.3191416452759313,0.6093950760840153,13,12,0.08,0.16,97.91666666666667
hongli,1.8156175395817762,0.06143998310609833,-0.26588127316420385,0.2310805209216597,0.6032103494032658,11,12,0.08,0.18,120.0
hongli,1.3490371734913724,0.05042066636869591,-0.26588127316420385,0.18963601974914926,0.4903338623664007,9,12,0.08,0.19999999999999998,165.125
hongli,1.541989541339242,0.05520783820641029,-0.26588127316420385,0.20764094270119898,0.5237582764824384,9,12,0.08,0.22,178.625
hongli,1.8744947908507315,0.06270602764654654,-0.26588127316420396,0.2358422122035662,0.5405376017324648,9,12,0.08,0.24,255.875
hongli,2.30348944735418,0.07125494682181177,-0.26588127316420385,0.2679953573782005,0.5991820356158417,9,12,0.08,0.26,263.0
hongli,2.0437511839006786,0.06621396595710216,-0.26588127316420385,0.24903583907622376,0.5485250731769624,8,12,0.08,0.28,328.2857142857143
hongli,2.3106492562028653,0.07138854504990655,-0.26588127316420385,0.26849783063065963,0.580210151005994,8,12,0.08,0.30000000000000004,342.14285714285717
hongli,2.1999735080894385,0.0692922807596843,-0.26588127316420396,0.26061361875941713,0.5579726302990605,7,12,0.08,0.32,271.5
hongli,2.42767719327843,0.07353447342245745,-0.26588127316420396,0.2765688329506522,0.585388339227406,7,12,0.08,0.34,280.1666666666667
hongli,1.7269685770810401,0.05948588621275808,-0.26588127316420396,0.22373101160840522,0.4735107296218619,6,12,0.08,0.36000000000000004,369.8
hongli,1.9639300000231743,0.06458316353967386,-0.26588127316420396,0.24290226525201097,0.5057514366445518,6,12,0.08,0.38,375.4
hongli,0.8038432236865656,0.034563257209510034,-0.38924639049667453,0.08879531847529186,0.29679123081055026,4,12,0.08,0.4,739.6666666666666
hongli,0.5752523564921614,0.02651988812150674,-0.1311445333430109,0.20221878446235722,0.3975439545353793,70,12,0.1,0.02,6.357142857142857
hongli,0.46685421035564145,0.022313011743826383,-0.16185517188754728,0.13785788543926714,0.3146856899551534,37,12,0.1,0.04,14.81081081081081
hongli,0.5135617039806173,0.024160466165759065,-0.1888822221350518,0.12791286492004633,0.32127909759021117,24,12,0.1,0.06,28.5
hongli,0.8544909630707993,0.03621468793991944,-0.18645106717651938,0.1942315937812992,0.4438723389383161,19,12,0.1,0.08,41.21052631578947
hongli,0.5908285720513891,0.0271018390469957,-0.24619259435759566,0.11008389231899551,0.3288163577939027,14,12,0.1,0.1,64.0
hongli,0.859944495947546,0.03638996471831302,-0.22892980521390605,0.15895686751802013,0.4076859205454391,12,12,0.1,0.12000000000000001,89.36363636363636
hongli,0.9224396464134526,0.03836470193743291,-0.21774786578423788,0.17618864735715822,0.4190033923983312,11,12,0.1,0.13999999999999999,106.4
hongli,1.2894308907845082,0.048866721254464895,-0.19195899979682052,0.2545685344588584,0.5170304542220835,11,12,0.1,0.16,106.5
hongli,0.830562334825423,0.035439833852185965,-0.26588127316420385,0.13329195181903208,0.39109484013127244,8,12,0.1,0.18,148.85714285714286
hongli,0.7544848963968644,0.03291127693541673,-0.26588127316420396,0.12378185399725863,0.352044531408869,7,12,0.1,0.19999999999999998,196.33333333333334
hongli,0.8376959847565724,0.03567182874564678,-0.26588127316420396,0.13416450252822598,0.37225357246111807,7,12,0.1,0.22,213.83333333333334
hongli,1.0462027309884365,0.04210299201238299,-0.26588127316420374,0.158352604195561,0.4242667867330546,7,12,0.1,0.24,222.33333333333334
hongli,1.2668735082733877,0.04826868368822135,-0.26588127316420385,0.1815422467095357,0.4739369445745204,7,12,0.1,0.26,228.0
hongli,1.5285809768537346,0.05488643455299891,-0.26588127316420385,0.2064321187415932,0.5167092904109465,7,12,0.1,0.28,247.5
hongli,1.7286616674755346,0.05952376452759145,-0.26588127316420385,0.22387347487549664,0.5484712813769086,7,12,0.1,0.30000000000000004,263.5
hongli,2.0867331788575076,0.0670754974238561,-0.26588127316420385,0.25227612545104444,0.6040742839198737,7,12,0.1,0.32,270.5
hongli,2.3063789097500216,0.07130889546408192,-0.26588127316420385,0.2681982623877491,0.6349840072499902,7,12,0.1,0.34,279.1666666666667
hongli,1.630466897084896,0.057289432820769814,-0.26588127316420396,0.21546998078871388,0.5013465976807943,6,12,0.1,0.36000000000000004,368.6
hongli,1.859042753871123,0.06237614282232484,-0.26588127316420385,0.23460148990561805,0.5374485973848029,6,12,0.1,0.38,374.2
hongli,0.7400090075542536,0.03241847170071277,-0.38924639049667453,0.08328522111495272,0.2982394487476874,4,12,0.1,0.4,737.6666666666666
hongli,0.4459635020368833,0.021468697197007724,-0.1255064029776103,0.1710565890477925,0.37912449997267306,46,12,0.12000000000000001,0.02,5.478260869565218
hongli,0.36507419493448756,0.018087254217672655,-0.1298491407572977,0.13929436969844658,0.3048038978950351,25,12,0.12000000000000001,0.04,13.0
hongli,0.37681631277206384,0.018589647234197537,-0.14068968408168636,0.13213226936670164,0.29164500855971687,17,12,0.12000000000000001,0.06,25.470588235294116
hongli,0.3853807682844135,0.018953541983777855,-0.14107359625102323,0.1343521572247463,0.28748552173253444,12,12,0.12000000000000001,0.08,42.75
hongli,0.28126990936546803,0.014378650533848791,-0.14107359625102334,0.101923045246991,0.2215957037890579,9,12,0.12000000000000001,0.1,60.44444444444444
hongli,0.1793364508286881,0.009546512348795,-0.16185517188754717,0.058981818359364335,0.16310323667367632,6,12,0.12000000000000001,0.12000000000000001,86.66666666666667
hongli,0.30533893974248505,0.0154666426593979,-0.16185517188754728,0.09555853222993527,0.2368860166595726,6,12,0.12000000000000001,0.13999999999999999,98.0
hongli,0.4545240397061392,0.021816059490504802,-0.16185517188754728,0.13478753404100072,0.3117388047088756,6,12,0.12000000000000001,0.16,105.83333333333333
hongli,0.1523042375352257,0.008199013969787616,-0.2385314433757617,0.03437288540979313,0.13924061651776617,4,12,0.12000000000000001,0.18,174.75
hongli,0.2566805201843254,0.013247062299215573,-0.2385314433757617,0.05553591640472867,0.19655801352363503,4,12,0.12000000000000001,0.19999999999999998,179.5
hongli,0.2786038208282733,0.014256952739474693,-0.2385314433757617,0.059769699699571806,0.20728191110636723,4,12,0.12000000000000001,0.22,190.75
hongli,0.3679515518206302,0.018210739154965516,-0.2385314433757616,0.0763452352328993,0.25006709381277464,4,12,0.12000000000000001,0.24,199.25
hongli,0.4742701271192489,0.022610008582393037,-0.2385314433757617,0.09478837784406978,0.29782119536639307,4,12,0.12000000000000001,0.26,202.5
hongli,0.5721929846767426,0.02640494850779418,-0.2385314433757617,0.11069797815375694,0.33563631565151747,4,12,0.12000000000000001,0.28,205.5
hongli,0.6725955352528952,0.03007137302382512,-0.2385314433757617,0.1260688008182355,0.3693835101205836,4,12,0.12000000000000001,0.30000000000000004,227.0
hongli,0.8355820443048718,0.035603169466043916,-0.2385314433757617,0.14925985841605702,0.4249032873660764,4,12,0.12000000000000001,0.32,231.75
hongli,0.8955898920661332,0.03752382066672921,-0.2385314433757617,0.15731184172485574,0.4428279119496023,4,12,0.12000000000000001,0.34,243.5
hongli,0.9830398756236294,0.04022261505520963,-0.25376408240620496,0.15850397216901851,0.40510626309996334,4,12,0.12000000000000001,0.36000000000000004,356.5
hongli,1.10955269591049,0.04393477735936124,-0.25376408240620496,0.17313237138514354,0.4353160004606525,4,12,0.12000000000000001,0.38,363.25
hongli,0.7238631581389874,0.03186423684532014,-0.38924639049667453,0.08186135471843858,0.2964420534927202,3,12,0.12000000000000001,0.4,734.3333333333334
hongli,0.29923844656837195,0.015192682112395772,-0.1038941488741576,0.14623231699792832,0.34650847088282094,27,12,0.13999999999999999,0.02,5.037037037037037
hongli,0.39668049082761736,0.019430425103118987,-0.10548848825169566,0.18419474413888623,0.37810696112083714,18,12,0.13999999999999999,0.04,10.555555555555555
hongli,0.3996949282176834,0.019557029269154258,-0.13936617029400533,0.14032838261894523,0.3601978118251973,13,12,0.13999999999999999,0.06,18.615384615384617
hongli,0.4942808547009896,0.023404439438055702,-0.14107359625102334,0.16590233792871023,0.3843165657978577,10,12,0.13999999999999999,0.08,35.7
hongli,0.29152226598634456,0.01484442273473996,-0.14107359625102345,0.10522467087552018,0.25861151745216104,7,12,0.13999999999999999,0.1,51.142857142857146
hongli,0.20120342562626248,0.010615404976590082,-0.1618551718875474,0.06558582498658355,0.18833830427054693,5,12,0.13999999999999999,0.12000000000000001,78.4
hongli,0.3075313903134136,0.01556480641980662,-0.16185517188754728,0.09616502357194145,0.25767926374773875,5,12,0.13999999999999999,0.13999999999999999,80.6
hongli,0.3991999927724157,0.019536259984118454,-0.1618551718875474,0.12070210519866316,0.30204091767819913,5,12,0.13999999999999999,0.16,94.0
hongli,0.23966803743531395,0.012451880264950477,-0.23853144337576182,0.05220225932786086,0.19303586860783822,4,12,0.13999999999999999,0.18,168.5
hongli,0.3519577759015826,0.017521222678482218,-0.23853144337576182,0.07345456192490647,0.25107694177842793,4,12,0.13999999999999999,0.19999999999999998,173.25
hongli,0.3755432268598464,0.01853537311994713,-0.23853144337576182,0.07770620450549198,0.26166417936522396,4,12,0.13999999999999999,0.22,184.5
hongli,0.4716649998436133,0.022505837715788735,-0.23853144337576182,0.09435166029803033,0.3048953158776573,4,12,0.13999999999999999,0.24,193.0
hongli,0.5860442890018969,0.026923664495893673,-0.23853144337576182,0.11287260125903174,0.35365802123418427,4,12,0.13999999999999999,0.26,196.25
hongli,0.6913913255692647,0.030734612542585804,-0.23853144337576182,0.12884931272632746,0.391453333239517,4,12,0.13999999999999999,0.28,199.25
hongli,0.7994060570714858,0.0344165030658552,-0.23853144337576182,0.1442849738331496,0.42470402262114093,4,12,0.13999999999999999,0.30000000000000004,220.75
hongli,0.9747496505629754,0.03997163417743477,-0.23853144337576182,0.16757385781826217,0.48118075686115314,4,12,0.13999999999999999,0.32,225.5
hongli,1.0393070898587284,0.041900387223730906,-0.23853144337576182,0.1756598066516734,0.4991717748473612,4,12,0.13999999999999999,0.34,237.25
hongli,1.1333872346322624,0.044610565884099396,-0.25376408240620507,0.17579542960177635,0.4484366279383197,4,12,0.13999999999999999,0.36000000000000004,350.25
hongli,1.269491827956407,0.0483383871303118,-0.2537640824062052,0.1904855355098504,0.47899666673165675,4,12,0.13999999999999999,0.38,357.0
hongli,0.8064266045180688,0.03464854292056052,-0.38924639049667453,0.08901442316870126,0.317369139753811,3,12,0.13999999999999999,0.4,730.6666666666666
hongli,0.16890218629846476,0.009029869844144,-0.07612877024491305,0.11861310533578966,0.2816838715303315,13,12,0.16,0.02,4.230769230769231
hongli,0.2681243112488627,0.01377627017990557,-0.10375118102193503,0.1327818155341576,0.38124940270983426,10,12,0.16,0.04,7.3
hongli,0.4235180039891624,0.020548636344156934,-0.10375118102193503,0.19805689093613835,0.514659626606242,9,12,0.16,0.06,11.11111111111111
hongli,0.32749598659574986,0.01645162213757234,-0.10375118102193503,0.1585680468937905,0.41836147146888114,6,12,0.16,0.08,17.833333333333332
hongli,0.4423316884462831,0.021320742659733716,-0.10375118102193503,0.20549879480625954,0.46978994084177933,6,12,0.16,0.1,31.166666666666668
hongli,0.2884468486519465,0.014705071158285676,-0.1618551718875474,0.09085326707077586,0.30476301506410175,4,12,0.16,0.12000000000000001,57.25
hongli,0.35202091187302686,0.017523959649144993,-0.16185517188754728,0.10826938333067404,0.3557568881060009,4,12,0.16,0.13999999999999999,58.5
hongli,0.44680859223383074,0.02150307465074408,-0.1618551718875474,0.13285380009780495,0.39944902062210136,4,12,0.16,0.16,75.25
hongli,0.4602704769261703,0.02204815450216846,-0.2385314433757617,0.09243290607786124,0.33473558008914533,4,12,0.16,0.18,144.75
hongli,0.5925424924919573,0.02716554542146188,-0.23853144337576182,0.11388664335824114,0.3949400232467452,4,12,0.16,0.19999999999999998,149.5
hongli,0.6203250412705779,0.02818930823655541,-0.23853144337576182,0.11817858407936772,0.4049894713714628,4,12,0.16,0.22,160.75
hongli,0.7335519560891495,0.03219740589709241,-0.2385314433757617,0.1349818096994928,0.4495124089291172,4,12,0.16,0.24,169.25
hongli,0.8682853638127142,0.03665710595348903,-0.2385314433757617,0.15367829680945927,0.5014653078159477,4,12,0.16,0.26,172.5
hongli,0.9923792040066179,0.04050417512679738,-0.2385314433757617,0.16980643957698535,0.53898401411656,4,12,0.16,0.28,175.5
hongli,1.11961546300715,0.04422096353693061,-0.2385314433757617,0.18538840377228066,0.5703958274257814,4,12,0.16,0.30000000000000004,197.0
hongli,1.3261619457441678,0.049828747582056465,-0.2385314433757617,0.20889802567270171,0.6298275262467327,4,12,0.16,0.32,201.75
hongli,1.4022075642668295,0.05177578183611087,-0.2385314433757617,0.21706061516823927,0.6479599875876803,4,12,0.16,0.34,213.5
hongli,1.513029537350814,0.054511648253264156,-0.25376408240620507,0.2148123080949112,0.5565463611004609,4,12,0.16,0.36000000000000004,326.5
hongli,1.6733543286687156,0.0582748027293154,-0.25376408240620507,0.22964165053127494,0.5881703376659586,4,12,0.16,0.38,333.25
hongli,1.0421262843283725,0.04198329749767482,-0.38924639049667464,0.1078578980375503,0.3760659654156883,3,12,0.16,0.4,703.3333333333334
hongli,0.1527150850487311,0.008219715826741414,-0.03933613760359833,0.2089609282328091,0.3307568976978705,8,12,0.18,0.02,4.375
hongli,0.22778743531356294,0.011890446003731014,-0.03933613760359844,0.30227792376451534,0.430829623676591,6,12,0.18,0.04,6.833333333333333
hongli,0.32192186148876867,0.01620529432037321,-0.03933613760359822,0.4119696367670539,0.544176471392129,6,12,0.18,0.06,8.0
hongli,0.3779751067046324,0.018639007759869486,-0.04489282631690805,0.4151890020978574,0.5367571584194742,5,12,0.18,0.08,15.6
hongli,0.4760969587614272,0.02268295442307089,-0.06068319223095131,0.3737930321256485,0.5546025941005942,5,12,0.18,0.1,30.0
hongli,0.4861710280446636,0.023083692707082992,-0.07635342672220313,0.3023268725196637,0.5240157298924774,4,12,0.18,0.12000000000000001,42.75
hongli,0.5595011238830003,0.025925857320753476,-0.07635342672220313,0.3395506715773162,0.5804336931436174,4,12,0.18,0.13999999999999999,44.0
hongli,0.6688348573739646,0.029937828666176003,-0.08479937116334757,0.35304305038426853,0.602005628530703,4,12,0.18,0.16,60.75
hongli,0.6843625937594935,0.03048740935032379,-0.21774786578423788,0.1400124370474114,0.47341779630634184,4,12,0.18,0.18,130.25
hongli,0.8369329831089796,0.03564705558404202,-0.217747865784238,0.1637079447628845,0.5331365217668265,4,12,0.18,0.19999999999999998,135.0
hongli,0.8689790229772314,0.03667927181227704,-0.217747865784238,0.16844836425915555,0.5420448639703402,4,12,0.18,0.22,146.25
hongli,0.999581663337834,0.040720465132215944,-0.21774786578423788,0.18700741330142387,0.5860583887675036,4,12,0.18,0.24,154.75
hongli,1.1549911684159757,0.04521698981879885,-0.21774786578423788,0.20765755685340898,0.6394932535996248,4,12,0.18,0.26,158.0
hongli,1.2981283651485702,0.049095825007268834,-0.21774786578423788,0.2254709814511658,0.6752077998811622,4,12,0.18,0.28,161.0
hongli,1.444890214146238,0.05284330367839596,-0.21774786578423788,0.24268115551018699,0.7034469074452598,4,12,0.18,0.30000000000000004,182.5
hongli,1.683133180015918,0.058497392311502194,-0.21774786578423777,0.2686473738827188,0.7640848753252617,4,12,0.18,0.32,187.25
hongli,1.7708487075724961,0.06046050361456401,-0.21774786578423777,0.2776628987696861,0.7817896594659189,4,12,0.18,0.34,199.0
hongli,1.8986773454712833,0.06321896062475663,-0.2537640824062052,0.249124935354566,0.6515768222713658,4,12,0.18,0.36000000000000004,312.0
hongli,2.0836054705105624,0.06701318821562774,-0.2537640824062052,0.2640767266202725,0.6836660378175774,4,12,0.18,0.38,318.75
hongli,1.2089825174137117,0.04670783552725655,-0.38924639049667464,0.11999555209146011,0.41238057606927536,3,12,0.18,0.4,697.3333333333334
hongli,0.10633745192160982,0.005837739663695718,-0.020433713034914702,0.28569157517876864,0.4028857018394063,4,12,0.19999999999999998,0.02,2.0
hongli,0.12600818532465352,0.0068593169138333465,-0.020433713034914702,0.33568627014155283,0.42931135904863094,3,12,0.19999999999999998,0.04,4.666666666666667
hongli,0.19698693211134777,0.010410730992460815,-0.020433713034914702,0.5094879709170915,0.5446521088761804,3,12,0.19999999999999998,0.06,6.333333333333333
hongli,0.28076358992752204,0.014355557157256449,-0.0313290358086592,0.45821892652338314,0.5709596288942679,3,12,0.19999999999999998,0.08,11.333333333333334
hongli,0.32337183734116115,0.016269464692804103,-0.03132903580865898,0.5193094607880467,0.576609668592961,3,12,0.19999999999999998,0.1,15.666666666666666
hongli,0.4093770184219341,0.019961938994631057,-0.07635342672220302,0.26144129807374145,0.5544838297046742,3,12,0.19999999999999998,0.12000000000000001,26.666666666666668
hongli,0.4658929440202295,0.022274410855891436,-0.07635342672220313,0.2917277169095826,0.6094527073396053,3,12,0.19999999999999998,0.13999999999999999,28.0
hongli,0.5330807288421282,0.024916642947447,-0.0847993711633479,0.2938305155524137,0.5939480973526244,3,12,0.19999999999999998,0.16,49.0
hongli,0.4746727948285179,0.022626094519779594,-0.217747865784238,0.10390960406564599,0.394346636590653,3,12,0.19999999999999998,0.18,140.0
hongli,0.6082493794093369,0.027746379182371772,-0.217747865784238,0.12742434504439692,0.4613872161444703,3,12,0.19999999999999998,0.19999999999999998,146.33333333333334
hongli,0.6363059411916914,0.02877072090707622,-0.217747865784238,0.1321286011390098,0.4714907722191067,3,12,0.19999999999999998,0.22,161.33333333333334
hongli,0.7177792758701407,0.03165412703727699,-0.21774786578423788,0.14537055012351968,0.5047780733782538,3,12,0.19999999999999998,0.24,171.0
hongli,0.8303072624747727,0.03543152282447193,-0.217747865784238,0.1627181175662145,0.5543086752215802,3,12,0.19999999999999998,0.26,175.0
hongli,0.912268047942917,0.0380474575079901,-0.217747865784238,0.17473171262073617,0.5887596006901284,3,12,0.19999999999999998,0.28,176.0
hongli,0.9603500627935282,0.0395333268874829,-0.217747865784238,0.18155551947708035,0.597968756053878,3,12,0.19999999999999998,0.30000000000000004,201.33333333333334
hongli,1.1513768869840098,0.04511593689863491,-0.217747865784238,0.20719347460029477,0.666420219847268,3,12,0.19999999999999998,0.32,207.66666666666666
hongli,1.1890108863683713,0.04616040840873192,-0.217747865784238,0.21199017608040002,0.6749649048364897,3,12,0.19999999999999998,0.34,222.66666666666666
hongli,1.2590709367310522,0.048060517141964576,-0.25376408240620507,0.18939054213761103,0.5390066509261331,3,12,0.19999999999999998,0.36000000000000004,373.0
hongli,1.3794272241102115,0.05119869181905745,-0.25376408240620507,0.20175704667732575,0.5678214907730839,3,12,0.19999999999999998,0.38,381.6666666666667
hongli,0.6442985094623856,0.02905949974574873,-0.38924639049667453,0.0746557976007667,0.3152635863312674,2,12,0.19999999999999998,0.4,728.5
hongli,0.021165227159870792,0.0012071228260812639,0.0,,0.24002743327436515,1,12,0.22,0.02,1.0
hongli,0.053893994773816845,0.003028107242911915,-0.004975498837333725,0.608603748470499,0.33406933487511253,1,12,0.22,0.04,4.0
hongli,0.06807062673493802,0.00380038603413535,-0.004975498837333725,0.7638201029450756,0.39483747936868807,1,12,0.22,0.06,5.0
hongli,0.09390034434196481,0.005182962679592951,-0.028512632902709445,0.1817777648692848,0.3696124900861486,1,12,0.22,0.08,11.0
hongli,0.10793044780736394,0.005921104512605524,-0.028512632902709445,0.2076660030944692,0.4137669339660369,1,12,0.22,0.1,13.0
hongli,0.13840837491757751,0.0074946984815580375,-0.028512632902709445,0.2628553633447806,0.48516137203683896,1,12,0.22,0.12000000000000001,17.0
hongli,0.14536440822838892,0.007848273479325263,-0.028512632902709445,0.27525600691121976,0.5054701323121495,1,12,0.22,0.13999999999999999,18.0
hongli,0.16007017086850683,0.008589153448367304,-0.028512632902709445,0.30124027751751786,0.5294473293820778,1,12,0.22,0.16,20.0
hongli,0.18166277280756726,0.00966111049180185,-0.03498162355538792,0.27617673252086183,0.44186455806474906,1,12,0.22,0.18,45.0
hongli,0.23267911073484027,0.012122226265474767,-0.05293914139597644,0.228984187234969,0.46445909860418133,1,12,0.22,0.19999999999999998,62.0
hongli,0.23267911073484027,0.012122226265474767,-0.05293914139597644,0.228984187234969,0.46445909860418133,1,12,0.22,0.22,62.0
hongli,0.24853267992478179,0.012867497593968213,-0.05293914139597644,0.2430620757091876,0.4889682256589943,1,12,0.22,0.24,63.0
hongli,0.26467930610616786,0.013617434085158031,-0.05293914139597644,0.25722808731070584,0.5146399316893633,1,12,0.22,0.26,65.0
hongli,0.30238597233867615,0.015334182010977804,-0.05293914139597644,0.2896567947009291,0.5590346381657421,1,12,0.22,0.28,66.0
hongli,0.30238597233867615,0.015334182010977804,-0.05293914139597644,0.2896567947009291,0.5590346381657421,1,12,0.22,0.30000000000000004,66.0
hongli,0.35642649560821527,0.01771464672130474,-0.05293914139597644,0.33462285662704594,0.614840530062463,1,12,0.22,0.32,72.0
hongli,0.35642649560821527,0.01771464672130474,-0.05293914139597644,0.33462285662704594,0.614840530062463,1,12,0.22,0.34,72.0
hongli,0.36606481443794103,0.01812979540831261,-0.05293914139597644,0.342464855497081,0.6044996485975062,1,12,0.22,0.36000000000000004,77.0
hongli,0.3830743306496911,0.01885575290516206,-0.05293914139597644,0.35617791312715097,0.613466549798867,1,12,0.22,0.38,81.0
hongli,0.19469566845485686,0.010299225022593728,-0.38924639049667464,0.026459397631027524,0.1518410680864587,1,12,0.22,0.4,1069.0
hongli,0.0,0.0,0.0,,0.0,0,12,0.24,0.02,0.0
hongli,0.0,0.0,0.0,,0.0,0,12,0.24,0.04,0.0
hongli,0.0,0.0,0.0,,0.0,0,12,0.24,0.06,0.0
hongli,0.0,0.0,0.0,,0.0,0,12,0.24,0.08,0.0
hongli,0.0,0.0,0.0,,0.0,0,12,0.24,0.1,0.0
hongli,0.0,0.0,0.0,,0.0,0,12,0.24,0.12000000000000001,0.0
hongli,0.0,0.0,0.0,,0.0,0,12,0.24,0.13999999999999999,0.0
hongli,0.0,0.0,0.0,,0.0,0,12,0.24,0.16,0.0
hongli,0.0,0.0,0.0,,0.0,0,12,0.24,0.18,0.0
hongli,0.0,0.0,0.0,,0.0,0,12,0.24,0.19999999999999998,0.0
hongli,0.0,0.0,0.0,,0.0,0,12,0.24,0.22,0.0
hongli,0.0,0.0,0.0,,0.0,0,12,0.24,0.24,0.0
hongli,0.0,0.0,0.0,,0.0,0,12,0.24,0.26,0.0
hongli,0.0,0.0,0.0,,0.0,0,12,0.24,0.28,0.0
hongli,0.0,0.0,0.0,,0.0,0,12,0.24,0.30000000000000004,0.0
hongli,0.0,0.0,0.0,,0.0,0,12,0.24,0.32,0.0
hongli,0.0,0.0,0.0,,0.0,0,12,0.24,0.34,0.0
hongli,0.0,0.0,0.0,,0.0,0,12,0.24,0.36000000000000004,0.0
hongli,0.0,0.0,0.0,,0.0,0,12,0.24,0.38,0.0
hongli,0.0,0.0,0.0,,0.0,0,12,0.24,0.4,0.0
hongli,0.0,0.0,0.0,,0.0,0,12,0.26,0.02,0.0
hongli,0.0,0.0,0.0,,0.0,0,12,0.26,0.04,0.0
hongli,0.0,0.0,0.0,,0.0,0,12,0.26,0.06,0.0
hongli,0.0,0.0,0.0,,0.0,0,12,0.26,0.08,0.0
hongli,0.0,0.0,0.0,,0.0,0,12,0.26,0.1,0.0
hongli,0.0,0.0,0.0,,0.0,0,12,0.26,0.12000000000000001,0.0
hongli,0.0,0.0,0.0,,0.0,0,12,0.26,0.13999999999999999,0.0
hongli,0.0,0.0,0.0,,0.0,0,12,0.26,0.16,0.0
hongli,0.0,0.0,0.0,,0.0,0,12,0.26,0.18,0.0
hongli,0.0,0.0,0.0,,0.0,0,12,0.26,0.19999999999999998,0.0
hongli,0.0,0.0,0.0,,0.0,0,12,0.26,0.22,0.0
hongli,0.0,0.0,0.0,,0.0,0,12,0.26,0.24,0.0
hongli,0.0,0.0,0.0,,0.0,0,12,0.26,0.26,0.0
hongli,0.0,0.0,0.0,,0.0,0,12,0.26,0.28,0.0
hongli,0.0,0.0,0.0,,0.0,0,12,0.26,0.30000000000000004,0.0
hongli,0.0,0.0,0.0,,0.0,0,12,0.26,0.32,0.0
hongli,0.0,0.0,0.0,,0.0,0,12,0.26,0.34,0.0
hongli,0.0,0.0,0.0,,0.0,0,12,0.26,0.36000000000000004,0.0
hongli,0.0,0.0,0.0,,0.0,0,12,0.26,0.38,0.0
hongli,0.0,0.0,0.0,,0.0,0,12,0.26,0.4,0.0
hongli,0.0,0.0,0.0,,0.0,0,12,0.28,0.02,0.0
hongli,0.0,0.0,0.0,,0.0,0,12,0.28,0.04,0.0
hongli,0.0,0.0,0.0,,0.0,0,12,0.28,0.06,0.0
hongli,0.0,0.0,0.0,,0.0,0,12,0.28,0.08,0.0
hongli,0.0,0.0,0.0,,0.0,0,12,0.28,0.1,0.0
hongli,0.0,0.0,0.0,,0.0,0,12,0.28,0.12000000000000001,0.0
hongli,0.0,0.0,0.0,,0.0,0,12,0.28,0.13999999999999999,0.0
hongli,0.0,0.0,0.0,,0.0,0,12,0.28,0.16,0.0
hongli,0.0,0.0,0.0,,0.0,0,12,0.28,0.18,0.0
hongli,0.0,0.0,0.0,,0.0,0,12,0.28,0.19999999999999998,0.0
hongli,0.0,0.0,0.0,,0.0,0,12,0.28,0.22,0.0
hongli,0.0,0.0,0.0,,0.0,0,12,0.28,0.24,0.0
hongli,0.0,0.0,0.0,,0.0,0,12,0.28,0.26,0.0
hongli,0.0,0.0,0.0,,0.0,0,12,0.28,0.28,0.0
hongli,0.0,0.0,0.0,,0.0,0,12,0.28,0.30000000000000004,0.0
hongli,0.0,0.0,0.0,,0.0,0,12,0.28,0.32,0.0
hongli,0.0,0.0,0.0,,0.0,0,12,0.28,0.34,0.0
hongli,0.0,0.0,0.0,,0.0,0,12,0.28,0.36000000000000004,0.0
hongli,0.0,0.0,0.0,,0.0,0,12,0.28,0.38,0.0
hongli,0.0,0.0,0.0,,0.0,0,12,0.28,0.4,0.0
hongli,0.0,0.0,0.0,,0.0,0,12,0.30000000000000004,0.02,0.0
hongli,0.0,0.0,0.0,,0.0,0,12,0.30000000000000004,0.04,0.0
hongli,0.0,0.0,0.0,,0.0,0,12,0.30000000000000004,0.06,0.0
hongli,0.0,0.0,0.0,,0.0,0,12,0.30000000000000004,0.08,0.0
hongli,0.0,0.0,0.0,,0.0,0,12,0.30000000000000004,0.1,0.0
hongli,0.0,0.0,0.0,,0.0,0,12,0.30000000000000004,0.12000000000000001,0.0
hongli,0.0,0.0,0.0,,0.0,0,12,0.30000000000000004,0.13999999999999999,0.0
hongli,0.0,0.0,0.0,,0.0,0,12,0.30000000000000004,0.16,0.0
hongli,0.0,0.0,0.0,,0.0,0,12,0.30000000000000004,0.18,0.0
hongli,0.0,0.0,0.0,,0.0,0,12,0.30000000000000004,0.19999999999999998,0.0
hongli,0.0,0.0,0.0,,0.0,0,12,0.30000000000000004,0.22,0.0
hongli,0.0,0.0,0.0,,0.0,0,12,0.30000000000000004,0.24,0.0
hongli,0.0,0.0,0.0,,0.0,0,12,0.30000000000000004,0.26,0.0
hongli,0.0,0.0,0.0,,0.0,0,12,0.30000000000000004,0.28,0.0
hongli,0.0,0.0,0.0,,0.0,0,12,0.30000000000000004,0.30000000000000004,0.0
hongli,0.0,0.0,0.0,,0.0,0,12,0.30000000000000004,0.32,0.0
hongli,0.0,0.0,0.0,,0.0,0,12,0.30000000000000004,0.34,0.0
hongli,0.0,0.0,0.0,,0.0,0,12,0.30000000000000004,0.36000000000000004,0.0
hongli,0.0,0.0,0.0,,0.0,0,12,0.30000000000000004,0.38,0.0
hongli,0.0,0.0,0.0,,0.0,0,12,0.30000000000000004,0.4,0.0
hongli,0.0,0.0,0.0,,0.0,0,12,0.32,0.02,0.0
hongli,0.0,0.0,0.0,,0.0,0,12,0.32,0.04,0.0
hongli,0.0,0.0,0.0,,0.0,0,12,0.32,0.06,0.0
hongli,0.0,0.0,0.0,,0.0,0,12,0.32,0.08,0.0
hongli,0.0,0.0,0.0,,0.0,0,12,0.32,0.1,0.0
hongli,0.0,0.0,0.0,,0.0,0,12,0.32,0.12000000000000001,0.0
hongli,0.0,0.0,0.0,,0.0,0,12,0.32,0.13999999999999999,0.0
hongli,0.0,0.0,0.0,,0.0,0,12,0.32,0.16,0.0
hongli,0.0,0.0,0.0,,0.0,0,12,0.32,0.18,0.0
hongli,0.0,0.0,0.0,,0.0,0,12,0.32,0.19999999999999998,0.0
hongli,0.0,0.0,0.0,,0.0,0,12,0.32,0.22,0.0
hongli,0.0,0.0,0.0,,0.0,0,12,0.32,0.24,0.0
hongli,0.0,0.0,0.0,,0.0,0,12,0.32,0.26,0.0
hongli,0.0,0.0,0.0,,0.0,0,12,0.32,0.28,0.0
hongli,0.0,0.0,0.0,,0.0,0,12,0.32,0.30000000000000004,0.0
hongli,0.0,0.0,0.0,,0.0,0,12,0.32,0.32,0.0
hongli,0.0,0.0,0.0,,0.0,0,12,0.32,0.34,0.0
hongli,0.0,0.0,0.0,,0.0,0,12,0.32,0.36000000000000004,0.0
hongli,0.0,0.0,0.0,,0.0,0,12,0.32,0.38,0.0
hongli,0.0,0.0,0.0,,0.0,0,12,0.32,0.4,0.0
hongli,0.0,0.0,0.0,,0.0,0,12,0.34,0.02,0.0
hongli,0.0,0.0,0.0,,0.0,0,12,0.34,0.04,0.0
hongli,0.0,0.0,0.0,,0.0,0,12,0.34,0.06,0.0
hongli,0.0,0.0,0.0,,0.0,0,12,0.34,0.08,0.0
hongli,0.0,0.0,0.0,,0.0,0,12,0.34,0.1,0.0
hongli,0.0,0.0,0.0,,0.0,0,12,0.34,0.12000000000000001,0.0
hongli,0.0,0.0,0.0,,0.0,0,12,0.34,0.13999999999999999,0.0
hongli,0.0,0.0,0.0,,0.0,0,12,0.34,0.16,0.0
hongli,0.0,0.0,0.0,,0.0,0,12,0.34,0.18,0.0
hongli,0.0,0.0,0.0,,0.0,0,12,0.34,0.19999999999999998,0.0
hongli,0.0,0.0,0.0,,0.0,0,12,0.34,0.22,0.0
hongli,0.0,0.0,0.0,,0.0,0,12,0.34,0.24,0.0
hongli,0.0,0.0,0.0,,0.0,0,12,0.34,0.26,0.0
hongli,0.0,0.0,0.0,,0.0,0,12,0.34,0.28,0.0
hongli,0.0,0.0,0.0,,0.0,0,12,0.34,0.30000000000000004,0.0
hongli,0.0,0.0,0.0,,0.0,0,12,0.34,0.32,0.0
hongli,0.0,0.0,0.0,,0.0,0,12,0.34,0.34,0.0
hongli,0.0,0.0,0.0,,0.0,0,12,0.34,0.36000000000000004,0.0
hongli,0.0,0.0,0.0,,0.0,0,12,0.34,0.38,0.0
hongli,0.0,0.0,0.0,,0.0,0,12,0.34,0.4,0.0
hongli,0.0,0.0,0.0,,0.0,0,12,0.36000000000000004,0.02,0.0
hongli,0.0,0.0,0.0,,0.0,0,12,0.36000000000000004,0.04,0.0
hongli,0.0,0.0,0.0,,0.0,0,12,0.36000000000000004,0.06,0.0
hongli,0.0,0.0,0.0,,0.0,0,12,0.36000000000000004,0.08,0.0
hongli,0.0,0.0,0.0,,0.0,0,12,0.36000000000000004,0.1,0.0
hongli,0.0,0.0,0.0,,0.0,0,12,0.36000000000000004,0.12000000000000001,0.0
hongli,0.0,0.0,0.0,,0.0,0,12,0.36000000000000004,0.13999999999999999,0.0
hongli,0.0,0.0,0.0,,0.0,0,12,0.36000000000000004,0.16,0.0
hongli,0.0,0.0,0.0,,0.0,0,12,0.36000000000000004,0.18,0.0
hongli,0.0,0.0,0.0,,0.0,0,12,0.36000000000000004,0.19999999999999998,0.0
hongli,0.0,0.0,0.0,,0.0,0,12,0.36000000000000004,0.22,0.0
hongli,0.0,0.0,0.0,,0.0,0,12,0.36000000000000004,0.24,0.0
hongli,0.0,0.0,0.0,,0.0,0,12,0.36000000000000004,0.26,0.0
hongli,0.0,0.0,0.0,,0.0,0,12,0.36000000000000004,0.28,0.0
hongli,0.0,0.0,0.0,,0.0,0,12,0.36000000000000004,0.30000000000000004,0.0
hongli,0.0,0.0,0.0,,0.0,0,12,0.36000000000000004,0.32,0.0
hongli,0.0,0.0,0.0,,0.0,0,12,0.36000000000000004,0.34,0.0
hongli,0.0,0.0,0.0,,0.0,0,12,0.36000000000000004,0.36000000000000004,0.0
hongli,0.0,0.0,0.0,,0.0,0,12,0.36000000000000004,0.38,0.0
hongli,0.0,0.0,0.0,,0.0,0,12,0.36000000000000004,0.4,0.0
hongli,0.0,0.0,0.0,,0.0,0,12,0.38,0.02,0.0
hongli,0.0,0.0,0.0,,0.0,0,12,0.38,0.04,0.0
hongli,0.0,0.0,0.0,,0.0,0,12,0.38,0.06,0.0
hongli,0.0,0.0,0.0,,0.0,0,12,0.38,0.08,0.0
hongli,0.0,0.0,0.0,,0.0,0,12,0.38,0.1,0.0
hongli,0.0,0.0,0.0,,0.0,0,12,0.38,0.12000000000000001,0.0
hongli,0.0,0.0,0.0,,0.0,0,12,0.38,0.13999999999999999,0.0
hongli,0.0,0.0,0.0,,0.0,0,12,0.38,0.16,0.0
hongli,0.0,0.0,0.0,,0.0,0,12,0.38,0.18,0.0
hongli,0.0,0.0,0.0,,0.0,0,12,0.38,0.19999999999999998,0.0
hongli,0.0,0.0,0.0,,0.0,0,12,0.38,0.22,0.0
hongli,0.0,0.0,0.0,,0.0,0,12,0.38,0.24,0.0
hongli,0.0,0.0,0.0,,0.0,0,12,0.38,0.26,0.0
hongli,0.0,0.0,0.0,,0.0,0,12,0.38,0.28,0.0
hongli,0.0,0.0,0.0,,0.0,0,12,0.38,0.30000000000000004,0.0
hongli,0.0,0.0,0.0,,0.0,0,12,0.38,0.32,0.0
hongli,0.0,0.0,0.0,,0.0,0,12,0.38,0.34,0.0
hongli,0.0,0.0,0.0,,0.0,0,12,0.38,0.36000000000000004,0.0
hongli,0.0,0.0,0.0,,0.0,0,12,0.38,0.38,0.0
hongli,0.0,0.0,0.0,,0.0,0,12,0.38,0.4,0.0
hongli,0.0,0.0,0.0,,0.0,0,12,0.4,0.02,0.0
hongli,0.0,0.0,0.0,,0.0,0,12,0.4,0.04,0.0
hongli,0.0,0.0,0.0,,0.0,0,12,0.4,0.06,0.0
hongli,0.0,0.0,0.0,,0.0,0,12,0.4,0.08,0.0
hongli,0.0,0.0,0.0,,0.0,0,12,0.4,0.1,0.0
hongli,0.0,0.0,0.0,,0.0,0,12,0.4,0.12000000000000001,0.0
hongli,0.0,0.0,0.0,,0.0,0,12,0.4,0.13999999999999999,0.0
hongli,0.0,0.0,0.0,,0.0,0,12,0.4,0.16,0.0
hongli,0.0,0.0,0.0,,0.0,0,12,0.4,0.18,0.0
hongli,0.0,0.0,0.0,,0.0,0,12,0.4,0.19999999999999998,0.0
hongli,0.0,0.0,0.0,,0.0,0,12,0.4,0.22,0.0
hongli,0.0,0.0,0.0,,0.0,0,12,0.4,0.24,0.0
hongli,0.0,0.0,0.0,,0.0,0,12,0.4,0.26,0.0
hongli,0.0,0.0,0.0,,0.0,0,12,0.4,0.28,0.0
hongli,0.0,0.0,0.0,,0.0,0,12,0.4,0.30000000000000004,0.0
hongli,0.0,0.0,0.0,,0.0,0,12,0.4,0.32,0.0
hongli,0.0,0.0,0.0,,0.0,0,12,0.4,0.34,0.0
hongli,0.0,0.0,0.0,,0.0,0,12,0.4,0.36000000000000004,0.0
hongli,0.0,0.0,0.0,,0.0,0,12,0.4,0.38,0.0
hongli,0.0,0.0,0.0,,0.0,0,12,0.4,0.4,0.0
hongli,1.355844408601552,0.050595761587475696,-0.26222599855328055,0.19294715957462688,0.5548699239550867,151,18,0.02,0.02,7.529801324503311
hongli,1.642109510514222,0.057558418965950375,-0.3288958532642523,0.17500500050301607,0.5835078241422292,74,18,0.02,0.04,18.027397260273972
hongli,2.1525061262325886,0.06837220819843548,-0.2844916592379364,0.24033115199785857,0.6582868856859744,50,18,0.02,0.06,29.040816326530614
hongli,2.275089107850987,0.07072230962227288,-0.3146828488267127,0.22474154497443785,0.6588948121700328,37,18,0.02,0.08,48.22222222222222
hongli,2.5408750690116295,0.07554545848403027,-0.325296177290471,0.23223592454507225,0.6865131727513466,27,18,0.02,0.1,67.07407407407408
hongli,2.4792655156409875,0.07445859467818927,-0.3267049226976443,0.22790778315605148,0.6404476121423865,22,18,0.02,0.12000000000000001,96.04761904761905
hongli,2.335043168012365,0.07184168720546102,-0.3272810104950471,0.21951071067885328,0.6102210430920951,19,18,0.02,0.13999999999999999,112.0
hongli,2.4493662263440825,0.07392458355936382,-0.3804365097411111,0.19431516604352686,0.6065806072268671,17,18,0.02,0.16,135.0
hongli,1.8425414576598014,0.06202199700117994,-0.38078803906215375,0.16287800728703156,0.5194156979141612,13,18,0.02,0.18,175.41666666666666
hongli,1.708652981657396,0.059074701613835545,-0.38078803906215375,0.15513801788346912,0.49161941849657903,11,18,0.02,0.19999999999999998,220.2
hongli,1.198450889432043,0.046419745146099034,-0.38078803906215375,0.12190442026600057,0.40260471521416136,9,18,0.02,0.22,264.0
hongli,1.3417181253842108,0.050231872067092675,-0.38078803906215375,0.13191557221915162,0.421776785574891,9,18,0.02,0.24,308.5
hongli,1.6912002556091839,0.058680443126271076,-0.38078803906215375,0.15410264269538418,0.47681520675174016,9,18,0.02,0.26,315.625
hongli,1.631703330411145,0.05731805205873197,-0.38078803906215375,0.15052482268062073,0.4593942484581606,8,18,0.02,0.28,383.57142857142856
hongli,1.8624700729337174,0.062449457256295915,-0.38078803906215375,0.16400057472945642,0.48991795971531293,8,18,0.02,0.30000000000000004,397.42857142857144
hongli,1.8924038894065882,0.06308628367857994,-0.38078803906215364,0.16567296555310856,0.4891722596553308,7,18,0.02,0.32,310.8333333333333
hongli,2.098221538523965,0.06730385535066952,-0.38078803906215364,0.1767488693091117,0.5149842079723685,7,18,0.02,0.34,319.5
hongli,1.7302436551239495,0.05955913720790451,-0.38078803906215375,0.15641021013840992,0.45502939142647897,6,18,0.02,0.36000000000000004,416.4
hongli,1.9674896677602285,0.06465676695163047,-0.38078803906215375,0.16979726335647044,0.4855241858575921,6,18,0.02,0.38,422.0
hongli,1.102025465677924,0.04371985978338322,-0.38924639049667464,0.11231924264627631,0.3516845257175613,4,18,0.02,0.4,728.6666666666666
hongli,0.9444210591569253,0.03904491717640712,-0.24330011972473353,0.16048046840495606,0.4813413293819997,119,18,0.04,0.02,7.07563025210084
hongli,1.7267277601138606,0.0594804967846827,-0.27247134500607295,0.21830000796361532,0.6510758696213931,64,18,0.04,0.04,15.671875
hongli,2.3853365611693373,0.07276616307519679,-0.2576807557596925,0.28238881425455353,0.7493045707385526,45,18,0.04,0.06,24.636363636363637
hongli,2.173732750897676,0.06878525187973339,-0.3146828488267128,0.2185859576910451,0.6923459575562134,32,18,0.04,0.08,40.4375
hongli,2.8941079541332138,0.08145262729644398,-0.3252961772904709,0.2503952796952527,0.774189454368031,25,18,0.04,0.1,55.68
hongli,2.645651329625582,0.07735355114455844,-0.32670492269764406,0.23676885706477988,0.6983903687583021,20,18,0.04,0.12000000000000001,79.73684210526316
hongli,2.257610397416642,0.07039233530105804,-0.3272810104950472,0.21508224749912064,0.6370014017473777,17,18,0.04,0.13999999999999999,94.6875
hongli,1.7282123104103353,0.05951371353917434,-0.3804365097411111,0.15643533681789298,0.5367223273699837,14,18,0.04,0.16,126.46153846153847
hongli,2.495598412524753,0.07474848186336036,-0.38078803906215375,0.1962994479749392,0.6400801955637296,13,18,0.04,0.18,155.0
hongli,2.1093150645544583,0.06752360897335286,-0.38078803906215375,0.17732597152908836,0.5730861904403953,11,18,0.04,0.19999999999999998,199.1
hongli,1.4297963758778933,0.05246781820057356,-0.38078803906215375,0.13778746393872301,0.4611864681659987,9,18,0.04,0.22,242.5
hongli,1.6252596856118964,0.057168764246888326,-0.38078803906215364,0.1501327730453136,0.47278938095584905,9,18,0.04,0.24,301.625
hongli,2.0170580568060608,0.06567313900815352,-0.38078803906215375,0.17246639145993262,0.5280240532129988,9,18,0.04,0.26,308.75
hongli,1.90066539334584,0.06326094926848858,-0.38078803906215375,0.16613166060650048,0.501611385048773,8,18,0.04,0.28,379.42857142857144
hongli,2.155016670799973,0.06842119669906976,-0.38078803906215375,0.17968315619257616,0.5319908242820609,8,18,0.04,0.30000000000000004,393.2857142857143
hongli,2.1880097458667045,0.06906160254947435,-0.38078803906215375,0.18136494707020417,0.5305778945620322,7,18,0.04,0.32,306.0
hongli,2.414862113774489,0.07330288004487162,-0.38078803906215375,0.19250310546888483,0.5564817808481621,7,18,0.04,0.34,314.6666666666667
hongli,1.9104850892587697,0.06346794955435353,-0.38078803906215364,0.1666752708689835,0.4813306843059817,6,18,0.04,0.36000000000000004,410.8
hongli,2.1633932796937514,0.06858438492900687,-0.38078803906215375,0.18011171017326058,0.5119513366582471,6,18,0.04,0.38,416.4
hongli,1.174437628374962,0.045757973518214534,-0.38924639049667464,0.11755529308782492,0.36480106384552874,4,18,0.04,0.4,724.0
hongli,0.5195122276383342,0.024391961536972095,-0.23097934724313862,0.10560234855671354,0.35847560650504934,85,18,0.06,0.02,7.317647058823529
hongli,1.083932466529193,0.04320028661666653,-0.2618191942837572,0.16500045665042593,0.5546472036952912,47,18,0.06,0.04,16.19148936170213
hongli,1.6138127923652874,0.05690270640517414,-0.25473708765507586,0.22337817759078202,0.6888662928362955,33,18,0.06,0.06,25.03030303030303
hongli,1.3190066533669627,0.049642470831281926,-0.31468284882671294,0.15775397679400904,0.589183077890391,23,18,0.06,0.08,39.869565217391305
hongli,2.0908477890995414,0.0671573768158551,-0.3252961772904711,0.20644994163545718,0.7401514783661205,19,18,0.06,0.1,52.10526315789474
hongli,1.4679416435642287,0.05341255329448247,-0.3267049226976442,0.16348867000058712,0.5790082853585133,14,18,0.06,0.12000000000000001,78.61538461538461
hongli,1.6018561369096216,0.05662362519142872,-0.3272810104950471,0.17301225361587433,0.5933860004576632,13,18,0.06,0.13999999999999999,96.25
hongli,2.1556972193947765,0.06843446998116831,-0.3217369805012784,0.21270315235303325,0.6889436676062113,13,18,0.06,0.16,100.0
hongli,2.3029947322481945,0.07124570562500487,-0.32549164762303273,0.21888643270968935,0.6997632155283807,11,18,0.06,0.18,123.8
hongli,1.7519942742798484,0.060043524738782716,-0.3254916476230326,0.1844702473235872,0.5792989852658863,9,18,0.06,0.19999999999999998,170.0
hongli,1.9780459594206357,0.06487455165100409,-0.3254916476230326,0.19931249273142146,0.6117108598763077,9,18,0.06,0.22,183.5
hongli,2.3675896214579493,0.0724414316808486,-0.3254916476230326,0.2225600325226977,0.619152302438179,9,18,0.06,0.24,260.75
hongli,2.8701746174371445,0.0810686671355576,-0.3254916476230326,0.24906527626001357,0.6778797085147233,9,18,0.06,0.26,267.875
hongli,2.6271235062080573,0.07703741642108763,-0.3254916476230326,0.23668016363451616,0.6313529362608282,8,18,0.06,0.28,333.7142857142857
hongli,2.9451758742627487,0.082264524182875,-0.3254916476230326,0.2527392785149113,0.6625107282575949,8,18,0.06,0.30000000000000004,347.57142857142856
hongli,2.897850367018186,0.08151246530150202,-0.3254916476230326,0.25042874647249164,0.6480761747267346,7,18,0.06,0.32,268.5
hongli,3.1752135672576873,0.08580313898123748,-0.3254916476230326,0.2636108779067971,0.675541177715368,7,18,0.06,0.34,277.1666666666667
hongli,2.3216885834060204,0.07159400041308972,-0.3254916476230326,0.21995649023844122,0.5576244479390112,6,18,0.06,0.36000000000000004,366.2
hongli,2.6103285259084235,0.07674953091429337,-0.3254916476230326,0.2357957000579648,0.5899941792779955,6,18,0.06,0.38,371.8
hongli,1.3032184958027022,0.049229527481821744,-0.38924639049667464,0.12647394730881215,0.39174965516398713,4,18,0.06,0.4,722.0
hongli,0.3341843016277901,0.016745904205911488,-0.21242301427220656,0.07883281509437899,0.2817855701910472,66,18,0.08,0.02,7.333333333333333
hongli,0.5596848300036847,0.02593281801068925,-0.22463707443630232,0.11544317907346463,0.38921409478895613,34,18,0.08,0.04,15.823529411764707
hongli,0.6119335190096966,0.02788184283534645,-0.25473708765507574,0.10945340975672763,0.40034083612013593,23,18,0.08,0.06,27.17391304347826
hongli,0.6265604417843107,0.028416803060856033,-0.22112757111095493,0.12850863833075507,0.3960727299509583,16,18,0.08,0.08,43.75
hongli,1.0996128000695666,0.04365081981502272,-0.24619259435759566,0.17730354533581033,0.5553597712513895,13,18,0.08,0.1,58.46153846153846
hongli,1.071471432205965,0.042839967491026254,-0.2672017726805357,0.1603281559896138,0.5219002055914895,11,18,0.08,0.12000000000000001,84.7
hongli,1.3205807371852623,0.04968349604693212,-0.26782877283388384,0.18550469959307714,0.5838384559322787,11,18,0.08,0.13999999999999999,96.8
hongli,1.7918049783677845,0.060920839948977346,-0.247882469565754,0.24576501942916668,0.6897974510226527,11,18,0.08,0.16,99.4
hongli,2.205636540930915,0.0694011887446997,-0.26588127316420396,0.26102323010104833,0.7553110939047608,10,18,0.08,0.18,120.0
hongli,2.1269414795834805,0.06787125866595933,-0.26588127316420385,0.2552690449321084,0.6924133909801673,9,18,0.08,0.19999999999999998,159.875
hongli,2.4203081839787663,0.07340140101811898,-0.26588127316420385,0.27606833736194536,0.7317108047644214,9,18,0.08,0.22,171.625
hongli,2.8758175393113046,0.08115939716348053,-0.26588127316420396,0.30524675994520983,0.7206160288201752,9,18,0.08,0.24,252.25
hongli,3.430294956843351,0.08951827718722072,-0.26588127316420385,0.3366851531959369,0.7781191585918149,9,18,0.08,0.26,261.625
hongli,3.0860983423711117,0.08445463112475537,-0.26588127316420385,0.3176403893349706,0.7155780274626429,8,18,0.08,0.28,327.2857142857143
hongli,3.4534780644089675,0.08984586479409029,-0.26588127316420385,0.3379172354820303,0.7508689580309091,8,18,0.08,0.30000000000000004,334.2857142857143
hongli,3.322503227520297,0.08797359394777748,-0.26588127316420385,0.33087548025033886,0.7246063230063685,7,18,0.08,0.32,266.3333333333333
hongli,3.6136156072097876,0.09206574585815819,-0.26588127316420385,0.3462663795855224,0.7531369464430941,7,18,0.08,0.34,269.6666666666667
hongli,2.6834014242742477,0.07799301149260063,-0.26588127316420396,0.2933377389254241,0.6246554763755215,6,18,0.08,0.36000000000000004,356.6
hongli,2.976672625657351,0.08276034742879079,-0.26588127316420396,0.31126805752009223,0.6544493938085838,6,18,0.08,0.38,365.8
hongli,1.3868947830319804,0.05138843759555711,-0.38924639049667464,0.13202033172352853,0.4116348768355683,4,18,0.08,0.4,728.3333333333334
hongli,0.16299826524835703,0.008735614315222184,-0.1824232950322323,0.04788650656528647,0.17811866604529325,47,18,0.1,0.02,7.787234042553192
hongli,0.30054071166953844,0.015251265768127409,-0.18953830525180015,0.08046534840472601,0.26991935087037905,24,18,0.1,0.04,17.958333333333332
hongli,0.30677647680937814,0.015531023796206078,-0.19467098659423898,0.07978088603710655,0.26856501156372675,16,18,0.1,0.06,27.8125
hongli,0.35324526457009764,0.01757701204655948,-0.1937062587290168,0.09074054788879406,0.29130682500727284,11,18,0.1,0.08,44.63636363636363
hongli,0.26735925591468,0.01374103154202011,-0.21774786578423788,0.06310524097460422,0.2263562992757498,7,18,0.1,0.1,76.85714285714286
hongli,0.28518269157626563,0.01455682418590487,-0.23490795576483403,0.061968204263280396,0.23749791173517462,6,18,0.1,0.12000000000000001,89.5
hongli,0.4070625338098981,0.01986538508830704,-0.22140383608313263,0.0897246652982471,0.30459318336866453,6,18,0.1,0.13999999999999999,100.16666666666667
hongli,0.5465138764407254,0.025431797019811464,-0.19527591287485235,0.13023519719050086,0.37441844471063973,6,18,0.1,0.16,103.33333333333333
hongli,0.6383844804969399,0.028845948125366005,-0.2385314433757616,0.12093142823072017,0.4042005871843603,5,18,0.1,0.18,139.4
hongli,0.8090259002829192,0.03473423810691689,-0.2385314433757616,0.14561702061308374,0.42939720024959177,5,18,0.1,0.19999999999999998,192.0
hongli,0.9013512652545983,0.037705197154398906,-0.2385314433757616,0.15807222989466185,0.46083973925961086,5,18,0.1,0.22,194.0
hongli,1.0477770270524198,0.04214915708056699,-0.2385314433757616,0.17670272935115264,0.48189978696595304,5,18,0.1,0.24,245.6
hongli,1.2317187376927676,0.047325391811281925,-0.2385314433757617,0.1984031586843233,0.5277935133132292,5,18,0.1,0.26,254.8
hongli,1.4747978665187218,0.05358089943173017,-0.2385314433757617,0.2246282447019929,0.5280728402424616,5,18,0.1,0.28,344.0
hongli,1.6217068618243982,0.057086303872451616,-0.2385314433757617,0.2393240197793245,0.5553410672106559,5,18,0.1,0.30000000000000004,346.4
hongli,1.6605434245749882,0.05798203258742518,-0.2385314433757617,0.24307920065735453,0.5478666109540117,5,18,0.1,0.32,236.0
hongli,1.7476664372776654,0.05994743177704143,-0.2385314433757617,0.25131878182871453,0.5635420816579,5,18,0.1,0.34,236.75
hongli,1.1307180181414402,0.04453523949062288,-0.25376408240620507,0.17549859329317716,0.41967388206416295,4,18,0.1,0.36000000000000004,347.0
hongli,1.227239072379203,0.04720418658919234,-0.25376408240620496,0.1860160277278,0.4400248295202609,4,18,0.1,0.38,349.6666666666667
hongli,0.7949013509395668,0.03426716585262968,-0.38924639049667453,0.08803463998447131,0.30555068232639904,3,18,0.1,0.4,887.0
hongli,0.16194433892098448,0.008682937860152506,-0.17946838339921523,0.04838143463318495,0.20483185568963166,33,18,0.12000000000000001,0.02,7.7272727272727275
hongli,0.2983410972637448,0.01515228177348793,-0.15875746859887652,0.09544295400534723,0.3002585099264008,17,18,0.12000000000000001,0.04,17.647058823529413
hongli,0.2736221886923629,0.014028916052826634,-0.172227808683177,0.08145558002560223,0.2731188804404193,12,18,0.12000000000000001,0.06,29.083333333333332
hongli,0.4022098073416893,0.019662455898701525,-0.16308371838545654,0.12056663959689909,0.3520975195049521,9,18,0.12000000000000001,0.08,41.333333333333336
hongli,0.24038154611908236,0.012485436480742518,-0.217747865784238,0.05733896144412312,0.21665946440561432,6,18,0.12000000000000001,0.1,78.16666666666667
hongli,0.2860601534138596,0.014596710375583744,-0.21774786578423788,0.06703491822072478,0.24849034274657444,5,18,0.12000000000000001,0.12000000000000001,93.0
hongli,0.37805309400686515,0.01864232833820645,-0.21774786578423788,0.08561428729078231,0.30538283784168313,5,18,0.12000000000000001,0.13999999999999999,95.0
hongli,0.47137472460040564,0.022494219760979872,-0.17284959325141291,0.13013753366640335,0.3576089671832201,5,18,0.12000000000000001,0.16,96.0
hongli,0.4943944330839427,0.02340891984720228,-0.23853144337576182,0.09813766904653275,0.3547369035549278,4,18,0.12000000000000001,0.18,135.0
hongli,0.6081266431556143,0.02774186121045119,-0.23853144337576182,0.1163027432268083,0.36798369156423333,4,18,0.12000000000000001,0.19999999999999998,199.0
hongli,0.651578259500077,0.02932137497915166,-0.23853144337576182,0.12292456945796157,0.3859991687981274,4,18,0.12000000000000001,0.22,201.0
hongli,0.7737326736717227,0.033560630919600154,-0.23853144337576182,0.14069688442178097,0.4288840302829891,4,18,0.12000000000000001,0.24,208.0
hongli,0.9035236399360764,0.03777345226116191,-0.2385314433757617,0.15835837710358755,0.47133200055771185,4,18,0.12000000000000001,0.26,214.25
hongli,1.0578702926715207,0.04244434242864137,-0.2385314433757617,0.17794024061548247,0.5147996623645295,4,18,0.12000000000000001,0.28,218.25
hongli,1.1628738725635746,0.045436832116306336,-0.2385314433757617,0.19048571321781296,0.5428468587656754,4,18,0.12000000000000001,0.30000000000000004,221.0
hongli,1.3724198240783392,0.05102012729753502,-0.23853144337576182,0.21389266997878484,0.596711069482128,4,18,0.12000000000000001,0.32,225.75
hongli,1.4501078484721819,0.052972593448031846,-0.23853144337576182,0.22207803171921198,0.6163803818697939,4,18,0.12000000000000001,0.34,226.5
hongli,0.896450585555556,0.03755094954233784,-0.25376408240620507,0.14797582536613402,0.42416370766818207,3,18,0.12000000000000001,0.36000000000000004,333.6666666666667
hongli,0.9823593769907135,0.04020205071317973,-0.2537640824062052,0.15842293492436613,0.4489942797065697,3,18,0.12000000000000001,0.38,336.3333333333333
hongli,0.5560925548406859,0.025796565056234178,-0.38924639049667464,0.06627310024202925,0.2648097781357936,2,18,0.12000000000000001,0.4,874.0
hongli,0.10901528109608671,0.005977811505301744,-0.11246745931153912,0.05315147636386966,0.1738855845284937,19,18,0.13999999999999999,0.02,8.526315789473685
hongli,0.22061503591388387,0.01154902078639286,-0.120144151788522,0.09612636665596068,0.29080351581507263,13,18,0.13999999999999999,0.04,15.153846153846153
hongli,0.33950473697942063,0.016979009178771154,-0.10487448310429803,0.16189838248723926,0.39575146858250254,10,18,0.13999999999999999,0.06,23.0
hongli,0.35923290746651815,0.017835812678326457,-0.12466897790401377,0.14306536379931473,0.37338870407386926,7,18,0.13999999999999999,0.08,40.57142857142857
hongli,0.10306453793249704,0.005666105586746184,-0.21774786578423788,0.026021405841748262,0.13029762978172402,4,18,0.13999999999999999,0.1,85.25
hongli,0.058448661031290206,0.003277286786218969,-0.217747865784238,0.015050833101925174,0.08583962002624401,3,18,0.13999999999999999,0.12000000000000001,123.66666666666667
hongli,0.12727237550649684,0.006924394658808231,-0.21774786578423788,0.03180005752924108,0.14842834405288324,3,18,0.13999999999999999,0.13999999999999999,126.66666666666667
hongli,0.19425789553296613,0.010277897564033633,-0.16185517188754728,0.06350058168777237,0.20594205589591066,3,18,0.13999999999999999,0.16,124.33333333333333
hongli,0.1361686857567097,0.007380421739417331,-0.2385314433757617,0.03094108531339768,0.15117773639020549,2,18,0.13999999999999999,0.18,208.0
hongli,0.15918229479603374,0.008544673779812051,-0.2385314433757617,0.03582200174067414,0.16981596976164992,2,18,0.13999999999999999,0.19999999999999998,208.5
hongli,0.1716739571866066,0.009167534002477495,-0.2385314433757617,0.038433230741977104,0.17984940383055853,2,18,0.13999999999999999,0.22,209.5
hongli,0.21890683468147976,0.011467427151123477,-0.2385314433757617,0.048075117430361955,0.21364472196716414,2,18,0.13999999999999999,0.24,217.0
hongli,0.2707526748774365,0.013897180798408293,-0.2385314433757617,0.058261420807804706,0.24970120183789035,2,18,0.13999999999999999,0.26,220.0
hongli,0.29707490065272646,0.015095230456492414,-0.2385314433757617,0.06328402764373793,0.26317598881839754,2,18,0.13999999999999999,0.28,224.5
hongli,0.3632586190540714,0.018009210498881822,-0.2385314433757617,0.07550036273629417,0.3030570178437178,2,18,0.13999999999999999,0.30000000000000004,230.0
hongli,0.41406126875205085,0.020156896582339323,-0.2385314433757617,0.08450414879092438,0.33342897433680396,2,18,0.13999999999999999,0.32,231.5
hongli,0.43518335104577366,0.02102850187614469,-0.2385314433757617,0.0881581965821513,0.3459283228403434,2,18,0.13999999999999999,0.34,232.5
hongli,0.47176616335720745,0.022509886169297832,-0.25376408240620507,0.08870398819193735,0.2876916826584208,2,18,0.13999999999999999,0.36000000000000004,451.0
hongli,0.5195166275512473,0.024392132392067056,-0.25376408240620507,0.09612129565689323,0.30745143175027634,2,18,0.13999999999999999,0.38,453.0
hongli,0.5448163906855197,0.02536693263565648,-0.25376408240620507,0.09996265978670354,0.2798450577403651,2,18,0.13999999999999999,0.4,712.5
hongli,0.061994515504647074,0.0034705770439160677,-0.07324867454980954,0.047380748733631406,0.13467069351811117,8,18,0.16,0.02,9.875
hongli,0.1340214621004132,0.007270663406214073,-0.08875430542047669,0.08191899392112918,0.24480341306592812,7,18,0.16,0.04,12.285714285714286
hongli,0.22532417821658846,0.0117734008500745,-0.08985428461005962,0.13102770670500014,0.3362985645121806,6,18,0.16,0.06,20.833333333333332
hongli,0.0954498313517187,0.0052649200629435455,-0.10998093086269811,0.04787120841445098,0.1523150768103953,3,18,0.16,0.08,52.0
hongli,0.13655760434914277,0.007400280943542503,-0.109980930862698,0.06728694588683864,0.18728182393223147,3,18,0.16,0.1,72.33333333333333
hongli,0.194722435575591,0.010300528826527655,-0.10998093086269811,0.09365740720440886,0.24929972697388014,3,18,0.16,0.12000000000000001,77.33333333333333
hongli,0.2724071063682796,0.013973167548537724,-0.109980930862698,0.12705082089168762,0.3242149579045401,3,18,0.16,0.13999999999999999,80.33333333333333
hongli,0.31967881851480584,0.01610589504411819,-0.109980930862698,0.14644261434943712,0.3444527576878144,3,18,0.16,0.16,96.66666666666667
hongli,0.2147715094255862,0.011269452863387874,-0.21774786578423788,0.05175459618306687,0.23336696972129892,2,18,0.16,0.18,171.5
hongli,0.23937725410108812,0.012438199543864714,-0.21774786578423788,0.057122027346019934,0.253844733228463,2,18,0.16,0.19999999999999998,172.0
hongli,0.25273311909513585,0.013063464342536912,-0.21774786578423788,0.05999353562198054,0.2649876192097344,2,18,0.16,0.22,173.0
hongli,0.30323367821831404,0.0153722363177351,-0.21774786578423788,0.07059649591682864,0.29973669734126235,2,18,0.16,0.24,180.5
hongli,0.35866633565890704,0.01781137012305556,-0.21774786578423788,0.0817981386816645,0.3381209528867904,2,18,0.16,0.26,183.5
hongli,0.38680959496304257,0.019014044898233218,-0.21774786578423788,0.08732138351736528,0.3494902532160668,2,18,0.16,0.28,188.0
hongli,0.45757205876766105,0.021939274473405934,-0.21774786578423788,0.10075540531425982,0.39097082474769457,2,18,0.16,0.30000000000000004,193.5
hongli,0.5118893553364634,0.02409525178214733,-0.21774786578423788,0.11065666106699226,0.42353833277668523,2,18,0.16,0.32,195.0
hongli,0.5344727129943696,0.024970221941938098,-0.21774786578423788,0.11467493310212558,0.4370788205144026,2,18,0.16,0.34,196.0
hongli,0.5735864103596471,0.026457325176514113,-0.25376408240620507,0.10425953478382083,0.34091177418668545,2,18,0.16,0.36000000000000004,414.5
hongli,0.6246403640479883,0.028346837883706844,-0.25376408240620507,0.11170547705144306,0.36154013475705465,2,18,0.16,0.38,416.5
hongli,0.6516904243392212,0.02932540138138129,-0.25376408240620507,0.11556167091621561,0.3206772312179993,2,18,0.16,0.4,676.0
hongli,0.11614762067466966,0.006349340535940939,-0.03933613760359833,0.1614124040322689,0.33422059084590017,4,18,0.18,0.02,7.5
hongli,0.17881607884593342,0.00952084888268101,-0.03933613760359833,0.242038223951354,0.4400412820879725,4,18,0.18,0.04,8.0
hongli,0.17737633483575443,0.009449788577673202,-0.05178204022034927,0.18249162330146332,0.38321180709887454,3,18,0.18,0.06,17.0
hongli,0.2365025841447761,0.01230278959326725,-0.08386157572154262,0.146703534812152,0.3512780419631767,3,18,0.18,0.08,38.666666666666664
hongli,0.2829034927806664,0.014453100156261556,-0.08386157572154262,0.17234472440933157,0.36143521072712304,3,18,0.18,0.1,59.0
hongli,0.3485577674534748,0.017373652703021047,-0.08386157572154262,0.20717059694548584,0.42470564276028594,3,18,0.18,0.12000000000000001,64.0
hongli,0.4362453031437834,0.02107200360461836,-0.08386157572154262,0.25127125770432335,0.49980854159336763,3,18,0.18,0.13999999999999999,67.0
hongli,0.48960383454635936,0.023219662346239733,-0.08479937116334757,0.2738188034615504,0.5043898997466029,3,18,0.18,0.16,83.33333333333333
hongli,0.28608191792477333,0.014597699384256257,-0.21774786578423788,0.06703946021092502,0.29689445608617065,2,18,0.18,0.18,169.0
hongli,0.3121320870789712,0.01577029259353102,-0.21774786578423788,0.07242455643242675,0.31735950099918914,2,18,0.18,0.19999999999999998,169.5
hongli,0.32627197785992235,0.01639761523681127,-0.21774786578423788,0.07530551529290003,0.328582720724525,2,18,0.18,0.22,170.5
hongli,0.3797370578601289,0.018713985743016526,-0.21774786578423788,0.08594337159455721,0.36185267799814025,2,18,0.18,0.24,178.0
hongli,0.43842376383216397,0.02116114712059125,-0.21774786578423788,0.09718188072419236,0.39965683758223547,2,18,0.18,0.26,181.0
hongli,0.46821910939441835,0.02236778008725282,-0.21774786578423788,0.10272330342569978,0.40907471917746646,2,18,0.18,0.28,185.5
hongli,0.5431355232720863,0.025302637052166954,-0.21774786578423788,0.11620153869723272,0.4496045996651939,2,18,0.18,0.30000000000000004,191.0
hongli,0.6006413936400257,0.027465710020681877,-0.21774786578423788,0.12613538103697014,0.48206994185200625,2,18,0.18,0.32,192.5
hongli,0.6245504561299704,0.028343559844623334,-0.21774786578423788,0.13016687783616862,0.4956513649962197,2,18,0.18,0.34,193.5
hongli,0.6659602344581201,0.029835557369393362,-0.2537640824062052,0.11757202629501758,0.37967721216675,2,18,0.18,0.36000000000000004,412.0
hongli,0.7200111947973133,0.0317312887595258,-0.2537640824062052,0.1250424743275248,0.4003610415346255,2,18,0.18,0.38,414.0
hongli,0.748649167576062,0.032713072863288284,-0.2537640824062052,0.12891135953166066,0.35171811418423204,2,18,0.18,0.4,673.5
hongli,0.04159712136648386,0.0023502587173154232,0.0,,0.2896427992905215,1,18,0.19999999999999998,0.02,2.0
hongli,0.04159712136648386,0.0023502587173154232,0.0,,0.2896427992905215,1,18,0.19999999999999998,0.04,2.0
hongli,0.0713328853532178,0.003976731379884857,0.0,,0.3762225114008633,1,18,0.19999999999999998,0.06,3.0
hongli,0.08322025448160764,0.004615064088757226,-0.03132903580865909,0.14730948366695856,0.3001479141892374,1,18,0.19999999999999998,0.08,8.0
hongli,0.10508312921336138,0.0057720186579071076,-0.03132903580865909,0.18423863067984264,0.293462551321209,1,18,0.19999999999999998,0.1,19.0
hongli,0.12592721045672284,0.006855146158689651,-0.03132903580865909,0.21881127145301243,0.339390065728076,1,18,0.19999999999999998,0.12000000000000001,29.0
hongli,0.14580018641753179,0.00787035665863045,-0.03132903580865909,0.25121605103643657,0.3819011202298813,1,18,0.19999999999999998,0.13999999999999999,31.0
hongli,0.16141157089285318,0.008656292362482443,-0.08479937116334779,0.10207967634344779,0.32418032670924257,1,18,0.19999999999999998,0.16,76.0
hongli,0.07529100643790776,0.004190014193889757,-0.21774786578423788,0.019242504071390353,0.11501418585173784,1,18,0.19999999999999998,0.18,240.0
hongli,0.09707151063230213,0.005350579009067102,-0.21774786578423788,0.024572360283746188,0.14004208706389676,1,18,0.19999999999999998,0.19999999999999998,241.0
hongli,0.10889385038909238,0.0059714666125398885,-0.21774786578423788,0.02742376643294818,0.15349856111527088,1,18,0.19999999999999998,0.22,243.0
hongli,0.13193592439251733,0.0071638705819736526,-0.21774786578423788,0.032899842926920775,0.17488714629483904,1,18,0.19999999999999998,0.24,253.0
hongli,0.16670929703249304,0.008920738565750597,-0.21774786578423788,0.04096820206995729,0.20859302534735677,1,18,0.19999999999999998,0.26,258.0
hongli,0.16670929703249304,0.008920738565750597,-0.21774786578423788,0.04096820206995729,0.20859302534735677,1,18,0.19999999999999998,0.28,258.0
hongli,0.18161402900309986,0.009658711479787474,-0.21774786578423788,0.0443573187043684,0.22344900161662368,1,18,0.19999999999999998,0.30000000000000004,259.0
hongli,0.225647584158845,0.011788780580659353,-0.21774786578423788,0.05413959185409709,0.2648727395424454,1,18,0.19999999999999998,0.32,262.0
hongli,0.225647584158845,0.011788780580659353,-0.21774786578423788,0.05413959185409709,0.2648727395424454,1,18,0.19999999999999998,0.34,262.0
hongli,0.23991502828777667,0.012463498270268714,-0.2537640824062052,0.049114508846520466,0.19460680727886792,1,18,0.19999999999999998,0.36000000000000004,698.0
hongli,0.2674831465545271,0.013746739335614322,-0.2537640824062052,0.05417133585362819,0.2103087362928044,1,18,0.19999999999999998,0.38,701.0
hongli,0.27249474345912894,0.01397719005470277,-0.2537640824062052,0.0550794656287457,0.2131355379758927,1,18,0.19999999999999998,0.4,702.0
hongli,0.0,0.0,0.0,,0.0,0,18,0.22,0.02,0.0
hongli,0.0,0.0,0.0,,0.0,0,18,0.22,0.04,0.0
hongli,0.0,0.0,0.0,,0.0,0,18,0.22,0.06,0.0
hongli,0.0,0.0,0.0,,0.0,0,18,0.22,0.08,0.0
hongli,0.0,0.0,0.0,,0.0,0,18,0.22,0.1,0.0
hongli,0.0,0.0,0.0,,0.0,0,18,0.22,0.12000000000000001,0.0
hongli,0.0,0.0,0.0,,0.0,0,18,0.22,0.13999999999999999,0.0
hongli,0.0,0.0,0.0,,0.0,0,18,0.22,0.16,0.0
hongli,0.0,0.0,0.0,,0.0,0,18,0.22,0.18,0.0
hongli,0.0,0.0,0.0,,0.0,0,18,0.22,0.19999999999999998,0.0
hongli,0.0,0.0,0.0,,0.0,0,18,0.22,0.22,0.0
hongli,0.0,0.0,0.0,,0.0,0,18,0.22,0.24,0.0
hongli,0.0,0.0,0.0,,0.0,0,18,0.22,0.26,0.0
hongli,0.0,0.0,0.0,,0.0,0,18,0.22,0.28,0.0
hongli,0.0,0.0,0.0,,0.0,0,18,0.22,0.30000000000000004,0.0
hongli,0.0,0.0,0.0,,0.0,0,18,0.22,0.32,0.0
hongli,0.0,0.0,0.0,,0.0,0,18,0.22,0.34,0.0
hongli,0.0,0.0,0.0,,0.0,0,18,0.22,0.36000000000000004,0.0
hongli,0.0,0.0,0.0,,0.0,0,18,0.22,0.38,0.0
hongli,0.0,0.0,0.0,,0.0,0,18,0.22,0.4,0.0
hongli,0.0,0.0,0.0,,0.0,0,18,0.24,0.02,0.0
hongli,0.0,0.0,0.0,,0.0,0,18,0.24,0.04,0.0
hongli,0.0,0.0,0.0,,0.0,0,18,0.24,0.06,0.0
hongli,0.0,0.0,0.0,,0.0,0,18,0.24,0.08,0.0
hongli,0.0,0.0,0.0,,0.0,0,18,0.24,0.1,0.0
hongli,0.0,0.0,0.0,,0.0,0,18,0.24,0.12000000000000001,0.0
hongli,0.0,0.0,0.0,,0.0,0,18,0.24,0.13999999999999999,0.0
hongli,0.0,0.0,0.0,,0.0,0,18,0.24,0.16,0.0
hongli,0.0,0.0,0.0,,0.0,0,18,0.24,0.18,0.0
hongli,0.0,0.0,0.0,,0.0,0,18,0.24,0.19999999999999998,0.0
hongli,0.0,0.0,0.0,,0.0,0,18,0.24,0.22,0.0
hongli,0.0,0.0,0.0,,0.0,0,18,0.24,0.24,0.0
hongli,0.0,0.0,0.0,,0.0,0,18,0.24,0.26,0.0
hongli,0.0,0.0,0.0,,0.0,0,18,0.24,0.28,0.0
hongli,0.0,0.0,0.0,,0.0,0,18,0.24,0.30000000000000004,0.0
hongli,0.0,0.0,0.0,,0.0,0,18,0.24,0.32,0.0
hongli,0.0,0.0,0.0,,0.0,0,18,0.24,0.34,0.0
hongli,0.0,0.0,0.0,,0.0,0,18,0.24,0.36000000000000004,0.0
hongli,0.0,0.0,0.0,,0.0,0,18,0.24,0.38,0.0
hongli,0.0,0.0,0.0,,0.0,0,18,0.24,0.4,0.0
hongli,0.0,0.0,0.0,,0.0,0,18,0.26,0.02,0.0
hongli,0.0,0.0,0.0,,0.0,0,18,0.26,0.04,0.0
hongli,0.0,0.0,0.0,,0.0,0,18,0.26,0.06,0.0
hongli,0.0,0.0,0.0,,0.0,0,18,0.26,0.08,0.0
hongli,0.0,0.0,0.0,,0.0,0,18,0.26,0.1,0.0
hongli,0.0,0.0,0.0,,0.0,0,18,0.26,0.12000000000000001,0.0
hongli,0.0,0.0,0.0,,0.0,0,18,0.26,0.13999999999999999,0.0
hongli,0.0,0.0,0.0,,0.0,0,18,0.26,0.16,0.0
hongli,0.0,0.0,0.0,,0.0,0,18,0.26,0.18,0.0
hongli,0.0,0.0,0.0,,0.0,0,18,0.26,0.19999999999999998,0.0
hongli,0.0,0.0,0.0,,0.0,0,18,0.26,0.22,0.0
hongli,0.0,0.0,0.0,,0.0,0,18,0.26,0.24,0.0
hongli,0.0,0.0,0.0,,0.0,0,18,0.26,0.26,0.0
hongli,0.0,0.0,0.0,,0.0,0,18,0.26,0.28,0.0
hongli,0.0,0.0,0.0,,0.0,0,18,0.26,0.30000000000000004,0.0
hongli,0.0,0.0,0.0,,0.0,0,18,0.26,0.32,0.0
hongli,0.0,0.0,0.0,,0.0,0,18,0.26,0.34,0.0
hongli,0.0,0.0,0.0,,0.0,0,18,0.26,0.36000000000000004,0.0
hongli,0.0,0.0,0.0,,0.0,0,18,0.26,0.38,0.0
hongli,0.0,0.0,0.0,,0.0,0,18,0.26,0.4,0.0
hongli,0.0,0.0,0.0,,0.0,0,18,0.28,0.02,0.0
hongli,0.0,0.0,0.0,,0.0,0,18,0.28,0.04,0.0
hongli,0.0,0.0,0.0,,0.0,0,18,0.28,0.06,0.0
hongli,0.0,0.0,0.0,,0.0,0,18,0.28,0.08,0.0
hongli,0.0,0.0,0.0,,0.0,0,18,0.28,0.1,0.0
hongli,0.0,0.0,0.0,,0.0,0,18,0.28,0.12000000000000001,0.0
hongli,0.0,0.0,0.0,,0.0,0,18,0.28,0.13999999999999999,0.0
hongli,0.0,0.0,0.0,,0.0,0,18,0.28,0.16,0.0
hongli,0.0,0.0,0.0,,0.0,0,18,0.28,0.18,0.0
hongli,0.0,0.0,0.0,,0.0,0,18,0.28,0.19999999999999998,0.0
hongli,0.0,0.0,0.0,,0.0,0,18,0.28,0.22,0.0
hongli,0.0,0.0,0.0,,0.0,0,18,0.28,0.24,0.0
hongli,0.0,0.0,0.0,,0.0,0,18,0.28,0.26,0.0
hongli,0.0,0.0,0.0,,0.0,0,18,0.28,0.28,0.0
hongli,0.0,0.0,0.0,,0.0,0,18,0.28,0.30000000000000004,0.0
hongli,0.0,0.0,0.0,,0.0,0,18,0.28,0.32,0.0
hongli,0.0,0.0,0.0,,0.0,0,18,0.28,0.34,0.0
hongli,0.0,0.0,0.0,,0.0,0,18,0.28,0.36000000000000004,0.0
hongli,0.0,0.0,0.0,,0.0,0,18,0.28,0.38,0.0
hongli,0.0,0.0,0.0,,0.0,0,18,0.28,0.4,0.0
hongli,0.0,0.0,0.0,,0.0,0,18,0.30000000000000004,0.02,0.0
hongli,0.0,0.0,0.0,,0.0,0,18,0.30000000000000004,0.04,0.0
hongli,0.0,0.0,0.0,,0.0,0,18,0.30000000000000004,0.06,0.0
hongli,0.0,0.0,0.0,,0.0,0,18,0.30000000000000004,0.08,0.0
hongli,0.0,0.0,0.0,,0.0,0,18,0.30000000000000004,0.1,0.0
hongli,0.0,0.0,0.0,,0.0,0,18,0.30000000000000004,0.12000000000000001,0.0
hongli,0.0,0.0,0.0,,0.0,0,18,0.30000000000000004,0.13999999999999999,0.0
hongli,0.0,0.0,0.0,,0.0,0,18,0.30000000000000004,0.16,0.0
hongli,0.0,0.0,0.0,,0.0,0,18,0.30000000000000004,0.18,0.0
hongli,0.0,0.0,0.0,,0.0,0,18,0.30000000000000004,0.19999999999999998,0.0
hongli,0.0,0.0,0.0,,0.0,0,18,0.30000000000000004,0.22,0.0
hongli,0.0,0.0,0.0,,0.0,0,18,0.30000000000000004,0.24,0.0
hongli,0.0,0.0,0.0,,0.0,0,18,0.30000000000000004,0.26,0.0
hongli,0.0,0.0,0.0,,0.0,0,18,0.30000000000000004,0.28,0.0
hongli,0.0,0.0,0.0,,0.0,0,18,0.30000000000000004,0.30000000000000004,0.0
hongli,0.0,0.0,0.0,,0.0,0,18,0.30000000000000004,0.32,0.0
hongli,0.0,0.0,0.0,,0.0,0,18,0.30000000000000004,0.34,0.0
hongli,0.0,0.0,0.0,,0.0,0,18,0.30000000000000004,0.36000000000000004,0.0
hongli,0.0,0.0,0.0,,0.0,0,18,0.30000000000000004,0.38,0.0
hongli,0.0,0.0,0.0,,0.0,0,18,0.30000000000000004,0.4,0.0
hongli,0.0,0.0,0.0,,0.0,0,18,0.32,0.02,0.0
hongli,0.0,0.0,0.0,,0.0,0,18,0.32,0.04,0.0
hongli,0.0,0.0,0.0,,0.0,0,18,0.32,0.06,0.0
hongli,0.0,0.0,0.0,,0.0,0,18,0.32,0.08,0.0
hongli,0.0,0.0,0.0,,0.0,0,18,0.32,0.1,0.0
hongli,0.0,0.0,0.0,,0.0,0,18,0.32,0.12000000000000001,0.0
hongli,0.0,0.0,0.0,,0.0,0,18,0.32,0.13999999999999999,0.0
hongli,0.0,0.0,0.0,,0.0,0,18,0.32,0.16,0.0
hongli,0.0,0.0,0.0,,0.0,0,18,0.32,0.18,0.0
hongli,0.0,0.0,0.0,,0.0,0,18,0.32,0.19999999999999998,0.0
hongli,0.0,0.0,0.0,,0.0,0,18,0.32,0.22,0.0
hongli,0.0,0.0,0.0,,0.0,0,18,0.32,0.24,0.0
hongli,0.0,0.0,0.0,,0.0,0,18,0.32,0.26,0.0
hongli,0.0,0.0,0.0,,0.0,0,18,0.32,0.28,0.0
hongli,0.0,0.0,0.0,,0.0,0,18,0.32,0.30000000000000004,0.0
hongli,0.0,0.0,0.0,,0.0,0,18,0.32,0.32,0.0
hongli,0.0,0.0,0.0,,0.0,0,18,0.32,0.34,0.0
hongli,0.0,0.0,0.0,,0.0,0,18,0.32,0.36000000000000004,0.0
hongli,0.0,0.0,0.0,,0.0,0,18,0.32,0.38,0.0
hongli,0.0,0.0,0.0,,0.0,0,18,0.32,0.4,0.0
hongli,0.0,0.0,0.0,,0.0,0,18,0.34,0.02,0.0
hongli,0.0,0.0,0.0,,0.0,0,18,0.34,0.04,0.0
hongli,0.0,0.0,0.0,,0.0,0,18,0.34,0.06,0.0
hongli,0.0,0.0,0.0,,0.0,0,18,0.34,0.08,0.0
hongli,0.0,0.0,0.0,,0.0,0,18,0.34,0.1,0.0
hongli,0.0,0.0,0.0,,0.0,0,18,0.34,0.12000000000000001,0.0
hongli,0.0,0.0,0.0,,0.0,0,18,0.34,0.13999999999999999,0.0
hongli,0.0,0.0,0.0,,0.0,0,18,0.34,0.16,0.0
hongli,0.0,0.0,0.0,,0.0,0,18,0.34,0.18,0.0
hongli,0.0,0.0,0.0,,0.0,0,18,0.34,0.19999999999999998,0.0
hongli,0.0,0.0,0.0,,0.0,0,18,0.34,0.22,0.0
hongli,0.0,0.0,0.0,,0.0,0,18,0.34,0.24,0.0
hongli,0.0,0.0,0.0,,0.0,0,18,0.34,0.26,0.0
hongli,0.0,0.0,0.0,,0.0,0,18,0.34,0.28,0.0
hongli,0.0,0.0,0.0,,0.0,0,18,0.34,0.30000000000000004,0.0
hongli,0.0,0.0,0.0,,0.0,0,18,0.34,0.32,0.0
hongli,0.0,0.0,0.0,,0.0,0,18,0.34,0.34,0.0
hongli,0.0,0.0,0.0,,0.0,0,18,0.34,0.36000000000000004,0.0
hongli,0.0,0.0,0.0,,0.0,0,18,0.34,0.38,0.0
hongli,0.0,0.0,0.0,,0.0,0,18,0.34,0.4,0.0
hongli,0.0,0.0,0.0,,0.0,0,18,0.36000000000000004,0.02,0.0
hongli,0.0,0.0,0.0,,0.0,0,18,0.36000000000000004,0.04,0.0
hongli,0.0,0.0,0.0,,0.0,0,18,0.36000000000000004,0.06,0.0
hongli,0.0,0.0,0.0,,0.0,0,18,0.36000000000000004,0.08,0.0
hongli,0.0,0.0,0.0,,0.0,0,18,0.36000000000000004,0.1,0.0
hongli,0.0,0.0,0.0,,0.0,0,18,0.36000000000000004,0.12000000000000001,0.0
hongli,0.0,0.0,0.0,,0.0,0,18,0.36000000000000004,0.13999999999999999,0.0
hongli,0.0,0.0,0.0,,0.0,0,18,0.36000000000000004,0.16,0.0
hongli,0.0,0.0,0.0,,0.0,0,18,0.36000000000000004,0.18,0.0
hongli,0.0,0.0,0.0,,0.0,0,18,0.36000000000000004,0.19999999999999998,0.0
hongli,0.0,0.0,0.0,,0.0,0,18,0.36000000000000004,0.22,0.0
hongli,0.0,0.0,0.0,,0.0,0,18,0.36000000000000004,0.24,0.0
hongli,0.0,0.0,0.0,,0.0,0,18,0.36000000000000004,0.26,0.0
hongli,0.0,0.0,0.0,,0.0,0,18,0.36000000000000004,0.28,0.0
hongli,0.0,0.0,0.0,,0.0,0,18,0.36000000000000004,0.30000000000000004,0.0
hongli,0.0,0.0,0.0,,0.0,0,18,0.36000000000000004,0.32,0.0
hongli,0.0,0.0,0.0,,0.0,0,18,0.36000000000000004,0.34,0.0
hongli,0.0,0.0,0.0,,0.0,0,18,0.36000000000000004,0.36000000000000004,0.0
hongli,0.0,0.0,0.0,,0.0,0,18,0.36000000000000004,0.38,0.0
hongli,0.0,0.0,0.0,,0.0,0,18,0.36000000000000004,0.4,0.0
hongli,0.0,0.0,0.0,,0.0,0,18,0.38,0.02,0.0
hongli,0.0,0.0,0.0,,0.0,0,18,0.38,0.04,0.0
hongli,0.0,0.0,0.0,,0.0,0,18,0.38,0.06,0.0
hongli,0.0,0.0,0.0,,0.0,0,18,0.38,0.08,0.0
hongli,0.0,0.0,0.0,,0.0,0,18,0.38,0.1,0.0
hongli,0.0,0.0,0.0,,0.0,0,18,0.38,0.12000000000000001,0.0
hongli,0.0,0.0,0.0,,0.0,0,18,0.38,0.13999999999999999,0.0
hongli,0.0,0.0,0.0,,0.0,0,18,0.38,0.16,0.0
hongli,0.0,0.0,0.0,,0.0,0,18,0.38,0.18,0.0
hongli,0.0,0.0,0.0,,0.0,0,18,0.38,0.19999999999999998,0.0
hongli,0.0,0.0,0.0,,0.0,0,18,0.38,0.22,0.0
hongli,0.0,0.0,0.0,,0.0,0,18,0.38,0.24,0.0
hongli,0.0,0.0,0.0,,0.0,0,18,0.38,0.26,0.0
hongli,0.0,0.0,0.0,,0.0,0,18,0.38,0.28,0.0
hongli,0.0,0.0,0.0,,0.0,0,18,0.38,0.30000000000000004,0.0
hongli,0.0,0.0,0.0,,0.0,0,18,0.38,0.32,0.0
hongli,0.0,0.0,0.0,,0.0,0,18,0.38,0.34,0.0
hongli,0.0,0.0,0.0,,0.0,0,18,0.38,0.36000000000000004,0.0
hongli,0.0,0.0,0.0,,0.0,0,18,0.38,0.38,0.0
hongli,0.0,0.0,0.0,,0.0,0,18,0.38,0.4,0.0
hongli,0.0,0.0,0.0,,0.0,0,18,0.4,0.02,0.0
hongli,0.0,0.0,0.0,,0.0,0,18,0.4,0.04,0.0
hongli,0.0,0.0,0.0,,0.0,0,18,0.4,0.06,0.0
hongli,0.0,0.0,0.0,,0.0,0,18,0.4,0.08,0.0
hongli,0.0,0.0,0.0,,0.0,0,18,0.4,0.1,0.0
hongli,0.0,0.0,0.0,,0.0,0,18,0.4,0.12000000000000001,0.0
hongli,0.0,0.0,0.0,,0.0,0,18,0.4,0.13999999999999999,0.0
hongli,0.0,0.0,0.0,,0.0,0,18,0.4,0.16,0.0
hongli,0.0,0.0,0.0,,0.0,0,18,0.4,0.18,0.0
hongli,0.0,0.0,0.0,,0.0,0,18,0.4,0.19999999999999998,0.0
hongli,0.0,0.0,0.0,,0.0,0,18,0.4,0.22,0.0
hongli,0.0,0.0,0.0,,0.0,0,18,0.4,0.24,0.0
hongli,0.0,0.0,0.0,,0.0,0,18,0.4,0.26,0.0
hongli,0.0,0.0,0.0,,0.0,0,18,0.4,0.28,0.0
hongli,0.0,0.0,0.0,,0.0,0,18,0.4,0.30000000000000004,0.0
hongli,0.0,0.0,0.0,,0.0,0,18,0.4,0.32,0.0
hongli,0.0,0.0,0.0,,0.0,0,18,0.4,0.34,0.0
hongli,0.0,0.0,0.0,,0.0,0,18,0.4,0.36000000000000004,0.0
hongli,0.0,0.0,0.0,,0.0,0,18,0.4,0.38,0.0
hongli,0.0,0.0,0.0,,0.0,0,18,0.4,0.4,0.0
hongli,0.5151968573758023,0.024224164471311926,-0.278142488960912,0.08709264291769607,0.3065605468209796,126,24,0.02,0.02,8.158730158730158
hongli,0.5651383402804535,0.026139102317602303,-0.32889585326425186,0.07947531736315569,0.311599252258932,59,24,0.02,0.04,20.915254237288135
hongli,0.7394770317152162,0.03240028804357298,-0.3127084012282525,0.10361182467855515,0.3657556823019673,40,24,0.02,0.06,33.17948717948718
hongli,0.5300609695959797,0.024800251321098088,-0.3146828488267127,0.0788103050851523,0.28697681751737514,26,24,0.02,0.08,56.53846153846154
hongli,0.9382390922411001,0.03885435151898542,-0.325296177290471,0.1194430006605663,0.40943470284007316,20,24,0.02,0.1,77.75
hongli,0.7012143657249947,0.031078475598380173,-0.3267049226976442,0.09512705024999697,0.3299038722209268,15,24,0.02,0.12000000000000001,117.71428571428571
hongli,0.6557001239174953,0.029469169325937683,-0.3272810104950472,0.09004240509207193,0.31005568817899576,13,24,0.02,0.13999999999999999,143.58333333333334
hongli,1.0055823054333763,0.040900104617437316,-0.32510872630027665,0.12580438883594036,0.4011506643123238,13,24,0.02,0.16,148.08333333333334
hongli,0.5261666258008011,0.02464983025641665,-0.3292230541634018,0.07487273428969014,0.2624091576861875,9,24,0.02,0.18,202.125
hongli,0.5720197848739044,0.026398435144462384,-0.3254916476230326,0.0811032643609819,0.2729581298019489,8,24,0.02,0.19999999999999998,241.57142857142858
hongli,0.47852052852977645,0.022779596971990834,-0.3254916476230326,0.06998519666585415,0.24233244695420708,7,24,0.02,0.22,300.6666666666667
hongli,0.5597793695442246,0.025936399846228753,-0.3254916476230326,0.07968376465459087,0.26723147727553714,7,24,0.02,0.24,347.3333333333333
hongli,0.7340385207259512,0.03221409110010809,-0.3254916476230326,0.09897056141181466,0.31429203449160137,7,24,0.02,0.26,355.6666666666667
hongli,0.6064716498322844,0.027680908472125232,-0.3254916476230326,0.08504337568804166,0.27499343694549144,6,24,0.02,0.28,459.2
hongli,0.7262560277771974,0.031946684327996966,-0.3254916476230326,0.09814901414919237,0.3059033854116088,6,24,0.02,0.30000000000000004,463.6
hongli,0.6486569488598974,0.029216417283232543,-0.3254916476230326,0.08976088172028754,0.2834366502012374,5,24,0.02,0.32,369.75
hongli,0.7356110500723032,0.03226798588897606,-0.3254916476230326,0.09913614104883929,0.3055739514137436,5,24,0.02,0.34,371.5
hongli,0.5877403301382798,0.02698688573169017,-0.3254916476230326,0.0829111466569642,0.26320958323480936,4,24,0.02,0.36000000000000004,528.3333333333334
hongli,0.6748464496893216,0.030151169297487845,-0.3254916476230326,0.092632697390771,0.285535302354217,4,24,0.02,0.38,530.0
hongli,0.36061029822974366,0.017895194868295494,-0.3254916476230326,0.05497896796731562,0.19784600543545763,3,24,0.02,0.4,781.5
hongli,0.3083611880479451,0.015601918936874348,-0.2639590090632916,0.05910735531339015,0.22940462680593368,98,24,0.04,0.02,7.448979591836735
hongli,0.618246183714469,0.028113278962393018,-0.29874804562786683,0.09410364142569858,0.3571029500251934,49,24,0.04,0.04,17.53061224489796
hongli,0.9701483930118198,0.03983190543429305,-0.2844916592379362,0.14001080221820988,0.47019644396989785,34,24,0.04,0.06,27.764705882352942
hongli,0.7092826429695063,0.031359515076967215,-0.3146828488267128,0.09965435102005205,0.37068101876825665,23,24,0.04,0.08,45.73913043478261
hongli,0.7784396151886961,0.03371841624870431,-0.3252961772904709,0.10365451118903156,0.38917792347517477,16,24,0.04,0.1,68.1875
hongli,0.7021173842251833,0.031109992477789117,-0.3267049226976442,0.09522351919557852,0.34871564429299073,13,24,0.04,0.12000000000000001,93.25
hongli,0.7860975836943618,0.03397428636647781,-0.3272810104950471,0.10380769209642844,0.36675281149397376,12,24,0.04,0.13999999999999999,109.45454545454545
hongli,0.8189496816454593,0.03506034775041611,-0.32510872630027654,0.10784191537828398,0.3771148883808146,11,24,0.04,0.16,122.8
hongli,0.7924023383239627,0.03418416774985,-0.3254916476230325,0.10502317954849744,0.3586332001123927,9,24,0.04,0.18,165.125
hongli,0.7960109093587355,0.034303981999975086,-0.3254916476230325,0.10539128192838967,0.3519145828129562,8,24,0.04,0.19999999999999998,201.85714285714286
hongli,0.6572707071411081,0.02952539323761494,-0.3254916476230325,0.0907101409613119,0.30721517901174766,7,24,0.04,0.22,258.3333333333333
hongli,0.7863482272747162,0.033982643453205785,-0.3254916476230325,0.10440404139820729,0.3344933860070695,7,24,0.04,0.24,324.0
hongli,0.985919738398648,0.04030956956523579,-0.3254916476230325,0.12384210120168809,0.38197762479561637,7,24,0.04,0.26,332.3333333333333
hongli,0.8009781954707822,0.03446853869292066,-0.3254916476230325,0.10589684541718357,0.32948154337916047,6,24,0.04,0.28,435.6
hongli,0.9352656899680196,0.038762489159097635,-0.3254916476230325,0.11908904404204661,0.36067496106709757,6,24,0.04,0.30000000000000004,440.0
hongli,0.8072011695619998,0.034674091406975194,-0.3254916476230325,0.10652835997540841,0.32676079127743374,5,24,0.04,0.32,353.5
hongli,0.9025172712640195,0.0377418417085571,-0.3254916476230325,0.11595333393091468,0.3492495628817676,5,24,0.04,0.34,355.25
hongli,0.7007058104126851,0.031060719213916732,-0.3254916476230325,0.09542708527467236,0.29476014329426553,4,24,0.04,0.36000000000000004,510.0
hongli,0.7940094072483572,0.03423755480400659,-0.3254916476230325,0.10518719928463031,0.31741401842879297,4,24,0.04,0.38,511.6666666666667
hongli,0.4169015484954359,0.020274812285147714,-0.3254916476230325,0.0622898081508652,0.2156178490912163,3,24,0.04,0.4,774.5
hongli,0.4572231667133113,0.021925182961030742,-0.23458077568910218,0.0934653869082986,0.32677032650542404,81,24,0.06,0.02,7.419753086419753
hongli,0.746803471228022,0.0326502560622286,-0.27247134500607295,0.11983005428149106,0.43419876093512916,43,24,0.06,0.04,16.86046511627907
hongli,1.1315393867006551,0.04455842831878054,-0.2576807557596924,0.17292105569705324,0.5562226220939266,30,24,0.06,0.06,26.366666666666667
hongli,0.7452845366353571,0.03259851339934672,-0.3146828488267128,0.10359164320804093,0.40762659788127414,20,24,0.06,0.08,47.3
hongli,1.284560387924755,0.04873806681315407,-0.325296177290471,0.14982674318251746,0.5565186796867618,16,24,0.06,0.1,63.375
hongli,0.9518631688498789,0.0392735720948183,-0.3267049226976442,0.1202111427355652,0.4412478992589841,12,24,0.06,0.12000000000000001,93.36363636363636
hongli,0.9760262706739287,0.04001034758099564,-0.3272810104950473,0.12225074568327608,0.44030842886295257,11,24,0.06,0.13999999999999999,110.0
hongli,1.305870630456873,0.049299080805722095,-0.3217369805012784,0.1532278966779394,0.519753066746673,11,24,0.06,0.16,115.3
hongli,1.286042251847384,0.04877723761804664,-0.3254916476230326,0.14985710992663592,0.5156222308890951,9,24,0.06,0.18,148.5
hongli,1.2286921472774988,0.047243527240319994,-0.3254916476230326,0.145145129177124,0.4852945138931746,8,24,0.06,0.19999999999999998,184.71428571428572
hongli,0.9998584725292718,0.04072876305925832,-0.3254916476230326,0.12512997908452705,0.4186925705890747,7,24,0.06,0.22,239.5
hongli,1.1923425409037907,0.046252056102372485,-0.3254916476230326,0.142099056735057,0.4380512309713861,7,24,0.06,0.24,313.8333333333333
hongli,1.4372718929243384,0.05265405858803507,-0.3254916476230326,0.16176777183854574,0.485552011297494,7,24,0.06,0.26,322.1666666666667
hongli,1.1493910604822553,0.04506034638053236,-0.3254916476230326,0.13843779620642951,0.41501376507890536,6,24,0.06,0.28,424.8
hongli,1.309657487323403,0.04939826212535903,-0.3254916476230326,0.1517650682777873,0.446313912893353,6,24,0.06,0.30000000000000004,429.2
hongli,1.1100264460454237,0.04394827969393322,-0.3254916476230326,0.13502122102018366,0.4001133111845616,5,24,0.06,0.32,341.0
hongli,1.2213142753765438,0.047043527440508104,-0.3254916476230326,0.14453067470103398,0.42293314970662177,5,24,0.06,0.34,342.75
hongli,0.8558658374261308,0.036258922208338484,-0.3254916476230326,0.11139739674773981,0.3330988286288324,4,24,0.06,0.36000000000000004,507.3333333333333
hongli,0.9576817757360536,0.03945177415514678,-0.3254916476230326,0.12120671741733219,0.35581466117260707,4,24,0.06,0.38,509.0
hongli,0.5186948423169355,0.024360213170420808,-0.3254916476230326,0.07484128501703838,0.2454243153488595,3,24,0.06,0.4,771.0
hongli,0.22825136419832104,0.011912465475413248,-0.20734439433953866,0.057452556233113704,0.2089672239283063,62,24,0.08,0.02,7.741935483870968
hongli,0.537473529526936,0.025085571021698616,-0.2425214645598074,0.10343649815586674,0.3764713518026858,34,24,0.08,0.04,15.882352941176471
hongli,0.8156194710088247,0.034951099593473645,-0.25473708765507597,0.13720459755274744,0.48134850217087854,24,24,0.08,0.06,26.0
hongli,0.7393587730735554,0.0323962450904951,-0.234618159086594,0.13808072323395112,0.44212814657729593,17,24,0.08,0.08,40.1764705882353
hongli,1.2442166018195513,0.04766233531403419,-0.26566852793848705,0.17940527500144818,0.5841270884634737,14,24,0.08,0.1,57.785714285714285
hongli,1.1112257341348086,0.04398244779188132,-0.2672017726805356,0.1646038772522157,0.5289431605512517,11,24,0.08,0.12000000000000001,81.6
hongli,0.8053335481957113,0.03461247165244519,-0.26782877283388395,0.12923358191210083,0.42508326495726506,9,24,0.08,0.13999999999999999,108.0
hongli,1.1248043563392884,0.04436803624682151,-0.2425817059373584,0.1828993496248172,0.5217857659123413,9,24,0.08,0.16,109.875
hongli,1.335960029832664,0.05008295117477224,-0.26588127316420385,0.18836584682608257,0.5725544966880194,8,24,0.08,0.18,134.14285714285714
hongli,1.1786968764645827,0.0458758532473551,-0.26588127316420385,0.17254262664457357,0.5037395686885742,7,24,0.08,0.19999999999999998,176.83333333333334
hongli,1.3422033815496386,0.05024440641427064,-0.26588127316420385,0.18897309244957816,0.5388883770690681,7,24,0.08,0.22,187.66666666666666
hongli,1.5753804048326345,0.05600132686733539,-0.26588127316420385,0.2106253148289609,0.5348290952298311,7,24,0.08,0.24,287.5
hongli,1.8631028943583958,0.06246298501179104,-0.26588127316420385,0.23492811008624492,0.5833712284936678,7,24,0.08,0.26,295.8333333333333
hongli,1.47798285312781,0.05365895340667648,-0.26588127316420385,0.20181546736289924,0.49587104025289575,6,24,0.08,0.28,393.6
hongli,1.6627502809570318,0.05803256090167963,-0.26588127316420385,0.21826494288614184,0.5279123623171099,6,24,0.08,0.30000000000000004,398.0
hongli,1.4023370757761588,0.05177904795847854,-0.26588127316420385,0.19474499780396592,0.47179637921508577,5,24,0.08,0.32,302.25
hongli,1.52904206517848,0.05489751349112226,-0.26588127316420385,0.2064737874834023,0.4954363824601218,5,24,0.08,0.34,304.0
hongli,1.1129665541733145,0.04403201177582172,-0.26588127316420385,0.16560779648677357,0.39823667624714615,4,24,0.08,0.36000000000000004,455.6666666666667
hongli,1.22888747258895,0.047248813648296695,-0.26588127316420385,0.1777064367339501,0.4216855684591451,4,24,0.08,0.38,457.3333333333333
hongli,0.6548621700275348,0.02943915159513577,-0.26588127316420385,0.11072292247131915,0.28338544815631006,3,24,0.08,0.4,751.5
hongli,0.3127949809945336,0.015799844200656388,-0.1824232950322322,0.08661089143173699,0.29811042231489876,49,24,0.1,0.02,7.755102040816326
hongli,0.44625799742128414,0.021480679134024294,-0.1928314737196256,0.11139612595222352,0.36443997287051133,26,24,0.1,0.04,16.923076923076923
hongli,0.2912756960782772,0.014833261835180744,-0.23968759654356897,0.06188581323808486,0.2575693380732287,15,24,0.1,0.06,30.6
hongli,0.282341929475282,0.01442751731453873,-0.19853746556303165,0.07266899108248304,0.24432947224528193,11,24,0.1,0.08,45.63636363636363
hongli,0.24236605192432226,0.012578671948784814,-0.24619259435759555,0.05109281203850613,0.2110507695426522,7,24,0.1,0.1,76.0
hongli,0.3149447593422665,0.015895584001256013,-0.2672017726805356,0.05948906641521669,0.2429151340405744,6,24,0.1,0.12000000000000001,109.66666666666667
hongli,0.24187209087688433,0.012555477942867599,-0.25353030309825,0.04952259272139948,0.20374990687257016,5,24,0.1,0.13999999999999999,126.6
hongli,0.3633915683667581,0.018014928734926938,-0.22417936084794188,0.08035944373642069,0.2738577435774023,5,24,0.1,0.16,128.8
hongli,0.4210712667963803,0.020447517398530346,-0.26588127316420385,0.0769046919145084,0.30089761780348473,4,24,0.1,0.18,167.5
hongli,0.24411945157670822,0.012660932942484493,-0.26588127316420385,0.04761874648714094,0.1954693469386434,3,24,0.1,0.19999999999999998,254.0
hongli,0.2777355858076014,0.014217269165593738,-0.26588127316420385,0.053472247204162396,0.21425712013908305,3,24,0.1,0.22,256.6666666666667
hongli,0.35481538935905466,0.017644980924736764,-0.26588127316420385,0.06636413582177907,0.25269061727529946,3,24,0.1,0.24,265.6666666666667
hongli,0.43538939012128686,0.021036944417116343,-0.26588127316420385,0.07912157244757993,0.29004112047092867,3,24,0.1,0.26,273.3333333333333
hongli,0.5068504675238881,0.023898345086077688,-0.26588127316420385,0.08988352132388981,0.3193286383176393,3,24,0.1,0.28,278.3333333333333
hongli,0.5837380604958515,0.026837595762760458,-0.26588127316420385,0.10093827009089883,0.3501630249481956,3,24,0.1,0.30000000000000004,282.0
hongli,0.6679658293924864,0.029906928523993015,-0.26588127316420385,0.11248226762297393,0.38259754112297395,3,24,0.1,0.32,286.3333333333333
hongli,0.7225855761703486,0.0318201729651586,-0.26588127316420385,0.11967812770893041,0.4033725132759416,3,24,0.1,0.34,287.3333333333333
hongli,0.32637929849290903,0.01640235242015864,-0.26588127316420385,0.061690514058990606,0.21892196862985316,2,24,0.1,0.36000000000000004,475.5
hongli,0.36941278355138385,0.018273355834926397,-0.26588127316420385,0.0687275023827687,0.2381867863843825,2,24,0.1,0.38,477.5
hongli,0.39221333632501665,0.019242333518297183,-0.26588127316420385,0.07237190227539432,0.22407984153373772,2,24,0.1,0.4,737.0
hongli,0.18463799862873698,0.009807365174117066,-0.17946838339921523,0.05464675720793254,0.21842824025858337,34,24,0.12000000000000001,0.02,7.735294117647059
hongli,0.3355398487059411,0.016805378030095408,-0.15875746859887652,0.10585566889175213,0.32661040300565236,18,24,0.12000000000000001,0.04,17.555555555555557
hongli,0.25631894078064854,0.01323026747259548,-0.1924587580197471,0.06874339005782214,0.24871684534957722,13,24,0.12000000000000001,0.06,28.923076923076923
hongli,0.3372074509924987,0.01687846510155855,-0.16308371838545677,0.10349570925078755,0.3057352363481101,9,24,0.12000000000000001,0.08,42.888888888888886
hongli,0.08801527609367277,0.004870682274926708,-0.21774786578423777,0.02236845012181646,0.10632082907465036,5,24,0.12000000000000001,0.1,90.2
hongli,0.12248471971381991,0.006677572553211775,-0.21774786578423788,0.030666535027390123,0.13423074576434335,4,24,0.12000000000000001,0.12000000000000001,109.0
hongli,0.1954722633676571,0.010337041125233926,-0.21774786578423777,0.047472525565310036,0.18851345675322653,4,24,0.12000000000000001,0.13999999999999999,111.25
hongli,0.26024873116991176,0.013412556624097682,-0.1728495932514127,0.07759669185098335,0.23294375552716082,4,24,0.12000000000000001,0.16,112.0
hongli,0.25657647445598086,0.013242229996285104,-0.2385314433757617,0.05551565784735745,0.22495151007325412,3,24,0.12000000000000001,0.18,161.0
hongli,0.29624605655058756,0.015057856603946762,-0.2385314433757617,0.06312734451627798,0.22770561097460496,3,24,0.12000000000000001,0.19999999999999998,240.66666666666666
hongli,0.33127065276443757,0.01661787660609515,-0.2385314433757617,0.06966744665153764,0.24685562874609007,3,24,0.12000000000000001,0.22,243.33333333333334
hongli,0.4115799761711574,0.020053701607442687,-0.2385314433757617,0.08407152249463325,0.2853953301404622,3,24,0.12000000000000001,0.24,252.33333333333334
hongli,0.49552989803451486,0.023453693727459646,-0.2385314433757617,0.09832537545380436,0.32295657810988254,3,24,0.12000000000000001,0.26,260.0
hongli,0.5699850796994139,0.02632186720531049,-0.2385314433757617,0.11034967479673238,0.35212467013169546,3,24,0.12000000000000001,0.28,265.0
hongli,0.6500941392123611,0.029268074958408885,-0.2385314433757617,0.12270111874643924,0.3831276266326084,3,24,0.12000000000000001,0.30000000000000004,268.6666666666667
hongli,0.7378509162211528,0.03234467269460106,-0.2385314433757617,0.13559919915316185,0.4158682833972057,3,24,0.12000000000000001,0.32,273.0
hongli,0.7947591425822693,0.034262445700780075,-0.2385314433757617,0.14363911615126562,0.4369511828615986,3,24,0.12000000000000001,0.34,274.0
hongli,0.3819524588115977,0.018808131856127286,-0.25376408240620507,0.07411660341285314,0.24619496772839825,2,24,0.12000000000000001,0.36000000000000004,455.5
hongli,0.42678897771336577,0.020683563853266085,-0.25376408240620507,0.08150705827689793,0.2657298741915741,2,24,0.12000000000000001,0.38,457.5
hongli,0.4505448369940317,0.021654835063977806,-0.25376408240620507,0.08533451565976344,0.2461903037105094,2,24,0.12000000000000001,0.4,717.0
hongli,0.11571095004465337,0.006326658414633979,-0.14180570458535624,0.044614978171247065,0.16687365432415183,23,24,0.13999999999999999,0.02,8.08695652173913
hongli,0.22034668504424482,0.011536209914070117,-0.12414010501590711,0.09292895243315515,0.2580248685722144,13,24,0.13999999999999999,0.04,16.923076923076923
hongli,0.3326135439081843,0.016676916876371406,-0.12116946894555103,0.13763299469328683,0.34760871127695314,11,24,0.13999999999999999,0.06,21.90909090909091
hongli,0.4121730384936544,0.020078382132911354,-0.12466897790401388,0.16105355534694654,0.39784114912445184,8,24,0.13999999999999999,0.08,36.125
hongli,0.2066957110595775,0.010880994545859002,-0.21774786578423777,0.04997061397901724,0.20805927332511626,5,24,0.13999999999999999,0.1,76.8
hongli,0.19258511416152047,0.010196334938232354,-0.21774786578423788,0.04682633697239404,0.19484524751734292,4,24,0.13999999999999999,0.12000000000000001,101.5
hongli,0.27013080948552615,0.013868594895213748,-0.21774786578423777,0.06369107153020676,0.2515826925657193,4,24,0.13999999999999999,0.13999999999999999,103.75
hongli,0.3641535133110805,0.01804769034820608,-0.1618551718875474,0.11150518168640992,0.31687917210430105,4,24,0.13999999999999999,0.16,102.25
hongli,0.32014371486332394,0.016126509755718832,-0.23853144337576182,0.06760747986719103,0.27644786904145563,3,24,0.13999999999999999,0.18,151.33333333333334
hongli,0.3618200875617088,0.017947304698177513,-0.23853144337576182,0.07524083384639936,0.270603220152226,3,24,0.13999999999999999,0.19999999999999998,231.0
hongli,0.3986164954980884,0.01951176542928801,-0.23853144337576182,0.08179955293588216,0.2904292598802392,3,24,0.13999999999999999,0.22,233.66666666666666
hongli,0.482988478179212,0.02295737079727944,-0.23853144337576182,0.09624463119989755,0.329345442927598,3,24,0.13999999999999999,0.24,242.66666666666666
hongli,0.5711852286071228,0.026367041282610915,-0.23853144337576182,0.1105390589578354,0.36742814070373053,3,24,0.13999999999999999,0.26,250.33333333333334
hongli,0.6494069223217671,0.029243379259003,-0.23853144337576182,0.12259758648647218,0.396546061756518,3,24,0.13999999999999999,0.28,255.33333333333334
hongli,0.7335685102310228,0.032197973641811206,-0.23853144337576182,0.13498418986669736,0.4279543024739623,3,24,0.13999999999999999,0.30000000000000004,259.0
hongli,0.8257646956283144,0.035283329173835254,-0.23853144337576182,0.14791898575087623,0.46131941598711435,3,24,0.13999999999999999,0.32,263.3333333333333
hongli,0.8855517749520563,0.03720656128317934,-0.23853144337576182,0.15598178905314106,0.48297817502605184,3,24,0.13999999999999999,0.34,264.3333333333333
hongli,0.4518621745882103,0.021708255426252876,-0.25376408240620507,0.0855450275721213,0.2816823409696284,2,24,0.13999999999999999,0.36000000000000004,441.0
hongli,0.498966867241434,0.02358902599929147,-0.25376408240620507,0.09295651999139917,0.3017102940603655,2,24,0.13999999999999999,0.38,443.0
hongli,0.5239244794186995,0.02456306201570424,-0.25376408240620507,0.09679487255562697,0.2742810898731079,2,24,0.13999999999999999,0.4,702.5
hongli,0.059679638251457945,0.003344458402737116,-0.12740521167073726,0.026250561958018233,0.11237894329647312,15,24,0.16,0.02,8.933333333333334
hongli,0.10584476691784328,0.00581193350950171,-0.10928575134469132,0.053181072902822035,0.15996241662830332,9,24,0.16,0.04,18.22222222222222
hongli,0.09895369363291673,0.0054498485662684,-0.10642270017393463,0.051209455852570016,0.1541740431472228,6,24,0.16,0.06,26.666666666666668
hongli,0.24492397402474775,0.012698640667247352,-0.10998093086269789,0.11546220392606565,0.3028606670430465,5,24,0.16,0.08,41.0
hongli,0.20702498340317432,0.010896880897327765,-0.109980930862698,0.0990797296572404,0.24991126532341254,4,24,0.16,0.1,61.75
hongli,0.16481997772684864,0.008826559616198715,-0.16185517188754728,0.054533689058334056,0.20104321345189513,3,24,0.16,0.12000000000000001,91.33333333333333
hongli,0.24056029514949917,0.012493840173739557,-0.16185517188754728,0.0771914794444749,0.2703019916016395,3,24,0.16,0.13999999999999999,94.33333333333333
hongli,0.2866488535041414,0.014623456145003377,-0.16185517188754728,0.09034901989516511,0.2945280220472162,3,24,0.16,0.16,110.66666666666667
hongli,0.18436724750264744,0.009794070049723436,-0.2385314433757616,0.041059869974017275,0.19627814285971623,2,24,0.16,0.18,192.5
hongli,0.20835714014332796,0.010961111597348472,-0.2385314433757616,0.0459524809066002,0.21556043872842334,2,24,0.16,0.19999999999999998,193.0
hongli,0.221378723987105,0.011585464171355753,-0.2385314433757616,0.048569966321400336,0.22599548960692226,2,24,0.16,0.22,194.0
hongli,0.2706153151830457,0.01389086778366777,-0.2385314433757616,0.058234954633571354,0.25991319144795516,2,24,0.16,0.24,201.5
hongli,0.32466056023963774,0.016326443035838745,-0.2385314433757616,0.06844566403817669,0.29671033783060297,2,24,0.16,0.26,204.5
hongli,0.3520994277955236,0.01752736317906467,-0.2385314433757616,0.07348030486468651,0.30915011668817743,2,24,0.16,0.28,209.0
hongli,0.42109079270036176,0.02044832501587246,-0.2385314433757616,0.08572590986950075,0.3494601923841881,2,24,0.16,0.30000000000000004,214.5
hongli,0.47404859301903857,0.022601156880183604,-0.2385314433757616,0.09475126868108417,0.38060341096251166,2,24,0.16,0.32,216.0
hongli,0.49606671654360945,0.023474850509834333,-0.2385314433757616,0.09841407144321054,0.393482186889097,2,24,0.16,0.34,217.0
hongli,0.534201445361929,0.024959784148020248,-0.25376408240620507,0.09835822276876299,0.3178042991243059,2,24,0.16,0.36000000000000004,435.5
hongli,0.5839775803262566,0.026846540167006383,-0.25376408240620507,0.10579330184337359,0.3378966758680756,2,24,0.16,0.38,437.5
hongli,0.6103506103185861,0.027823675997937336,-0.25376408240620507,0.10964386974749027,0.30358492987339836,2,24,0.16,0.4,697.0
hongli,0.04523937919495902,0.0025518159325115253,-0.06047177618874555,0.04219846171785584,0.103472765722365,8,24,0.18,0.02,10.375
hongli,-0.005195935482649627,-0.0003000211074235537,-0.09163157767589813,-0.0032742108674013184,0.005073248825908784,5,24,0.18,0.04,21.0
hongli,0.09069103722569594,0.005012863497693587,-0.0805448889842324,0.06223689126537767,0.16532470470496236,4,24,0.18,0.06,29.0
hongli,0.04986968707142614,0.002807096956621624,-0.1008773999785475,0.027826817079133474,0.09860485365472402,2,24,0.18,0.08,60.0
hongli,0.07105943990160446,0.00396196939908533,-0.10087739997854761,0.03927509432170015,0.12601151643281597,2,24,0.18,0.1,65.5
hongli,0.09805151218718189,0.00540228598136161,-0.10087739997854772,0.05355298592658458,0.1641451273568679,2,24,0.18,0.12000000000000001,71.0
hongli,0.1591508247310527,0.008543096644049175,-0.10087739997854761,0.08468791469512431,0.24295166551385847,2,24,0.18,0.13999999999999999,75.0
hongli,0.17494410998643506,0.009329556949473794,-0.10087739997854761,0.09248411389922619,0.2418325695491598,2,24,0.18,0.16,97.5
hongli,0.015775247768039957,0.0009019681719024675,-0.21774786578423788,0.004142259528716622,0.0424852804443685,1,24,0.18,0.18,255.0
hongli,0.03635023343435151,0.0020587329188956893,-0.21774786578423788,0.00945466405138339,0.06727597639645222,1,24,0.18,0.19999999999999998,256.0
hongli,0.04751822426079122,0.0026775875336055854,-0.21774786578423788,0.012296733765734149,0.08047611717648015,1,24,0.18,0.22,258.0
hongli,0.06928495372266363,0.003866087183067357,-0.21774786578423788,0.01775487979706854,0.10389590354740788,1,24,0.18,0.24,268.0
hongli,0.10213367188139899,0.005617202607364868,-0.21774786578423788,0.02579682049756963,0.13824277343314695,1,24,0.18,0.26,273.0
hongli,0.10213367188139899,0.005617202607364868,-0.21774786578423788,0.02579682049756963,0.13824277343314695,1,24,0.18,0.28,273.0
hongli,0.11621344909493003,0.006352759157097987,-0.21774786578423788,0.029174840057412145,0.15289918180214362,1,24,0.18,0.30000000000000004,274.0
hongli,0.1578098124334506,0.008475853716165549,-0.21774786578423788,0.038925082850474906,0.19414934124751645,1,24,0.18,0.32,277.0
hongli,0.1578098124334506,0.008475853716165549,-0.21774786578423788,0.038925082850474906,0.19414934124751645,1,24,0.18,0.34,277.0
hongli,0.17128757473994582,0.009148362159731693,-0.25376408240620507,0.03605065804816197,0.15303058360848298,1,24,0.18,0.36000000000000004,713.0
hongli,0.19732983864362352,0.010427401474790488,-0.25376408240620507,0.041090927352355346,0.16863502357658638,1,24,0.18,0.38,716.0
hongli,0.20206405110983683,0.010657097622971623,-0.25376408240620507,0.04199608361404196,0.17144045647224793,1,24,0.18,0.4,717.0
hongli,0.1005433493775798,0.0055335650056616,-0.03933613760359833,0.14067382673471757,0.27014837645873613,4,24,0.19999999999999998,0.02,9.0
hongli,0.117088529544354,0.0063981860544204405,-0.03933613760359833,0.16265415071751113,0.30652415797322335,4,24,0.19999999999999998,0.04,9.25
hongli,0.15918176035400422,0.008544646996358152,-0.05178204022034927,0.16501178709834385,0.3535643337558007,3,24,0.19999999999999998,0.06,18.666666666666668
hongli,0.14069701899193765,0.007611254408671053,-0.08386157572154262,0.09075973523254285,0.25011211387112403,2,24,0.19999999999999998,0.08,47.5
hongli,0.1637199600142516,0.008771659509477114,-0.08386157572154262,0.10459688401995794,0.2679505872127737,2,24,0.19999999999999998,0.1,53.0
hongli,0.19304719631008171,0.010218876230038143,-0.08386157572154262,0.12185409279655457,0.30680535740046877,2,24,0.19999999999999998,0.12000000000000001,58.5
hongli,0.2594323911009364,0.013374733604098799,-0.08386157572154262,0.1594858370955109,0.38504449701579296,2,24,0.19999999999999998,0.13999999999999999,62.5
hongli,0.2765920001769513,0.014164961612353144,-0.08479937116334757,0.16704088035119297,0.36787818012771517,2,24,0.19999999999999998,0.16,85.0
hongli,0.05040888666788068,0.0028367554418529117,-0.21774786578423788,0.013027707213735897,0.08446932134237527,1,24,0.19999999999999998,0.18,253.0
hongli,0.07168539230674753,0.003995756265682715,-0.21774786578423788,0.018350380846634942,0.10924917534105727,1,24,0.19999999999999998,0.19999999999999998,254.0
hongli,0.08323416437625197,0.004615807153423024,-0.21774786578423788,0.021197944406016533,0.12251636074630062,1,24,0.19999999999999998,0.22,256.0
hongli,0.10574304723265682,0.005806604224675382,-0.21774786578423788,0.02666664127229166,0.14469408003028722,1,24,0.19999999999999998,0.24,266.0
hongli,0.1397117677201869,0.007561104631657267,-0.21774786578423788,0.03472412739580841,0.17851775054063299,1,24,0.19999999999999998,0.26,271.0
hongli,0.1397117677201869,0.007561104631657267,-0.21774786578423788,0.03472412739580841,0.17851775054063299,1,24,0.19999999999999998,0.28,271.0
hongli,0.1542716057748097,0.00829808304436419,-0.21774786578423788,0.03810867681516842,0.193211830884617,1,24,0.19999999999999998,0.30000000000000004,272.0
hongli,0.19728622913746285,0.010425281638048789,-0.21774786578423788,0.04787776725388894,0.23436184915863337,1,24,0.19999999999999998,0.32,275.0
hongli,0.19728622913746285,0.010425281638048789,-0.21774786578423788,0.04787776725388894,0.23436184915863337,1,24,0.19999999999999998,0.34,275.0
hongli,0.21122352612343254,0.011099090069842665,-0.2537640824062052,0.04373782910725771,0.1772224401388478,1,24,0.19999999999999998,0.36000000000000004,711.0
hongli,0.23815372105925148,0.012380601823824833,-0.2537640824062052,0.04878784147240727,0.19285232195617572,1,24,0.19999999999999998,0.38,714.0
hongli,0.24304935014335372,0.012610741984704132,-0.2537640824062052,0.04969474744072673,0.1956645171434354,1,24,0.19999999999999998,0.4,715.0
hongli,0.09390975311151295,0.005183460669928364,0.0,,0.39222004611674227,2,24,0.22,0.02,2.0
hongli,0.09390975311151295,0.005183460669928364,0.0,,0.39222004611674227,2,24,0.22,0.04,2.0
hongli,0.14107205700942949,0.007630333303259684,-0.05178204022034927,0.14735482168702038,0.3845761849126428,2,24,0.22,0.06,14.5
hongli,0.1822272147895796,0.0096888837055229,-0.08386157572154274,0.11553424345011414,0.32717821353067894,2,24,0.22,0.08,37.5
hongli,0.20608836896803817,0.010851681486663711,-0.08386157572154262,0.1293999235441995,0.339061106988664,2,24,0.22,0.1,43.0
hongli,0.23648334353730216,0.012301882274586395,-0.08386157572154262,0.14669271557016844,0.3787360494624225,2,24,0.22,0.12000000000000001,48.5
hongli,0.3052854729670893,0.01546424682262737,-0.08386157572154274,0.18440205409418328,0.4572973896712069,2,24,0.22,0.13999999999999999,52.5
hongli,0.32306982455831457,0.016256104229971813,-0.08479937116334779,0.19170076389667934,0.4301373058032957,2,24,0.22,0.16,75.0
hongli,0.07529100643790776,0.004190014193889757,-0.21774786578423788,0.019242504071390353,0.11501418585173784,1,24,0.22,0.18,240.0
hongli,0.09707151063230213,0.005350579009067102,-0.21774786578423788,0.024572360283746188,0.14004208706389676,1,24,0.22,0.19999999999999998,241.0
hongli,0.10889385038909238,0.0059714666125398885,-0.21774786578423788,0.02742376643294818,0.15349856111527088,1,24,0.22,0.22,243.0
hongli,0.13193592439251733,0.0071638705819736526,-0.21774786578423788,0.032899842926920775,0.17488714629483904,1,24,0.22,0.24,253.0
hongli,0.16670929703249304,0.008920738565750597,-0.21774786578423788,0.04096820206995729,0.20859302534735677,1,24,0.22,0.26,258.0
hongli,0.16670929703249304,0.008920738565750597,-0.21774786578423788,0.04096820206995729,0.20859302534735677,1,24,0.22,0.28,258.0
hongli,0.18161402900309986,0.009658711479787474,-0.21774786578423788,0.0443573187043684,0.22344900161662368,1,24,0.22,0.30000000000000004,259.0
hongli,0.225647584158845,0.011788780580659353,-0.21774786578423788,0.05413959185409709,0.2648727395424454,1,24,0.22,0.32,262.0
hongli,0.225647584158845,0.011788780580659353,-0.21774786578423788,0.05413959185409709,0.2648727395424454,1,24,0.22,0.34,262.0
hongli,0.23991502828777667,0.012463498270268714,-0.2537640824062052,0.049114508846520466,0.19460680727886792,1,24,0.22,0.36000000000000004,698.0
hongli,0.2674831465545271,0.013746739335614322,-0.2537640824062052,0.05417133585362819,0.2103087362928044,1,24,0.22,0.38,701.0
hongli,0.27249474345912894,0.01397719005470277,-0.2537640824062052,0.0550794656287457,0.2131355379758927,1,24,0.22,0.4,702.0
hongli,0.0,0.0,0.0,,0.0,0,24,0.24,0.02,0.0
hongli,0.0,0.0,0.0,,0.0,0,24,0.24,0.04,0.0
hongli,0.0,0.0,0.0,,0.0,0,24,0.24,0.06,0.0
hongli,0.0,0.0,0.0,,0.0,0,24,0.24,0.08,0.0
hongli,0.0,0.0,0.0,,0.0,0,24,0.24,0.1,0.0
hongli,0.0,0.0,0.0,,0.0,0,24,0.24,0.12000000000000001,0.0
hongli,0.0,0.0,0.0,,0.0,0,24,0.24,0.13999999999999999,0.0
hongli,0.0,0.0,0.0,,0.0,0,24,0.24,0.16,0.0
hongli,0.0,0.0,0.0,,0.0,0,24,0.24,0.18,0.0
hongli,0.0,0.0,0.0,,0.0,0,24,0.24,0.19999999999999998,0.0
hongli,0.0,0.0,0.0,,0.0,0,24,0.24,0.22,0.0
hongli,0.0,0.0,0.0,,0.0,0,24,0.24,0.24,0.0
hongli,0.0,0.0,0.0,,0.0,0,24,0.24,0.26,0.0
hongli,0.0,0.0,0.0,,0.0,0,24,0.24,0.28,0.0
hongli,0.0,0.0,0.0,,0.0,0,24,0.24,0.30000000000000004,0.0
hongli,0.0,0.0,0.0,,0.0,0,24,0.24,0.32,0.0
hongli,0.0,0.0,0.0,,0.0,0,24,0.24,0.34,0.0
hongli,0.0,0.0,0.0,,0.0,0,24,0.24,0.36000000000000004,0.0
hongli,0.0,0.0,0.0,,0.0,0,24,0.24,0.38,0.0
hongli,0.0,0.0,0.0,,0.0,0,24,0.24,0.4,0.0
hongli,0.0,0.0,0.0,,0.0,0,24,0.26,0.02,0.0
hongli,0.0,0.0,0.0,,0.0,0,24,0.26,0.04,0.0
hongli,0.0,0.0,0.0,,0.0,0,24,0.26,0.06,0.0
hongli,0.0,0.0,0.0,,0.0,0,24,0.26,0.08,0.0
hongli,0.0,0.0,0.0,,0.0,0,24,0.26,0.1,0.0
hongli,0.0,0.0,0.0,,0.0,0,24,0.26,0.12000000000000001,0.0
hongli,0.0,0.0,0.0,,0.0,0,24,0.26,0.13999999999999999,0.0
hongli,0.0,0.0,0.0,,0.0,0,24,0.26,0.16,0.0
hongli,0.0,0.0,0.0,,0.0,0,24,0.26,0.18,0.0
hongli,0.0,0.0,0.0,,0.0,0,24,0.26,0.19999999999999998,0.0
hongli,0.0,0.0,0.0,,0.0,0,24,0.26,0.22,0.0
hongli,0.0,0.0,0.0,,0.0,0,24,0.26,0.24,0.0
hongli,0.0,0.0,0.0,,0.0,0,24,0.26,0.26,0.0
hongli,0.0,0.0,0.0,,0.0,0,24,0.26,0.28,0.0
hongli,0.0,0.0,0.0,,0.0,0,24,0.26,0.30000000000000004,0.0
hongli,0.0,0.0,0.0,,0.0,0,24,0.26,0.32,0.0
hongli,0.0,0.0,0.0,,0.0,0,24,0.26,0.34,0.0
hongli,0.0,0.0,0.0,,0.0,0,24,0.26,0.36000000000000004,0.0
hongli,0.0,0.0,0.0,,0.0,0,24,0.26,0.38,0.0
hongli,0.0,0.0,0.0,,0.0,0,24,0.26,0.4,0.0
hongli,0.0,0.0,0.0,,0.0,0,24,0.28,0.02,0.0
hongli,0.0,0.0,0.0,,0.0,0,24,0.28,0.04,0.0
hongli,0.0,0.0,0.0,,0.0,0,24,0.28,0.06,0.0
hongli,0.0,0.0,0.0,,0.0,0,24,0.28,0.08,0.0
hongli,0.0,0.0,0.0,,0.0,0,24,0.28,0.1,0.0
hongli,0.0,0.0,0.0,,0.0,0,24,0.28,0.12000000000000001,0.0
hongli,0.0,0.0,0.0,,0.0,0,24,0.28,0.13999999999999999,0.0
hongli,0.0,0.0,0.0,,0.0,0,24,0.28,0.16,0.0
hongli,0.0,0.0,0.0,,0.0,0,24,0.28,0.18,0.0
hongli,0.0,0.0,0.0,,0.0,0,24,0.28,0.19999999999999998,0.0
hongli,0.0,0.0,0.0,,0.0,0,24,0.28,0.22,0.0
hongli,0.0,0.0,0.0,,0.0,0,24,0.28,0.24,0.0
hongli,0.0,0.0,0.0,,0.0,0,24,0.28,0.26,0.0
hongli,0.0,0.0,0.0,,0.0,0,24,0.28,0.28,0.0
hongli,0.0,0.0,0.0,,0.0,0,24,0.28,0.30000000000000004,0.0
hongli,0.0,0.0,0.0,,0.0,0,24,0.28,0.32,0.0
hongli,0.0,0.0,0.0,,0.0,0,24,0.28,0.34,0.0
hongli,0.0,0.0,0.0,,0.0,0,24,0.28,0.36000000000000004,0.0
hongli,0.0,0.0,0.0,,0.0,0,24,0.28,0.38,0.0
hongli,0.0,0.0,0.0,,0.0,0,24,0.28,0.4,0.0
hongli,0.0,0.0,0.0,,0.0,0,24,0.30000000000000004,0.02,0.0
hongli,0.0,0.0,0.0,,0.0,0,24,0.30000000000000004,0.04,0.0
hongli,0.0,0.0,0.0,,0.0,0,24,0.30000000000000004,0.06,0.0
hongli,0.0,0.0,0.0,,0.0,0,24,0.30000000000000004,0.08,0.0
hongli,0.0,0.0,0.0,,0.0,0,24,0.30000000000000004,0.1,0.0
hongli,0.0,0.0,0.0,,0.0,0,24,0.30000000000000004,0.12000000000000001,0.0
hongli,0.0,0.0,0.0,,0.0,0,24,0.30000000000000004,0.13999999999999999,0.0
hongli,0.0,0.0,0.0,,0.0,0,24,0.30000000000000004,0.16,0.0
hongli,0.0,0.0,0.0,,0.0,0,24,0.30000000000000004,0.18,0.0
hongli,0.0,0.0,0.0,,0.0,0,24,0.30000000000000004,0.19999999999999998,0.0
hongli,0.0,0.0,0.0,,0.0,0,24,0.30000000000000004,0.22,0.0
hongli,0.0,0.0,0.0,,0.0,0,24,0.30000000000000004,0.24,0.0
hongli,0.0,0.0,0.0,,0.0,0,24,0.30000000000000004,0.26,0.0
hongli,0.0,0.0,0.0,,0.0,0,24,0.30000000000000004,0.28,0.0
hongli,0.0,0.0,0.0,,0.0,0,24,0.30000000000000004,0.30000000000000004,0.0
hongli,0.0,0.0,0.0,,0.0,0,24,0.30000000000000004,0.32,0.0
hongli,0.0,0.0,0.0,,0.0,0,24,0.30000000000000004,0.34,0.0
hongli,0.0,0.0,0.0,,0.0,0,24,0.30000000000000004,0.36000000000000004,0.0
hongli,0.0,0.0,0.0,,0.0,0,24,0.30000000000000004,0.38,0.0
hongli,0.0,0.0,0.0,,0.0,0,24,0.30000000000000004,0.4,0.0
hongli,0.0,0.0,0.0,,0.0,0,24,0.32,0.02,0.0
hongli,0.0,0.0,0.0,,0.0,0,24,0.32,0.04,0.0
hongli,0.0,0.0,0.0,,0.0,0,24,0.32,0.06,0.0
hongli,0.0,0.0,0.0,,0.0,0,24,0.32,0.08,0.0
hongli,0.0,0.0,0.0,,0.0,0,24,0.32,0.1,0.0
hongli,0.0,0.0,0.0,,0.0,0,24,0.32,0.12000000000000001,0.0
hongli,0.0,0.0,0.0,,0.0,0,24,0.32,0.13999999999999999,0.0
hongli,0.0,0.0,0.0,,0.0,0,24,0.32,0.16,0.0
hongli,0.0,0.0,0.0,,0.0,0,24,0.32,0.18,0.0
hongli,0.0,0.0,0.0,,0.0,0,24,0.32,0.19999999999999998,0.0
hongli,0.0,0.0,0.0,,0.0,0,24,0.32,0.22,0.0
hongli,0.0,0.0,0.0,,0.0,0,24,0.32,0.24,0.0
hongli,0.0,0.0,0.0,,0.0,0,24,0.32,0.26,0.0
hongli,0.0,0.0,0.0,,0.0,0,24,0.32,0.28,0.0
hongli,0.0,0.0,0.0,,0.0,0,24,0.32,0.30000000000000004,0.0
hongli,0.0,0.0,0.0,,0.0,0,24,0.32,0.32,0.0
hongli,0.0,0.0,0.0,,0.0,0,24,0.32,0.34,0.0
hongli,0.0,0.0,0.0,,0.0,0,24,0.32,0.36000000000000004,0.0
hongli,0.0,0.0,0.0,,0.0,0,24,0.32,0.38,0.0
hongli,0.0,0.0,0.0,,0.0,0,24,0.32,0.4,0.0
hongli,0.0,0.0,0.0,,0.0,0,24,0.34,0.02,0.0
hongli,0.0,0.0,0.0,,0.0,0,24,0.34,0.04,0.0
hongli,0.0,0.0,0.0,,0.0,0,24,0.34,0.06,0.0
hongli,0.0,0.0,0.0,,0.0,0,24,0.34,0.08,0.0
hongli,0.0,0.0,0.0,,0.0,0,24,0.34,0.1,0.0
hongli,0.0,0.0,0.0,,0.0,0,24,0.34,0.12000000000000001,0.0
hongli,0.0,0.0,0.0,,0.0,0,24,0.34,0.13999999999999999,0.0
hongli,0.0,0.0,0.0,,0.0,0,24,0.34,0.16,0.0
hongli,0.0,0.0,0.0,,0.0,0,24,0.34,0.18,0.0
hongli,0.0,0.0,0.0,,0.0,0,24,0.34,0.19999999999999998,0.0
hongli,0.0,0.0,0.0,,0.0,0,24,0.34,0.22,0.0
hongli,0.0,0.0,0.0,,0.0,0,24,0.34,0.24,0.0
hongli,0.0,0.0,0.0,,0.0,0,24,0.34,0.26,0.0
hongli,0.0,0.0,0.0,,0.0,0,24,0.34,0.28,0.0
hongli,0.0,0.0,0.0,,0.0,0,24,0.34,0.30000000000000004,0.0
hongli,0.0,0.0,0.0,,0.0,0,24,0.34,0.32,0.0
hongli,0.0,0.0,0.0,,0.0,0,24,0.34,0.34,0.0
hongli,0.0,0.0,0.0,,0.0,0,24,0.34,0.36000000000000004,0.0
hongli,0.0,0.0,0.0,,0.0,0,24,0.34,0.38,0.0
hongli,0.0,0.0,0.0,,0.0,0,24,0.34,0.4,0.0
hongli,0.0,0.0,0.0,,0.0,0,24,0.36000000000000004,0.02,0.0
hongli,0.0,0.0,0.0,,0.0,0,24,0.36000000000000004,0.04,0.0
hongli,0.0,0.0,0.0,,0.0,0,24,0.36000000000000004,0.06,0.0
hongli,0.0,0.0,0.0,,0.0,0,24,0.36000000000000004,0.08,0.0
hongli,0.0,0.0,0.0,,0.0,0,24,0.36000000000000004,0.1,0.0
hongli,0.0,0.0,0.0,,0.0,0,24,0.36000000000000004,0.12000000000000001,0.0
hongli,0.0,0.0,0.0,,0.0,0,24,0.36000000000000004,0.13999999999999999,0.0
hongli,0.0,0.0,0.0,,0.0,0,24,0.36000000000000004,0.16,0.0
hongli,0.0,0.0,0.0,,0.0,0,24,0.36000000000000004,0.18,0.0
hongli,0.0,0.0,0.0,,0.0,0,24,0.36000000000000004,0.19999999999999998,0.0
hongli,0.0,0.0,0.0,,0.0,0,24,0.36000000000000004,0.22,0.0
hongli,0.0,0.0,0.0,,0.0,0,24,0.36000000000000004,0.24,0.0
hongli,0.0,0.0,0.0,,0.0,0,24,0.36000000000000004,0.26,0.0
hongli,0.0,0.0,0.0,,0.0,0,24,0.36000000000000004,0.28,0.0
hongli,0.0,0.0,0.0,,0.0,0,24,0.36000000000000004,0.30000000000000004,0.0
hongli,0.0,0.0,0.0,,0.0,0,24,0.36000000000000004,0.32,0.0
hongli,0.0,0.0,0.0,,0.0,0,24,0.36000000000000004,0.34,0.0
hongli,0.0,0.0,0.0,,0.0,0,24,0.36000000000000004,0.36000000000000004,0.0
hongli,0.0,0.0,0.0,,0.0,0,24,0.36000000000000004,0.38,0.0
hongli,0.0,0.0,0.0,,0.0,0,24,0.36000000000000004,0.4,0.0
hongli,0.0,0.0,0.0,,0.0,0,24,0.38,0.02,0.0
hongli,0.0,0.0,0.0,,0.0,0,24,0.38,0.04,0.0
hongli,0.0,0.0,0.0,,0.0,0,24,0.38,0.06,0.0
hongli,0.0,0.0,0.0,,0.0,0,24,0.38,0.08,0.0
hongli,0.0,0.0,0.0,,0.0,0,24,0.38,0.1,0.0
hongli,0.0,0.0,0.0,,0.0,0,24,0.38,0.12000000000000001,0.0
hongli,0.0,0.0,0.0,,0.0,0,24,0.38,0.13999999999999999,0.0
hongli,0.0,0.0,0.0,,0.0,0,24,0.38,0.16,0.0
hongli,0.0,0.0,0.0,,0.0,0,24,0.38,0.18,0.0
hongli,0.0,0.0,0.0,,0.0,0,24,0.38,0.19999999999999998,0.0
hongli,0.0,0.0,0.0,,0.0,0,24,0.38,0.22,0.0
hongli,0.0,0.0,0.0,,0.0,0,24,0.38,0.24,0.0
hongli,0.0,0.0,0.0,,0.0,0,24,0.38,0.26,0.0
hongli,0.0,0.0,0.0,,0.0,0,24,0.38,0.28,0.0
hongli,0.0,0.0,0.0,,0.0,0,24,0.38,0.30000000000000004,0.0
hongli,0.0,0.0,0.0,,0.0,0,24,0.38,0.32,0.0
hongli,0.0,0.0,0.0,,0.0,0,24,0.38,0.34,0.0
hongli,0.0,0.0,0.0,,0.0,0,24,0.38,0.36000000000000004,0.0
hongli,0.0,0.0,0.0,,0.0,0,24,0.38,0.38,0.0
hongli,0.0,0.0,0.0,,0.0,0,24,0.38,0.4,0.0
hongli,0.0,0.0,0.0,,0.0,0,24,0.4,0.02,0.0
hongli,0.0,0.0,0.0,,0.0,0,24,0.4,0.04,0.0
hongli,0.0,0.0,0.0,,0.0,0,24,0.4,0.06,0.0
hongli,0.0,0.0,0.0,,0.0,0,24,0.4,0.08,0.0
hongli,0.0,0.0,0.0,,0.0,0,24,0.4,0.1,0.0
hongli,0.0,0.0,0.0,,0.0,0,24,0.4,0.12000000000000001,0.0
hongli,0.0,0.0,0.0,,0.0,0,24,0.4,0.13999999999999999,0.0
hongli,0.0,0.0,0.0,,0.0,0,24,0.4,0.16,0.0
hongli,0.0,0.0,0.0,,0.0,0,24,0.4,0.18,0.0
hongli,0.0,0.0,0.0,,0.0,0,24,0.4,0.19999999999999998,0.0
hongli,0.0,0.0,0.0,,0.0,0,24,0.4,0.22,0.0
hongli,0.0,0.0,0.0,,0.0,0,24,0.4,0.24,0.0
hongli,0.0,0.0,0.0,,0.0,0,24,0.4,0.26,0.0
hongli,0.0,0.0,0.0,,0.0,0,24,0.4,0.28,0.0
hongli,0.0,0.0,0.0,,0.0,0,24,0.4,0.30000000000000004,0.0
hongli,0.0,0.0,0.0,,0.0,0,24,0.4,0.32,0.0
hongli,0.0,0.0,0.0,,0.0,0,24,0.4,0.34,0.0
hongli,0.0,0.0,0.0,,0.0,0,24,0.4,0.36000000000000004,0.0
hongli,0.0,0.0,0.0,,0.0,0,24,0.4,0.38,0.0
hongli,0.0,0.0,0.0,,0.0,0,24,0.4,0.4,0.0
hongli,0.36012463002513684,0.017874263167276805,-0.23097934724313873,0.07738468127395647,0.24263195410223162,114,36,0.02,0.02,8.052631578947368
hongli,0.41123311552631847,0.020039262333769736,-0.2473744099351517,0.0810078226726158,0.25729297233984705,53,36,0.02,0.04,19.132075471698112
hongli,0.42857201175609605,0.020756991209412545,-0.22990437071898928,0.09028532665341839,0.2596836285948862,34,36,0.02,0.06,31.441176470588236
hongli,0.3510336881909757,0.01748114930163802,-0.2245555869631275,0.07784775938132621,0.22547573344128416,22,36,0.02,0.08,49.59090909090909
hongli,0.7659164072223332,0.033297741533243164,-0.22807016206487274,0.14599779836071625,0.37360566643927917,17,36,0.02,0.1,67.41176470588235
hongli,0.3733198338488277,0.018440471945340375,-0.23990113852719597,0.07686696302714671,0.22749787413925796,12,36,0.02,0.12000000000000001,103.18181818181819
hongli,0.4982073141075025,0.02355914342917176,-0.24055149777335116,0.0979380450641355,0.272987021948462,11,36,0.02,0.13999999999999999,120.1
hongli,0.7384201479860482,0.032364146767606794,-0.23809915436716445,0.13592718064718182,0.34919314262751927,11,36,0.02,0.16,125.4
hongli,0.7970452535039492,0.034338283170761486,-0.25376408240620507,0.1353157737894346,0.363002815378328,9,36,0.02,0.18,164.5
hongli,0.9290368038179044,0.03856961765396516,-0.25376408240620496,0.1519900581999073,0.3928184568711515,8,36,0.02,0.19999999999999998,197.71428571428572
hongli,0.8143031927317723,0.03490786677005375,-0.2537640824062052,0.13756031365453855,0.35650312178954596,7,36,0.02,0.22,249.5
hongli,0.9014841862723477,0.037709375587655636,-0.25376408240620507,0.14860012981385406,0.36165547560095396,7,36,0.02,0.24,324.0
hongli,1.094560986959686,0.04350601645765262,-0.2385314433757617,0.1823911172545794,0.40669863964915165,7,36,0.02,0.26,329.5
hongli,0.9404717970087406,0.038923242993516016,-0.2385314433757617,0.1631786671084689,0.3635123843154609,6,36,0.02,0.28,427.8
hongli,1.0851604425560222,0.04323568438415615,-0.2385314433757617,0.18125779885566873,0.39456631768687317,6,36,0.02,0.30000000000000004,432.2
hongli,0.9712650039557558,0.039865842368629556,-0.2385314433757617,0.1671303447647712,0.36555917486847866,5,36,0.02,0.32,345.0
hongli,1.0752342237434003,0.042948985918878524,-0.2385314433757617,0.18005586731481946,0.3880469493936836,5,36,0.02,0.34,346.75
hongli,0.9809440474142888,0.04015925881714044,-0.25376408240620496,0.15825430626883105,0.36441443614525915,4,36,0.02,0.36000000000000004,487.0
hongli,1.0896219878448665,0.04336412822123448,-0.25376408240620496,0.1708836325852478,0.38740996627778457,4,36,0.02,0.38,488.6666666666667
hongli,0.6503751978027501,0.029278172235496225,-0.25376408240620496,0.11537555653218923,0.2828521997675902,3,36,0.02,0.4,740.0
hongli,0.3978668785945838,0.019480283223353823,-0.23097934724313873,0.08433777069621747,0.2735381488141058,98,36,0.04,0.02,7.959183673469388
hongli,0.7488908838449302,0.03272129485564479,-0.21638893196485987,0.15121519644525308,0.40964745849216533,50,36,0.04,0.04,17.56
hongli,0.7234308626369543,0.031849330392985875,-0.2146204793642872,0.1483983750633892,0.38576441326623195,33,36,0.04,0.06,28.242424242424242
hongli,0.48853506775092215,0.02317736136901094,-0.21774786578423788,0.10644127916264831,0.28839522482056335,21,36,0.04,0.08,48.57142857142857
hongli,0.6750128225998118,0.030157063305652265,-0.2235773210014098,0.13488426809382023,0.3536502135863082,15,36,0.04,0.1,70.4
hongli,0.45888255278625545,0.021992176055450674,-0.23990113852719608,0.09167182861434216,0.26570722652463047,11,36,0.04,0.12000000000000001,105.8
hongli,0.5192184512220581,0.024380552711354087,-0.24055149777335139,0.101352737093849,0.28680010630725855,10,36,0.04,0.13999999999999999,119.33333333333333
hongli,0.7415999129157442,0.032472819763098126,-0.23809915436716456,0.1363835997209083,0.35851222186787945,10,36,0.04,0.16,124.44444444444444
hongli,0.7550342081499994,0.03292990169594434,-0.25376408240620507,0.1297658099747655,0.3595331880388153,8,36,0.04,0.18,164.14285714285714
hongli,0.8360864799435932,0.03561955994276067,-0.25376408240620507,0.1403648601686024,0.37693754808105795,7,36,0.04,0.19999999999999998,201.66666666666666
hongli,0.6517954230543219,0.029329170306410024,-0.25376408240620507,0.1155765229984843,0.31596220163939387,6,36,0.04,0.22,268.6
hongli,0.7660220580796582,0.03330130225964467,-0.25376408240620507,0.13122937629265688,0.33433567893519966,6,36,0.04,0.24,340.4
hongli,0.9363962756552491,0.038797433922614255,-0.23853144337576182,0.16265123529855194,0.3793962957950776,6,36,0.04,0.26,342.6
hongli,0.766456156745283,0.03331593047989756,-0.23853144337576182,0.13967102201873874,0.32658505711895336,5,36,0.04,0.28,330.25
hongli,0.8832319080666653,0.03713301440450745,-0.23853144337576182,0.15567345704612748,0.355037056569593,5,36,0.04,0.30000000000000004,335.5
hongli,1.0135402316050812,0.04113755905438521,-0.23853144337576182,0.17246178731070122,0.3846200143066917,5,36,0.04,0.32,342.0
hongli,1.119739147768518,0.044224473172853385,-0.23853144337576182,0.18540311728708225,0.40794875112681867,5,36,0.04,0.34,343.75
hongli,1.0017184908640773,0.04078449289289443,-0.25376408240620507,0.16071814618591257,0.3779976970857938,4,36,0.04,0.36000000000000004,483.3333333333333
hongli,1.111536152394129,0.043991288726564326,-0.25376408240620507,0.1733550639217201,0.4018227406280504,4,36,0.04,0.38,485.0
hongli,0.6380491986758261,0.028833819574957564,-0.25376408240620507,0.11362451022049178,0.28498376972713635,3,36,0.04,0.4,735.0
hongli,0.31143081360170966,0.015739014718296085,-0.23097934724313862,0.06814035499775022,0.2449829755991386,84,36,0.06,0.02,7.916666666666667
hongli,0.4706312869373901,0.022464454613978058,-0.2208459406165929,0.10172002506026695,0.3142392258713744,40,36,0.06,0.04,19.025
hongli,0.5156066262907844,0.024240117094749936,-0.21462047936428708,0.11294410098491048,0.3286515709574154,26,36,0.06,0.06,30.076923076923077
hongli,0.5695054287682413,0.026303803852673946,-0.217747865784238,0.12079936470531408,0.34386621291492064,19,36,0.06,0.08,44.10526315789474
hongli,0.6420012470413117,0.02897663324823041,-0.21774786578423777,0.1330742468766275,0.3677075356305257,13,36,0.06,0.1,66.3076923076923
hongli,0.6060062104376329,0.027663755864929307,-0.23990113852719586,0.11531314955303251,0.3465324128396636,10,36,0.06,0.12000000000000001,95.66666666666667
hongli,0.5968672925471621,0.027326011345423673,-0.24055149777335105,0.11359734442880248,0.33893315632893295,9,36,0.06,0.13999999999999999,109.5
hongli,0.8007467863381252,0.03446088205507247,-0.23809915436716445,0.14473332400807917,0.4081057029372141,9,36,0.06,0.16,111.0
hongli,0.7339279203125595,0.03221029879449433,-0.2537640824062052,0.12693009384572662,0.37141854220081727,7,36,0.06,0.18,156.83333333333334
hongli,0.7437269121857701,0.03254540867037514,-0.25376408240620507,0.1282506506112992,0.3669904057756228,6,36,0.06,0.19999999999999998,196.8
hongli,0.8276158053150362,0.03534376043515386,-0.2537640824062052,0.1392780258735687,0.3897671973411193,6,36,0.06,0.22,209.0
hongli,1.0202611468989837,0.0413374147763117,-0.2385314433757616,0.1732996463329673,0.4303395145058969,6,36,0.06,0.24,272.4
hongli,1.2116499810567922,0.04678059795791589,-0.2385314433757616,0.19611920883831582,0.4754819952600522,6,36,0.06,0.26,278.2
hongli,0.9924535560785843,0.040506411682656784,-0.2385314433757616,0.16981581593352674,0.4054331399975264,5,36,0.06,0.28,288.0
hongli,1.1241693986119956,0.044350057348356176,-0.2385314433757616,0.18592960626365293,0.4356395645897136,5,36,0.06,0.30000000000000004,293.25
hongli,1.271149147658885,0.048382468212410545,-0.2385314433757616,0.20283476059880723,0.4670816406575607,5,36,0.06,0.32,299.75
hongli,1.3909349727151938,0.05149086307775241,-0.2385314433757616,0.21586614472725177,0.49224613055706107,5,36,0.06,0.34,301.5
hongli,1.1872319162521103,0.04611141836156074,-0.25376408240620507,0.18170979093782588,0.4355923539708269,4,36,0.06,0.36000000000000004,435.0
hongli,1.307227158022103,0.04933462716305992,-0.25376408240620507,0.1944113867308023,0.46071825485354306,4,36,0.06,0.38,436.6666666666667
hongli,0.7130263364242342,0.03148949346904373,-0.25376408240620507,0.12408963936290199,0.3099467039533659,3,36,0.06,0.4,720.5
hongli,0.309867792013526,0.015669244797715365,-0.23097934724313884,0.06783829370346796,0.26063634053653,67,36,0.08,0.02,7.7164179104477615
hongli,0.516364246400185,0.024269601134617513,-0.2163889319648601,0.11215731282669629,0.35861954949180075,34,36,0.08,0.04,18.61764705882353
hongli,0.7552593334246007,0.03293753312294512,-0.21462047936428696,0.1534687333683495,0.45445618536290017,24,36,0.08,0.06,28.125
hongli,0.7995293244108139,0.034420584593569004,-0.21774786578423788,0.1580754165814681,0.46147850787438555,18,36,0.08,0.08,41.27777777777778
hongli,0.5998905032950992,0.027437940504364766,-0.21774786578423777,0.12600785043538612,0.37360747655026005,11,36,0.08,0.1,68.45454545454545
hongli,0.6548901605573623,0.029440154521376716,-0.23990113852719608,0.12271786079097441,0.38299847210449156,9,36,0.08,0.12000000000000001,88.44444444444444
hongli,0.6157612449200158,0.028022277369344817,-0.24055149777335127,0.11649180166713215,0.36159238510140607,8,36,0.08,0.13999999999999999,101.625
hongli,0.8220530177171719,0.03516198370858459,-0.23809915436716445,0.1476779025193954,0.43385478999545146,8,36,0.08,0.16,103.125
hongli,0.7295583775792314,0.0320602916805639,-0.25376408240620507,0.12633896561154928,0.3838907262571569,6,36,0.08,0.18,147.83333333333334
hongli,0.7570196084991885,0.032997172163837796,-0.25376408240620507,0.13003090055518016,0.38444479860523145,5,36,0.08,0.19999999999999998,185.6
hongli,0.8457196593329113,0.03593175634754564,-0.25376408240620507,0.1415951225517762,0.4089798165299876,5,36,0.08,0.22,198.2
hongli,1.0282792129964258,0.04157502505409538,-0.2385314433757617,0.17429578451257557,0.44595030895687904,5,36,0.08,0.24,260.4
hongli,1.220427636242479,0.04701945025029497,-0.2385314433757617,0.19712055393982006,0.49260604608196357,5,36,0.08,0.26,266.2
hongli,1.1932458120495961,0.046276880815267596,-0.2385314433757617,0.19400746568395605,0.46265083341391333,5,36,0.08,0.28,273.5
hongli,1.3382355003340014,0.05014184267702482,-0.2385314433757617,0.21021062031656645,0.49314914023853473,5,36,0.08,0.30000000000000004,278.75
hongli,1.500027336369389,0.054196616596375646,-0.2385314433757617,0.2272095277225108,0.5249390284547062,5,36,0.08,0.32,285.25
hongli,1.6318847432063763,0.05732225008362435,-0.2385314433757617,0.24031318166017995,0.5506342287340888,5,36,0.08,0.34,287.0
hongli,1.3735028661958841,0.051047758126507414,-0.25376408240620507,0.20116226710442922,0.4828106007905078,4,36,0.08,0.36000000000000004,418.6666666666667
hongli,1.5037172472840012,0.05428617644918976,-0.25376408240620507,0.21392379857088217,0.5084136222855812,4,36,0.08,0.38,420.3333333333333
hongli,0.8589125776561239,0.03635683600480433,-0.25376408240620507,0.143270220356115,0.3520263774180724,3,36,0.08,0.4,696.0
hongli,0.20545564969814278,0.0108211288122948,-0.21242301427220667,0.05094141446664629,0.20675479035745656,49,36,0.1,0.02,8.061224489795919
hongli,0.32598911536978514,0.016385127822071688,-0.1983141645947375,0.0826220752085728,0.2801715682895245,25,36,0.1,0.04,18.04
hongli,0.40348218905393773,0.019715727739910482,-0.21462047936428696,0.0918632173327966,0.31469974014953345,18,36,0.1,0.06,29.88888888888889
hongli,0.5850411983668806,0.026886243532143306,-0.19926770956908024,0.13492523997131928,0.40514137353793495,14,36,0.1,0.08,43.642857142857146
hongli,0.32393166860686406,0.01629422294982108,-0.21774786578423788,0.0748306895736315,0.2526861954025265,8,36,0.1,0.1,83.375
hongli,0.42632956157279356,0.02066463056664558,-0.21774786578423788,0.09490164457970743,0.30329022014160173,7,36,0.1,0.12000000000000001,97.0
hongli,0.5541163409354379,0.025721481942446944,-0.21774786578423777,0.11812507024952369,0.36526893415287043,7,36,0.1,0.13999999999999999,98.14285714285714
hongli,0.654061473251077,0.029410455126888557,-0.19887225949500154,0.1478861617078764,0.4084525671891475,7,36,0.1,0.16,100.42857142857143
hongli,0.5625795387049384,0.026042397661470096,-0.21774786578423788,0.11959886526408024,0.36968678022244206,5,36,0.1,0.18,140.6
hongli,0.5230758295515168,0.02453018894552872,-0.21774786578423788,0.11265409586073834,0.337866561320876,4,36,0.1,0.19999999999999998,188.0
hongli,0.5848548079517191,0.026879287654954398,-0.21774786578423788,0.1234422553724984,0.3600109298149866,4,36,0.1,0.22,203.5
hongli,0.715905996629312,0.031589291214059845,-0.21774786578423788,0.14507279371160892,0.4086530416833539,4,36,0.1,0.24,211.5
hongli,0.8388922831223427,0.035710650692403645,-0.21774786578423788,0.16400000323212643,0.4506564276564199,4,36,0.1,0.26,218.25
hongli,0.9632748533347173,0.03962259922567113,-0.21774786578423788,0.18196549979016735,0.4746229710528048,4,36,0.1,0.28,246.75
hongli,1.093061768890526,0.04346298007542959,-0.21774786578423788,0.19960232408659387,0.5109242915323124,4,36,0.1,0.30000000000000004,252.0
hongli,1.237889057021213,0.0474919657852384,-0.21774786578423788,0.218105310075908,0.5486795953084003,4,36,0.1,0.32,258.5
hongli,1.3559206655380276,0.05059772036112875,-0.21774786578423788,0.2323683870741817,0.5797617303401836,4,36,0.1,0.34,260.25
hongli,1.053114014693762,0.042305411794619996,-0.25376408240620507,0.1667115826380067,0.4644807046234063,3,36,0.1,0.36000000000000004,396.3333333333333
hongli,1.1657513215764683,0.045516893782273415,-0.25376408240620507,0.179366966950877,0.49441766065693543,3,36,0.1,0.38,398.0
hongli,0.6053983059344206,0.027641346005330636,-0.25376408240620507,0.10892536777952917,0.30542722361656693,2,36,0.1,0.4,679.0
hongli,0.19391380400484226,0.010261128911640549,-0.18242329503223242,0.05624900542349872,0.22000669423876804,32,36,0.12000000000000001,0.02,8.375
hongli,0.4192347234001026,0.020371508733771915,-0.18953830525180015,0.10747963957316452,0.3744570921308193,20,36,0.12000000000000001,0.04,17.35
hongli,0.4965802834925772,0.02349508422005231,-0.1904827557347165,0.12334494075029913,0.4072691285301685,15,36,0.12000000000000001,0.06,25.333333333333332
hongli,0.5580650092765116,0.025871415782629414,-0.1937062587290168,0.13356004061191404,0.43570988939029404,11,36,0.12000000000000001,0.08,40.63636363636363
hongli,0.4366437733032933,0.021088318686800722,-0.21774786578423777,0.09684741850786605,0.33885985511893874,7,36,0.12000000000000001,0.1,73.85714285714286
hongli,0.44397132178735,0.021387582238985292,-0.21774786578423777,0.09822177664959454,0.33386317878719846,6,36,0.12000000000000001,0.12000000000000001,92.5
hongli,0.36238147003700827,0.01797147057465165,-0.21774786578423788,0.08253339480470145,0.29264622296697357,5,36,0.12000000000000001,0.13999999999999999,107.8
hongli,0.46352608669087036,0.022179264878090743,-0.1937062587290167,0.11449947473880123,0.34703345633218957,5,36,0.12000000000000001,0.16,112.4
hongli,0.5254420800729762,0.02462180439467998,-0.21774786578423788,0.11307483683480621,0.37393245765813005,4,36,0.12000000000000001,0.18,147.0
hongli,0.41054266520808147,0.020010509994266235,-0.21774786578423788,0.09189761710038646,0.30355153882339037,3,36,0.12000000000000001,0.19999999999999998,213.0
hongli,0.4486555582361136,0.021578141620030244,-0.21774786578423788,0.09909691441665658,0.3239001119118315,3,36,0.12000000000000001,0.22,215.66666666666666
hongli,0.5360461632116991,0.02503073064150807,-0.21774786578423788,0.11495281733925482,0.36302089709857804,3,36,0.12000000000000001,0.24,224.66666666666666
hongli,0.6273983767291398,0.028447311946457443,-0.21774786578423788,0.13064335599341914,0.40144144151997085,3,36,0.12000000000000001,0.26,232.33333333333334
hongli,0.7084186505061965,0.03132947976857792,-0.21774786578423788,0.14387961808829708,0.4304384700290793,3,36,0.12000000000000001,0.28,237.33333333333334
hongli,0.7955913333017763,0.03429006260948264,-0.21774786578423788,0.1574759986096029,0.46211135145507937,3,36,0.12000000000000001,0.30000000000000004,241.0
hongli,0.8910860717478495,0.037381671630114965,-0.21774786578423788,0.1716741126048773,0.495923564380804,3,36,0.12000000000000001,0.32,245.33333333333334
hongli,0.9530121859126883,0.039308801802409254,-0.21774786578423788,0.18052439531765413,0.518016851358566,3,36,0.12000000000000001,0.34,246.33333333333334
hongli,0.6110308960699542,0.0278486809254177,-0.25376408240620507,0.10974240586514439,0.3569159258792941,2,36,0.12000000000000001,0.36000000000000004,413.0
hongli,0.6632997109357639,0.029740754853913476,-0.25376408240620507,0.11719844105560563,0.3775721692875081,2,36,0.12000000000000001,0.38,415.0
hongli,0.690993444551429,0.030720644787587403,-0.25376408240620507,0.12105986196428017,0.3334877371297992,2,36,0.12000000000000001,0.4,674.5
hongli,0.0612186941918309,0.003428337803534909,-0.1824232950322323,0.01879331147334641,0.1003236649867557,20,36,0.13999999999999999,0.02,10.25
hongli,0.21191662170656445,0.011132407229014207,-0.16178696471082876,0.06880904928843808,0.2612175581807743,13,36,0.13999999999999999,0.04,17.846153846153847
hongli,0.38866261428211013,0.0190924225917386,-0.1627637544975582,0.11730143882878437,0.39386606594958534,11,36,0.13999999999999999,0.06,23.09090909090909
hongli,0.30987957792994436,0.01566977118917845,-0.16609763473721062,0.0943407244418031,0.342154392239278,7,36,0.13999999999999999,0.08,36.857142857142854
hongli,0.35463531805754833,0.017637189616943605,-0.21774786578423788,0.08099822036565885,0.34426765680761956,5,36,0.13999999999999999,0.1,61.4
hongli,0.4655655807323975,0.022261259716013226,-0.21774786578423777,0.1022341120811328,0.38446221530404434,5,36,0.13999999999999999,0.12000000000000001,87.4
hongli,0.3705774577849088,0.018323219359153597,-0.21774786578423777,0.08414878967084678,0.33220912114445433,4,36,0.13999999999999999,0.13999999999999999,105.0
hongli,0.41288367424294603,0.020107942662165756,-0.16609763473721062,0.12106098135581098,0.35871456868088225,4,36,0.13999999999999999,0.16,107.25
hongli,0.3896511341770026,0.01913419399802674,-0.21774786578423788,0.0878731643550823,0.3346710034639163,3,36,0.13999999999999999,0.18,154.33333333333334
hongli,0.2452169051528914,0.012712364558153277,-0.21774786578423788,0.05838112126779563,0.22130523617023592,2,36,0.13999999999999999,0.19999999999999998,275.5
hongli,0.2788626926029205,0.014268779825376887,-0.21774786578423788,0.06552890782183621,0.24387567327369164,2,36,0.13999999999999999,0.22,279.5
hongli,0.33054994722737474,0.016586167606839508,-0.21774786578423788,0.0761714359270663,0.2728172234395961,2,36,0.13999999999999999,0.24,290.5
hongli,0.393705736415922,0.019305234894156698,-0.21774786578423788,0.08865866411423697,0.30698236924303557,2,36,0.13999999999999999,0.26,301.5
hongli,0.4334002967886552,0.02095539269968194,-0.21774786578423788,0.09623696023016928,0.32906279591487586,2,36,0.13999999999999999,0.28,304.5
hongli,0.4517120110130668,0.021702168335717698,-0.21774786578423788,0.09966650307940081,0.33917881963746854,2,36,0.13999999999999999,0.30000000000000004,305.0
hongli,0.5289182528898295,0.024756150728294513,-0.21774786578423788,0.11369181800764422,0.37806706231970677,2,36,0.13999999999999999,0.32,311.5
hongli,0.5557462471235433,0.025783414139888494,-0.21774786578423788,0.11840949185438528,0.3915537554447864,2,36,0.13999999999999999,0.34,312.0
hongli,0.18173629561071158,0.00966472886937364,-0.25376408240620496,0.03808548781897009,0.1593908137375411,1,36,0.13999999999999999,0.36000000000000004,712.0
hongli,0.20801087508935168,0.010944422650462693,-0.25376408240620496,0.043128336156508344,0.17499521788399786,1,36,0.13999999999999999,0.38,715.0
hongli,0.21278732010858548,0.011174236330860898,-0.25376408240620496,0.04403395557364216,0.17780121183543227,1,36,0.13999999999999999,0.4,716.0
hongli,0.037237560897947386,0.0021081318876956523,-0.15718623726727954,0.013411682373380973,0.07412038610776307,15,36,0.16,0.02,10.8
hongli,0.14987789536676277,0.008076612985264298,-0.13591290217652108,0.059424917398751054,0.2165935835790709,9,36,0.16,0.04,19.444444444444443
hongli,0.20137472535252443,0.010623705764605251,-0.13691984362990417,0.07759069454768912,0.2712303671731166,7,36,0.16,0.06,26.142857142857142
hongli,0.23635527100175513,0.012295842489824071,-0.14035663449271674,0.08760428414562844,0.29633925975259834,5,36,0.16,0.08,40.8
hongli,0.3084933250251316,0.015607826686001136,-0.14035663449271674,0.11120120357980687,0.3401055099743205,4,36,0.16,0.1,57.0
hongli,0.3675269524398621,0.018192532409402107,-0.14035663449271674,0.12961647645053884,0.3506255163207233,4,36,0.16,0.12000000000000001,87.5
hongli,0.4583723437740268,0.021971585435264673,-0.14035663449271674,0.15654112479025567,0.412361415290641,4,36,0.16,0.13999999999999999,89.75
hongli,0.5260732138020678,0.024646217728647724,-0.14035663449271674,0.17559709819008693,0.4376254704960069,4,36,0.16,0.16,102.75
hongli,0.4578153182404383,0.021949097677095075,-0.21774786578423788,0.10080051805809205,0.38079772193905825,3,36,0.16,0.18,152.66666666666666
hongli,0.2762881331899425,0.014151055324923112,-0.21774786578423788,0.06498826187782303,0.24308525438398437,2,36,0.16,0.19999999999999998,275.0
hongli,0.3107734658870849,0.015709681684212384,-0.21774786578423788,0.07214620280034709,0.26570718678780636,2,36,0.16,0.22,279.0
hongli,0.3637504447904172,0.018030361619025603,-0.21774786578423788,0.08280385001289306,0.2942151251019633,2,36,0.16,0.24,290.0
hongli,0.428482126435626,0.020753291698125897,-0.21774786578423788,0.09530881794584352,0.3280770119644985,2,36,0.16,0.26,301.0
hongli,0.4691671638345445,0.022405793769290305,-0.21774786578423788,0.10289788002556943,0.35015457997948796,2,36,0.16,0.28,304.0
hongli,0.4879358004200818,0.02315363029808304,-0.21774786578423788,0.1063322949903239,0.3602851849476828,2,36,0.16,0.30000000000000004,304.5
hongli,0.5670685281462648,0.026211951273285905,-0.21774786578423788,0.1203775347183371,0.39906267264264095,2,36,0.16,0.32,311.0
hongli,0.5945659468980391,0.02724067404731767,-0.21774786578423788,0.1251019106396658,0.41255704314516917,2,36,0.16,0.34,311.5
hongli,0.21122352612343254,0.011099090069842665,-0.2537640824062052,0.04373782910725771,0.1772224401388478,1,36,0.16,0.36000000000000004,711.0
hongli,0.23815372105925148,0.012380601823824833,-0.2537640824062052,0.04878784147240727,0.19285232195617572,1,36,0.16,0.38,714.0
hongli,0.24304935014335372,0.012610741984704132,-0.2537640824062052,0.04969474744072673,0.1956645171434354,1,36,0.16,0.4,715.0
hongli,0.06793787597085132,0.0037931992874777887,-0.14180570458535635,0.026749271466681854,0.12762865090232534,13,36,0.18,0.02,9.923076923076923
hongli,0.1254413132998149,0.006830113219229883,-0.120144151788522,0.05684931906841594,0.19924065889529924,7,36,0.18,0.04,20.571428571428573
hongli,0.1863365727909263,0.009890707693723133,-0.12116946894555103,0.08162706150150449,0.2699977071763671,6,36,0.18,0.06,25.5
hongli,0.21242111381121198,0.011156646914098234,-0.12466897790401388,0.0894901610783081,0.2863843991882209,4,36,0.18,0.08,43.25
hongli,0.22667423463597247,0.011837578127267046,-0.12466897790401388,0.0949520748969413,0.27579624316466134,3,36,0.18,0.1,64.66666666666667
hongli,0.2575879994361705,0.013289193314662384,-0.12466897790401377,0.10659583112082716,0.30536441381064355,3,36,0.18,0.12000000000000001,68.33333333333333
hongli,0.32756446354204893,0.016454642157502697,-0.12466897790401377,0.1319866612700683,0.366575168237598,3,36,0.18,0.13999999999999999,71.0
hongli,0.36420116758263155,0.018049738782543345,-0.12466897790401388,0.14478131677986758,0.3760884814010525,3,36,0.18,0.16,86.33333333333333
hongli,0.2581858643617896,0.013316934391668367,-0.21774786578423777,0.06115758858855528,0.27353322123389945,2,36,0.18,0.18,149.5
hongli,0.29790625420768624,0.01513269486197788,-0.21774786578423777,0.06949640956285,0.2590351302582865,2,36,0.18,0.19999999999999998,269.0
hongli,0.3329757089977927,0.0166928298813922,-0.21774786578423777,0.076661278957989,0.2818074565129497,2,36,0.18,0.22,273.0
hongli,0.3868500266064723,0.01901575610009454,-0.21774786578423777,0.08732924215632447,0.3100930688878427,2,36,0.18,0.24,284.0
hongli,0.45267815135970424,0.021741321817947412,-0.21774786578423777,0.09984631417462651,0.34385350424167177,2,36,0.18,0.26,295.0
hongli,0.49405232316270364,0.02339542341549361,-0.21774786578423777,0.10744272202729964,0.3660231735536689,2,36,0.18,0.28,298.0
hongli,0.5131388681001974,0.024143983806772296,-0.21774786578423777,0.11088046130700592,0.37620900875351154,2,36,0.18,0.30000000000000004,298.5
hongli,0.5936119678316998,0.027205265059707218,-0.21774786578423777,0.12493929601433797,0.4150535246221473,2,36,0.18,0.32,305.0
hongli,0.6215751454593836,0.02823498357785681,-0.21774786578423777,0.12966824485818068,0.4286094758745537,2,36,0.18,0.34,305.5
hongli,0.23173956485038505,0.012077775481134534,-0.25376408240620496,0.04759450339312169,0.1898269413536851,1,36,0.18,0.36000000000000004,699.0
hongli,0.2591259108684043,0.013360527664338928,-0.25376408240620496,0.052649403878018,0.20552991351035516,1,36,0.18,0.38,702.0
hongli,0.2641044634705161,0.013590890587576787,-0.25376408240620496,0.05355718767883625,0.20835646854953727,1,36,0.18,0.4,703.0
hongli,0.017377341372818433,0.0009928300557902059,-0.08550480762855006,0.011611394532378316,0.05098253406593239,8,36,0.19999999999999998,0.02,11.75
hongli,0.10385865035380748,0.005707793493005209,-0.10538017820380663,0.05416382464229907,0.18375467718439725,5,36,0.19999999999999998,0.04,23.4
hongli,0.06806674294302795,0.0038001757887040633,-0.09259746673294944,0.04103973815680885,0.13614225987385323,3,36,0.19999999999999998,0.06,36.666666666666664
hongli,0.09824708851393127,0.005412599799667905,-0.109980930862698,0.04921398425355286,0.17488508269144204,2,36,0.19999999999999998,0.08,60.0
hongli,0.16638109161512804,0.008904388474050506,-0.109980930862698,0.08096302153658702,0.23710111459437383,2,36,0.19999999999999998,0.1,81.0
hongli,0.17363822419495523,0.009264906579794063,-0.109980930862698,0.08424102712278844,0.24570912903139597,2,36,0.19999999999999998,0.12000000000000001,81.5
hongli,0.21745496771227701,0.01139799277015241,-0.109980930862698,0.1036360820075423,0.292771605159398,2,36,0.19999999999999998,0.13999999999999999,84.5
hongli,0.23423666718159875,0.012195845409775252,-0.109980930862698,0.11089054542555878,0.31086964195011463,2,36,0.19999999999999998,0.16,85.0
hongli,0.27400763692296004,0.014046590113373059,-0.109980930862698,0.12771841448504426,0.3512843907804178,2,36,0.19999999999999998,0.18,87.5
hongli,0.31422751336458465,0.015863658052226448,-0.1559804223893223,0.10170287917692163,0.30141433117936217,2,36,0.19999999999999998,0.19999999999999998,207.0
hongli,0.34973796892671505,0.017424916472824403,-0.15598042238932253,0.11171220212067592,0.32746916531867304,2,36,0.19999999999999998,0.22,211.0
hongli,0.4042897597325088,0.01974951535320746,-0.1559804223893222,0.12661534730245372,0.3572025652308023,2,36,0.19999999999999998,0.24,222.0
hongli,0.4709456776182781,0.02247704366001302,-0.15598042238932242,0.1441016976086332,0.39343394135182985,2,36,0.19999999999999998,0.26,233.0
hongli,0.5128401324372573,0.024132336320940917,-0.15598042238932242,0.1547138798015775,0.41815854791382834,2,36,0.19999999999999998,0.28,236.0
hongli,0.5321666919715873,0.024881435725586654,-0.1559804223893223,0.15951640176664839,0.4295950682664478,2,36,0.19999999999999998,0.30000000000000004,236.5
hongli,0.6136517463890454,0.02794492130503201,-0.1559804223893223,0.1791565946352059,0.4721293349767913,2,36,0.19999999999999998,0.32,243.0
hongli,0.6419665628715638,0.02897538128913668,-0.1559804223893223,0.18576293643323408,0.48721456859040585,2,36,0.19999999999999998,0.34,243.5
hongli,0.23489866236042878,0.012227108627827388,-0.25376408240620496,0.04818297574617051,0.2028350652098219,1,36,0.19999999999999998,0.36000000000000004,577.0
hongli,0.2623552473640123,0.013510050082473635,-0.25376408240620496,0.05323862208698173,0.22002373273328124,1,36,0.19999999999999998,0.38,580.0
hongli,0.2673465686824812,0.01374044699600474,-0.25376408240620496,0.054146539832261004,0.22312065855949315,1,36,0.19999999999999998,0.4,581.0
hongli,0.0052122356226071975,0.0002994898970754001,-0.04618359635474556,0.00648476776851585,0.02488525089564207,3,36,0.22,0.02,13.333333333333334
hongli,0.020324241481920247,0.0011596103586166695,-0.04618359635474556,0.025108706340438873,0.06735737862275683,3,36,0.22,0.04,13.666666666666666
hongli,0.039594186595868885,0.0022391360012394834,-0.05178204022034916,0.043241556178768605,0.10999085676932877,2,36,0.22,0.06,29.0
hongli,0.04165795549070972,0.0023536306393778794,-0.08386157572154274,0.028065662004646406,0.09873499772165656,1,36,0.22,0.08,81.0
hongli,0.04165795549070972,0.0023536306393778794,-0.08386157572154274,0.028065662004646406,0.09873499772165656,1,36,0.22,0.1,81.0
hongli,0.048139070402611894,0.0027118079219148328,-0.08386157572154274,0.03233671557662148,0.11154555776760788,1,36,0.22,0.12000000000000001,82.0
hongli,0.08727041417749448,0.004831044107026949,-0.08386157572154274,0.057607361481832126,0.18181141904674344,1,36,0.22,0.13999999999999999,88.0
hongli,0.08727041417749448,0.004831044107026949,-0.08386157572154274,0.057607361481832126,0.18181141904674344,1,36,0.22,0.16,88.0
hongli,0.10331083996494761,0.005679038539166292,-0.08386157572154274,0.06771919666788989,0.20875944415783212,1,36,0.22,0.18,91.0
hongli,0.12565889852184298,0.006841324253017866,-0.08386157572154274,0.08157877066052358,0.24542203065642737,1,36,0.22,0.19999999999999998,92.0
hongli,0.13778930371385223,0.007463132515672877,-0.08386157572154274,0.0889934687186627,0.26562206184407977,1,36,0.22,0.22,94.0
hongli,0.1614318059491029,0.008657304595240056,-0.08386157572154274,0.1032332688809248,0.2845092384645661,1,36,0.22,0.24,104.0
hongli,0.19711129991503817,0.010416777682794365,-0.08386157572154274,0.12421395130211531,0.3261258947766978,1,36,0.22,0.26,109.0
hongli,0.19711129991503817,0.010416777682794365,-0.08386157572154274,0.12421395130211531,0.3261258947766978,1,36,0.22,0.28,109.0
hongli,0.2124044180118947,0.011155844871440168,-0.08386157572154274,0.13302689313258878,0.3466697770866344,1,36,0.22,0.30000000000000004,110.0
hongli,0.25758539547256065,0.013289072462939977,-0.08386157572154274,0.1584643783353837,0.4013228559719718,1,36,0.22,0.32,113.0
hongli,0.25758539547256065,0.013289072462939977,-0.08386157572154274,0.1584643783353837,0.4013228559719718,1,36,0.22,0.34,113.0
hongli,0.2722246193401452,0.013964790631593837,-0.25376408240620507,0.055030603618837305,0.22793535299686238,1,36,0.22,0.36000000000000004,549.0
hongli,0.30051110508124723,0.015249934501349038,-0.25376408240620507,0.060094928946399014,0.24527567046922438,1,36,0.22,0.38,552.0
hongli,0.3056532937141636,0.015480726935378275,-0.25376408240620507,0.06100440530665004,0.2484029046516703,1,36,0.22,0.4,553.0
hongli,0.11114591683574271,0.006089033254386367,-0.02044384789923248,0.29784183899230465,0.3691853139922522,3,36,0.24,0.02,6.0
hongli,0.1278504922584378,0.006954131929707508,-0.02044384789923248,0.34015768283859055,0.41134506633321966,3,36,0.24,0.04,6.333333333333333
hongli,0.11797936703963763,0.0064443964924747466,-0.05178204022034927,0.12445234805449462,0.32002373517054783,2,36,0.24,0.06,19.5
hongli,0.07800595690222667,0.004335881556394305,-0.08386157572154262,0.05170283910227662,0.1736105033264545,1,36,0.24,0.08,74.0
hongli,0.07800595690222667,0.004335881556394305,-0.08386157572154262,0.05170283910227662,0.1736105033264545,1,36,0.24,0.1,74.0
hongli,0.08471322625640454,0.0046947671690305,-0.08386157572154262,0.055982339094357056,0.18660528670197427,1,36,0.24,0.12000000000000001,75.0
hongli,0.12521003374350337,0.006818194347962381,-0.08386157572154262,0.08130296013756991,0.2553417616133222,1,36,0.24,0.13999999999999999,81.0
hongli,0.12521003374350337,0.006818194347962381,-0.08386157572154262,0.08130296013756991,0.2553417616133222,1,36,0.24,0.16,81.0
hongli,0.14181018013414537,0.007667865770825788,-0.08386157572154262,0.0914347924523441,0.28180433843817687,1,36,0.24,0.18,84.0
hongli,0.16493806018588852,0.008832450016704074,-0.08386157572154262,0.10532177508841116,0.3181282364705821,1,36,0.24,0.19999999999999998,85.0
hongli,0.17749174826333736,0.009455487965131848,-0.08386157572154262,0.1127511364266304,0.338502745370162,1,36,0.24,0.22,87.0
hongli,0.20195924079419236,0.010652021635087161,-0.08386157572154262,0.12701909716622264,0.3515382928661299,1,36,0.24,0.24,97.0
hongli,0.23888374833699322,0.012414974250259947,-0.08386157572154262,0.14804127090913638,0.3907562231429214,1,36,0.24,0.26,102.0
hongli,0.23888374833699322,0.012414974250259947,-0.08386157572154262,0.14804127090913638,0.3907562231429214,1,36,0.24,0.28,102.0
hongli,0.254710510203612,0.013155503015506831,-0.08386157572154262,0.15687164118152153,0.41132882826129774,1,36,0.24,0.30000000000000004,103.0
hongli,0.30146804955185114,0.01529294927018121,-0.08386157572154262,0.1823594314631118,0.4652703031536734,1,36,0.24,0.32,106.0
hongli,0.30146804955185114,0.01529294927018121,-0.08386157572154262,0.1823594314631118,0.4652703031536734,1,36,0.24,0.34,106.0
hongli,0.3166180999599497,0.015970003736643035,-0.2537640824062052,0.06293248274229579,0.25588567176792626,1,36,0.24,0.36000000000000004,542.0
hongli,0.34589162489009184,0.01725768910226999,-0.2537640824062052,0.0680068232613206,0.27325360465427967,1,36,0.24,0.38,545.0
hongli,0.35121324697206147,0.017488937950582484,-0.2537640824062052,0.06891809819873403,0.27638902203530447,1,36,0.24,0.4,546.0
hongli,0.0,0.0,0.0,,0.0,0,36,0.26,0.02,0.0
hongli,0.0,0.0,0.0,,0.0,0,36,0.26,0.04,0.0
hongli,0.0,0.0,0.0,,0.0,0,36,0.26,0.06,0.0
hongli,0.0,0.0,0.0,,0.0,0,36,0.26,0.08,0.0
hongli,0.0,0.0,0.0,,0.0,0,36,0.26,0.1,0.0
hongli,0.0,0.0,0.0,,0.0,0,36,0.26,0.12000000000000001,0.0
hongli,0.0,0.0,0.0,,0.0,0,36,0.26,0.13999999999999999,0.0
hongli,0.0,0.0,0.0,,0.0,0,36,0.26,0.16,0.0
hongli,0.0,0.0,0.0,,0.0,0,36,0.26,0.18,0.0
hongli,0.0,0.0,0.0,,0.0,0,36,0.26,0.19999999999999998,0.0
hongli,0.0,0.0,0.0,,0.0,0,36,0.26,0.22,0.0
hongli,0.0,0.0,0.0,,0.0,0,36,0.26,0.24,0.0
hongli,0.0,0.0,0.0,,0.0,0,36,0.26,0.26,0.0
hongli,0.0,0.0,0.0,,0.0,0,36,0.26,0.28,0.0
hongli,0.0,0.0,0.0,,0.0,0,36,0.26,0.30000000000000004,0.0
hongli,0.0,0.0,0.0,,0.0,0,36,0.26,0.32,0.0
hongli,0.0,0.0,0.0,,0.0,0,36,0.26,0.34,0.0
hongli,0.0,0.0,0.0,,0.0,0,36,0.26,0.36000000000000004,0.0
hongli,0.0,0.0,0.0,,0.0,0,36,0.26,0.38,0.0
hongli,0.0,0.0,0.0,,0.0,0,36,0.26,0.4,0.0
hongli,0.0,0.0,0.0,,0.0,0,36,0.28,0.02,0.0
hongli,0.0,0.0,0.0,,0.0,0,36,0.28,0.04,0.0
hongli,0.0,0.0,0.0,,0.0,0,36,0.28,0.06,0.0
hongli,0.0,0.0,0.0,,0.0,0,36,0.28,0.08,0.0
hongli,0.0,0.0,0.0,,0.0,0,36,0.28,0.1,0.0
hongli,0.0,0.0,0.0,,0.0,0,36,0.28,0.12000000000000001,0.0
hongli,0.0,0.0,0.0,,0.0,0,36,0.28,0.13999999999999999,0.0
hongli,0.0,0.0,0.0,,0.0,0,36,0.28,0.16,0.0
hongli,0.0,0.0,0.0,,0.0,0,36,0.28,0.18,0.0
hongli,0.0,0.0,0.0,,0.0,0,36,0.28,0.19999999999999998,0.0
hongli,0.0,0.0,0.0,,0.0,0,36,0.28,0.22,0.0
hongli,0.0,0.0,0.0,,0.0,0,36,0.28,0.24,0.0
hongli,0.0,0.0,0.0,,0.0,0,36,0.28,0.26,0.0
hongli,0.0,0.0,0.0,,0.0,0,36,0.28,0.28,0.0
hongli,0.0,0.0,0.0,,0.0,0,36,0.28,0.30000000000000004,0.0
hongli,0.0,0.0,0.0,,0.0,0,36,0.28,0.32,0.0
hongli,0.0,0.0,0.0,,0.0,0,36,0.28,0.34,0.0
hongli,0.0,0.0,0.0,,0.0,0,36,0.28,0.36000000000000004,0.0
hongli,0.0,0.0,0.0,,0.0,0,36,0.28,0.38,0.0
hongli,0.0,0.0,0.0,,0.0,0,36,0.28,0.4,0.0
hongli,0.0,0.0,0.0,,0.0,0,36,0.30000000000000004,0.02,0.0
hongli,0.0,0.0,0.0,,0.0,0,36,0.30000000000000004,0.04,0.0
hongli,0.0,0.0,0.0,,0.0,0,36,0.30000000000000004,0.06,0.0
hongli,0.0,0.0,0.0,,0.0,0,36,0.30000000000000004,0.08,0.0
hongli,0.0,0.0,0.0,,0.0,0,36,0.30000000000000004,0.1,0.0
hongli,0.0,0.0,0.0,,0.0,0,36,0.30000000000000004,0.12000000000000001,0.0
hongli,0.0,0.0,0.0,,0.0,0,36,0.30000000000000004,0.13999999999999999,0.0
hongli,0.0,0.0,0.0,,0.0,0,36,0.30000000000000004,0.16,0.0
hongli,0.0,0.0,0.0,,0.0,0,36,0.30000000000000004,0.18,0.0
hongli,0.0,0.0,0.0,,0.0,0,36,0.30000000000000004,0.19999999999999998,0.0
hongli,0.0,0.0,0.0,,0.0,0,36,0.30000000000000004,0.22,0.0
hongli,0.0,0.0,0.0,,0.0,0,36,0.30000000000000004,0.24,0.0
hongli,0.0,0.0,0.0,,0.0,0,36,0.30000000000000004,0.26,0.0
hongli,0.0,0.0,0.0,,0.0,0,36,0.30000000000000004,0.28,0.0
hongli,0.0,0.0,0.0,,0.0,0,36,0.30000000000000004,0.30000000000000004,0.0
hongli,0.0,0.0,0.0,,0.0,0,36,0.30000000000000004,0.32,0.0
hongli,0.0,0.0,0.0,,0.0,0,36,0.30000000000000004,0.34,0.0
hongli,0.0,0.0,0.0,,0.0,0,36,0.30000000000000004,0.36000000000000004,0.0
hongli,0.0,0.0,0.0,,0.0,0,36,0.30000000000000004,0.38,0.0
hongli,0.0,0.0,0.0,,0.0,0,36,0.30000000000000004,0.4,0.0
hongli,0.0,0.0,0.0,,0.0,0,36,0.32,0.02,0.0
hongli,0.0,0.0,0.0,,0.0,0,36,0.32,0.04,0.0
hongli,0.0,0.0,0.0,,0.0,0,36,0.32,0.06,0.0
hongli,0.0,0.0,0.0,,0.0,0,36,0.32,0.08,0.0
hongli,0.0,0.0,0.0,,0.0,0,36,0.32,0.1,0.0
hongli,0.0,0.0,0.0,,0.0,0,36,0.32,0.12000000000000001,0.0
hongli,0.0,0.0,0.0,,0.0,0,36,0.32,0.13999999999999999,0.0
hongli,0.0,0.0,0.0,,0.0,0,36,0.32,0.16,0.0
hongli,0.0,0.0,0.0,,0.0,0,36,0.32,0.18,0.0
hongli,0.0,0.0,0.0,,0.0,0,36,0.32,0.19999999999999998,0.0
hongli,0.0,0.0,0.0,,0.0,0,36,0.32,0.22,0.0
hongli,0.0,0.0,0.0,,0.0,0,36,0.32,0.24,0.0
hongli,0.0,0.0,0.0,,0.0,0,36,0.32,0.26,0.0
hongli,0.0,0.0,0.0,,0.0,0,36,0.32,0.28,0.0
hongli,0.0,0.0,0.0,,0.0,0,36,0.32,0.30000000000000004,0.0
hongli,0.0,0.0,0.0,,0.0,0,36,0.32,0.32,0.0
hongli,0.0,0.0,0.0,,0.0,0,36,0.32,0.34,0.0
hongli,0.0,0.0,0.0,,0.0,0,36,0.32,0.36000000000000004,0.0
hongli,0.0,0.0,0.0,,0.0,0,36,0.32,0.38,0.0
hongli,0.0,0.0,0.0,,0.0,0,36,0.32,0.4,0.0
hongli,0.0,0.0,0.0,,0.0,0,36,0.34,0.02,0.0
hongli,0.0,0.0,0.0,,0.0,0,36,0.34,0.04,0.0
hongli,0.0,0.0,0.0,,0.0,0,36,0.34,0.06,0.0
hongli,0.0,0.0,0.0,,0.0,0,36,0.34,0.08,0.0
hongli,0.0,0.0,0.0,,0.0,0,36,0.34,0.1,0.0
hongli,0.0,0.0,0.0,,0.0,0,36,0.34,0.12000000000000001,0.0
hongli,0.0,0.0,0.0,,0.0,0,36,0.34,0.13999999999999999,0.0
hongli,0.0,0.0,0.0,,0.0,0,36,0.34,0.16,0.0
hongli,0.0,0.0,0.0,,0.0,0,36,0.34,0.18,0.0
hongli,0.0,0.0,0.0,,0.0,0,36,0.34,0.19999999999999998,0.0
hongli,0.0,0.0,0.0,,0.0,0,36,0.34,0.22,0.0
hongli,0.0,0.0,0.0,,0.0,0,36,0.34,0.24,0.0
hongli,0.0,0.0,0.0,,0.0,0,36,0.34,0.26,0.0
hongli,0.0,0.0,0.0,,0.0,0,36,0.34,0.28,0.0
hongli,0.0,0.0,0.0,,0.0,0,36,0.34,0.30000000000000004,0.0
hongli,0.0,0.0,0.0,,0.0,0,36,0.34,0.32,0.0
hongli,0.0,0.0,0.0,,0.0,0,36,0.34,0.34,0.0
hongli,0.0,0.0,0.0,,0.0,0,36,0.34,0.36000000000000004,0.0
hongli,0.0,0.0,0.0,,0.0,0,36,0.34,0.38,0.0
hongli,0.0,0.0,0.0,,0.0,0,36,0.34,0.4,0.0
hongli,0.0,0.0,0.0,,0.0,0,36,0.36000000000000004,0.02,0.0
hongli,0.0,0.0,0.0,,0.0,0,36,0.36000000000000004,0.04,0.0
hongli,0.0,0.0,0.0,,0.0,0,36,0.36000000000000004,0.06,0.0
hongli,0.0,0.0,0.0,,0.0,0,36,0.36000000000000004,0.08,0.0
hongli,0.0,0.0,0.0,,0.0,0,36,0.36000000000000004,0.1,0.0
hongli,0.0,0.0,0.0,,0.0,0,36,0.36000000000000004,0.12000000000000001,0.0
hongli,0.0,0.0,0.0,,0.0,0,36,0.36000000000000004,0.13999999999999999,0.0
hongli,0.0,0.0,0.0,,0.0,0,36,0.36000000000000004,0.16,0.0
hongli,0.0,0.0,0.0,,0.0,0,36,0.36000000000000004,0.18,0.0
hongli,0.0,0.0,0.0,,0.0,0,36,0.36000000000000004,0.19999999999999998,0.0
hongli,0.0,0.0,0.0,,0.0,0,36,0.36000000000000004,0.22,0.0
hongli,0.0,0.0,0.0,,0.0,0,36,0.36000000000000004,0.24,0.0
hongli,0.0,0.0,0.0,,0.0,0,36,0.36000000000000004,0.26,0.0
hongli,0.0,0.0,0.0,,0.0,0,36,0.36000000000000004,0.28,0.0
hongli,0.0,0.0,0.0,,0.0,0,36,0.36000000000000004,0.30000000000000004,0.0
hongli,0.0,0.0,0.0,,0.0,0,36,0.36000000000000004,0.32,0.0
hongli,0.0,0.0,0.0,,0.0,0,36,0.36000000000000004,0.34,0.0
hongli,0.0,0.0,0.0,,0.0,0,36,0.36000000000000004,0.36000000000000004,0.0
hongli,0.0,0.0,0.0,,0.0,0,36,0.36000000000000004,0.38,0.0
hongli,0.0,0.0,0.0,,0.0,0,36,0.36000000000000004,0.4,0.0
hongli,0.0,0.0,0.0,,0.0,0,36,0.38,0.02,0.0
hongli,0.0,0.0,0.0,,0.0,0,36,0.38,0.04,0.0
hongli,0.0,0.0,0.0,,0.0,0,36,0.38,0.06,0.0
hongli,0.0,0.0,0.0,,0.0,0,36,0.38,0.08,0.0
hongli,0.0,0.0,0.0,,0.0,0,36,0.38,0.1,0.0
hongli,0.0,0.0,0.0,,0.0,0,36,0.38,0.12000000000000001,0.0
hongli,0.0,0.0,0.0,,0.0,0,36,0.38,0.13999999999999999,0.0
hongli,0.0,0.0,0.0,,0.0,0,36,0.38,0.16,0.0
hongli,0.0,0.0,0.0,,0.0,0,36,0.38,0.18,0.0
hongli,0.0,0.0,0.0,,0.0,0,36,0.38,0.19999999999999998,0.0
hongli,0.0,0.0,0.0,,0.0,0,36,0.38,0.22,0.0
hongli,0.0,0.0,0.0,,0.0,0,36,0.38,0.24,0.0
hongli,0.0,0.0,0.0,,0.0,0,36,0.38,0.26,0.0
hongli,0.0,0.0,0.0,,0.0,0,36,0.38,0.28,0.0
hongli,0.0,0.0,0.0,,0.0,0,36,0.38,0.30000000000000004,0.0
hongli,0.0,0.0,0.0,,0.0,0,36,0.38,0.32,0.0
hongli,0.0,0.0,0.0,,0.0,0,36,0.38,0.34,0.0
hongli,0.0,0.0,0.0,,0.0,0,36,0.38,0.36000000000000004,0.0
hongli,0.0,0.0,0.0,,0.0,0,36,0.38,0.38,0.0
hongli,0.0,0.0,0.0,,0.0,0,36,0.38,0.4,0.0
hongli,0.0,0.0,0.0,,0.0,0,36,0.4,0.02,0.0
hongli,0.0,0.0,0.0,,0.0,0,36,0.4,0.04,0.0
hongli,0.0,0.0,0.0,,0.0,0,36,0.4,0.06,0.0
hongli,0.0,0.0,0.0,,0.0,0,36,0.4,0.08,0.0
hongli,0.0,0.0,0.0,,0.0,0,36,0.4,0.1,0.0
hongli,0.0,0.0,0.0,,0.0,0,36,0.4,0.12000000000000001,0.0
hongli,0.0,0.0,0.0,,0.0,0,36,0.4,0.13999999999999999,0.0
hongli,0.0,0.0,0.0,,0.0,0,36,0.4,0.16,0.0
hongli,0.0,0.0,0.0,,0.0,0,36,0.4,0.18,0.0
hongli,0.0,0.0,0.0,,0.0,0,36,0.4,0.19999999999999998,0.0
hongli,0.0,0.0,0.0,,0.0,0,36,0.4,0.22,0.0
hongli,0.0,0.0,0.0,,0.0,0,36,0.4,0.24,0.0
hongli,0.0,0.0,0.0,,0.0,0,36,0.4,0.26,0.0
hongli,0.0,0.0,0.0,,0.0,0,36,0.4,0.28,0.0
hongli,0.0,0.0,0.0,,0.0,0,36,0.4,0.30000000000000004,0.0
hongli,0.0,0.0,0.0,,0.0,0,36,0.4,0.32,0.0
hongli,0.0,0.0,0.0,,0.0,0,36,0.4,0.34,0.0
hongli,0.0,0.0,0.0,,0.0,0,36,0.4,0.36000000000000004,0.0
hongli,0.0,0.0,0.0,,0.0,0,36,0.4,0.38,0.0
hongli,0.0,0.0,0.0,,0.0,0,36,0.4,0.4,0.0
